{"type":"FeatureCollection","features":[{"type":"Feature","properties":{"mode":"bus","n":10,"arr":["100","174","178","N14","N16","N44","N45","N46","N64","N95"],"lines":"100, 174, 178, N14, N16, N44, N45, N46, N64, N95"},"geometry":{"type":"LineString","coordinates":[[20.998571,52.233413],[20.998249,52.233413],[20.998066,52.233388],[20.997713,52.233245]]}},{"type":"Feature","properties":{"mode":"bus","n":8,"arr":["100","170","409","500","509","N03","N12","N62"],"lines":"100, 170, 409, 500, 509, N03, N12, N62"},"geometry":{"type":"LineString","coordinates":[[21.021217,52.263363],[21.021037,52.263437]]}},{"type":"Feature","properties":{"mode":"bus","n":20,"arr":["100","174","504","N12","N13","N14","N16","N21","N34","N36","N43","N44","N46","N62","N63","N64","N71","N86","N91","N95"],"lines":"100, 174, 504, N12, N13, N14, N16, N21, N34, N36, N43, N44, N46, N62, N63, N64, N71, N86, N91, N95"},"geometry":{"type":"LineString","coordinates":[[21.002145,52.227975],[21.002283,52.227829],[21.002425,52.227588]]}},{"type":"Feature","properties":{"mode":"bus","n":5,"arr":["100","106","174","N45","N95"],"lines":"100, 106, 174, N45, N95"},"geometry":{"type":"LineString","coordinates":[[20.998833,52.233017],[20.998727,52.233246],[20.998571,52.233413]]}},{"type":"Feature","properties":{"mode":"bus","n":5,"arr":["103","122","180","197","409"],"lines":"103, 122, 180, 197, 409"},"geometry":{"type":"LineString","coordinates":[[20.947147,52.267637],[20.947233,52.267805],[20.947361,52.267943],[20.947384,52.268054]]}},{"type":"Feature","properties":{"mode":"bus","n":5,"arr":["103","122","180","197","409"],"lines":"103, 122, 180, 197, 409"},"geometry":{"type":"LineString","coordinates":[[20.947757,52.268084],[20.94774,52.267997],[20.947727,52.267972],[20.947698,52.267953],[20.947629,52.267923],[20.947488,52.267897],[20.947147,52.267637],[20.944942,52.265488]]}},{"type":"Feature","properties":{"mode":"bus","n":5,"arr":["103","122","180","197","409"],"lines":"103, 122, 180, 197, 409"},"geometry":{"type":"LineString","coordinates":[[20.947489,52.268145],[20.947549,52.268156]]}},{"type":"Feature","properties":{"mode":"bus","n":10,"arr":["103","156","184","203","210","250","712","N02","N46","N58"],"lines":"103, 156, 184, 203, 210, 250, 712, N02, N46, N58"},"geometry":{"type":"LineString","coordinates":[[20.930362,52.290744],[20.930036,52.290883],[20.929884,52.290893],[20.929767,52.290859]]}},{"type":"Feature","properties":{"mode":"bus","n":10,"arr":["103","156","184","203","210","250","712","N02","N46","N58"],"lines":"103, 156, 184, 203, 210, 250, 712, N02, N46, N58"},"geometry":{"type":"LineString","coordinates":[[20.929574,52.290667],[20.928448,52.28974],[20.928392,52.289668],[20.928393,52.289627],[20.928391,52.289619],[20.928385,52.289614],[20.928376,52.289612],[20.928363,52.289612],[20.928307,52.28962],[20.927161,52.290156]]}},{"type":"Feature","properties":{"mode":"bus","n":13,"arr":["103","114","156","184","203","210","250","409","712","N01","N02","N46","N58"],"lines":"103, 114, 156, 184, 203, 210, 250, 409, 712, N01, N02, N46, N58"},"geometry":{"type":"LineString","coordinates":[[20.929767,52.290859],[20.929574,52.290667]]}},{"type":"Feature","properties":{"mode":"bus","n":11,"arr":["105","122","177","189","190","714","719","729","743","N42","N95"],"lines":"105, 122, 177, 189, 190, 714, 719, 729, 743, N42, N95"},"geometry":{"type":"LineString","coordinates":[[20.896295,52.239768],[20.896446,52.239782],[20.896799,52.239753]]}},{"type":"Feature","properties":{"mode":"bus","n":11,"arr":["105","122","149","167","177","189","190","220","743","N42","N45"],"lines":"105, 122, 149, 167, 177, 189, 190, 220, 743, N42, N45"},"geometry":{"type":"LineString","coordinates":[[20.896295,52.239768],[20.896277,52.239485]]}},{"type":"Feature","properties":{"mode":"bus","n":5,"arr":["105","178","N45","N91","N95"],"lines":"105, 178, N45, N91, N95"},"geometry":{"type":"LineString","coordinates":[[20.984241,52.230017],[20.984641,52.230066],[20.985042,52.230201]]}},{"type":"Feature","properties":{"mode":"bus","n":6,"arr":["110","210","250","712","N58","N91"],"lines":"110, 210, 250, 712, N58, N91"},"geometry":{"type":"LineString","coordinates":[[20.914486,52.28332],[20.914412,52.283266],[20.914302,52.283242],[20.914189,52.283257],[20.914076,52.283346],[20.914076,52.283405],[20.914194,52.283495],[20.914287,52.283508],[20.914403,52.283488],[20.914483,52.283434],[20.914485,52.283356],[20.914491,52.283334],[20.914509,52.283317],[20.914538,52.283304],[20.914898,52.283194],[20.915865,52.283044],[20.91707,52.282808],[20.919185,52.282386],[20.919993,52.282191]]}},{"type":"Feature","properties":{"mode":"bus","n":6,"arr":["110","112","116","156","N02","N44"],"lines":"110, 112, 116, 156, N02, N44"},"geometry":{"type":"LineString","coordinates":[[20.958769,52.275709],[20.958834,52.275646],[20.958941,52.27561],[20.959061,52.275608],[20.959214,52.27568],[20.959326,52.275692],[20.963628,52.275215],[20.963852,52.27513],[20.964523,52.274549],[20.965246,52.274056],[20.966124,52.273596]]}},{"type":"Feature","properties":{"mode":"bus","n":6,"arr":["110","112","116","156","N02","N44"],"lines":"110, 112, 116, 156, N02, N44"},"geometry":{"type":"LineString","coordinates":[[20.958901,52.275891],[20.958815,52.275851]]}},{"type":"Feature","properties":{"mode":"bus","n":6,"arr":["110","112","116","156","N02","N44"],"lines":"110, 112, 116, 156, N02, N44"},"geometry":{"type":"LineString","coordinates":[[20.963635,52.27536],[20.962934,52.275429]]}},{"type":"Feature","properties":{"mode":"bus","n":5,"arr":["110","112","116","N02","N44"],"lines":"110, 112, 116, N02, N44"},"geometry":{"type":"LineString","coordinates":[[20.959968,52.275754],[20.959322,52.275802],[20.959075,52.275898],[20.958901,52.275891]]}},{"type":"Feature","properties":{"mode":"bus","n":5,"arr":["110","112","116","N02","N44"],"lines":"110, 112, 116, N02, N44"},"geometry":{"type":"LineString","coordinates":[[20.957521,52.275895],[20.954496,52.276236],[20.953671,52.276303]]}},{"type":"Feature","properties":{"mode":"bus","n":5,"arr":["110","112","116","N02","N44"],"lines":"110, 112, 116, N02, N44"},"geometry":{"type":"LineString","coordinates":[[20.958815,52.275851],[20.958625,52.275837],[20.957579,52.275892],[20.957563,52.275893],[20.957553,52.275893],[20.95755,52.275892],[20.957553,52.275891],[20.957562,52.275889],[20.957578,52.275887],[20.958769,52.275709]]}},{"type":"Feature","properties":{"mode":"bus","n":10,"arr":["111","117","128","158","175","507","521","N22","N24","N72"],"lines":"111, 117, 128, 158, 175, 507, 521, N22, N24, N72"},"geometry":{"type":"LineString","coordinates":[[21.020668,52.2316],[21.020943,52.231616],[21.02114,52.231664]]}},{"type":"Feature","properties":{"mode":"bus","n":11,"arr":["111","123","158","166","507","509","521","N02","N22","N24","N72"],"lines":"111, 123, 158, 166, 507, 509, 521, N02, N22, N24, N72"},"geometry":{"type":"LineString","coordinates":[[21.051614,52.237815],[21.051902,52.237848],[21.052244,52.237978]]}},{"type":"Feature","properties":{"mode":"bus","n":11,"arr":["111","117","146","147","158","507","521","N22","N24","N72","WAK"],"lines":"111, 117, 146, 147, 158, 507, 521, N22, N24, N72, WAK"},"geometry":{"type":"LineString","coordinates":[[21.051907,52.238462],[21.051576,52.238425],[21.051287,52.238341]]}},{"type":"Feature","properties":{"mode":"bus","n":6,"arr":["112","120","240","527","N11","R9"],"lines":"112, 120, 240, 527, N11, R9"},"geometry":{"type":"LineString","coordinates":[[21.058811,52.301507],[21.060044,52.304713],[21.060176,52.304905],[21.060551,52.305073]]}},{"type":"Feature","properties":{"mode":"bus","n":8,"arr":["112","190","L40","L44","L45","L46","Z1","Z3"],"lines":"112, 190, L40, L44, L45, L46, Z1, Z3"},"geometry":{"type":"LineString","coordinates":[[21.085102,52.305155],[21.084889,52.305148],[21.084864,52.305145],[21.084849,52.305138],[21.084843,52.305127],[21.084846,52.305111],[21.085035,52.304703],[21.085059,52.304498],[21.085028,52.304409],[21.085028,52.304376],[21.085052,52.304346],[21.085182,52.304244],[21.085326,52.304072],[21.085506,52.303691],[21.085662,52.303528],[21.085671,52.303364],[21.085735,52.303302],[21.085842,52.303268],[21.08595,52.303269],[21.086048,52.303303],[21.086169,52.303406],[21.086404,52.303475],[21.086865,52.303556],[21.087186,52.303574],[21.087609,52.303557],[21.087893,52.303517],[21.088421,52.303374]]}},{"type":"Feature","properties":{"mode":"bus","n":8,"arr":["112","190","L40","L44","L45","L46","Z1","Z3"],"lines":"112, 190, L40, L44, L45, L46, Z1, Z3"},"geometry":{"type":"LineString","coordinates":[[21.085288,52.304321],[21.08534,52.304393],[21.085284,52.304489],[21.085332,52.304604]]}},{"type":"Feature","properties":{"mode":"bus","n":7,"arr":["112","120","240","256","527","N11","R9"],"lines":"112, 120, 240, 256, 527, N11, R9"},"geometry":{"type":"LineString","coordinates":[[21.058601,52.30148],[21.059853,52.30467],[21.060046,52.305041],[21.060061,52.305217],[21.060233,52.305335],[21.060304,52.305433],[21.061509,52.308286]]}},{"type":"Feature","properties":{"mode":"bus","n":15,"arr":["114","150","156","184","203","409","511","750","800","N01","N02","N44","N46","N56","N58"],"lines":"114, 150, 156, 184, 203, 409, 511, 750, 800, N01, N02, N44, N46, N56, N58"},"geometry":{"type":"LineString","coordinates":[[20.929574,52.290667],[20.92966,52.290602],[20.930128,52.290405]]}},{"type":"Feature","properties":{"mode":"bus","n":7,"arr":["114","121","203","409","N01","N02","N58"],"lines":"114, 121, 203, 409, N01, N02, N58"},"geometry":{"type":"LineString","coordinates":[[20.933232,52.288651],[20.932002,52.287597],[20.931825,52.287519],[20.9318,52.287502],[20.93179,52.287481],[20.931785,52.287436],[20.93134,52.286971],[20.930754,52.286497],[20.930507,52.286359],[20.93029,52.286195],[20.930175,52.286047],[20.928671,52.284813],[20.928507,52.284742],[20.928389,52.284602],[20.927942,52.284237],[20.927559,52.284023],[20.926778,52.283325],[20.926457,52.283058],[20.926319,52.282996],[20.925529,52.28235],[20.925154,52.282022],[20.924956,52.281791],[20.924192,52.281185]]}},{"type":"Feature","properties":{"mode":"bus","n":6,"arr":["114","121","203","N01","N02","N58"],"lines":"114, 121, 203, N01, N02, N58"},"geometry":{"type":"LineString","coordinates":[[20.924956,52.281791],[20.925069,52.281839],[20.925339,52.282033],[20.926076,52.282675],[20.926345,52.282859],[20.926365,52.282869],[20.926391,52.282872],[20.926442,52.282871],[20.926484,52.282889],[20.926501,52.282901],[20.926509,52.282916],[20.926525,52.283016],[20.926847,52.283313],[20.927793,52.284059],[20.927942,52.284237]]}},{"type":"Feature","properties":{"mode":"bus","n":6,"arr":["114","121","203","N01","N02","N58"],"lines":"114, 121, 203, N01, N02, N58"},"geometry":{"type":"LineString","coordinates":[[20.93134,52.286971],[20.93185,52.287367],[20.931952,52.287399],[20.931994,52.287421],[20.932017,52.287451],[20.932055,52.28755],[20.933619,52.288822]]}},{"type":"Feature","properties":{"mode":"bus","n":6,"arr":["114","121","203","N01","N02","N58"],"lines":"114, 121, 203, N01, N02, N58"},"geometry":{"type":"LineString","coordinates":[[20.928389,52.284602],[20.928512,52.284644],[20.928593,52.284703],[20.928653,52.284799]]}},{"type":"Feature","properties":{"mode":"bus","n":6,"arr":["114","121","203","N01","N02","N58"],"lines":"114, 121, 203, N01, N02, N58"},"geometry":{"type":"LineString","coordinates":[[20.930175,52.286047],[20.930368,52.28616],[20.930754,52.286497]]}},{"type":"Feature","properties":{"mode":"bus","n":5,"arr":["115","143","153","199","N24"],"lines":"115, 143, 153, 199, N24"},"geometry":{"type":"LineString","coordinates":[[21.169939,52.264693],[21.169856,52.264724],[21.16981,52.264735],[21.16976,52.264732],[21.169633,52.264711],[21.16957,52.264646],[21.169607,52.264539],[21.169507,52.264431],[21.166755,52.26298],[21.162329,52.259803]]}},{"type":"Feature","properties":{"mode":"bus","n":5,"arr":["115","143","153","199","N24"],"lines":"115, 143, 153, 199, N24"},"geometry":{"type":"LineString","coordinates":[[21.169662,52.264357],[21.169807,52.26449],[21.169916,52.264524],[21.169976,52.264589]]}},{"type":"Feature","properties":{"mode":"bus","n":5,"arr":["115","143","153","199","N24"],"lines":"115, 143, 153, 199, N24"},"geometry":{"type":"LineString","coordinates":[[21.169559,52.264302],[21.16692,52.262892],[21.162501,52.259718]]}},{"type":"Feature","properties":{"mode":"bus","n":6,"arr":["115","173","183","514","N21","N71"],"lines":"115, 173, 183, 514, N21, N71"},"geometry":{"type":"LineString","coordinates":[[21.188581,52.247086],[21.188624,52.24704],[21.188653,52.24702],[21.188693,52.24701],[21.188734,52.247006],[21.188775,52.247006],[21.188812,52.247017],[21.188845,52.247033],[21.18887,52.24705],[21.188882,52.247072],[21.188887,52.247094],[21.188884,52.247117],[21.188867,52.247137],[21.188834,52.247163],[21.188805,52.247178],[21.188769,52.247184],[21.188694,52.247189],[21.188611,52.247154],[21.188592,52.24711],[21.188574,52.24709],[21.188543,52.247079],[21.185946,52.246598]]}},{"type":"Feature","properties":{"mode":"bus","n":7,"arr":["115","173","402","520","N02","N25","N71"],"lines":"115, 173, 402, 520, N02, N25, N71"},"geometry":{"type":"LineString","coordinates":[[21.144722,52.23771],[21.144055,52.237606],[21.142402,52.237256],[21.142385,52.237255],[21.14237,52.237257],[21.142356,52.237263],[21.142319,52.237284],[21.142183,52.237295],[21.142075,52.237247],[21.14205,52.237204]]}},{"type":"Feature","properties":{"mode":"bus","n":7,"arr":["115","173","402","520","N02","N21","N25"],"lines":"115, 173, 402, 520, N02, N21, N25"},"geometry":{"type":"LineString","coordinates":[[21.142357,52.237113],[21.142272,52.237091],[21.142227,52.237085],[21.142182,52.237091],[21.142097,52.237114]]}},{"type":"Feature","properties":{"mode":"bus","n":8,"arr":["115","173","305","402","520","N02","N21","N25"],"lines":"115, 173, 305, 402, 520, N02, N21, N25"},"geometry":{"type":"LineString","coordinates":[[21.142357,52.237113],[21.142406,52.237183],[21.142568,52.237227],[21.142684,52.237251],[21.142893,52.237236],[21.143117,52.237268],[21.143261,52.237306],[21.143544,52.237438],[21.144722,52.23771]]}},{"type":"Feature","properties":{"mode":"bus","n":7,"arr":["115","119","125","147","319","525","N25"],"lines":"115, 119, 125, 147, 319, 525, N25"},"geometry":{"type":"LineString","coordinates":[[21.174477,52.206093],[21.174502,52.206147]]}},{"type":"Feature","properties":{"mode":"bus","n":7,"arr":["115","119","125","147","319","525","N25"],"lines":"115, 119, 125, 147, 319, 525, N25"},"geometry":{"type":"LineString","coordinates":[[21.174549,52.205999],[21.174653,52.205987],[21.174705,52.205988],[21.174751,52.206004],[21.174834,52.206052]]}},{"type":"Feature","properties":{"mode":"bus","n":7,"arr":["115","119","125","147","319","525","N25"],"lines":"115, 119, 125, 147, 319, 525, N25"},"geometry":{"type":"LineString","coordinates":[[21.174646,52.206201],[21.174736,52.206192],[21.174807,52.206157]]}},{"type":"Feature","properties":{"mode":"bus","n":5,"arr":["115","219","319","521","N22"],"lines":"115, 219, 319, 521, N22"},"geometry":{"type":"LineString","coordinates":[[21.188372,52.183954],[21.188412,52.183988]]}},{"type":"Feature","properties":{"mode":"bus","n":5,"arr":["115","219","319","521","N22"],"lines":"115, 219, 319, 521, N22"},"geometry":{"type":"LineString","coordinates":[[21.188484,52.183851],[21.188397,52.183875]]}},{"type":"Feature","properties":{"mode":"bus","n":5,"arr":["115","219","319","521","N22"],"lines":"115, 219, 319, 521, N22"},"geometry":{"type":"LineString","coordinates":[[21.188523,52.184001],[21.188578,52.183969],[21.188597,52.183949],[21.188598,52.183926],[21.188581,52.183877]]}},{"type":"Feature","properties":{"mode":"bus","n":5,"arr":["115","142","213","521","N22"],"lines":"115, 142, 213, 521, N22"},"geometry":{"type":"LineString","coordinates":[[21.201535,52.170871],[21.202545,52.169883],[21.202761,52.169623],[21.202885,52.169301],[21.202898,52.169227],[21.202841,52.169156],[21.202858,52.169095],[21.202911,52.169055],[21.203034,52.169033],[21.203313,52.168851],[21.203747,52.168419],[21.203931,52.168173],[21.204,52.168058],[21.203984,52.168032]]}},{"type":"Feature","properties":{"mode":"bus","n":10,"arr":["116","127","128","131","175","180","503","517","N33","N83"],"lines":"116, 127, 128, 131, 175, 180, 503, 517, N33, N83"},"geometry":{"type":"LineString","coordinates":[[21.02114,52.231664],[21.021109,52.231836],[21.02097,52.231962]]}},{"type":"Feature","properties":{"mode":"bus","n":16,"arr":["117","127","128","131","158","175","507","517","521","N22","N24","N33","N42","N72","N83","WAK"],"lines":"117, 127, 128, 131, 158, 175, 507, 517, 521, N22, N24, N33, N42, N72, N83, WAK"},"geometry":{"type":"LineString","coordinates":[[21.011508,52.229527],[21.011796,52.229536],[21.011917,52.229561],[21.01218,52.229647],[21.012258,52.229694]]}},{"type":"Feature","properties":{"mode":"bus","n":6,"arr":["117","138","146","147","166","WAK"],"lines":"117, 138, 146, 147, 166, WAK"},"geometry":{"type":"LineString","coordinates":[[21.052244,52.237978],[21.052149,52.238283],[21.051907,52.238462]]}},{"type":"Feature","properties":{"mode":"bus","n":12,"arr":["117","127","131","158","507","517","521","N22","N24","N33","N72","N83"],"lines":"117, 127, 131, 158, 507, 517, 521, N22, N24, N33, N72, N83"},"geometry":{"type":"LineString","coordinates":[[21.02097,52.231962],[21.020721,52.231936],[21.020436,52.231829]]}},{"type":"Feature","properties":{"mode":"bus","n":20,"arr":["117","127","128","131","158","175","507","517","520","521","525","N22","N24","N25","N31","N33","N37","N72","N81","N83"],"lines":"117, 127, 128, 131, 158, 175, 507, 517, 520, 521, 525, N22, N24, N25, N31, N33, N37, N72, N81, N83"},"geometry":{"type":"LineString","coordinates":[[21.011968,52.230141],[21.011584,52.230116],[21.011399,52.230062],[21.011225,52.229966]]}},{"type":"Feature","properties":{"mode":"bus","n":12,"arr":["118","138","151","411","502","514","520","525","N25","N31","N37","N81"],"lines":"118, 138, 151, 411, 502, 514, 520, 525, N25, N31, N37, N81"},"geometry":{"type":"LineString","coordinates":[[21.014889,52.217264],[21.014854,52.217017],[21.014917,52.216839]]}},{"type":"Feature","properties":{"mode":"bus","n":6,"arr":["119","147","213","219","305","319"],"lines":"119, 147, 213, 219, 305, 319"},"geometry":{"type":"LineString","coordinates":[[21.165338,52.204521],[21.16518,52.204531],[21.165072,52.204497],[21.165003,52.204435],[21.16499,52.204361]]}},{"type":"Feature","properties":{"mode":"bus","n":6,"arr":["119","147","213","219","305","319"],"lines":"119, 147, 213, 219, 305, 319"},"geometry":{"type":"LineString","coordinates":[[21.165103,52.204255],[21.165433,52.204231],[21.165714,52.204167],[21.166022,52.204161]]}},{"type":"Feature","properties":{"mode":"bus","n":6,"arr":["119","147","213","219","305","319"],"lines":"119, 147, 213, 219, 305, 319"},"geometry":{"type":"LineString","coordinates":[[21.166012,52.204196],[21.165814,52.204204],[21.165601,52.204256],[21.165479,52.204365],[21.16548,52.204396]]}},{"type":"Feature","properties":{"mode":"bus","n":5,"arr":["119","147","213","219","319"],"lines":"119, 147, 213, 219, 319"},"geometry":{"type":"LineString","coordinates":[[21.16499,52.204361],[21.165103,52.204255]]}},{"type":"Feature","properties":{"mode":"bus","n":6,"arr":["119","147","305","319","521","N22"],"lines":"119, 147, 305, 319, 521, N22"},"geometry":{"type":"LineString","coordinates":[[21.167581,52.204695],[21.167718,52.204674]]}},{"type":"Feature","properties":{"mode":"bus","n":6,"arr":["119","147","305","319","521","N22"],"lines":"119, 147, 305, 319, 521, N22"},"geometry":{"type":"LineString","coordinates":[[21.167793,52.20471],[21.167798,52.204772],[21.167794,52.20479],[21.167777,52.204806],[21.167733,52.204831]]}},{"type":"Feature","properties":{"mode":"bus","n":6,"arr":["119","147","305","319","521","N22"],"lines":"119, 147, 305, 319, 521, N22"},"geometry":{"type":"LineString","coordinates":[[21.167598,52.204823],[21.16754,52.204748]]}},{"type":"Feature","properties":{"mode":"bus","n":5,"arr":["119","147","213","219","305"],"lines":"119, 147, 213, 219, 305"},"geometry":{"type":"LineString","coordinates":[[21.16548,52.204396],[21.165448,52.204459],[21.165338,52.204521]]}},{"type":"Feature","properties":{"mode":"bus","n":6,"arr":["120","156","212","N02","N12","N62"],"lines":"120, 156, 212, N02, N12, N62"},"geometry":{"type":"LineString","coordinates":[[21.057114,52.270173],[21.057068,52.270247]]}},{"type":"Feature","properties":{"mode":"bus","n":6,"arr":["120","156","212","N02","N12","N62"],"lines":"120, 156, 212, N02, N12, N62"},"geometry":{"type":"LineString","coordinates":[[21.056966,52.270253],[21.056913,52.270226],[21.056872,52.270135],[21.056658,52.269944],[21.056391,52.269647]]}},{"type":"Feature","properties":{"mode":"bus","n":6,"arr":["120","156","212","N02","N12","N62"],"lines":"120, 156, 212, N02, N12, N62"},"geometry":{"type":"LineString","coordinates":[[21.048994,52.269837],[21.048289,52.27008],[21.048202,52.270144],[21.04816,52.270166],[21.048107,52.270175],[21.047992,52.27018],[21.047079,52.270431]]}},{"type":"Feature","properties":{"mode":"bus","n":6,"arr":["120","156","212","N02","N12","N62"],"lines":"120, 156, 212, N02, N12, N62"},"geometry":{"type":"LineString","coordinates":[[21.045949,52.271986],[21.046039,52.272172],[21.046203,52.272883],[21.046275,52.272963],[21.046254,52.273022]]}},{"type":"Feature","properties":{"mode":"bus","n":6,"arr":["120","156","212","N02","N12","N62"],"lines":"120, 156, 212, N02, N12, N62"},"geometry":{"type":"LineString","coordinates":[[21.053057,52.273443],[21.053103,52.273409],[21.053195,52.273402]]}},{"type":"Feature","properties":{"mode":"bus","n":6,"arr":["120","156","212","N02","N12","N62"],"lines":"120, 156, 212, N02, N12, N62"},"geometry":{"type":"LineString","coordinates":[[21.053276,52.273468],[21.053327,52.27358],[21.053616,52.2739]]}},{"type":"Feature","properties":{"mode":"bus","n":6,"arr":["120","156","212","N02","N12","N62"],"lines":"120, 156, 212, N02, N12, N62"},"geometry":{"type":"LineString","coordinates":[[21.055567,52.275275],[21.054876,52.274798],[21.054778,52.274695],[21.053519,52.273848],[21.053201,52.273568],[21.053073,52.27351]]}},{"type":"Feature","properties":{"mode":"bus","n":6,"arr":["120","156","212","N02","N12","N62"],"lines":"120, 156, 212, N02, N12, N62"},"geometry":{"type":"LineString","coordinates":[[21.046145,52.273047],[21.046084,52.273026]]}},{"type":"Feature","properties":{"mode":"bus","n":6,"arr":["120","156","212","N02","N12","N62"],"lines":"120, 156, 212, N02, N12, N62"},"geometry":{"type":"LineString","coordinates":[[21.046063,52.272954],[21.046107,52.27288],[21.046112,52.272652],[21.04597,52.272288],[21.045949,52.271986],[21.045833,52.271452],[21.04588,52.271186],[21.046066,52.270906],[21.046251,52.270766],[21.046469,52.27065],[21.047945,52.270129],[21.048047,52.270055],[21.048211,52.270045],[21.049976,52.269556]]}},{"type":"Feature","properties":{"mode":"bus","n":6,"arr":["120","156","212","N02","N12","N62"],"lines":"120, 156, 212, N02, N12, N62"},"geometry":{"type":"LineString","coordinates":[[21.052955,52.26935],[21.053964,52.2693],[21.054443,52.269246],[21.055689,52.268869],[21.055722,52.268864],[21.055748,52.268869],[21.055768,52.268885],[21.056391,52.269647],[21.056944,52.270085],[21.057049,52.270128]]}},{"type":"Feature","properties":{"mode":"bus","n":6,"arr":["120","156","212","N02","N12","N62"],"lines":"120, 156, 212, N02, N12, N62"},"geometry":{"type":"LineString","coordinates":[[21.052955,52.26935],[21.052295,52.269339],[21.051493,52.269378],[21.0512,52.269416],[21.050365,52.269448],[21.050138,52.269495],[21.050026,52.269537],[21.050012,52.269543],[21.050005,52.269547],[21.050003,52.269549],[21.050007,52.269551],[21.050017,52.26955],[21.050033,52.269549],[21.050565,52.269482],[21.052955,52.26935]]}},{"type":"Feature","properties":{"mode":"bus","n":6,"arr":["120","156","212","N02","N12","N62"],"lines":"120, 156, 212, N02, N12, N62"},"geometry":{"type":"LineString","coordinates":[[21.054778,52.274695],[21.055092,52.274833],[21.05569,52.275236]]}},{"type":"Feature","properties":{"mode":"bus","n":7,"arr":["120","132","134","226","240","527","N11"],"lines":"120, 132, 134, 226, 240, 527, N11"},"geometry":{"type":"LineString","coordinates":[[21.060559,52.305222],[21.060461,52.305343],[21.060537,52.30559],[21.061747,52.308461]]}},{"type":"Feature","properties":{"mode":"bus","n":5,"arr":["120","132","240","256","N11"],"lines":"120, 132, 240, 256, N11"},"geometry":{"type":"LineString","coordinates":[[21.066963,52.323042],[21.066504,52.321296],[21.066498,52.320912],[21.066776,52.319469],[21.066775,52.319457],[21.066768,52.319448],[21.066754,52.319441],[21.066726,52.319431],[21.066709,52.319421],[21.066699,52.319408],[21.066688,52.319381],[21.066713,52.319354],[21.06673,52.319342],[21.066754,52.319335],[21.066776,52.319331],[21.066792,52.319327],[21.066801,52.31932],[21.066806,52.31931],[21.067059,52.317883],[21.067373,52.316656],[21.067409,52.316364],[21.067359,52.316327],[21.067349,52.316315],[21.067349,52.316304],[21.067361,52.316292],[21.067384,52.316278],[21.067402,52.316259],[21.067403,52.316238],[21.066964,52.314846],[21.066809,52.31459],[21.066676,52.314523],[21.066638,52.314469],[21.066653,52.314406],[21.066713,52.314361],[21.066702,52.314081],[21.066668,52.313844],[21.066594,52.313639],[21.066453,52.313302],[21.06617,52.312899],[21.066102,52.312848],[21.065907,52.312728],[21.065724,52.312572],[21.064527,52.311849],[21.062254,52.310343],[21.062159,52.310292],[21.062058,52.310287]]}},{"type":"Feature","properties":{"mode":"bus","n":5,"arr":["120","132","240","256","N11"],"lines":"120, 132, 240, 256, N11"},"geometry":{"type":"LineString","coordinates":[[21.061712,52.310048],[21.06167,52.310181]]}},{"type":"Feature","properties":{"mode":"bus","n":6,"arr":["120","132","240","256","527","N11"],"lines":"120, 132, 240, 256, 527, N11"},"geometry":{"type":"LineString","coordinates":[[21.062058,52.310287],[21.061932,52.310306],[21.061804,52.310287],[21.061733,52.310253],[21.06167,52.310181]]}},{"type":"Feature","properties":{"mode":"bus","n":6,"arr":["120","132","240","256","527","N11"],"lines":"120, 132, 240, 256, 527, N11"},"geometry":{"type":"LineString","coordinates":[[21.061702,52.308735],[21.061814,52.309151],[21.061872,52.309849],[21.061852,52.309944],[21.061712,52.310048]]}},{"type":"Feature","properties":{"mode":"bus","n":5,"arr":["121","157","181","185","N46"],"lines":"121, 157, 181, 185, N46"},"geometry":{"type":"LineString","coordinates":[[20.974067,52.279269],[20.974003,52.279346],[20.97387,52.279386],[20.973649,52.279653],[20.973641,52.279662],[20.973635,52.279667],[20.973631,52.279668],[20.97363,52.279666],[20.97363,52.27966],[20.973633,52.27965],[20.973709,52.279393],[20.973707,52.279368],[20.973687,52.279345],[20.973631,52.279307]]}},{"type":"Feature","properties":{"mode":"bus","n":5,"arr":["121","157","181","185","N46"],"lines":"121, 157, 181, 185, N46"},"geometry":{"type":"LineString","coordinates":[[20.973617,52.279209],[20.973663,52.279154],[20.973803,52.279107],[20.973928,52.279115],[20.974017,52.279156]]}},{"type":"Feature","properties":{"mode":"bus","n":5,"arr":["121","157","181","185","N46"],"lines":"121, 157, 181, 185, N46"},"geometry":{"type":"LineString","coordinates":[[20.970597,52.285316],[20.973283,52.280628],[20.973622,52.279685]]}},{"type":"Feature","properties":{"mode":"bus","n":23,"arr":["125","142","143","145","173","183","402","411","514","520","521","525","702","704","720","722","730","N02","N21","N22","N24","N25","N71"],"lines":"125, 142, 143, 145, 173, 183, 402, 411, 514, 520, 521, 525, 702, 704, 720, 722, 730, N02, N21, N22, N24, N25, N71"},"geometry":{"type":"LineString","coordinates":[[21.127842,52.233758],[21.12784,52.233907],[21.127739,52.234055]]}},{"type":"Feature","properties":{"mode":"bus","n":23,"arr":["125","142","143","145","173","183","402","411","514","520","521","525","702","704","720","722","730","N02","N21","N22","N24","N25","N71"],"lines":"125, 142, 143, 145, 173, 183, 402, 411, 514, 520, 521, 525, 702, 704, 720, 722, 730, N02, N21, N22, N24, N25, N71"},"geometry":{"type":"LineString","coordinates":[[21.127157,52.234243],[21.126952,52.234235]]}},{"type":"Feature","properties":{"mode":"bus","n":23,"arr":["125","142","143","145","173","183","402","411","514","520","521","525","702","704","720","722","730","N02","N21","N22","N24","N25","N71"],"lines":"125, 142, 143, 145, 173, 183, 402, 411, 514, 520, 521, 525, 702, 704, 720, 722, 730, N02, N21, N22, N24, N25, N71"},"geometry":{"type":"LineString","coordinates":[[21.126573,52.234091],[21.126456,52.233958],[21.126418,52.233803]]}},{"type":"Feature","properties":{"mode":"bus","n":11,"arr":["125","142","411","521","525","702","704","720","722","730","N22"],"lines":"125, 142, 411, 521, 525, 702, 704, 720, 722, 730, N22"},"geometry":{"type":"LineString","coordinates":[[21.127739,52.234055],[21.127516,52.234185],[21.127316,52.234232],[21.127157,52.234243]]}},{"type":"Feature","properties":{"mode":"bus","n":15,"arr":["125","142","143","145","173","183","521","702","704","720","722","730","N21","N24","N71"],"lines":"125, 142, 143, 145, 173, 183, 521, 702, 704, 720, 722, 730, N21, N24, N71"},"geometry":{"type":"LineString","coordinates":[[21.126418,52.233803],[21.126486,52.233652],[21.126657,52.233509],[21.126776,52.23345],[21.127004,52.233399]]}},{"type":"Feature","properties":{"mode":"bus","n":15,"arr":["125","142","143","145","173","183","521","702","704","720","722","730","N21","N24","N71"],"lines":"125, 142, 143, 145, 173, 183, 521, 702, 704, 720, 722, 730, N21, N24, N71"},"geometry":{"type":"LineString","coordinates":[[21.126952,52.234235],[21.126641,52.234323],[21.126021,52.234746],[21.125294,52.235098],[21.121163,52.236895],[21.118975,52.237894],[21.115841,52.239262],[21.11482,52.239647],[21.11399,52.239883],[21.102173,52.242389]]}},{"type":"Feature","properties":{"mode":"bus","n":15,"arr":["125","142","143","145","173","183","521","702","704","720","722","730","N21","N24","N71"],"lines":"125, 142, 143, 145, 173, 183, 521, 702, 704, 720, 722, 730, N21, N24, N71"},"geometry":{"type":"LineString","coordinates":[[21.102106,52.242295],[21.113802,52.239792],[21.115054,52.239426],[21.11628,52.238928],[21.1185,52.237947],[21.118937,52.237717],[21.120538,52.237053],[21.125286,52.23495],[21.126028,52.234563],[21.126409,52.234302],[21.126573,52.234091]]}},{"type":"Feature","properties":{"mode":"bus","n":22,"arr":["125","142","143","145","173","183","402","411","514","520","521","702","704","720","722","730","N02","N21","N22","N24","N25","N71"],"lines":"125, 142, 143, 145, 173, 183, 402, 411, 514, 520, 521, 702, 704, 720, 722, 730, N02, N21, N22, N24, N25, N71"},"geometry":{"type":"LineString","coordinates":[[21.127004,52.233399],[21.12733,52.233413],[21.127627,52.233537]]}},{"type":"Feature","properties":{"mode":"bus","n":15,"arr":["127","128","158","175","504","517","N32","N34","N35","N36","N38","N43","N85","N86","N88"],"lines":"127, 128, 158, 175, 504, 517, N32, N34, N35, N36, N38, N43, N85, N86, N88"},"geometry":{"type":"LineString","coordinates":[[21.002145,52.227975],[21.00178,52.227904],[21.001514,52.227813]]}},{"type":"Feature","properties":{"mode":"bus","n":14,"arr":["127","128","157","158","159","175","504","517","N32","N35","N38","N43","N85","N88"],"lines":"127, 128, 157, 158, 159, 175, 504, 517, N32, N35, N38, N43, N85, N88"},"geometry":{"type":"LineString","coordinates":[[20.989563,52.224638],[20.990769,52.225111],[20.991226,52.22525],[20.994352,52.226019],[20.9959,52.226343],[20.995918,52.22635],[20.99593,52.226362],[20.995938,52.226373],[20.995941,52.226387],[20.995936,52.2264],[20.995853,52.226508],[20.995833,52.226525],[20.995806,52.226532],[20.995773,52.226529],[20.990916,52.225504],[20.989087,52.225142],[20.988628,52.225007]]}},{"type":"Feature","properties":{"mode":"bus","n":13,"arr":["127","128","157","158","175","504","517","N32","N35","N38","N43","N85","N88"],"lines":"127, 128, 157, 158, 175, 504, 517, N32, N35, N38, N43, N85, N88"},"geometry":{"type":"LineString","coordinates":[[20.989563,52.224638],[20.989036,52.224431],[20.989005,52.224424],[20.988978,52.224427],[20.988954,52.224442],[20.988703,52.224665],[20.988639,52.224825],[20.988628,52.225007]]}},{"type":"Feature","properties":{"mode":"bus","n":5,"arr":["127","178","191","228","N85"],"lines":"127, 178, 191, 228, N85"},"geometry":{"type":"LineString","coordinates":[[20.923281,52.20408],[20.931167,52.202377],[20.931362,52.202297],[20.931829,52.202174],[20.934583,52.201585],[20.935291,52.201404],[20.935991,52.201069],[20.936248,52.201043]]}},{"type":"Feature","properties":{"mode":"bus","n":5,"arr":["127","178","191","228","N85"],"lines":"127, 178, 191, 228, N85"},"geometry":{"type":"LineString","coordinates":[[20.936071,52.201384],[20.934906,52.201608],[20.931618,52.202326],[20.931167,52.202377]]}},{"type":"Feature","properties":{"mode":"bus","n":10,"arr":["127","178","187","191","517","717","817","N01","N35","N85"],"lines":"127, 178, 187, 191, 517, 717, 817, N01, N35, N85"},"geometry":{"type":"LineString","coordinates":[[20.936248,52.201043],[20.938529,52.202586],[20.939241,52.203184],[20.945473,52.207366]]}},{"type":"Feature","properties":{"mode":"bus","n":10,"arr":["127","178","187","191","517","717","817","N01","N35","N85"],"lines":"127, 178, 187, 191, 517, 717, 817, N01, N35, N85"},"geometry":{"type":"LineString","coordinates":[[20.944974,52.207221],[20.939397,52.203477],[20.938887,52.203229],[20.936071,52.201384]]}},{"type":"Feature","properties":{"mode":"bus","n":25,"arr":["127","128","158","175","504","517","N12","N13","N14","N16","N21","N32","N35","N38","N43","N44","N46","N62","N63","N64","N71","N85","N88","N91","N95"],"lines":"127, 128, 158, 175, 504, 517, N12, N13, N14, N16, N21, N32, N35, N38, N43, N44, N46, N62, N63, N64, N71, N85, N88, N91, N95"},"geometry":{"type":"LineString","coordinates":[[21.001731,52.227443],[21.002053,52.227475],[21.002425,52.227588]]}},{"type":"Feature","properties":{"mode":"bus","n":5,"arr":["128","184","186","208","414"],"lines":"128, 184, 186, 208, 414"},"geometry":{"type":"LineString","coordinates":[[20.964503,52.208249],[20.963955,52.208452],[20.963708,52.208515],[20.963611,52.208594]]}},{"type":"Feature","properties":{"mode":"bus","n":6,"arr":["128","157","184","186","208","414"],"lines":"128, 157, 184, 186, 208, 414"},"geometry":{"type":"LineString","coordinates":[[20.963341,52.208323],[20.963371,52.208403],[20.963371,52.208428],[20.963353,52.208449],[20.9633,52.208487],[20.963292,52.208547],[20.963341,52.208603],[20.963481,52.208636]]}},{"type":"Feature","properties":{"mode":"bus","n":6,"arr":["128","157","184","186","208","414"],"lines":"128, 157, 184, 186, 208, 414"},"geometry":{"type":"LineString","coordinates":[[20.964503,52.208249],[20.964319,52.208033]]}},{"type":"Feature","properties":{"mode":"bus","n":9,"arr":["129","178","187","189","191","401","517","N01","N35"],"lines":"129, 178, 187, 189, 191, 401, 517, N01, N35"},"geometry":{"type":"LineString","coordinates":[[20.914251,52.199932],[20.914147,52.199889],[20.914115,52.1998]]}},{"type":"Feature","properties":{"mode":"bus","n":9,"arr":["129","178","187","189","191","401","517","N01","N35"],"lines":"129, 178, 187, 189, 191, 401, 517, N01, N35"},"geometry":{"type":"LineString","coordinates":[[20.914192,52.199732],[20.914346,52.199718]]}},{"type":"Feature","properties":{"mode":"bus","n":7,"arr":["129","187","207","401","517","N35","N85"],"lines":"129, 187, 207, 401, 517, N35, N85"},"geometry":{"type":"LineString","coordinates":[[20.884915,52.194661],[20.88485,52.194685],[20.884815,52.194692],[20.884779,52.194689],[20.884709,52.194674],[20.884668,52.194622],[20.88469,52.194567],[20.88477,52.194532],[20.884874,52.194542],[20.884912,52.194571],[20.884927,52.194588],[20.884928,52.194607],[20.884915,52.194661]]}},{"type":"Feature","properties":{"mode":"bus","n":10,"arr":["129","178","187","189","191","401","517","N01","N35","N41"],"lines":"129, 178, 187, 189, 191, 401, 517, N01, N35, N41"},"geometry":{"type":"LineString","coordinates":[[20.914463,52.199787],[20.914464,52.199863],[20.914374,52.199924]]}},{"type":"Feature","properties":{"mode":"bus","n":5,"arr":["134","152","226","314","N14"],"lines":"134, 152, 226, 314, N14"},"geometry":{"type":"LineString","coordinates":[[21.048372,52.326414],[21.048425,52.326341],[21.048396,52.326289]]}},{"type":"Feature","properties":{"mode":"bus","n":5,"arr":["136","186","414","523","N43"],"lines":"136, 186, 414, 523, N43"},"geometry":{"type":"LineString","coordinates":[[20.955657,52.237758],[20.955689,52.237584],[20.955675,52.236437],[20.955731,52.236191],[20.955691,52.233977],[20.955763,52.23325],[20.955761,52.23289],[20.956087,52.231112],[20.956388,52.230196],[20.956839,52.22812]]}},{"type":"Feature","properties":{"mode":"bus","n":5,"arr":["136","186","414","523","N43"],"lines":"136, 186, 414, 523, N43"},"geometry":{"type":"LineString","coordinates":[[20.957366,52.22818],[20.957082,52.229284],[20.956839,52.230586],[20.956778,52.231186],[20.956705,52.231411]]}},{"type":"Feature","properties":{"mode":"bus","n":6,"arr":["136","178","186","414","523","N43"],"lines":"136, 178, 186, 414, 523, N43"},"geometry":{"type":"LineString","coordinates":[[20.956839,52.22812],[20.956934,52.227707]]}},{"type":"Feature","properties":{"mode":"bus","n":8,"arr":["136","138","165","218","317","N01","N33","N34"],"lines":"136, 138, 165, 218, 317, N01, N33, N34"},"geometry":{"type":"LineString","coordinates":[[21.001861,52.178317],[21.001869,52.178008]]}},{"type":"Feature","properties":{"mode":"bus","n":7,"arr":["136","179","192","209","715","737","N34"],"lines":"136, 179, 192, 209, 715, 737, N34"},"geometry":{"type":"LineString","coordinates":[[21.030743,52.153798],[21.030729,52.153909]]}},{"type":"Feature","properties":{"mode":"bus","n":7,"arr":["136","179","192","209","715","737","N34"],"lines":"136, 179, 192, 209, 715, 737, N34"},"geometry":{"type":"LineString","coordinates":[[21.031068,52.153873],[21.031048,52.153824],[21.03103,52.153801],[21.030997,52.153785],[21.030884,52.153751]]}},{"type":"Feature","properties":{"mode":"bus","n":7,"arr":["136","179","192","209","715","737","N34"],"lines":"136, 179, 192, 209, 715, 737, N34"},"geometry":{"type":"LineString","coordinates":[[21.030842,52.153967],[21.030985,52.153954]]}},{"type":"Feature","properties":{"mode":"bus","n":5,"arr":["136","218","N33","N36","N86"],"lines":"136, 218, N33, N36, N86"},"geometry":{"type":"LineString","coordinates":[[20.99301,52.185558],[20.992896,52.185684],[20.99283,52.186013],[20.99282,52.187073],[20.992863,52.187118],[20.992822,52.187296],[20.992851,52.187546],[20.992804,52.187623],[20.992768,52.188768],[20.992728,52.188827]]}},{"type":"Feature","properties":{"mode":"bus","n":7,"arr":["136","167","184","186","414","523","N43"],"lines":"136, 167, 184, 186, 414, 523, N43"},"geometry":{"type":"LineString","coordinates":[[20.957501,52.22774],[20.957366,52.22818]]}},{"type":"Feature","properties":{"mode":"bus","n":6,"arr":["138","143","182","187","188","523"],"lines":"138, 143, 182, 187, 188, 523"},"geometry":{"type":"LineString","coordinates":[[21.016283,52.21739],[21.015732,52.217305],[21.014889,52.217264]]}},{"type":"Feature","properties":{"mode":"bus","n":6,"arr":["138","165","174","193","N36","N86"],"lines":"138, 165, 174, 193, N36, N86"},"geometry":{"type":"LineString","coordinates":[[20.997202,52.169694],[20.99733,52.169729],[20.997396,52.169721],[20.997428,52.169721],[20.997456,52.169732],[20.99768,52.169877],[20.998481,52.171161]]}},{"type":"Feature","properties":{"mode":"bus","n":6,"arr":["138","165","174","193","N36","N86"],"lines":"138, 165, 174, 193, N36, N86"},"geometry":{"type":"LineString","coordinates":[[20.997171,52.169554],[20.997149,52.169621]]}},{"type":"Feature","properties":{"mode":"bus","n":6,"arr":["138","165","174","193","N36","N86"],"lines":"138, 165, 174, 193, N36, N86"},"geometry":{"type":"LineString","coordinates":[[20.997489,52.169534],[20.997405,52.169498],[20.997269,52.1695]]}},{"type":"Feature","properties":{"mode":"bus","n":5,"arr":["139","251","710","742","N50"],"lines":"139, 251, 710, 742, N50"},"geometry":{"type":"LineString","coordinates":[[21.113706,52.105279],[21.113487,52.106079],[21.113266,52.107646],[21.113057,52.109466],[21.11312,52.10993],[21.112991,52.110039],[21.112762,52.11017],[21.11242,52.110477],[21.109699,52.113402],[21.106894,52.116346],[21.106228,52.116978],[21.105673,52.117318]]}},{"type":"Feature","properties":{"mode":"bus","n":5,"arr":["139","251","710","742","N50"],"lines":"139, 251, 710, 742, N50"},"geometry":{"type":"LineString","coordinates":[[21.097351,52.122652],[21.099728,52.120453],[21.100221,52.120063],[21.100757,52.119693],[21.101424,52.11931],[21.105108,52.117432],[21.105776,52.117032],[21.106173,52.116738],[21.1066,52.116356],[21.108922,52.113898],[21.110944,52.111898],[21.112554,52.11011],[21.112653,52.109824],[21.112892,52.109409],[21.113357,52.10595],[21.11336,52.105751],[21.113296,52.105411]]}},{"type":"Feature","properties":{"mode":"bus","n":5,"arr":["141","154","175","188","N32"],"lines":"141, 154, 175, 188, N32"},"geometry":{"type":"LineString","coordinates":[[20.978976,52.183315],[20.979098,52.183612]]}},{"type":"Feature","properties":{"mode":"bus","n":12,"arr":["143","151","182","187","188","411","502","514","520","523","525","N25"],"lines":"143, 151, 182, 187, 188, 411, 502, 514, 520, 523, 525, N25"},"geometry":{"type":"LineString","coordinates":[[21.014917,52.216839],[21.015599,52.216931]]}},{"type":"Feature","properties":{"mode":"bus","n":13,"arr":["143","145","173","183","402","411","514","520","N02","N21","N24","N25","N71"],"lines":"143, 145, 173, 183, 402, 411, 514, 520, N02, N21, N24, N25, N71"},"geometry":{"type":"LineString","coordinates":[[21.127627,52.233537],[21.12777,52.233653],[21.127842,52.233758]]}},{"type":"Feature","properties":{"mode":"bus","n":5,"arr":["145","245","N62","Z2M","Z4M"],"lines":"145, 245, N62, Z2M, Z4M"},"geometry":{"type":"LineString","coordinates":[[21.115056,52.277919],[21.115073,52.277949]]}},{"type":"Feature","properties":{"mode":"bus","n":5,"arr":["145","245","N62","Z2M","Z4M"],"lines":"145, 245, N62, Z2M, Z4M"},"geometry":{"type":"LineString","coordinates":[[21.114937,52.277874],[21.114848,52.277906],[21.114811,52.277927],[21.114798,52.277957],[21.114789,52.278079],[21.114534,52.27841],[21.114371,52.278524],[21.114344,52.278536],[21.114311,52.278539],[21.114244,52.278535],[21.114152,52.278563],[21.114096,52.27862],[21.114102,52.278688]]}},{"type":"Feature","properties":{"mode":"bus","n":5,"arr":["145","245","N62","Z2M","Z4M"],"lines":"145, 245, N62, Z2M, Z4M"},"geometry":{"type":"LineString","coordinates":[[21.114163,52.278739],[21.114191,52.278799],[21.114156,52.278943],[21.114025,52.279145]]}},{"type":"Feature","properties":{"mode":"bus","n":6,"arr":["145","245","Z1","Z2M","Z3","Z4M"],"lines":"145, 245, Z1, Z2M, Z3, Z4M"},"geometry":{"type":"LineString","coordinates":[[21.114999,52.27804],[21.11494,52.27805],[21.114884,52.278096],[21.114596,52.278463],[21.114466,52.278573],[21.114451,52.278593],[21.114451,52.278615],[21.114466,52.278659],[21.114444,52.278703],[21.11433,52.278759]]}},{"type":"Feature","properties":{"mode":"bus","n":6,"arr":["145","245","N62","Z2M","Z3","Z4M"],"lines":"145, 245, N62, Z2M, Z3, Z4M"},"geometry":{"type":"LineString","coordinates":[[21.114102,52.278688],[21.114163,52.278739]]}},{"type":"Feature","properties":{"mode":"bus","n":5,"arr":["146","213","702","N72","W1"],"lines":"146, 213, 702, N72, W1"},"geometry":{"type":"LineString","coordinates":[[21.182236,52.155453],[21.182327,52.155408]]}},{"type":"Feature","properties":{"mode":"bus","n":5,"arr":["146","213","702","N72","W1"],"lines":"146, 213, 702, N72, W1"},"geometry":{"type":"LineString","coordinates":[[21.182507,52.155476],[21.182508,52.155492]]}},{"type":"Feature","properties":{"mode":"bus","n":5,"arr":["146","213","702","N72","W1"],"lines":"146, 213, 702, N72, W1"},"geometry":{"type":"LineString","coordinates":[[21.18243,52.155576],[21.182358,52.155585],[21.182275,52.155563]]}},{"type":"Feature","properties":{"mode":"bus","n":5,"arr":["147","173","198","502","N21"],"lines":"147, 173, 198, 502, N21"},"geometry":{"type":"LineString","coordinates":[[21.22254,52.217894],[21.222421,52.217822]]}},{"type":"Feature","properties":{"mode":"bus","n":5,"arr":["147","173","198","502","N21"],"lines":"147, 173, 198, 502, N21"},"geometry":{"type":"LineString","coordinates":[[21.223299,52.217763],[21.223722,52.217702],[21.223964,52.217641],[21.226648,52.216803],[21.227016,52.216716],[21.227372,52.216667],[21.235542,52.216282],[21.23883,52.2161]]}},{"type":"Feature","properties":{"mode":"bus","n":5,"arr":["147","173","198","502","N21"],"lines":"147, 173, 198, 502, N21"},"geometry":{"type":"LineString","coordinates":[[21.240601,52.216124],[21.24116,52.216236],[21.241623,52.216393],[21.242023,52.216598],[21.242386,52.216856]]}},{"type":"Feature","properties":{"mode":"bus","n":5,"arr":["147","173","198","502","N21"],"lines":"147, 173, 198, 502, N21"},"geometry":{"type":"LineString","coordinates":[[21.24286,52.217479],[21.243065,52.219238]]}},{"type":"Feature","properties":{"mode":"bus","n":5,"arr":["148","175","188","331","N32"],"lines":"148, 175, 188, 331, N32"},"geometry":{"type":"LineString","coordinates":[[20.9792,52.168817],[20.979215,52.168952],[20.979158,52.169022],[20.979079,52.169064],[20.979036,52.169141],[20.979027,52.169451],[20.979304,52.170667],[20.979795,52.172479],[20.979777,52.17267],[20.97965,52.172809],[20.979432,52.172934],[20.979367,52.173085]]}},{"type":"Feature","properties":{"mode":"bus","n":5,"arr":["148","175","188","331","N32"],"lines":"148, 175, 188, 331, N32"},"geometry":{"type":"LineString","coordinates":[[20.976916,52.168107],[20.977245,52.168202],[20.977434,52.168294],[20.977699,52.168468],[20.978101,52.168834],[20.978218,52.168889],[20.97834,52.16891],[20.978494,52.168899],[20.978589,52.168868],[20.978647,52.168782],[20.978725,52.168736],[20.978879,52.168702],[20.979018,52.168713]]}},{"type":"Feature","properties":{"mode":"bus","n":5,"arr":["148","175","188","331","N32"],"lines":"148, 175, 188, 331, N32"},"geometry":{"type":"LineString","coordinates":[[20.975424,52.172416],[20.974758,52.172677],[20.973162,52.173168],[20.973043,52.173184],[20.972842,52.173166],[20.972742,52.173125],[20.972662,52.173031],[20.9727,52.172903],[20.973835,52.171586],[20.973796,52.171432],[20.973336,52.170506],[20.973337,52.170424],[20.974365,52.169213],[20.974623,52.168613],[20.974773,52.168426],[20.975077,52.168177],[20.975371,52.168066],[20.975683,52.167992],[20.975926,52.167967],[20.976211,52.16797],[20.976623,52.168034],[20.976916,52.168107],[20.977365,52.168385],[20.977498,52.168529],[20.977588,52.168744],[20.977774,52.168956],[20.978015,52.169049],[20.978074,52.169105],[20.978178,52.169465]]}},{"type":"Feature","properties":{"mode":"bus","n":5,"arr":["148","175","188","331","N32"],"lines":"148, 175, 188, 331, N32"},"geometry":{"type":"LineString","coordinates":[[20.975077,52.168177],[20.974951,52.168211],[20.974818,52.16828],[20.974438,52.168578],[20.97439,52.168637],[20.974384,52.168766],[20.974184,52.169158],[20.973468,52.170014],[20.973464,52.170081],[20.97381,52.170757]]}},{"type":"Feature","properties":{"mode":"bus","n":9,"arr":["149","167","177","714","719","729","743","N42","N95"],"lines":"149, 167, 177, 714, 719, 729, 743, N42, N95"},"geometry":{"type":"LineString","coordinates":[[20.896277,52.239485],[20.896761,52.23946]]}},{"type":"Feature","properties":{"mode":"bus","n":6,"arr":["1","97","150","750","755","N56"],"lines":"1, 97, 150, 750, 755, N56"},"geometry":{"type":"LineString","coordinates":[[20.904097,52.329666],[20.904035,52.329773],[20.903887,52.329821],[20.90372,52.330028],[20.903649,52.33007],[20.903636,52.330077],[20.903626,52.33008],[20.903621,52.330078],[20.903619,52.330072],[20.903621,52.330061],[20.903687,52.329851],[20.903517,52.329614],[20.903361,52.329516],[20.903261,52.329388],[20.902674,52.32897],[20.90251,52.328893],[20.901889,52.328409],[20.901663,52.328211],[20.901609,52.328056]]}},{"type":"Feature","properties":{"mode":"bus","n":6,"arr":["1","97","150","750","755","N56"],"lines":"1, 97, 150, 750, 755, N56"},"geometry":{"type":"LineString","coordinates":[[20.903611,52.330093],[20.902937,52.330724],[20.895018,52.337807],[20.894502,52.338215],[20.893655,52.338708],[20.892676,52.3391],[20.891157,52.339595],[20.889237,52.340186],[20.887131,52.340883],[20.871882,52.345778]]}},{"type":"Feature","properties":{"mode":"bus","n":9,"arr":["150","210","250","409","511","712","750","800","N56"],"lines":"150, 210, 250, 409, 511, 712, 750, 800, N56"},"geometry":{"type":"LineString","coordinates":[[20.930128,52.290405],[20.930362,52.290744]]}},{"type":"Feature","properties":{"mode":"bus","n":5,"arr":["153","199","N24","Z2M","Z4M"],"lines":"153, 199, N24, Z2M, Z4M"},"geometry":{"type":"LineString","coordinates":[[21.150151,52.270506],[21.150181,52.270489],[21.150198,52.270483],[21.150219,52.270481],[21.150238,52.270482],[21.150251,52.270481],[21.150263,52.270478],[21.150272,52.270471],[21.150721,52.270025],[21.153991,52.267198],[21.1565,52.264269],[21.157434,52.262938],[21.158957,52.261506],[21.159446,52.261105],[21.160248,52.260541],[21.160729,52.260253],[21.162329,52.259803]]}},{"type":"Feature","properties":{"mode":"bus","n":5,"arr":["154","175","188","504","N32"],"lines":"154, 175, 188, 504, N32"},"geometry":{"type":"LineString","coordinates":[[20.978679,52.183743],[20.978579,52.183437]]}},{"type":"Feature","properties":{"mode":"bus","n":5,"arr":["161","213","229","521","N72"],"lines":"161, 213, 229, 521, N72"},"geometry":{"type":"LineString","coordinates":[[21.204749,52.159696],[21.205026,52.159791],[21.20504,52.159798],[21.205048,52.159807],[21.205048,52.159819],[21.205043,52.159835],[21.205045,52.159853],[21.205059,52.159868],[21.205081,52.159883],[21.205097,52.159891],[21.205116,52.159895],[21.205137,52.159894],[21.205187,52.159886],[21.205209,52.159879],[21.205223,52.159867],[21.205231,52.159853],[21.20524,52.159845],[21.205251,52.159842],[21.205267,52.159843],[21.207649,52.1603],[21.211216,52.160933],[21.211306,52.16096],[21.211331,52.160971],[21.211344,52.160987],[21.211343,52.161006],[21.211329,52.161045],[21.211326,52.161054],[21.211326,52.16106],[21.211328,52.161063],[21.211333,52.161062],[21.21134,52.161058],[21.211349,52.161051],[21.211409,52.161]]}},{"type":"Feature","properties":{"mode":"bus","n":6,"arr":["165","189","317","401","402","504"],"lines":"165, 189, 317, 401, 402, 504"},"geometry":{"type":"LineString","coordinates":[[21.002526,52.178286],[21.001861,52.178317]]}},{"type":"Feature","properties":{"mode":"bus","n":7,"arr":["95","96","167","220","523","N45","N95"],"lines":"95, 96, 167, 220, 523, N45, N95"},"geometry":{"type":"LineString","coordinates":[[20.897567,52.259278],[20.897689,52.259279],[20.897744,52.259274],[20.89779,52.259255],[20.898081,52.259081],[20.898189,52.258914],[20.898745,52.258599]]}},{"type":"Feature","properties":{"mode":"bus","n":7,"arr":["95","96","167","220","523","N45","N95"],"lines":"95, 96, 167, 220, 523, N45, N95"},"geometry":{"type":"LineString","coordinates":[[20.897725,52.257732],[20.89766,52.25823],[20.897742,52.258839],[20.897736,52.258873],[20.897708,52.258902],[20.897453,52.259078],[20.89745,52.259209]]}},{"type":"Feature","properties":{"mode":"bus","n":5,"arr":["167","220","523","N45","N95"],"lines":"167, 220, 523, N45, N95"},"geometry":{"type":"LineString","coordinates":[[20.89745,52.259209],[20.897567,52.259278]]}},{"type":"Feature","properties":{"mode":"bus","n":7,"arr":["169","212","256","409","500","N12","N62"],"lines":"169, 212, 256, 409, 500, N12, N62"},"geometry":{"type":"LineString","coordinates":[[21.037027,52.268747],[21.037152,52.268911],[21.037253,52.268964],[21.038044,52.26913],[21.038952,52.269442],[21.039434,52.269528],[21.040365,52.269623],[21.040664,52.269692],[21.040941,52.269813],[21.041281,52.270062],[21.04148,52.270287],[21.041643,52.270574],[21.042733,52.272683],[21.042901,52.273249],[21.042967,52.273859]]}},{"type":"Feature","properties":{"mode":"bus","n":5,"arr":["169","212","256","N14","N64"],"lines":"169, 212, 256, N14, N64"},"geometry":{"type":"LineString","coordinates":[[21.0377,52.267132],[21.037881,52.267416],[21.038333,52.267994],[21.038409,52.268132],[21.038404,52.268231],[21.038337,52.268305],[21.038216,52.268355],[21.037505,52.268483],[21.037253,52.268548],[21.037159,52.268599],[21.037027,52.268747]]}},{"type":"Feature","properties":{"mode":"bus","n":7,"arr":["170","409","500","509","N03","N12","N62"],"lines":"170, 409, 500, 509, N03, N12, N62"},"geometry":{"type":"LineString","coordinates":[[21.022195,52.263662],[21.022136,52.263512],[21.022059,52.263447],[21.021868,52.263362]]}},{"type":"Feature","properties":{"mode":"bus","n":7,"arr":["170","409","500","509","N03","N12","N62"],"lines":"170, 409, 500, 509, N03, N12, N62"},"geometry":{"type":"LineString","coordinates":[[21.021727,52.264086],[21.021848,52.264059]]}},{"type":"Feature","properties":{"mode":"bus","n":7,"arr":["170","409","500","509","N03","N12","N62"],"lines":"170, 409, 500, 509, N03, N12, N62"},"geometry":{"type":"LineString","coordinates":[[21.020942,52.263816],[21.021166,52.264032]]}},{"type":"Feature","properties":{"mode":"bus","n":5,"arr":["170","409","500","N12","N62"],"lines":"170, 409, 500, N12, N62"},"geometry":{"type":"LineString","coordinates":[[21.021166,52.264032],[21.021282,52.264076],[21.021407,52.26409],[21.021727,52.264086]]}},{"type":"Feature","properties":{"mode":"bus","n":5,"arr":["173","198","514","N21","N71"],"lines":"173, 198, 514, N21, N71"},"geometry":{"type":"LineString","coordinates":[[21.223107,52.246309],[21.223041,52.246285],[21.222997,52.246233]]}},{"type":"Feature","properties":{"mode":"bus","n":5,"arr":["173","198","514","N21","N71"],"lines":"173, 198, 514, N21, N71"},"geometry":{"type":"LineString","coordinates":[[21.223013,52.24617],[21.223092,52.246126]]}},{"type":"Feature","properties":{"mode":"bus","n":5,"arr":["173","198","514","N21","N71"],"lines":"173, 198, 514, N21, N71"},"geometry":{"type":"LineString","coordinates":[[21.223201,52.246121],[21.223274,52.246147],[21.223302,52.246182],[21.22331,52.246201],[21.223304,52.24622],[21.223254,52.246292]]}},{"type":"Feature","properties":{"mode":"bus","n":10,"arr":["174","N12","N14","N16","N21","N44","N62","N64","N71","WAK"],"lines":"174, N12, N14, N16, N21, N44, N62, N64, N71, WAK"},"geometry":{"type":"LineString","coordinates":[[20.997713,52.233245],[20.997803,52.232959],[20.998039,52.232786]]}},{"type":"Feature","properties":{"mode":"bus","n":17,"arr":["174","N12","N13","N14","N16","N21","N34","N36","N44","N46","N62","N63","N64","N71","N86","N91","N95"],"lines":"174, N12, N13, N14, N16, N21, N34, N36, N44, N46, N62, N63, N64, N71, N86, N91, N95"},"geometry":{"type":"LineString","coordinates":[[21.001514,52.227813],[21.001569,52.227621],[21.001731,52.227443]]}},{"type":"Feature","properties":{"mode":"bus","n":8,"arr":["177","187","207","401","517","716","N35","N85"],"lines":"177, 187, 207, 401, 517, 716, N35, N85"},"geometry":{"type":"LineString","coordinates":[[20.880135,52.197376],[20.88016,52.19742]]}},{"type":"Feature","properties":{"mode":"bus","n":8,"arr":["177","187","207","401","517","716","N35","N85"],"lines":"177, 187, 207, 401, 517, 716, N35, N85"},"geometry":{"type":"LineString","coordinates":[[20.882335,52.197725],[20.882358,52.197726]]}},{"type":"Feature","properties":{"mode":"bus","n":8,"arr":["177","187","207","401","517","716","N35","N85"],"lines":"177, 187, 207, 401, 517, 716, N35, N85"},"geometry":{"type":"LineString","coordinates":[[20.882528,52.197842],[20.882465,52.19793],[20.882384,52.197957],[20.882292,52.197957]]}},{"type":"Feature","properties":{"mode":"bus","n":6,"arr":["179","185","209","715","737","N86"],"lines":"179, 185, 209, 715, 737, N86"},"geometry":{"type":"LineString","coordinates":[[21.024807,52.142733],[21.024705,52.142822]]}},{"type":"Feature","properties":{"mode":"bus","n":6,"arr":["179","185","209","715","737","N86"],"lines":"179, 185, 209, 715, 737, N86"},"geometry":{"type":"LineString","coordinates":[[21.024536,52.142839],[21.024397,52.142781]]}},{"type":"Feature","properties":{"mode":"bus","n":6,"arr":["179","185","209","715","737","N86"],"lines":"179, 185, 209, 715, 737, N86"},"geometry":{"type":"LineString","coordinates":[[21.024362,52.142676],[21.02444,52.142595],[21.024536,52.142567],[21.024682,52.142577],[21.024776,52.142627]]}},{"type":"Feature","properties":{"mode":"bus","n":6,"arr":["187","194","401","517","716","N85"],"lines":"187, 194, 401, 517, 716, N85"},"geometry":{"type":"LineString","coordinates":[[20.866442,52.196621],[20.866543,52.196581],[20.866663,52.196576]]}},{"type":"Feature","properties":{"mode":"bus","n":6,"arr":["187","194","401","517","716","N85"],"lines":"187, 194, 401, 517, 716, N85"},"geometry":{"type":"LineString","coordinates":[[20.868573,52.191772],[20.868362,52.192331],[20.868337,52.192863]]}},{"type":"Feature","properties":{"mode":"bus","n":7,"arr":["187","189","401","517","N01","N35","N38"],"lines":"187, 189, 401, 517, N01, N35, N38"},"geometry":{"type":"LineString","coordinates":[[20.923869,52.197011],[20.92382,52.196971],[20.923801,52.196949],[20.923799,52.196923],[20.923816,52.196853]]}},{"type":"Feature","properties":{"mode":"bus","n":7,"arr":["187","189","401","517","N01","N35","N38"],"lines":"187, 189, 401, 517, N01, N35, N38"},"geometry":{"type":"LineString","coordinates":[[20.92824,52.196103],[20.926782,52.196153],[20.926331,52.196197],[20.925943,52.196261],[20.925286,52.196432],[20.924589,52.196765],[20.924141,52.196928]]}},{"type":"Feature","properties":{"mode":"bus","n":7,"arr":["187","189","401","517","N01","N35","N41"],"lines":"187, 189, 401, 517, N01, N35, N41"},"geometry":{"type":"LineString","coordinates":[[20.923816,52.196853],[20.923894,52.196823],[20.923937,52.196814],[20.923982,52.196818],[20.924099,52.196844]]}},{"type":"Feature","properties":{"mode":"bus","n":7,"arr":["187","189","401","517","N01","N35","N41"],"lines":"187, 189, 401, 517, N01, N35, N41"},"geometry":{"type":"LineString","coordinates":[[20.923869,52.197011],[20.923095,52.19742],[20.922485,52.197641],[20.918611,52.198545],[20.915285,52.199476],[20.914926,52.199587],[20.914516,52.199747],[20.914463,52.199787]]}},{"type":"Feature","properties":{"mode":"bus","n":6,"arr":["187","517","717","817","N01","N35"],"lines":"187, 517, 717, 817, N01, N35"},"geometry":{"type":"LineString","coordinates":[[20.936071,52.201384],[20.934565,52.200336],[20.933361,52.199542],[20.932785,52.199129],[20.932508,52.198887],[20.931779,52.198393],[20.930551,52.19758],[20.93002,52.197367],[20.929655,52.197149],[20.929185,52.196827],[20.928439,52.196232],[20.92824,52.196103]]}},{"type":"Feature","properties":{"mode":"bus","n":6,"arr":["187","517","717","817","N01","N35"],"lines":"187, 517, 717, 817, N01, N35"},"geometry":{"type":"LineString","coordinates":[[20.928628,52.195602],[20.929199,52.196069],[20.930057,52.196865],[20.930469,52.19721],[20.930734,52.19751],[20.932424,52.198667],[20.932934,52.198906],[20.93347,52.199236],[20.936248,52.201043]]}},{"type":"Feature","properties":{"mode":"bus","n":8,"arr":["187","189","401","517","N01","N35","N38","N41"],"lines":"187, 189, 401, 517, N01, N35, N38, N41"},"geometry":{"type":"LineString","coordinates":[[20.924141,52.196928],[20.924115,52.196975],[20.92403,52.197018],[20.923869,52.197011]]}},{"type":"Feature","properties":{"mode":"bus","n":5,"arr":["187","401","517","N35","N85"],"lines":"187, 401, 517, N35, N85"},"geometry":{"type":"LineString","coordinates":[[20.882292,52.197957],[20.882179,52.19791],[20.882145,52.197844]]}},{"type":"Feature","properties":{"mode":"bus","n":5,"arr":["187","401","517","N35","N85"],"lines":"187, 401, 517, N35, N85"},"geometry":{"type":"LineString","coordinates":[[20.88215,52.197816],[20.882105,52.197754],[20.881885,52.197658]]}},{"type":"Feature","properties":{"mode":"bus","n":5,"arr":["187","401","517","N35","N85"],"lines":"187, 401, 517, N35, N85"},"geometry":{"type":"LineString","coordinates":[[20.880535,52.197511],[20.880129,52.197519]]}},{"type":"Feature","properties":{"mode":"bus","n":6,"arr":["187","207","401","517","N35","N85"],"lines":"187, 207, 401, 517, N35, N85"},"geometry":{"type":"LineString","coordinates":[[20.882145,52.197844],[20.88215,52.197816]]}},{"type":"Feature","properties":{"mode":"bus","n":6,"arr":["187","207","401","517","N35","N85"],"lines":"187, 207, 401, 517, N35, N85"},"geometry":{"type":"LineString","coordinates":[[20.880129,52.197519],[20.879972,52.197582],[20.879822,52.197564]]}},{"type":"Feature","properties":{"mode":"bus","n":6,"arr":["187","207","401","517","N35","N85"],"lines":"187, 207, 401, 517, N35, N85"},"geometry":{"type":"LineString","coordinates":[[20.882358,52.197726],[20.882525,52.197671],[20.882678,52.1975]]}},{"type":"Feature","properties":{"mode":"bus","n":6,"arr":["187","207","401","517","N35","N85"],"lines":"187, 207, 401, 517, N35, N85"},"geometry":{"type":"LineString","coordinates":[[20.884709,52.194674],[20.884583,52.194771],[20.883386,52.19619],[20.882729,52.197386],[20.88265,52.197648],[20.882528,52.197842]]}},{"type":"Feature","properties":{"mode":"bus","n":7,"arr":["187","207","401","517","716","N35","N85"],"lines":"187, 207, 401, 517, 716, N35, N85"},"geometry":{"type":"LineString","coordinates":[[20.879822,52.197564],[20.879714,52.197469]]}},{"type":"Feature","properties":{"mode":"bus","n":7,"arr":["187","207","401","517","716","N35","N85"],"lines":"187, 207, 401, 517, 716, N35, N85"},"geometry":{"type":"LineString","coordinates":[[20.879754,52.197363],[20.879837,52.19732],[20.879998,52.19731]]}},{"type":"Feature","properties":{"mode":"bus","n":7,"arr":["187","194","401","517","716","N35","N85"],"lines":"187, 194, 401, 517, 716, N35, N85"},"geometry":{"type":"LineString","coordinates":[[20.866813,52.196638],[20.866853,52.196713],[20.866822,52.19679]]}},{"type":"Feature","properties":{"mode":"bus","n":7,"arr":["187","194","401","517","716","N35","N85"],"lines":"187, 194, 401, 517, 716, N35, N85"},"geometry":{"type":"LineString","coordinates":[[20.866697,52.196854],[20.866553,52.196858]]}},{"type":"Feature","properties":{"mode":"bus","n":7,"arr":["187","194","401","517","716","N35","N85"],"lines":"187, 194, 401, 517, 716, N35, N85"},"geometry":{"type":"LineString","coordinates":[[20.866381,52.196711],[20.86642,52.196798]]}},{"type":"Feature","properties":{"mode":"bus","n":7,"arr":["187","194","401","517","716","N35","N85"],"lines":"187, 194, 401, 517, 716, N35, N85"},"geometry":{"type":"LineString","coordinates":[[20.867761,52.194381],[20.868337,52.192863],[20.868622,52.192473],[20.869129,52.191872],[20.869138,52.191852],[20.86913,52.191836],[20.869105,52.191822],[20.868721,52.191688]]}},{"type":"Feature","properties":{"mode":"bus","n":6,"arr":["187","401","517","716","N35","N85"],"lines":"187, 401, 517, 716, N35, N85"},"geometry":{"type":"LineString","coordinates":[[20.866553,52.196858],[20.86642,52.196798]]}},{"type":"Feature","properties":{"mode":"bus","n":6,"arr":["187","401","517","716","N35","N85"],"lines":"187, 401, 517, 716, N35, N85"},"geometry":{"type":"LineString","coordinates":[[20.867761,52.194381],[20.866972,52.196443],[20.866813,52.196638]]}},{"type":"Feature","properties":{"mode":"bus","n":5,"arr":["187","194","716","N35","N85"],"lines":"187, 194, 716, N35, N85"},"geometry":{"type":"LineString","coordinates":[[20.861872,52.191016],[20.861602,52.191177],[20.861485,52.191184],[20.861409,52.191226],[20.861385,52.191277],[20.861428,52.19135],[20.861381,52.191562],[20.86126,52.19173],[20.860061,52.193107],[20.859513,52.193454],[20.859499,52.193461],[20.859483,52.193463],[20.859465,52.193462],[20.85944,52.193458],[20.859413,52.193456],[20.859387,52.193462],[20.859365,52.19347],[20.859344,52.193481],[20.859333,52.193497],[20.85932,52.193536],[20.859353,52.19357],[20.85941,52.193581],[20.85944,52.193583],[20.859468,52.193576],[20.859519,52.193556]]}},{"type":"Feature","properties":{"mode":"bus","n":6,"arr":["189","218","401","402","N01","N33"],"lines":"189, 218, 401, 402, N01, N33"},"geometry":{"type":"LineString","coordinates":[[21.001869,52.178008],[21.00254,52.177913]]}},{"type":"Feature","properties":{"mode":"bus","n":7,"arr":["190","L40","L44","L45","L46","Z1","Z3"],"lines":"190, L40, L44, L45, L46, Z1, Z3"},"geometry":{"type":"LineString","coordinates":[[21.086004,52.303524],[21.085731,52.303591],[21.085479,52.303756]]}},{"type":"Feature","properties":{"mode":"bus","n":7,"arr":["190","L40","L44","L45","L46","Z1","Z3"],"lines":"190, L40, L44, L45, L46, Z1, Z3"},"geometry":{"type":"LineString","coordinates":[[21.085326,52.304072],[21.085288,52.304321]]}},{"type":"Feature","properties":{"mode":"bus","n":5,"arr":["95","97","98","210","N58"],"lines":"95, 97, 98, 210, N58"},"geometry":{"type":"LineString","coordinates":[[20.826903,52.290791],[20.826455,52.290769],[20.826439,52.290768],[20.826429,52.290769],[20.826425,52.290771],[20.826427,52.290773],[20.826435,52.290777],[20.82645,52.290782],[20.826703,52.290858],[20.826907,52.290959],[20.826981,52.290958],[20.827066,52.290917]]}},{"type":"Feature","properties":{"mode":"bus","n":5,"arr":["95","97","98","210","N58"],"lines":"95, 97, 98, 210, N58"},"geometry":{"type":"LineString","coordinates":[[20.827041,52.290812],[20.827011,52.290799]]}},{"type":"Feature","properties":{"mode":"bus","n":5,"arr":["95","97","98","210","N58"],"lines":"95, 97, 98, 210, N58"},"geometry":{"type":"LineString","coordinates":[[20.826397,52.290766],[20.823858,52.290686],[20.823363,52.290682],[20.823069,52.290703],[20.822693,52.290777],[20.822503,52.290838],[20.820142,52.291706],[20.819645,52.291832],[20.817435,52.292169],[20.816222,52.292389],[20.814583,52.292732],[20.811346,52.293464],[20.809832,52.29366],[20.806168,52.294081],[20.805657,52.294159],[20.805275,52.294253],[20.80378,52.294741]]}},{"type":"Feature","properties":{"mode":"bus","n":5,"arr":["212","409","500","N12","N62"],"lines":"212, 409, 500, N12, N62"},"geometry":{"type":"LineString","coordinates":[[21.03846,52.269021],[21.037819,52.268597],[21.037142,52.268364],[21.036466,52.267966],[21.036113,52.267792],[21.035856,52.267723],[21.035547,52.267683],[21.034204,52.267589]]}},{"type":"Feature","properties":{"mode":"bus","n":5,"arr":["229","251","319","519","N50"],"lines":"229, 251, 319, 519, N50"},"geometry":{"type":"LineString","coordinates":[[21.086908,52.159457],[21.090109,52.155235],[21.090616,52.154464],[21.090864,52.153952],[21.091067,52.153265],[21.091268,52.152084],[21.091413,52.151474]]}},{"type":"Feature","properties":{"mode":"bus","n":5,"arr":["229","251","319","519","N50"],"lines":"229, 251, 319, 519, N50"},"geometry":{"type":"LineString","coordinates":[[21.091942,52.152034],[21.091768,52.15258],[21.091313,52.153675],[21.090838,52.154559],[21.090466,52.155114],[21.08819,52.158129],[21.087756,52.158791],[21.087116,52.159667]]}},{"type":"Feature","properties":{"mode":"bus","n":5,"arr":["245","Z1","Z2M","Z3","Z4M"],"lines":"245, Z1, Z2M, Z3, Z4M"},"geometry":{"type":"LineString","coordinates":[[21.13115,52.280001],[21.131036,52.279916],[21.130625,52.279808]]}},{"type":"Feature","properties":{"mode":"bus","n":5,"arr":["245","Z1","Z2M","Z3","Z4M"],"lines":"245, Z1, Z2M, Z3, Z4M"},"geometry":{"type":"LineString","coordinates":[[21.121084,52.278736],[21.121617,52.278866],[21.121815,52.279052],[21.121882,52.279076],[21.121939,52.279071],[21.121965,52.279065],[21.121983,52.279052],[21.122049,52.278976],[21.122151,52.278942],[21.122561,52.278896]]}},{"type":"Feature","properties":{"mode":"bus","n":5,"arr":["245","Z1","Z2M","Z3","Z4M"],"lines":"245, Z1, Z2M, Z3, Z4M"},"geometry":{"type":"LineString","coordinates":[[21.114999,52.27804],[21.115403,52.278131],[21.117925,52.278406],[21.118697,52.278459]]}},{"type":"Feature","properties":{"mode":"bus","n":6,"arr":["251","710","742","L14","L15","L21"],"lines":"251, 710, 742, L14, L15, L21"},"geometry":{"type":"LineString","coordinates":[[21.122072,52.09003],[21.122104,52.090024]]}},{"type":"Feature","properties":{"mode":"bus","n":6,"arr":["251","710","742","L14","L15","L21"],"lines":"251, 710, 742, L14, L15, L21"},"geometry":{"type":"LineString","coordinates":[[21.122284,52.090125],[21.122313,52.090195],[21.122291,52.090249]]}},{"type":"Feature","properties":{"mode":"bus","n":7,"arr":["251","710","L14","L15","L16","L21","L55"],"lines":"251, 710, L14, L15, L16, L21, L55"},"geometry":{"type":"LineString","coordinates":[[21.125568,52.101474],[21.125556,52.101546],[21.125495,52.101577],[21.125415,52.101581],[21.125355,52.101551],[21.125332,52.101533],[21.125327,52.10151],[21.125335,52.101457]]}},{"type":"Feature","properties":{"mode":"bus","n":8,"arr":["251","710","742","L14","L16","L21","L55","N50"],"lines":"251, 710, 742, L14, L16, L21, L55, N50"},"geometry":{"type":"LineString","coordinates":[[21.11747,52.093989],[21.117453,52.09394]]}},{"type":"Feature","properties":{"mode":"bus","n":6,"arr":["251","710","742","L14","L21","N50"],"lines":"251, 710, 742, L14, L21, N50"},"geometry":{"type":"LineString","coordinates":[[21.117453,52.09394],[21.117554,52.093828]]}},{"type":"Feature","properties":{"mode":"bus","n":5,"arr":["251","710","L16","L55","N50"],"lines":"251, 710, L16, L55, N50"},"geometry":{"type":"LineString","coordinates":[[21.117554,52.093828],[21.117684,52.093849],[21.117756,52.093894]]}},{"type":"Feature","properties":{"mode":"bus","n":8,"arr":["251","710","L14","L15","L16","L21","L55","N50"],"lines":"251, 710, L14, L15, L16, L21, L55, N50"},"geometry":{"type":"LineString","coordinates":[[21.125483,52.101425],[21.125568,52.101474]]}},{"type":"Feature","properties":{"mode":"bus","n":7,"arr":["251","710","742","L14","L15","L21","N50"],"lines":"251, 710, 742, L14, L15, L21, N50"},"geometry":{"type":"LineString","coordinates":[[21.12184,52.090232],[21.12185,52.090139]]}},{"type":"Feature","properties":{"mode":"bus","n":5,"arr":["401","517","716","N35","N85"],"lines":"401, 517, 716, N35, N85"},"geometry":{"type":"LineString","coordinates":[[20.879998,52.19731],[20.880135,52.197376]]}},{"type":"Feature","properties":{"mode":"bus","n":5,"arr":["401","517","716","N35","N85"],"lines":"401, 517, 716, N35, N85"},"geometry":{"type":"LineString","coordinates":[[20.86715,52.197107],[20.868726,52.197838],[20.869155,52.197992],[20.869642,52.198115],[20.870342,52.198247],[20.871537,52.198542],[20.872268,52.198674]]}},{"type":"Feature","properties":{"mode":"bus","n":5,"arr":["401","517","716","N35","N85"],"lines":"401, 517, 716, N35, N85"},"geometry":{"type":"LineString","coordinates":[[20.866822,52.19679],[20.867128,52.197086],[20.867135,52.197093],[20.867136,52.197098],[20.867133,52.1971],[20.867126,52.197099],[20.867114,52.197097],[20.867046,52.197077],[20.866697,52.196854]]}},{"type":"Feature","properties":{"mode":"bus","n":5,"arr":["401","517","716","N35","N85"],"lines":"401, 517, 716, N35, N85"},"geometry":{"type":"LineString","coordinates":[[20.879302,52.197495],[20.879754,52.197363]]}},{"type":"Feature","properties":{"mode":"bus","n":8,"arr":["402","411","514","520","525","N02","N22","N25"],"lines":"402, 411, 514, 520, 525, N02, N22, N25"},"geometry":{"type":"LineString","coordinates":[[21.126952,52.234235],[21.126744,52.234182],[21.126573,52.234091]]}},{"type":"Feature","properties":{"mode":"bus","n":8,"arr":["402","411","514","520","525","N02","N22","N25"],"lines":"402, 411, 514, 520, 525, N02, N22, N25"},"geometry":{"type":"LineString","coordinates":[[21.126418,52.233803],[21.1263,52.233723],[21.12589,52.233569],[21.124826,52.233286],[21.123342,52.232993],[21.122782,52.232906]]}},{"type":"Feature","properties":{"mode":"bus","n":7,"arr":["409","500","N12","N13","N46","N62","N63"],"lines":"409, 500, N12, N13, N46, N62, N63"},"geometry":{"type":"LineString","coordinates":[[20.982139,52.254261],[20.982435,52.254221]]}},{"type":"Feature","properties":{"mode":"bus","n":7,"arr":["409","500","N12","N13","N46","N62","N63"],"lines":"409, 500, N12, N13, N46, N62, N63"},"geometry":{"type":"LineString","coordinates":[[20.983102,52.254425],[20.983257,52.254614]]}},{"type":"Feature","properties":{"mode":"bus","n":7,"arr":["409","500","N12","N13","N46","N62","N63"],"lines":"409, 500, N12, N13, N46, N62, N63"},"geometry":{"type":"LineString","coordinates":[[20.983092,52.255042],[20.982902,52.255151],[20.982592,52.25523]]}},{"type":"Feature","properties":{"mode":"bus","n":7,"arr":["409","500","N12","N13","N46","N62","N63"],"lines":"409, 500, N12, N13, N46, N62, N63"},"geometry":{"type":"LineString","coordinates":[[20.981914,52.25512],[20.981755,52.255013],[20.981636,52.254847],[20.981619,52.254666],[20.981681,52.254526]]}},{"type":"Feature","properties":{"mode":"bus","n":6,"arr":["500","N12","N13","N46","N62","N63"],"lines":"500, N12, N13, N46, N62, N63"},"geometry":{"type":"LineString","coordinates":[[20.981681,52.254526],[20.981941,52.254322],[20.982139,52.254261]]}},{"type":"Feature","properties":{"mode":"bus","n":6,"arr":["500","N12","N13","N46","N62","N63"],"lines":"500, N12, N13, N46, N62, N63"},"geometry":{"type":"LineString","coordinates":[[20.983266,52.253499],[20.982742,52.254096],[20.982648,52.254151],[20.982435,52.254221]]}},{"type":"Feature","properties":{"mode":"bus","n":7,"arr":["520","525","N25","N31","N37","N42","N81"],"lines":"520, 525, N25, N31, N37, N42, N81"},"geometry":{"type":"LineString","coordinates":[[21.012258,52.229694],[21.012191,52.22994],[21.012105,52.230043],[21.011968,52.230141]]}},{"type":"Feature","properties":{"mode":"bus","n":5,"arr":["702","M1","M2","M3","N72"],"lines":"702, M1, M2, M3, N72"},"geometry":{"type":"LineString","coordinates":[[21.265352,52.103341],[21.265414,52.103383],[21.265413,52.10343],[21.265406,52.103452],[21.265385,52.10347],[21.26536,52.103485],[21.265329,52.103497],[21.265293,52.1035],[21.26526,52.103499],[21.265237,52.103501],[21.265219,52.103508],[21.265206,52.10352],[21.264935,52.103913],[21.263742,52.10546],[21.263742,52.105517],[21.263556,52.105796],[21.263602,52.105872],[21.264502,52.106174],[21.264637,52.10625],[21.264663,52.10626],[21.264694,52.106262],[21.264754,52.106257],[21.264851,52.106296],[21.264877,52.106353],[21.264855,52.106396],[21.264697,52.106468],[21.264574,52.106594],[21.264568,52.106599],[21.264563,52.106601],[21.264559,52.106601],[21.264556,52.106597],[21.264554,52.106591],[21.264546,52.106557],[21.264611,52.106429],[21.264614,52.106413],[21.264605,52.106398],[21.26458,52.10637],[21.264593,52.106304]]}},{"type":"Feature","properties":{"mode":"bus","n":5,"arr":["702","M1","M2","M3","N72"],"lines":"702, M1, M2, M3, N72"},"geometry":{"type":"LineString","coordinates":[[21.268864,52.098649],[21.268699,52.098485],[21.268583,52.098429],[21.268298,52.098365],[21.265749,52.098201],[21.265281,52.098196],[21.265087,52.098225],[21.265072,52.09823],[21.265061,52.098238],[21.265055,52.098247],[21.265045,52.098255],[21.26503,52.098261],[21.264796,52.098311],[21.264777,52.098318],[21.264766,52.09833],[21.264752,52.098357],[21.264672,52.098397],[21.264577,52.0984],[21.264507,52.098374]]}},{"type":"Feature","properties":{"mode":"bus","n":5,"arr":["702","M1","M2","M3","N72"],"lines":"702, M1, M2, M3, N72"},"geometry":{"type":"LineString","coordinates":[[21.269103,52.098505],[21.269121,52.098599],[21.269083,52.098636],[21.268965,52.098667]]}},{"type":"Feature","properties":{"mode":"bus","n":5,"arr":["702","M1","M2","M3","N72"],"lines":"702, M1, M2, M3, N72"},"geometry":{"type":"LineString","coordinates":[[21.264558,52.10661],[21.264461,52.106787],[21.263582,52.107278],[21.263473,52.107361],[21.262855,52.108008]]}},{"type":"Feature","properties":{"mode":"bus","n":6,"arr":["62","63","83","703","711","L-1"],"lines":"62, 63, 83, 703, 711, L-1"},"geometry":{"type":"LineString","coordinates":[[20.892807,52.133482],[20.892838,52.133488]]}},{"type":"Feature","properties":{"mode":"bus","n":6,"arr":["62","63","83","703","711","L-1"],"lines":"62, 63, 83, 703, 711, L-1"},"geometry":{"type":"LineString","coordinates":[[20.899355,52.137435],[20.898341,52.137004]]}},{"type":"Feature","properties":{"mode":"bus","n":6,"arr":["62","63","83","703","711","L-1"],"lines":"62, 63, 83, 703, 711, L-1"},"geometry":{"type":"LineString","coordinates":[[20.898089,52.136876],[20.897135,52.136349],[20.895561,52.135421],[20.894268,52.134838],[20.893785,52.134569],[20.893253,52.134231],[20.892597,52.133873]]}},{"type":"Feature","properties":{"mode":"bus","n":5,"arr":["62","63","83","703","711"],"lines":"62, 63, 83, 703, 711"},"geometry":{"type":"LineString","coordinates":[[20.892838,52.133488],[20.893003,52.133568]]}},{"type":"Feature","properties":{"mode":"bus","n":5,"arr":["62","63","83","703","711"],"lines":"62, 63, 83, 703, 711"},"geometry":{"type":"LineString","coordinates":[[20.89304,52.133613],[20.893396,52.133788]]}},{"type":"Feature","properties":{"mode":"bus","n":6,"arr":["61","62","63","83","703","711"],"lines":"61, 62, 63, 83, 703, 711"},"geometry":{"type":"LineString","coordinates":[[20.893003,52.133568],[20.89304,52.133613]]}},{"type":"Feature","properties":{"mode":"bus","n":7,"arr":["61","62","63","83","703","711","L-1"],"lines":"61, 62, 63, 83, 703, 711, L-1"},"geometry":{"type":"LineString","coordinates":[[20.892597,52.133873],[20.892475,52.133821],[20.892402,52.133744]]}},{"type":"Feature","properties":{"mode":"bus","n":6,"arr":["17","60","63","65","711","733"],"lines":"17, 60, 63, 65, 711, 733"},"geometry":{"type":"LineString","coordinates":[[20.806118,52.093511],[20.806049,52.093436],[20.805899,52.093397],[20.805605,52.093251],[20.805554,52.093242],[20.805543,52.093241],[20.805536,52.093242],[20.805533,52.093246],[20.805534,52.093252],[20.805544,52.093281],[20.805803,52.093455],[20.805828,52.093545]]}},{"type":"Feature","properties":{"mode":"bus","n":6,"arr":["17","60","63","65","711","733"],"lines":"17, 60, 63, 65, 711, 733"},"geometry":{"type":"LineString","coordinates":[[20.80605,52.093591],[20.805967,52.093606]]}},{"type":"Feature","properties":{"mode":"bus","n":6,"arr":["17","60","63","65","711","733"],"lines":"17, 60, 63, 65, 711, 733"},"geometry":{"type":"LineString","coordinates":[[20.800785,52.089666],[20.804445,52.092474],[20.805249,52.093061],[20.805529,52.093237]]}},{"type":"Feature","properties":{"mode":"bus","n":5,"arr":["60","63","65","711","733"],"lines":"60, 63, 65, 711, 733"},"geometry":{"type":"LineString","coordinates":[[20.807054,52.093916],[20.807432,52.093939],[20.807884,52.093856],[20.807941,52.093857],[20.807951,52.093857],[20.807957,52.093859],[20.807959,52.093862],[20.807957,52.093865],[20.80795,52.09387],[20.807703,52.094017],[20.807631,52.094096]]}},{"type":"Feature","properties":{"mode":"bus","n":5,"arr":["60","63","65","711","733"],"lines":"60, 63, 65, 711, 733"},"geometry":{"type":"LineString","coordinates":[[20.807459,52.094099],[20.807157,52.093991],[20.807054,52.093916],[20.806492,52.093694],[20.806392,52.093691],[20.80605,52.093591]]}},{"type":"Feature","properties":{"mode":"bus","n":5,"arr":["60","63","65","711","733"],"lines":"60, 63, 65, 711, 733"},"geometry":{"type":"LineString","coordinates":[[20.805967,52.093606],[20.805882,52.093589],[20.805828,52.093545]]}},{"type":"Feature","properties":{"mode":"bus","n":5,"arr":["60","63","65","711","733"],"lines":"60, 63, 65, 711, 733"},"geometry":{"type":"LineString","coordinates":[[20.808584,52.093675],[20.807972,52.093857]]}},{"type":"Feature","properties":{"mode":"bus","n":5,"arr":["60","63","65","711","733"],"lines":"60, 63, 65, 711, 733"},"geometry":{"type":"LineString","coordinates":[[20.806492,52.093694],[20.806431,52.093643],[20.806118,52.093511]]}},{"type":"Feature","properties":{"mode":"bus","n":5,"arr":["96","97","98","712","719"],"lines":"96, 97, 98, 712, 719"},"geometry":{"type":"LineString","coordinates":[[20.847514,52.247754],[20.847413,52.247667],[20.847277,52.247649],[20.847137,52.247697],[20.847093,52.247757]]}},{"type":"Feature","properties":{"mode":"bus","n":5,"arr":["96","97","98","712","719"],"lines":"96, 97, 98, 712, 719"},"geometry":{"type":"LineString","coordinates":[[20.845081,52.250383],[20.847064,52.248111],[20.847155,52.248069],[20.847314,52.247912],[20.847415,52.247893],[20.847489,52.247846]]}},{"type":"Feature","properties":{"mode":"bus","n":5,"arr":["62","97","716","717","N85"],"lines":"62, 97, 716, 717, N85"},"geometry":{"type":"LineString","coordinates":[[20.840021,52.185026],[20.840408,52.187442],[20.840412,52.187789],[20.840322,52.188483],[20.840353,52.188761],[20.84091,52.192007],[20.841045,52.192427],[20.841005,52.192504],[20.841001,52.192511],[20.840995,52.192515],[20.840989,52.192515],[20.840983,52.192512],[20.840976,52.192506],[20.840942,52.192468],[20.840807,52.192076],[20.840224,52.188704],[20.84022,52.188327],[20.840297,52.187727],[20.840281,52.187352],[20.839941,52.185377],[20.839915,52.184604],[20.839906,52.184584],[20.839883,52.184568],[20.839825,52.184545],[20.839769,52.184455],[20.839809,52.184373],[20.83995,52.184319]]}},{"type":"Feature","properties":{"mode":"bus","n":5,"arr":["62","97","716","717","N85"],"lines":"62, 97, 716, 717, N85"},"geometry":{"type":"LineString","coordinates":[[20.840126,52.184346],[20.840204,52.184421],[20.84019,52.18451]]}},{"type":"Feature","properties":{"mode":"bus","n":5,"arr":["62","97","716","717","N85"],"lines":"62, 97, 716, 717, N85"},"geometry":{"type":"LineString","coordinates":[[20.828964,52.192891],[20.831565,52.193087],[20.832032,52.193094],[20.836419,52.192856],[20.840994,52.192526]]}},{"type":"Feature","properties":{"mode":"bus","n":10,"arr":["723","731","736","L10","L11","L34","L41","L-8","L-9","N63"],"lines":"723, 731, 736, L10, L11, L34, L41, L-8, L-9, N63"},"geometry":{"type":"LineString","coordinates":[[20.930009,52.395053],[20.930036,52.394977]]}},{"type":"Feature","properties":{"mode":"bus","n":10,"arr":["723","731","736","L10","L11","L34","L41","L-8","L-9","N63"],"lines":"723, 731, 736, L10, L11, L34, L41, L-8, L-9, N63"},"geometry":{"type":"LineString","coordinates":[[20.930137,52.394925],[20.930296,52.394927]]}},{"type":"Feature","properties":{"mode":"bus","n":10,"arr":["723","731","736","L10","L11","L34","L41","L-8","L-9","N63"],"lines":"723, 731, 736, L10, L11, L34, L41, L-8, L-9, N63"},"geometry":{"type":"LineString","coordinates":[[20.930386,52.394972],[20.930414,52.395031],[20.930377,52.395113]]}},{"type":"Feature","properties":{"mode":"bus","n":10,"arr":["723","731","736","L10","L11","L34","L41","L-8","L-9","N63"],"lines":"723, 731, 736, L10, L11, L34, L41, L-8, L-9, N63"},"geometry":{"type":"LineString","coordinates":[[20.930273,52.395159],[20.930143,52.395158],[20.930066,52.395128]]}},{"type":"Feature","properties":{"mode":"bus","n":6,"arr":["723","736","L10","L34","L41","N63"],"lines":"723, 736, L10, L34, L41, N63"},"geometry":{"type":"LineString","coordinates":[[20.930296,52.394927],[20.930386,52.394972]]}},{"type":"Feature","properties":{"mode":"bus","n":9,"arr":["727","L12","L13","L17","L18","L32","L52","L-2","L-5"],"lines":"727, L12, L13, L17, L18, L32, L52, L-2, L-5"},"geometry":{"type":"LineString","coordinates":[[20.988907,52.048976],[20.988936,52.048952]]}},{"type":"Feature","properties":{"mode":"bus","n":9,"arr":["727","L12","L13","L17","L18","L32","L52","L-2","L-5"],"lines":"727, L12, L13, L17, L18, L32, L52, L-2, L-5"},"geometry":{"type":"LineString","coordinates":[[20.989152,52.048952],[20.989274,52.049093],[20.989627,52.049274]]}},{"type":"Feature","properties":{"mode":"bus","n":9,"arr":["727","L12","L13","L17","L18","L32","L52","L-2","L-5"],"lines":"727, L12, L13, L17, L18, L32, L52, L-2, L-5"},"geometry":{"type":"LineString","coordinates":[[21.005361,52.053387],[21.005478,52.053366]]}},{"type":"Feature","properties":{"mode":"bus","n":9,"arr":["727","L12","L13","L17","L18","L32","L52","L-2","L-5"],"lines":"727, L12, L13, L17, L18, L32, L52, L-2, L-5"},"geometry":{"type":"LineString","coordinates":[[20.98894,52.049098],[20.988905,52.049074]]}},{"type":"Feature","properties":{"mode":"bus","n":9,"arr":["727","L12","L13","L17","L18","L32","L52","L-2","L-5"],"lines":"727, L12, L13, L17, L18, L32, L52, L-2, L-5"},"geometry":{"type":"LineString","coordinates":[[21.005005,52.053434],[21.005317,52.053425]]}},{"type":"Feature","properties":{"mode":"bus","n":9,"arr":["727","L12","L13","L17","L18","L32","L52","L-2","L-5"],"lines":"727, L12, L13, L17, L18, L32, L52, L-2, L-5"},"geometry":{"type":"LineString","coordinates":[[21.005319,52.053492],[21.005145,52.053483],[21.005005,52.053434],[21.004547,52.053346],[21.002909,52.052912],[20.989388,52.049201]]}},{"type":"Feature","properties":{"mode":"bus","n":10,"arr":["727","L12","L13","L17","L18","L19","L32","L52","L-2","L-5"],"lines":"727, L12, L13, L17, L18, L19, L32, L52, L-2, L-5"},"geometry":{"type":"LineString","coordinates":[[21.005317,52.053425],[21.005361,52.053387]]}},{"type":"Feature","properties":{"mode":"bus","n":10,"arr":["727","L12","L13","L17","L18","L19","L32","L52","L-2","L-5"],"lines":"727, L12, L13, L17, L18, L19, L32, L52, L-2, L-5"},"geometry":{"type":"LineString","coordinates":[[21.005478,52.053366],[21.005543,52.053389],[21.00557,52.053404],[21.005582,52.053426],[21.005595,52.053495],[21.005741,52.053597],[21.005754,52.053644]]}},{"type":"Feature","properties":{"mode":"bus","n":10,"arr":["727","L12","L13","L17","L18","L19","L32","L52","L-2","L-5"],"lines":"727, L12, L13, L17, L18, L19, L32, L52, L-2, L-5"},"geometry":{"type":"LineString","coordinates":[[21.007945,52.056097],[21.00811,52.056309],[21.008183,52.056325],[21.00823,52.056366],[21.00823,52.056418],[21.008178,52.05646],[21.008198,52.056673]]}},{"type":"Feature","properties":{"mode":"bus","n":10,"arr":["727","L12","L13","L17","L18","L19","L32","L52","L-2","L-5"],"lines":"727, L12, L13, L17, L18, L19, L32, L52, L-2, L-5"},"geometry":{"type":"LineString","coordinates":[[21.019945,52.065725],[21.01988,52.065656],[21.019642,52.065507],[21.019596,52.0655],[21.01869,52.06491],[21.018231,52.064649],[21.018219,52.064643],[21.018211,52.064639],[21.018207,52.064638],[21.018208,52.064641],[21.018213,52.064646],[21.018222,52.064654],[21.018344,52.064757],[21.019407,52.065443],[21.01953,52.065571],[21.0196,52.065748],[21.019658,52.065779]]}},{"type":"Feature","properties":{"mode":"bus","n":10,"arr":["727","L12","L13","L17","L18","L19","L32","L52","L-2","L-5"],"lines":"727, L12, L13, L17, L18, L19, L32, L52, L-2, L-5"},"geometry":{"type":"LineString","coordinates":[[21.010903,52.060332],[21.010293,52.05994],[21.010009,52.059709],[21.009668,52.059386],[21.009102,52.058725],[21.008905,52.058392],[21.008448,52.057359],[21.008198,52.056673],[21.00807,52.056472],[21.00798,52.056426],[21.00797,52.056378],[21.008012,52.05633],[21.007936,52.056144],[21.007945,52.056097],[21.007606,52.055352],[21.007467,52.055159],[21.006959,52.054587],[21.006321,52.05398],[21.006002,52.053769],[21.005754,52.053644],[21.005673,52.053634],[21.005481,52.053549],[21.00538,52.053536],[21.005319,52.053492]]}},{"type":"Feature","properties":{"mode":"bus","n":10,"arr":["727","L12","L13","L17","L18","L19","L32","L52","L-2","L-5"],"lines":"727, L12, L13, L17, L18, L19, L32, L52, L-2, L-5"},"geometry":{"type":"LineString","coordinates":[[21.018188,52.064625],[21.016357,52.063431]]}},{"type":"Feature","properties":{"mode":"bus","n":17,"arr":["727","L12","L13","L17","L18","L19","L23","L24","L25","L32","L39","L52","L54","L55","L-2","L-3","L-5"],"lines":"727, L12, L13, L17, L18, L19, L23, L24, L25, L32, L39, L52, L54, L55, L-2, L-3, L-5"},"geometry":{"type":"LineString","coordinates":[[21.024199,52.068395],[21.024075,52.068396],[21.023706,52.068206],[21.020596,52.066177],[21.020544,52.066099],[21.019945,52.065725]]}},{"type":"Feature","properties":{"mode":"bus","n":17,"arr":["727","L12","L13","L17","L18","L19","L23","L24","L25","L32","L39","L52","L54","L55","L-2","L-3","L-5"],"lines":"727, L12, L13, L17, L18, L19, L23, L24, L25, L32, L39, L52, L54, L55, L-2, L-3, L-5"},"geometry":{"type":"LineString","coordinates":[[21.024277,52.068534],[21.024311,52.068474],[21.024294,52.068429]]}},{"type":"Feature","properties":{"mode":"bus","n":15,"arr":["727","L12","L13","L17","L18","L19","L23","L24","L25","L32","L39","L52","L-2","L-3","L-5"],"lines":"727, L12, L13, L17, L18, L19, L23, L24, L25, L32, L39, L52, L-2, L-3, L-5"},"geometry":{"type":"LineString","coordinates":[[21.024294,52.068429],[21.024199,52.068395]]}},{"type":"Feature","properties":{"mode":"bus","n":6,"arr":["727","L23","L24","L25","L39","L54"],"lines":"727, L23, L24, L25, L39, L54"},"geometry":{"type":"LineString","coordinates":[[21.028317,52.067455],[21.028216,52.067365]]}},{"type":"Feature","properties":{"mode":"bus","n":6,"arr":["727","L23","L24","L25","L39","L54"],"lines":"727, L23, L24, L25, L39, L54"},"geometry":{"type":"LineString","coordinates":[[21.028265,52.067272],[21.028346,52.06724],[21.028508,52.067251]]}},{"type":"Feature","properties":{"mode":"bus","n":6,"arr":["727","L23","L24","L25","L39","L54"],"lines":"727, L23, L24, L25, L39, L54"},"geometry":{"type":"LineString","coordinates":[[21.028523,52.067445],[21.028595,52.067373],[21.028595,52.06733]]}},{"type":"Feature","properties":{"mode":"bus","n":5,"arr":["727","L23","L24","L25","L39"],"lines":"727, L23, L24, L25, L39"},"geometry":{"type":"LineString","coordinates":[[21.028216,52.067365],[21.028265,52.067272]]}},{"type":"Feature","properties":{"mode":"bus","n":5,"arr":["727","L23","L24","L25","L39"],"lines":"727, L23, L24, L25, L39"},"geometry":{"type":"LineString","coordinates":[[21.024386,52.068669],[21.024277,52.068534]]}},{"type":"Feature","properties":{"mode":"bus","n":5,"arr":["727","L23","L24","L25","L39"],"lines":"727, L23, L24, L25, L39"},"geometry":{"type":"LineString","coordinates":[[21.026589,52.070045],[21.026867,52.06995],[21.028191,52.067763],[21.028295,52.067578],[21.028317,52.067455]]}},{"type":"Feature","properties":{"mode":"bus","n":14,"arr":["727","L12","L13","L17","L18","L19","L23","L24","L25","L39","L54","L55","L-2","L-5"],"lines":"727, L12, L13, L17, L18, L19, L23, L24, L25, L39, L54, L55, L-2, L-5"},"geometry":{"type":"LineString","coordinates":[[21.024193,52.06856],[21.024075,52.068524]]}},{"type":"Feature","properties":{"mode":"bus","n":16,"arr":["727","L12","L13","L17","L18","L19","L23","L24","L25","L32","L39","L52","L54","L55","L-2","L-5"],"lines":"727, L12, L13, L17, L18, L19, L23, L24, L25, L32, L39, L52, L54, L55, L-2, L-5"},"geometry":{"type":"LineString","coordinates":[[21.024075,52.068524],[21.024025,52.068438],[21.023889,52.06835],[21.023858,52.0683]]}},{"type":"Feature","properties":{"mode":"bus","n":16,"arr":["727","L12","L13","L17","L18","L19","L23","L24","L25","L32","L39","L52","L54","L55","L-2","L-5"],"lines":"727, L12, L13, L17, L18, L19, L23, L24, L25, L32, L39, L52, L54, L55, L-2, L-5"},"geometry":{"type":"LineString","coordinates":[[21.019658,52.065779],[21.019788,52.065767],[21.019917,52.065807],[21.020412,52.066114],[21.020596,52.066177]]}},{"type":"Feature","properties":{"mode":"bus","n":8,"arr":["727","L12","L13","L17","L18","L32","L52","L-2"],"lines":"727, L12, L13, L17, L18, L32, L52, L-2"},"geometry":{"type":"LineString","coordinates":[[20.989388,52.049201],[20.989111,52.049113],[20.989013,52.049122],[20.98894,52.049098]]}},{"type":"Feature","properties":{"mode":"bus","n":7,"arr":["731","L10","L11","L34","L41","L-8","L-9"],"lines":"731, L10, L11, L34, L41, L-8, L-9"},"geometry":{"type":"LineString","coordinates":[[20.930066,52.395128],[20.930009,52.395053]]}},{"type":"Feature","properties":{"mode":"bus","n":7,"arr":["736","L10","L11","L34","L41","L-8","L-9"],"lines":"736, L10, L11, L34, L41, L-8, L-9"},"geometry":{"type":"LineString","coordinates":[[20.93631,52.396594],[20.936301,52.396535],[20.936351,52.396484],[20.936439,52.396461],[20.936534,52.396474]]}},{"type":"Feature","properties":{"mode":"bus","n":7,"arr":["736","L10","L11","L34","L41","L-8","L-9"],"lines":"736, L10, L11, L34, L41, L-8, L-9"},"geometry":{"type":"LineString","coordinates":[[20.936597,52.396518],[20.936595,52.396571],[20.936602,52.396597],[20.936627,52.396619],[20.936755,52.396697],[20.93676,52.396736],[20.942228,52.399824],[20.942248,52.39984],[20.94225,52.399858],[20.942234,52.399876],[20.941484,52.400453]]}},{"type":"Feature","properties":{"mode":"bus","n":7,"arr":["736","L10","L11","L34","L41","L-8","L-9"],"lines":"736, L10, L11, L34, L41, L-8, L-9"},"geometry":{"type":"LineString","coordinates":[[20.930377,52.395113],[20.930957,52.395589]]}},{"type":"Feature","properties":{"mode":"bus","n":7,"arr":["736","L10","L11","L34","L41","L-8","L-9"],"lines":"736, L10, L11, L34, L41, L-8, L-9"},"geometry":{"type":"LineString","coordinates":[[20.941123,52.40073],[20.940724,52.401026],[20.940635,52.401043],[20.940504,52.401022],[20.93155,52.395941],[20.930762,52.395483],[20.930273,52.395159]]}},{"type":"Feature","properties":{"mode":"bus","n":5,"arr":["738","R4","R5","R8","R9"],"lines":"738, R4, R5, R8, R9"},"geometry":{"type":"LineString","coordinates":[[21.195767,52.403391],[21.194578,52.402891],[21.194402,52.402847],[21.194228,52.402891],[21.19403,52.402849],[21.193951,52.40278],[21.19395,52.402658],[21.19406,52.402576],[21.194208,52.402548]]}},{"type":"Feature","properties":{"mode":"bus","n":5,"arr":["738","R4","R5","R8","R9"],"lines":"738, R4, R5, R8, R9"},"geometry":{"type":"LineString","coordinates":[[21.197663,52.404121],[21.197223,52.403873],[21.196616,52.403594],[21.195878,52.403287],[21.194524,52.402771],[21.194496,52.402754],[21.194487,52.40273],[21.194486,52.402681],[21.194388,52.402586]]}},{"type":"Feature","properties":{"mode":"bus","n":5,"arr":["738","R4","R5","R8","R9"],"lines":"738, R4, R5, R8, R9"},"geometry":{"type":"LineString","coordinates":[[21.191652,52.414196],[21.191721,52.414008],[21.192222,52.413794],[21.204804,52.408829],[21.204882,52.40877],[21.204902,52.408748],[21.204905,52.408722],[21.204895,52.408673],[21.204581,52.408391],[21.204411,52.408191]]}},{"type":"Feature","properties":{"mode":"bus","n":5,"arr":["738","R4","R5","R8","R9"],"lines":"738, R4, R5, R8, R9"},"geometry":{"type":"LineString","coordinates":[[21.203121,52.40719],[21.199397,52.405052],[21.197663,52.404121],[21.196878,52.403788]]}},{"type":"Feature","properties":{"mode":"bus","n":5,"arr":["738","R4","R5","R8","R9"],"lines":"738, R4, R5, R8, R9"},"geometry":{"type":"LineString","coordinates":[[21.203121,52.40719],[21.203295,52.407358],[21.203859,52.407733],[21.204376,52.408162],[21.204386,52.40817],[21.204393,52.408174],[21.204396,52.408176],[21.204397,52.408173],[21.204394,52.408167],[21.204387,52.408158],[21.204276,52.408002],[21.204019,52.407742],[21.203379,52.407308],[21.203121,52.40719]]}},{"type":"Feature","properties":{"mode":"bus","n":5,"arr":["739","L33","L39","L53","L89"],"lines":"739, L33, L39, L53, L89"},"geometry":{"type":"LineString","coordinates":[[21.036902,52.092933],[21.036877,52.092975]]}},{"type":"Feature","properties":{"mode":"bus","n":5,"arr":["739","L33","L39","L53","L89"],"lines":"739, L33, L39, L53, L89"},"geometry":{"type":"LineString","coordinates":[[21.036556,52.093027],[21.036625,52.093044]]}},{"type":"Feature","properties":{"mode":"bus","n":5,"arr":["739","L33","L39","L53","L89"],"lines":"739, L33, L39, L53, L89"},"geometry":{"type":"LineString","coordinates":[[21.036454,52.092866],[21.036446,52.092897]]}},{"type":"Feature","properties":{"mode":"bus","n":5,"arr":["739","L33","L39","L53","L89"],"lines":"739, L33, L39, L53, L89"},"geometry":{"type":"LineString","coordinates":[[21.036707,52.092765],[21.036839,52.092806]]}},{"type":"Feature","properties":{"mode":"bus","n":7,"arr":["60","62","65","66","78","817","N85"],"lines":"60, 62, 65, 66, 78, 817, N85"},"geometry":{"type":"LineString","coordinates":[[20.796276,52.15954],[20.795992,52.159523],[20.795599,52.159544],[20.794394,52.159748],[20.793599,52.159814],[20.790777,52.159795],[20.79059,52.159783],[20.790572,52.15978],[20.790562,52.159773],[20.790559,52.159761],[20.790561,52.159725],[20.790513,52.159679]]}},{"type":"Feature","properties":{"mode":"bus","n":7,"arr":["60","62","65","66","78","817","N85"],"lines":"60, 62, 65, 66, 78, 817, N85"},"geometry":{"type":"LineString","coordinates":[[20.790365,52.15966],[20.790272,52.15971]]}},{"type":"Feature","properties":{"mode":"bus","n":5,"arr":["62","77","78","817","N85"],"lines":"62, 77, 78, 817, N85"},"geometry":{"type":"LineString","coordinates":[[20.790276,52.159796],[20.790364,52.159841],[20.790451,52.159842]]}},{"type":"Feature","properties":{"mode":"bus","n":6,"arr":["L10","L11","L34","L41","L-8","L-9"],"lines":"L10, L11, L34, L41, L-8, L-9"},"geometry":{"type":"LineString","coordinates":[[20.936534,52.396474],[20.936597,52.396518]]}},{"type":"Feature","properties":{"mode":"bus","n":6,"arr":["L10","L11","L34","L41","L-8","L-9"],"lines":"L10, L11, L34, L41, L-8, L-9"},"geometry":{"type":"LineString","coordinates":[[20.941279,52.400807],[20.941123,52.40073]]}},{"type":"Feature","properties":{"mode":"bus","n":6,"arr":["L10","L11","L34","L41","L-8","L-9"],"lines":"L10, L11, L34, L41, L-8, L-9"},"geometry":{"type":"LineString","coordinates":[[20.941484,52.400453],[20.941646,52.400537]]}},{"type":"Feature","properties":{"mode":"bus","n":6,"arr":["L10","L11","L34","L41","L-8","L-9"],"lines":"L10, L11, L34, L41, L-8, L-9"},"geometry":{"type":"LineString","coordinates":[[20.934705,52.397724],[20.936132,52.396769],[20.936141,52.396759],[20.936143,52.396748],[20.93614,52.396727],[20.93631,52.396594]]}},{"type":"Feature","properties":{"mode":"bus","n":16,"arr":["L12","L13","L17","L18","L19","L23","L24","L25","L32","L39","L52","L54","L55","L-2","L-3","L-5"],"lines":"L12, L13, L17, L18, L19, L23, L24, L25, L32, L39, L52, L54, L55, L-2, L-3, L-5"},"geometry":{"type":"LineString","coordinates":[[21.024193,52.06856],[21.024277,52.068534]]}},{"type":"Feature","properties":{"mode":"bus","n":10,"arr":["L12","L13","L17","L18","L19","L32","L52","L-2","L-3","L-5"],"lines":"L12, L13, L17, L18, L19, L32, L52, L-2, L-3, L-5"},"geometry":{"type":"LineString","coordinates":[[21.022442,52.074998],[21.022934,52.073398],[21.023064,52.072785],[21.023125,52.072714],[21.023168,52.072595],[21.023184,52.072572],[21.023214,52.072555],[21.023284,52.072529],[21.023326,52.072457],[21.023222,52.072312],[21.023243,52.071913],[21.023521,52.070948],[21.023928,52.069096],[21.024061,52.068773],[21.024193,52.06856]]}},{"type":"Feature","properties":{"mode":"bus","n":6,"arr":["L13","L17","L18","L32","L52","L-5"],"lines":"L13, L17, L18, L32, L52, L-5"},"geometry":{"type":"LineString","coordinates":[[20.988905,52.049074],[20.988907,52.048976]]}},{"type":"Feature","properties":{"mode":"bus","n":5,"arr":["L13","L17","L18","L32","L52"],"lines":"L13, L17, L18, L32, L52"},"geometry":{"type":"LineString","coordinates":[[20.996055,52.039446],[20.995859,52.039733],[20.995852,52.039742],[20.995846,52.039747],[20.995842,52.039749],[20.99584,52.039746],[20.995839,52.03974],[20.995839,52.03973],[20.995855,52.039516],[20.995782,52.039382]]}},{"type":"Feature","properties":{"mode":"bus","n":5,"arr":["L13","L17","L18","L32","L52"],"lines":"L13, L17, L18, L32, L52"},"geometry":{"type":"LineString","coordinates":[[20.995859,52.039281],[20.995919,52.039267]]}},{"type":"Feature","properties":{"mode":"bus","n":5,"arr":["L13","L17","L18","L32","L52"],"lines":"L13, L17, L18, L32, L52"},"geometry":{"type":"LineString","coordinates":[[20.996088,52.039313],[20.996103,52.039331]]}},{"type":"Feature","properties":{"mode":"bus","n":5,"arr":["L13","L17","L18","L32","L52"],"lines":"L13, L17, L18, L32, L52"},"geometry":{"type":"LineString","coordinates":[[20.988936,52.048952],[20.98901,52.048615]]}},{"type":"Feature","properties":{"mode":"bus","n":5,"arr":["L13","L17","L18","L32","L52"],"lines":"L13, L17, L18, L32, L52"},"geometry":{"type":"LineString","coordinates":[[20.995836,52.039766],[20.995591,52.04037],[20.993931,52.042749],[20.993791,52.042873],[20.993425,52.04309],[20.992497,52.043481],[20.991834,52.043819],[20.991338,52.044156],[20.991056,52.044453],[20.990915,52.044726],[20.990597,52.045571],[20.990567,52.045812],[20.990597,52.046422],[20.990549,52.046696],[20.990448,52.046933],[20.990389,52.047012],[20.990191,52.047165],[20.989291,52.047734],[20.989096,52.047905],[20.989053,52.047977],[20.98898,52.04824],[20.98901,52.048615],[20.989084,52.048898],[20.989152,52.048952]]}},{"type":"Feature","properties":{"mode":"bus","n":7,"arr":["L23","L24","L25","L39","L54","L55","L-3"],"lines":"L23, L24, L25, L39, L54, L55, L-3"},"geometry":{"type":"LineString","coordinates":[[21.017986,52.066961],[21.018658,52.066347],[21.019293,52.065842],[21.019639,52.065649],[21.019671,52.065637],[21.019709,52.065636],[21.019782,52.065643],[21.019945,52.065725]]}},{"type":"Feature","properties":{"mode":"bus","n":5,"arr":["L23","L24","L25","L39","L54"],"lines":"L23, L24, L25, L39, L54"},"geometry":{"type":"LineString","coordinates":[[21.034125,52.064649],[21.034128,52.064689],[21.034122,52.064709],[21.034101,52.064724],[21.033785,52.064864],[21.033726,52.064926]]}},{"type":"Feature","properties":{"mode":"bus","n":5,"arr":["L23","L24","L25","L39","L54"],"lines":"L23, L24, L25, L39, L54"},"geometry":{"type":"LineString","coordinates":[[21.034363,52.064596],[21.03423,52.064583]]}},{"type":"Feature","properties":{"mode":"bus","n":5,"arr":["L23","L24","L25","L39","L54"],"lines":"L23, L24, L25, L39, L54"},"geometry":{"type":"LineString","coordinates":[[21.028595,52.06733],[21.028946,52.067134],[21.029566,52.066841],[21.033726,52.064926],[21.03391,52.064884],[21.034215,52.064764],[21.034326,52.064759],[21.034357,52.064753],[21.034382,52.064741],[21.034422,52.064712],[21.03443,52.064652]]}},{"type":"Feature","properties":{"mode":"bus","n":5,"arr":["L23","L24","L25","L39","L54"],"lines":"L23, L24, L25, L39, L54"},"geometry":{"type":"LineString","coordinates":[[21.028317,52.067455],[21.028386,52.067468],[21.028523,52.067445]]}},{"type":"Feature","properties":{"mode":"bus","n":5,"arr":["L23","L24","L25","L39","L54"],"lines":"L23, L24, L25, L39, L54"},"geometry":{"type":"LineString","coordinates":[[21.028508,52.067251],[21.028946,52.067134]]}},{"type":"Feature","properties":{"mode":"bus","n":5,"arr":["L23","L24","L25","L39","L54"],"lines":"L23, L24, L25, L39, L54"},"geometry":{"type":"LineString","coordinates":[[21.028216,52.067365],[21.02756,52.067319]]}},{"type":"Feature","properties":{"mode":"bus","n":5,"arr":["L26","L27","L40","L44","N62"],"lines":"L26, L27, L40, L44, N62"},"geometry":{"type":"LineString","coordinates":[[21.197886,52.338462],[21.197763,52.338458],[21.197578,52.338512],[21.197371,52.338604],[21.197278,52.338675],[21.196618,52.339421],[21.19659,52.339489],[21.196478,52.339581],[21.196479,52.339623],[21.196472,52.339643],[21.196451,52.339659],[21.196419,52.339675],[21.196384,52.339685],[21.196346,52.339684],[21.19631,52.339677],[21.196275,52.339666],[21.196252,52.339646],[21.196138,52.339483],[21.195992,52.339411],[21.195717,52.339412],[21.195413,52.339383],[21.195397,52.339382],[21.195387,52.33938],[21.195384,52.339379],[21.195387,52.339377],[21.195397,52.339376],[21.195413,52.339375],[21.19561,52.339363],[21.195825,52.339306],[21.195869,52.339287],[21.195894,52.339257],[21.195942,52.339141],[21.195901,52.338968],[21.19577,52.338741]]}},{"type":"Feature","properties":{"mode":"bus","n":5,"arr":["L26","L27","L40","L44","N62"],"lines":"L26, L27, L40, L44, N62"},"geometry":{"type":"LineString","coordinates":[[21.195355,52.339378],[21.19421,52.339306],[21.192909,52.339171],[21.188777,52.338713],[21.181745,52.337891],[21.181211,52.337762],[21.180163,52.337332]]}},{"type":"Feature","properties":{"mode":"bus","n":6,"arr":["L31","R1","R2","R4","R5","R31"],"lines":"L31, R1, R2, R4, R5, R31"},"geometry":{"type":"LineString","coordinates":[[21.18254,52.420139],[21.181525,52.418792],[21.181451,52.418738],[21.1813,52.418505],[21.181218,52.418432],[21.181194,52.418417],[21.181165,52.418409],[21.181131,52.418408],[21.181028,52.418416],[21.180741,52.418511],[21.180657,52.418521],[21.180644,52.418522],[21.180635,52.418522],[21.180631,52.41852],[21.180632,52.418518],[21.180638,52.418514],[21.180647,52.418508],[21.180989,52.418344],[21.18102,52.418321],[21.181032,52.418292],[21.181039,52.418234],[21.181091,52.418195],[21.181186,52.418166],[21.181279,52.41817],[21.181362,52.418204],[21.181414,52.418265],[21.181406,52.418325],[21.181355,52.418364],[21.181338,52.418386],[21.18134,52.418411],[21.181525,52.418792]]}},{"type":"Feature","properties":{"mode":"bus","n":6,"arr":["L31","R1","R2","R4","R5","R31"],"lines":"L31, R1, R2, R4, R5, R31"},"geometry":{"type":"LineString","coordinates":[[21.180611,52.418526],[21.180128,52.418604],[21.179666,52.418762],[21.177504,52.419642],[21.173803,52.42107]]}},{"type":"Feature","properties":{"mode":"bus","n":7,"arr":["L35","L36","L37","L40","L44","N62","R8"],"lines":"L35, L36, L37, L40, L44, N62, R8"},"geometry":{"type":"LineString","coordinates":[[21.229566,52.345616],[21.22965,52.345605]]}},{"type":"Feature","properties":{"mode":"bus","n":7,"arr":["L35","L36","L37","L40","L44","N62","R8"],"lines":"L35, L36, L37, L40, L44, N62, R8"},"geometry":{"type":"LineString","coordinates":[[21.22979,52.345716],[21.229774,52.345652]]}},{"type":"Feature","properties":{"mode":"bus","n":7,"arr":["L35","L36","L37","L40","L44","N62","R8"],"lines":"L35, L36, L37, L40, L44, N62, R8"},"geometry":{"type":"LineString","coordinates":[[21.229569,52.34578],[21.229696,52.345785]]}},{"type":"Feature","properties":{"mode":"bus","n":7,"arr":["L35","L36","L37","L40","L44","N62","R8"],"lines":"L35, L36, L37, L40, L44, N62, R8"},"geometry":{"type":"LineString","coordinates":[[21.228088,52.345032],[21.229207,52.345532]]}},{"type":"Feature","properties":{"mode":"bus","n":5,"arr":["L35","L37","L40","L44","N62"],"lines":"L35, L37, L40, L44, N62"},"geometry":{"type":"LineString","coordinates":[[21.240999,52.345855],[21.244799,52.347433],[21.244862,52.347478],[21.244882,52.347531],[21.244843,52.347571],[21.244831,52.347592],[21.244838,52.347615],[21.244864,52.347653],[21.244886,52.347672],[21.24492,52.347682],[21.244994,52.347693],[21.245067,52.347671],[21.245095,52.347644],[21.245106,52.347636],[21.245119,52.347634],[21.245135,52.347637],[21.245553,52.34777],[21.248797,52.349126],[21.249644,52.349455],[21.249666,52.349468],[21.249673,52.349487],[21.249674,52.349526],[21.249745,52.349579],[21.249858,52.349587],[21.249917,52.349561],[21.249939,52.349554],[21.249961,52.349553],[21.249984,52.349557],[21.250516,52.34971],[21.252657,52.350146],[21.253085,52.350276],[21.25328,52.350395],[21.253386,52.350513],[21.253459,52.350532],[21.253563,52.350522]]}},{"type":"Feature","properties":{"mode":"bus","n":5,"arr":["L35","L37","L40","L44","N62"],"lines":"L35, L37, L40, L44, N62"},"geometry":{"type":"LineString","coordinates":[[21.253951,52.350584],[21.255624,52.35112],[21.256553,52.351351],[21.260344,52.352218],[21.26056,52.352292]]}},{"type":"Feature","properties":{"mode":"bus","n":5,"arr":["L36","L38","L40","L44","R8"],"lines":"L36, L38, L40, L44, R8"},"geometry":{"type":"LineString","coordinates":[[21.252234,52.358653],[21.252341,52.358681],[21.252456,52.358672]]}},{"type":"Feature","properties":{"mode":"bus","n":5,"arr":["L36","L38","L40","L44","R8"],"lines":"L36, L38, L40, L44, R8"},"geometry":{"type":"LineString","coordinates":[[21.252165,52.358491],[21.252149,52.358562]]}},{"type":"Feature","properties":{"mode":"bus","n":5,"arr":["L36","L38","L40","L44","R8"],"lines":"L36, L38, L40, L44, R8"},"geometry":{"type":"LineString","coordinates":[[21.252579,52.358598],[21.252587,52.358511]]}},{"type":"Feature","properties":{"mode":"bus","n":5,"arr":["L38","L40","L44","N62","R8"],"lines":"L38, L40, L44, N62, R8"},"geometry":{"type":"LineString","coordinates":[[21.255567,52.356203],[21.255434,52.356194],[21.255379,52.356206],[21.255351,52.356208],[21.255326,52.356201],[21.254992,52.356033],[21.253971,52.35507],[21.253421,52.354523],[21.253302,52.354363],[21.253122,52.354236],[21.252724,52.353849]]}},{"type":"Feature","properties":{"mode":"bus","n":5,"arr":["M1","M2","M3","N72","W1"],"lines":"M1, M2, M3, N72, W1"},"geometry":{"type":"LineString","coordinates":[[21.262855,52.108008],[21.262546,52.108318],[21.261014,52.108695],[21.258466,52.109281],[21.258016,52.109375],[21.25788,52.109365]]}},{"type":"Feature","properties":{"mode":"bus","n":15,"arr":["0","13","15","16","17","18","24","25","26","27","29","31","45","46","C1"],"lines":"0, 13, 15, 16, 17, 18, 24, 25, 26, 27, 29, 31, 45, 46, C1"},"geometry":{"type":"LineString","coordinates":[[20.630238,52.109868],[20.630245,52.109884]]}},{"type":"Feature","properties":{"mode":"bus","n":15,"arr":["0","13","15","16","17","18","24","25","26","27","29","31","45","46","C1"],"lines":"0, 13, 15, 16, 17, 18, 24, 25, 26, 27, 29, 31, 45, 46, C1"},"geometry":{"type":"LineString","coordinates":[[20.630488,52.109839],[20.630492,52.109851]]}},{"type":"Feature","properties":{"mode":"bus","n":15,"arr":["0","13","15","16","17","18","24","25","26","27","29","31","45","46","C1"],"lines":"0, 13, 15, 16, 17, 18, 24, 25, 26, 27, 29, 31, 45, 46, C1"},"geometry":{"type":"LineString","coordinates":[[20.630405,52.109932],[20.630389,52.109935]]}},{"type":"Feature","properties":{"mode":"bus","n":9,"arr":["0","15","16","17","29","31","45","46","C1"],"lines":"0, 15, 16, 17, 29, 31, 45, 46, C1"},"geometry":{"type":"LineString","coordinates":[[20.644165,52.114241],[20.643531,52.114051],[20.643083,52.113961],[20.641498,52.11377],[20.640978,52.113661],[20.636933,52.112289],[20.636869,52.112286],[20.636565,52.112183],[20.636411,52.112168],[20.636325,52.112111]]}},{"type":"Feature","properties":{"mode":"bus","n":9,"arr":["0","15","16","17","29","31","45","46","C1"],"lines":"0, 15, 16, 17, 29, 31, 45, 46, C1"},"geometry":{"type":"LineString","coordinates":[[20.63636,52.11202],[20.636492,52.111993]]}},{"type":"Feature","properties":{"mode":"bus","n":8,"arr":["0","15","16","17","29","45","46","C1"],"lines":"0, 15, 16, 17, 29, 45, 46, C1"},"geometry":{"type":"LineString","coordinates":[[20.636325,52.112111],[20.63636,52.11202]]}},{"type":"Feature","properties":{"mode":"bus","n":8,"arr":["0","15","16","17","29","45","46","C1"],"lines":"0, 15, 16, 17, 29, 45, 46, C1"},"geometry":{"type":"LineString","coordinates":[[20.636492,52.111993],[20.636633,52.111939],[20.636945,52.111682],[20.639861,52.108577]]}},{"type":"Feature","properties":{"mode":"bus","n":14,"arr":["0","13","15","16","17","18","24","25","26","27","29","45","46","C1"],"lines":"0, 13, 15, 16, 17, 18, 24, 25, 26, 27, 29, 45, 46, C1"},"geometry":{"type":"LineString","coordinates":[[20.630492,52.109851],[20.630471,52.109901],[20.630405,52.109932]]}},{"type":"Feature","properties":{"mode":"bus","n":8,"arr":["0","16","17","29","31","45","46","C1"],"lines":"0, 16, 17, 29, 31, 45, 46, C1"},"geometry":{"type":"LineString","coordinates":[[20.630389,52.109935],[20.630302,52.109926],[20.630245,52.109884]]}},{"type":"Feature","properties":{"mode":"bus","n":14,"arr":["0","13","15","16","17","18","24","25","26","27","29","31","45","46"],"lines":"0, 13, 15, 16, 17, 18, 24, 25, 26, 27, 29, 31, 45, 46"},"geometry":{"type":"LineString","coordinates":[[20.630341,52.109781],[20.630323,52.109784]]}},{"type":"Feature","properties":{"mode":"bus","n":8,"arr":["0","15","16","17","29","31","45","46"],"lines":"0, 15, 16, 17, 29, 31, 45, 46"},"geometry":{"type":"LineString","coordinates":[[20.636614,52.11207],[20.636676,52.112149],[20.636933,52.112289]]}},{"type":"Feature","properties":{"mode":"bus","n":8,"arr":["0","15","16","17","29","31","45","46"],"lines":"0, 15, 16, 17, 29, 31, 45, 46"},"geometry":{"type":"LineString","coordinates":[[20.644165,52.114241],[20.644488,52.114358],[20.644738,52.11439],[20.644811,52.114373]]}},{"type":"Feature","properties":{"mode":"bus","n":7,"arr":["0","13","18","24","25","26","31"],"lines":"0, 13, 18, 24, 25, 26, 31"},"geometry":{"type":"LineString","coordinates":[[20.630488,52.109839],[20.630434,52.109792],[20.630341,52.109781]]}},{"type":"Feature","properties":{"mode":"bus","n":12,"arr":["10","11","12","13","14","19","40","42","43","49","67","77"],"lines":"10, 11, 12, 13, 14, 19, 40, 42, 43, 49, 67, 77"},"geometry":{"type":"LineString","coordinates":[[20.621994,52.193862],[20.622079,52.193891],[20.622129,52.193947],[20.622118,52.194012],[20.622045,52.194063]]}},{"type":"Feature","properties":{"mode":"bus","n":12,"arr":["10","11","12","13","14","19","40","42","43","49","67","77"],"lines":"10, 11, 12, 13, 14, 19, 40, 42, 43, 49, 67, 77"},"geometry":{"type":"LineString","coordinates":[[20.621185,52.193951],[20.619676,52.194041]]}},{"type":"Feature","properties":{"mode":"bus","n":10,"arr":["10","11","12","13","19","40","42","43","67","77"],"lines":"10, 11, 12, 13, 19, 40, 42, 43, 67, 77"},"geometry":{"type":"LineString","coordinates":[[20.622045,52.194063],[20.621894,52.194072]]}},{"type":"Feature","properties":{"mode":"bus","n":10,"arr":["10","11","12","13","19","40","42","43","67","77"],"lines":"10, 11, 12, 13, 19, 40, 42, 43, 67, 77"},"geometry":{"type":"LineString","coordinates":[[20.621933,52.190073],[20.621814,52.190761],[20.621674,52.192328],[20.621868,52.193503],[20.621994,52.193862]]}},{"type":"Feature","properties":{"mode":"bus","n":11,"arr":["10","11","12","13","14","19","40","42","43","67","77"],"lines":"10, 11, 12, 13, 14, 19, 40, 42, 43, 67, 77"},"geometry":{"type":"LineString","coordinates":[[20.621894,52.194072],[20.621714,52.193993],[20.621185,52.193951]]}},{"type":"Feature","properties":{"mode":"bus","n":5,"arr":["14","42","49","67","77"],"lines":"14, 42, 49, 67, 77"},"geometry":{"type":"LineString","coordinates":[[20.62187,52.193872],[20.6217,52.19393],[20.621185,52.193951]]}},{"type":"Feature","properties":{"mode":"bus","n":6,"arr":["15","17","23","35","45","PGM"],"lines":"15, 17, 23, 35, 45, PGM"},"geometry":{"type":"LineString","coordinates":[[20.717647,52.140497],[20.717695,52.140471],[20.718021,52.140414],[20.718112,52.140337],[20.718146,52.140317],[20.718191,52.140307],[20.718283,52.140299]]}},{"type":"Feature","properties":{"mode":"bus","n":8,"arr":["15","17","23","35","45","65","66","PGM"],"lines":"15, 17, 23, 35, 45, 65, 66, PGM"},"geometry":{"type":"LineString","coordinates":[[20.718283,52.140299],[20.718388,52.140356],[20.718905,52.140374],[20.719193,52.140358]]}},{"type":"Feature","properties":{"mode":"bus","n":8,"arr":["15","17","23","35","45","65","66","PGM"],"lines":"15, 17, 23, 35, 45, 65, 66, PGM"},"geometry":{"type":"LineString","coordinates":[[20.717811,52.140504],[20.717047,52.140529],[20.71683,52.140464],[20.709125,52.136031]]}},{"type":"Feature","properties":{"mode":"bus","n":7,"arr":["23","29","32","33","34","35","50"],"lines":"23, 29, 32, 33, 34, 35, 50"},"geometry":{"type":"LineString","coordinates":[[20.70193,52.073674],[20.702008,52.073636],[20.702025,52.073625],[20.702032,52.073612],[20.702031,52.073598],[20.702016,52.073554],[20.69995,52.07249],[20.699778,52.072429],[20.699762,52.07242],[20.699755,52.07241],[20.699756,52.072397],[20.69977,52.072358],[20.699747,52.072298],[20.699648,52.072249],[20.699599,52.072234],[20.699545,52.072234],[20.699408,52.072252],[20.699359,52.072298],[20.699339,52.07231],[20.699315,52.072316],[20.699286,52.072315],[20.694106,52.071566],[20.692734,52.071443]]}},{"type":"Feature","properties":{"mode":"bus","n":5,"arr":["23","29","32","33","35"],"lines":"23, 29, 32, 33, 35"},"geometry":{"type":"LineString","coordinates":[[20.701664,52.073382],[20.701815,52.073568],[20.701816,52.073632]]}},{"type":"Feature","properties":{"mode":"bus","n":5,"arr":["23","29","32","33","35"],"lines":"23, 29, 32, 33, 35"},"geometry":{"type":"LineString","coordinates":[[20.699748,52.072418],[20.699707,52.072454],[20.699583,52.072494],[20.699445,52.07248],[20.699354,52.072426],[20.699333,52.072322]]}},{"type":"Feature","properties":{"mode":"bus","n":5,"arr":["30","31","51","63","83"],"lines":"30, 31, 51, 63, 83"},"geometry":{"type":"LineString","coordinates":[[20.668947,52.028779],[20.668887,52.028173],[20.668875,52.026563],[20.668824,52.026253],[20.668709,52.02604],[20.668504,52.025827],[20.668239,52.025655],[20.667869,52.02551],[20.667658,52.025458],[20.667228,52.025406],[20.666892,52.025415],[20.666573,52.025463],[20.666395,52.02553],[20.666254,52.025688],[20.666363,52.025962],[20.666549,52.02616],[20.666846,52.026362],[20.667158,52.026493],[20.669382,52.027264],[20.670001,52.027422],[20.670616,52.027519]]}},{"type":"Feature","properties":{"mode":"bus","n":5,"arr":["30","31","51","63","83"],"lines":"30, 31, 51, 63, 83"},"geometry":{"type":"LineString","coordinates":[[20.689486,52.031128],[20.690262,52.031368],[20.6906,52.031513],[20.69096,52.03171]]}},{"type":"Feature","properties":{"mode":"bus","n":5,"arr":["30","31","51","63","83"],"lines":"30, 31, 51, 63, 83"},"geometry":{"type":"LineString","coordinates":[[20.670366,52.027482],[20.670208,52.027503],[20.66998,52.027477]]}},{"type":"Feature","properties":{"mode":"bus","n":5,"arr":["60","65","66","77","78"],"lines":"60, 65, 66, 77, 78"},"geometry":{"type":"LineString","coordinates":[[20.789879,52.159797],[20.786807,52.160316],[20.786783,52.160317],[20.786761,52.160314],[20.786741,52.160305],[20.78669,52.160274],[20.786617,52.160272],[20.786581,52.160275],[20.786549,52.160287],[20.786515,52.160307],[20.786492,52.160326],[20.786485,52.160349],[20.786484,52.160371],[20.786492,52.160394],[20.786515,52.160412],[20.786564,52.160438],[20.786598,52.160449],[20.786637,52.160449],[20.786712,52.16044]]}},{"type":"Feature","properties":{"mode":"bus","n":11,"arr":["P01","P04","P05","P06","P07","P08","P09","P10","P11","P12","P13"],"lines":"P01, P04, P05, P06, P07, P08, P09, P10, P11, P12, P13"},"geometry":{"type":"LineString","coordinates":[[21.557967,52.177207],[21.558063,52.177197],[21.558138,52.177224],[21.558159,52.177255],[21.558164,52.177272],[21.558158,52.177289],[21.558121,52.17734]]}},{"type":"Feature","properties":{"mode":"bus","n":11,"arr":["P01","P04","P05","P06","P07","P08","P09","P10","P11","P12","P13"],"lines":"P01, P04, P05, P06, P07, P08, P09, P10, P11, P12, P13"},"geometry":{"type":"LineString","coordinates":[[21.55915,52.178285],[21.559248,52.178274],[21.559305,52.178293],[21.55933,52.178306],[21.559344,52.178324],[21.55936,52.178362],[21.559361,52.178384],[21.559347,52.178405],[21.559306,52.178441]]}},{"type":"Feature","properties":{"mode":"bus","n":11,"arr":["P01","P04","P05","P06","P07","P08","P09","P10","P11","P12","P13"],"lines":"P01, P04, P05, P06, P07, P08, P09, P10, P11, P12, P13"},"geometry":{"type":"LineString","coordinates":[[21.5614,52.180395],[21.561492,52.180395],[21.561566,52.180428],[21.561587,52.180509],[21.561534,52.180554],[21.561477,52.180566],[21.561447,52.180568],[21.561418,52.180563],[21.561369,52.180548],[21.561336,52.180531],[21.56132,52.180507],[21.561313,52.180482],[21.561316,52.180456],[21.561339,52.180433],[21.561367,52.180416],[21.561383,52.180401],[21.561385,52.180387],[21.561374,52.180371],[21.559327,52.178461],[21.559311,52.17845],[21.559292,52.178445],[21.559268,52.178445],[21.559236,52.178449],[21.5592,52.178448],[21.559168,52.178439],[21.559124,52.178418],[21.559099,52.178399],[21.55909,52.178375],[21.559089,52.178326],[21.559129,52.178299],[21.559139,52.17829],[21.55914,52.178279],[21.559132,52.178269],[21.558294,52.177524],[21.558142,52.177362],[21.558126,52.177351],[21.558105,52.177345],[21.55808,52.177346],[21.558032,52.177352],[21.558005,52.177353],[21.55798,52.177347],[21.557935,52.177329],[21.557916,52.177282],[21.557914,52.177261],[21.557928,52.177241],[21.557946,52.177226],[21.557955,52.177213],[21.557955,52.177201],[21.557946,52.177188],[21.557328,52.176639],[21.557194,52.176484],[21.557087,52.176262],[21.556906,52.175698],[21.55684,52.175634],[21.556718,52.1756],[21.556558,52.175595],[21.555347,52.175831],[21.555307,52.175845],[21.555281,52.175868],[21.555247,52.17592],[21.555229,52.176127]]}},{"type":"Feature","properties":{"mode":"bus","n":11,"arr":["P01","P04","P05","P06","P07","P08","P09","P10","P11","P12","P13"],"lines":"P01, P04, P05, P06, P07, P08, P09, P10, P11, P12, P13"},"geometry":{"type":"LineString","coordinates":[[21.554693,52.176085],[21.554707,52.175996],[21.554751,52.175971],[21.5553,52.17584]]}},{"type":"Feature","properties":{"mode":"bus","n":6,"arr":["P01","P04","P06","P09","P11","P12"],"lines":"P01, P04, P06, P09, P11, P12"},"geometry":{"type":"LineString","coordinates":[[21.558665,52.181143],[21.558642,52.181179],[21.558633,52.181188],[21.558619,52.181194],[21.558601,52.181196],[21.558574,52.181196],[21.558556,52.181194],[21.558543,52.181188],[21.558533,52.181179],[21.55852,52.181158],[21.558517,52.181148],[21.55852,52.181138],[21.558529,52.18113],[21.558553,52.181116],[21.558566,52.18111],[21.558583,52.181108],[21.558598,52.181109],[21.558614,52.181111],[21.558627,52.181117],[21.558648,52.181131],[21.55866,52.181137],[21.558674,52.181139],[21.558689,52.181137],[21.561306,52.18051]]}},{"type":"Feature","properties":{"mode":"bus","n":5,"arr":["P01","P04","P09","P11","P12"],"lines":"P01, P04, P09, P11, P12"},"geometry":{"type":"LineString","coordinates":[[21.559637,52.183272],[21.559795,52.183584],[21.559759,52.183635],[21.559686,52.183659],[21.559592,52.183826],[21.55942,52.184033]]}},{"type":"Feature","properties":{"mode":"bus","n":5,"arr":["P01","P04","P09","P11","P12"],"lines":"P01, P04, P09, P11, P12"},"geometry":{"type":"LineString","coordinates":[[21.559069,52.184584],[21.558889,52.184953],[21.558914,52.185075],[21.558911,52.1851],[21.558892,52.185121],[21.558843,52.185159]]}},{"type":"Feature","properties":{"mode":"bus","n":5,"arr":["P01","P04","P09","P11","P12"],"lines":"P01, P04, P09, P11, P12"},"geometry":{"type":"LineString","coordinates":[[21.5587,52.185159],[21.558621,52.185105],[21.558623,52.185044],[21.558799,52.184936],[21.559069,52.184584],[21.55942,52.184033],[21.559585,52.183646],[21.559549,52.183604],[21.559539,52.183581],[21.559548,52.183558],[21.559612,52.183475],[21.559637,52.183272],[21.559523,52.18295]]}},{"type":"Feature","properties":{"mode":"bus","n":5,"arr":["P01","P04","P09","P11","P12"],"lines":"P01, P04, P09, P11, P12"},"geometry":{"type":"LineString","coordinates":[[21.558609,52.181202],[21.559305,52.182518]]}},{"type":"Feature","properties":{"mode":"bus","n":5,"arr":["P01","P04","P09","P11","P12"],"lines":"P01, P04, P09, P11, P12"},"geometry":{"type":"LineString","coordinates":[[21.559305,52.182518],[21.559418,52.18256],[21.559458,52.182618],[21.559546,52.182873],[21.559531,52.182923],[21.559527,52.182932],[21.559521,52.182937],[21.559514,52.182938],[21.559505,52.182936],[21.559494,52.18293],[21.559439,52.182892],[21.559258,52.182597],[21.559305,52.182518]]}},{"type":"Feature","properties":{"mode":"bus","n":5,"arr":["R1","R2","R4","R5","R31"],"lines":"R1, R2, R4, R5, R31"},"geometry":{"type":"LineString","coordinates":[[21.16198,52.431983],[21.161913,52.431912],[21.161895,52.43188],[21.161902,52.431847],[21.161947,52.431769],[21.162064,52.431729],[21.162248,52.431752],[21.162341,52.431837],[21.162306,52.431947],[21.162191,52.432001],[21.162119,52.432009],[21.16198,52.431983]]}},{"type":"Feature","properties":{"mode":"bus","n":15,"arr":["100","131","N11","N12","N13","N14","N16","N41","N44","N46","N61","N62","N63","N64","N91"],"lines":"100, 131, N11, N12, N13, N14, N16, N41, N44, N46, N61, N62, N63, N64, N91"},"geometry":{"type":"LineString","coordinates":[[21.002054,52.22899],[21.002085,52.229083],[21.002141,52.229124],[21.003536,52.229416]]}},{"type":"Feature","properties":{"mode":"bus","n":15,"arr":["100","131","N11","N12","N13","N14","N16","N41","N44","N46","N61","N62","N63","N64","N91"],"lines":"100, 131, N11, N12, N13, N14, N16, N41, N44, N46, N61, N62, N63, N64, N91"},"geometry":{"type":"LineString","coordinates":[[21.004231,52.229441],[21.00397,52.229503],[21.003685,52.229446]]}},{"type":"Feature","properties":{"mode":"bus","n":7,"arr":["100","N13","N41","N44","N46","N63","N91"],"lines":"100, N13, N41, N44, N46, N63, N91"},"geometry":{"type":"LineString","coordinates":[[21.003536,52.229416],[21.003685,52.229446]]}},{"type":"Feature","properties":{"mode":"bus","n":27,"arr":["100","131","520","525","N11","N12","N13","N14","N16","N21","N22","N24","N25","N34","N36","N37","N41","N44","N46","N61","N62","N63","N64","N71","N72","N86","N91"],"lines":"100, 131, 520, 525, N11, N12, N13, N14, N16, N21, N22, N24, N25, N34, N36, N37, N41, N44, N46, N61, N62, N63, N64, N71, N72, N86, N91"},"geometry":{"type":"LineString","coordinates":[[21.004398,52.229425],[21.004231,52.229441]]}},{"type":"Feature","properties":{"mode":"bus","n":32,"arr":["100","131","504","520","525","N11","N12","N13","N14","N16","N21","N22","N24","N25","N34","N36","N37","N41","N42","N43","N44","N45","N46","N61","N62","N63","N64","N71","N72","N86","N91","N95"],"lines":"100, 131, 504, 520, 525, N11, N12, N13, N14, N16, N21, N22, N24, N25, N34, N36, N37, N41, N42, N43, N44, N45, N46, N61, N62, N63, N64, N71, N72, N86, N91, N95"},"geometry":{"type":"LineString","coordinates":[[21.00465,52.229478],[21.004398,52.229425]]}},{"type":"Feature","properties":{"mode":"bus","n":16,"arr":["100","N11","N12","N13","N14","N16","N21","N41","N44","N46","N61","N62","N63","N64","N71","N91"],"lines":"100, N11, N12, N13, N14, N16, N21, N41, N44, N46, N61, N62, N63, N64, N71, N91"},"geometry":{"type":"LineString","coordinates":[[21.00465,52.229478],[21.004827,52.229631],[21.004899,52.229821]]}},{"type":"Feature","properties":{"mode":"bus","n":27,"arr":["100","117","507","521","N11","N12","N13","N14","N16","N21","N32","N33","N35","N37","N38","N41","N44","N46","N61","N62","N63","N64","N71","N83","N85","N88","N91"],"lines":"100, 117, 507, 521, N11, N12, N13, N14, N16, N21, N32, N33, N35, N37, N38, N41, N44, N46, N61, N62, N63, N64, N71, N83, N85, N88, N91"},"geometry":{"type":"LineString","coordinates":[[21.004899,52.229821],[21.003481,52.232284]]}},{"type":"Feature","properties":{"mode":"bus","n":21,"arr":["100","N11","N12","N13","N14","N16","N21","N32","N35","N38","N41","N44","N46","N61","N62","N63","N64","N71","N85","N88","N91"],"lines":"100, N11, N12, N13, N14, N16, N21, N32, N35, N38, N41, N44, N46, N61, N62, N63, N64, N71, N85, N88, N91"},"geometry":{"type":"LineString","coordinates":[[21.003481,52.232284],[21.00258,52.23386],[21.002467,52.233967]]}},{"type":"Feature","properties":{"mode":"bus","n":11,"arr":["100","178","N11","N12","N14","N16","N41","N44","N46","N62","N64"],"lines":"100, 178, N11, N12, N14, N16, N41, N44, N46, N62, N64"},"geometry":{"type":"LineString","coordinates":[[21.002467,52.233967],[21.002201,52.233969]]}},{"type":"Feature","properties":{"mode":"bus","n":9,"arr":["100","178","N12","N14","N16","N44","N46","N62","N64"],"lines":"100, 178, N12, N14, N16, N44, N46, N62, N64"},"geometry":{"type":"LineString","coordinates":[[21.002201,52.233969],[20.999446,52.233426],[20.999055,52.233398],[20.998571,52.233413]]}},{"type":"Feature","properties":{"mode":"bus","n":5,"arr":["100","178","N45","N46","N95"],"lines":"100, 178, N45, N46, N95"},"geometry":{"type":"LineString","coordinates":[[20.997713,52.233245],[20.997348,52.233084],[20.997044,52.232991],[20.993868,52.232336],[20.992513,52.232027]]}},{"type":"Feature","properties":{"mode":"bus","n":5,"arr":["100","111","180","N41","N91"],"lines":"100, 111, 180, N41, N91"},"geometry":{"type":"LineString","coordinates":[[20.979,52.244591],[20.979576,52.24473]]}},{"type":"Feature","properties":{"mode":"bus","n":5,"arr":["100","111","180","N41","N91"],"lines":"100, 111, 180, N41, N91"},"geometry":{"type":"LineString","coordinates":[[20.985172,52.246251],[20.987753,52.247037],[20.989231,52.247519],[20.991232,52.248117]]}},{"type":"Feature","properties":{"mode":"bus","n":5,"arr":["100","111","180","N41","N91"],"lines":"100, 111, 180, N41, N91"},"geometry":{"type":"LineString","coordinates":[[20.992203,52.24832],[20.993625,52.248603],[20.995126,52.248948],[20.995365,52.248986]]}},{"type":"Feature","properties":{"mode":"bus","n":6,"arr":["100","107","111","180","N41","N91"],"lines":"100, 107, 111, 180, N41, N91"},"geometry":{"type":"LineString","coordinates":[[20.979576,52.24473],[20.982487,52.245422],[20.985172,52.246251]]}},{"type":"Feature","properties":{"mode":"bus","n":7,"arr":["100","116","178","180","503","518","N44"],"lines":"100, 116, 178, 180, 503, 518, N44"},"geometry":{"type":"LineString","coordinates":[[21.004086,52.250174],[21.004044,52.250224]]}},{"type":"Feature","properties":{"mode":"bus","n":6,"arr":["100","116","178","503","518","N44"],"lines":"100, 116, 178, 503, 518, N44"},"geometry":{"type":"LineString","coordinates":[[21.004044,52.250224],[21.003861,52.250413],[21.003721,52.250479]]}},{"type":"Feature","properties":{"mode":"bus","n":6,"arr":["100","116","178","503","518","N44"],"lines":"100, 116, 178, 503, 518, N44"},"geometry":{"type":"LineString","coordinates":[[21.001583,52.252118],[21.001837,52.252025],[21.002329,52.251756],[21.00254,52.251612],[21.002697,52.251424]]}},{"type":"Feature","properties":{"mode":"bus","n":6,"arr":["100","116","178","503","518","N44"],"lines":"100, 116, 178, 503, 518, N44"},"geometry":{"type":"LineString","coordinates":[[21.000177,52.253446],[21.000169,52.253519],[20.999833,52.253852],[20.999724,52.253922]]}},{"type":"Feature","properties":{"mode":"bus","n":7,"arr":["100","116","178","503","518","N44","WAK"],"lines":"100, 116, 178, 503, 518, N44, WAK"},"geometry":{"type":"LineString","coordinates":[[21.002697,52.251424],[21.003104,52.251074],[21.003721,52.250479]]}},{"type":"Feature","properties":{"mode":"bus","n":7,"arr":["100","116","178","503","518","N44","WAK"],"lines":"100, 116, 178, 503, 518, N44, WAK"},"geometry":{"type":"LineString","coordinates":[[21.000177,52.253446],[21.000605,52.253061],[21.001351,52.252305],[21.001583,52.252118]]}},{"type":"Feature","properties":{"mode":"bus","n":7,"arr":["100","178","409","500","503","N12","N62"],"lines":"100, 178, 409, 500, 503, N12, N62"},"geometry":{"type":"LineString","coordinates":[[21.002094,52.258456],[21.002711,52.25856]]}},{"type":"Feature","properties":{"mode":"bus","n":5,"arr":["100","409","500","N12","N62"],"lines":"100, 409, 500, N12, N62"},"geometry":{"type":"LineString","coordinates":[[21.002711,52.25856],[21.006009,52.259548],[21.006657,52.259829],[21.006834,52.259947],[21.013848,52.262044],[21.014784,52.262164],[21.015854,52.262423],[21.017155,52.262792],[21.018143,52.263001],[21.020451,52.263368],[21.021037,52.263437]]}},{"type":"Feature","properties":{"mode":"bus","n":6,"arr":["100","170","509","N03","N14","N64"],"lines":"100, 170, 509, N03, N14, N64"},"geometry":{"type":"LineString","coordinates":[[21.026191,52.258881],[21.02551,52.259434]]}},{"type":"Feature","properties":{"mode":"bus","n":9,"arr":["100","162","166","169","170","338","509","N14","N64"],"lines":"100, 162, 166, 169, 170, 338, 509, N14, N64"},"geometry":{"type":"LineString","coordinates":[[21.034702,52.254563],[21.033958,52.255271],[21.033916,52.255342]]}},{"type":"Feature","properties":{"mode":"bus","n":17,"arr":["100","120","135","162","166","169","170","338","509","512","N02","N03","N14","N16","N21","N64","N71"],"lines":"100, 120, 135, 162, 166, 169, 170, 338, 509, 512, N02, N03, N14, N16, N21, N64, N71"},"geometry":{"type":"LineString","coordinates":[[21.03684,52.252519],[21.035614,52.253642],[21.034702,52.254563]]}},{"type":"Feature","properties":{"mode":"bus","n":6,"arr":["100","118","127","162","N14","N64"],"lines":"100, 118, 127, 162, N14, N64"},"geometry":{"type":"LineString","coordinates":[[21.027467,52.239024],[21.028431,52.239395],[21.029924,52.240028]]}},{"type":"Feature","properties":{"mode":"bus","n":8,"arr":["100","106","118","127","162","N14","N16","N64"],"lines":"100, 106, 118, 127, 162, N14, N16, N64"},"geometry":{"type":"LineString","coordinates":[[21.028287,52.23826],[21.027467,52.239024]]}},{"type":"Feature","properties":{"mode":"bus","n":6,"arr":["100","106","162","N14","N16","N64"],"lines":"100, 106, 162, N14, N16, N64"},"geometry":{"type":"LineString","coordinates":[[21.028287,52.23826],[21.027513,52.237883],[21.027329,52.237832],[21.026626,52.237534],[21.026067,52.237353]]}},{"type":"Feature","properties":{"mode":"bus","n":9,"arr":["100","108","118","127","131","166","N33","N83","WAK"],"lines":"100, 108, 118, 127, 131, 166, N33, N83, WAK"},"geometry":{"type":"LineString","coordinates":[[21.022253,52.229789],[21.022413,52.229828],[21.022573,52.229837],[21.02496,52.229906],[21.026096,52.229919],[21.027359,52.229879],[21.028102,52.229883],[21.029784,52.230131],[21.030513,52.230216]]}},{"type":"Feature","properties":{"mode":"bus","n":6,"arr":["100","116","118","166","180","503"],"lines":"100, 116, 118, 166, 180, 503"},"geometry":{"type":"LineString","coordinates":[[21.022105,52.22888],[21.022015,52.229051],[21.02201,52.229225],[21.022253,52.229789]]}},{"type":"Feature","properties":{"mode":"bus","n":6,"arr":["100","116","118","166","180","503"],"lines":"100, 116, 118, 166, 180, 503"},"geometry":{"type":"LineString","coordinates":[[21.024069,52.223913],[21.02313,52.227664],[21.022945,52.227838],[21.022677,52.227987]]}},{"type":"Feature","properties":{"mode":"bus","n":8,"arr":["100","108","116","118","166","180","503","517"],"lines":"100, 108, 116, 118, 166, 180, 503, 517"},"geometry":{"type":"LineString","coordinates":[[21.022677,52.227987],[21.022527,52.228108],[21.022364,52.228558],[21.022105,52.22888]]}},{"type":"Feature","properties":{"mode":"bus","n":5,"arr":["100","116","166","180","503"],"lines":"100, 116, 166, 180, 503"},"geometry":{"type":"LineString","coordinates":[[21.024069,52.223913],[21.024918,52.22059],[21.02494,52.219652],[21.025198,52.219051],[21.025384,52.218778],[21.026634,52.213844]]}},{"type":"Feature","properties":{"mode":"bus","n":10,"arr":["100","118","502","514","520","525","N25","N31","N37","N81"],"lines":"100, 118, 502, 514, 520, 525, N25, N31, N37, N81"},"geometry":{"type":"LineString","coordinates":[[21.01685,52.221762],[21.016719,52.222104],[21.016155,52.223059],[21.016028,52.223193]]}},{"type":"Feature","properties":{"mode":"bus","n":5,"arr":["100","118","159","502","514"],"lines":"100, 118, 159, 502, 514"},"geometry":{"type":"LineString","coordinates":[[21.015521,52.223072],[21.016028,52.223193]]}},{"type":"Feature","properties":{"mode":"bus","n":5,"arr":["100","174","N34","N36","N86"],"lines":"100, 174, N34, N36, N86"},"geometry":{"type":"LineString","coordinates":[[21.002425,52.227588],[21.003076,52.226363],[21.003379,52.225872],[21.00348,52.225644],[21.003555,52.225341],[21.003877,52.224714],[21.004828,52.223205],[21.004891,52.22301]]}},{"type":"Feature","properties":{"mode":"bus","n":34,"arr":["100","131","174","504","520","525","N11","N12","N13","N14","N16","N21","N22","N24","N25","N31","N34","N36","N41","N42","N43","N44","N45","N46","N61","N62","N63","N64","N71","N72","N81","N86","N91","N95"],"lines":"100, 131, 174, 504, 520, 525, N11, N12, N13, N14, N16, N21, N22, N24, N25, N31, N34, N36, N41, N42, N43, N44, N45, N46, N61, N62, N63, N64, N71, N72, N81, N86, N91, N95"},"geometry":{"type":"LineString","coordinates":[[21.002145,52.227975],[21.001876,52.228244],[21.001654,52.228579]]}},{"type":"Feature","properties":{"mode":"bus","n":32,"arr":["100","131","504","520","525","N11","N12","N13","N14","N16","N21","N22","N24","N25","N31","N34","N36","N41","N42","N43","N44","N46","N61","N62","N63","N64","N71","N72","N81","N86","N91","N95"],"lines":"100, 131, 504, 520, 525, N11, N12, N13, N14, N16, N21, N22, N24, N25, N31, N34, N36, N41, N42, N43, N44, N46, N61, N62, N63, N64, N71, N72, N81, N86, N91, N95"},"geometry":{"type":"LineString","coordinates":[[21.001654,52.228579],[21.001682,52.228727],[21.001993,52.228913]]}},{"type":"Feature","properties":{"mode":"bus","n":29,"arr":["100","131","520","525","N11","N12","N13","N14","N16","N21","N22","N24","N25","N31","N34","N36","N41","N44","N46","N61","N62","N63","N64","N71","N72","N81","N86","N91","N95"],"lines":"100, 131, 520, 525, N11, N12, N13, N14, N16, N21, N22, N24, N25, N31, N34, N36, N41, N44, N46, N61, N62, N63, N64, N71, N72, N81, N86, N91, N95"},"geometry":{"type":"LineString","coordinates":[[21.001993,52.228913],[21.002054,52.22899]]}},{"type":"Feature","properties":{"mode":"bus","n":7,"arr":["100","518","N11","N16","N21","N61","N71"],"lines":"100, 518, N11, N16, N21, N61, N71"},"geometry":{"type":"LineString","coordinates":[[21.00345,52.24486],[21.002014,52.244443],[21.001218,52.244252]]}},{"type":"Feature","properties":{"mode":"bus","n":8,"arr":["100","190","518","N11","N16","N21","N61","N71"],"lines":"100, 190, 518, N11, N16, N21, N61, N71"},"geometry":{"type":"LineString","coordinates":[[21.003765,52.24493],[21.00345,52.24486]]}},{"type":"Feature","properties":{"mode":"bus","n":7,"arr":["100","190","N11","N16","N21","N61","N71"],"lines":"100, 190, N11, N16, N21, N61, N71"},"geometry":{"type":"LineString","coordinates":[[21.02872,52.252167],[21.017365,52.247292],[21.016613,52.246998],[21.016116,52.246875],[21.015574,52.246794],[21.012927,52.246658],[21.0119,52.246578],[21.006297,52.245981],[21.005777,52.245803],[21.004245,52.245053],[21.003765,52.24493]]}},{"type":"Feature","properties":{"mode":"bus","n":7,"arr":["100","190","N11","N16","N21","N61","N71"],"lines":"100, 190, N11, N16, N21, N61, N71"},"geometry":{"type":"LineString","coordinates":[[21.034702,52.254563],[21.033618,52.254096],[21.032052,52.253518],[21.030931,52.253034]]}},{"type":"Feature","properties":{"mode":"bus","n":9,"arr":["100","120","135","190","512","E-1","N02","N11","N61"],"lines":"100, 120, 135, 190, 512, E-1, N02, N11, N61"},"geometry":{"type":"LineString","coordinates":[[21.035061,52.254713],[21.0474,52.260103]]}},{"type":"Feature","properties":{"mode":"bus","n":5,"arr":["100","135","E-1","N02","N03"],"lines":"100, 135, E-1, N02, N03"},"geometry":{"type":"LineString","coordinates":[[21.046666,52.260663],[21.045201,52.261955]]}},{"type":"Feature","properties":{"mode":"bus","n":7,"arr":["100","256","E-1","N02","N03","N14","N64"],"lines":"100, 256, E-1, N02, N03, N14, N64"},"geometry":{"type":"LineString","coordinates":[[21.045201,52.261955],[21.046471,52.262475],[21.048036,52.263165],[21.048358,52.263398],[21.048372,52.263411],[21.048375,52.263423],[21.048367,52.263435],[21.048348,52.263446],[21.048161,52.263528]]}},{"type":"Feature","properties":{"mode":"bus","n":6,"arr":["102","125","146","147","202","E-1"],"lines":"102, 125, 146, 147, 202, E-1"},"geometry":{"type":"LineString","coordinates":[[21.043462,52.247727],[21.043319,52.246657],[21.043185,52.244917],[21.04307,52.244648],[21.042793,52.244326],[21.042568,52.24416],[21.042262,52.244001],[21.041702,52.243816],[21.041224,52.243749],[21.03977,52.243735],[21.039102,52.243665],[21.038596,52.243567],[21.038573,52.24356],[21.038561,52.243551],[21.03856,52.243539],[21.03857,52.243525],[21.038693,52.243395],[21.03886,52.243139],[21.038939,52.242864],[21.039009,52.242344],[21.03921,52.24195],[21.039488,52.241613],[21.040455,52.240934]]}},{"type":"Feature","properties":{"mode":"bus","n":5,"arr":["102","125","146","147","202"],"lines":"102, 125, 146, 147, 202"},"geometry":{"type":"LineString","coordinates":[[21.044156,52.248767],[21.043992,52.248677],[21.043769,52.248396],[21.04363,52.248171],[21.043462,52.247727]]}},{"type":"Feature","properties":{"mode":"bus","n":5,"arr":["102","125","146","147","202"],"lines":"102, 125, 146, 147, 202"},"geometry":{"type":"LineString","coordinates":[[21.043312,52.247848],[21.04322,52.247578],[21.04302,52.244989],[21.042909,52.244678],[21.042785,52.244517],[21.042543,52.244305]]}},{"type":"Feature","properties":{"mode":"bus","n":14,"arr":["102","123","125","135","138","146","147","166","202","509","N02","N03","N21","N71"],"lines":"102, 123, 125, 135, 138, 146, 147, 166, 202, 509, N02, N03, N21, N71"},"geometry":{"type":"LineString","coordinates":[[21.047154,52.247736],[21.045725,52.24821],[21.044156,52.248767]]}},{"type":"Feature","properties":{"mode":"bus","n":9,"arr":["102","125","135","146","147","202","N03","N21","N71"],"lines":"102, 125, 135, 146, 147, 202, N03, N21, N71"},"geometry":{"type":"LineString","coordinates":[[21.052025,52.247258],[21.048085,52.247463],[21.047865,52.247502],[21.047154,52.247736]]}},{"type":"Feature","properties":{"mode":"bus","n":9,"arr":["102","125","135","146","147","202","N03","N21","N71"],"lines":"102, 125, 135, 146, 147, 202, N03, N21, N71"},"geometry":{"type":"LineString","coordinates":[[21.051841,52.247424],[21.048824,52.247588],[21.048468,52.247659],[21.047343,52.248036]]}},{"type":"Feature","properties":{"mode":"bus","n":5,"arr":["102","123","146","147","202"],"lines":"102, 123, 146, 147, 202"},"geometry":{"type":"LineString","coordinates":[[21.053535,52.250248],[21.0534,52.250084],[21.053299,52.250036],[21.052723,52.249874],[21.052585,52.249784]]}},{"type":"Feature","properties":{"mode":"bus","n":5,"arr":["102","123","146","147","202"],"lines":"102, 123, 146, 147, 202"},"geometry":{"type":"LineString","coordinates":[[21.052207,52.249912],[21.052304,52.249781]]}},{"type":"Feature","properties":{"mode":"bus","n":6,"arr":["102","123","146","147","173","202"],"lines":"102, 123, 146, 147, 173, 202"},"geometry":{"type":"LineString","coordinates":[[21.053385,52.250505],[21.05353,52.250484],[21.053624,52.250492],[21.053645,52.250492],[21.053657,52.250488],[21.053662,52.250479],[21.053657,52.250466],[21.053535,52.250248]]}},{"type":"Feature","properties":{"mode":"bus","n":6,"arr":["102","123","146","147","173","202"],"lines":"102, 123, 146, 147, 173, 202"},"geometry":{"type":"LineString","coordinates":[[21.052152,52.249986],[21.052207,52.249912]]}},{"type":"Feature","properties":{"mode":"bus","n":6,"arr":["102","188","202","523","N21","N71"],"lines":"102, 188, 202, 523, N21, N71"},"geometry":{"type":"LineString","coordinates":[[21.105303,52.246198],[21.101837,52.247028],[21.092305,52.249663],[21.091519,52.249877],[21.091146,52.249957],[21.090669,52.250033],[21.089965,52.25009],[21.084584,52.25031]]}},{"type":"Feature","properties":{"mode":"bus","n":5,"arr":["102","123","147","173","202"],"lines":"102, 123, 147, 173, 202"},"geometry":{"type":"LineString","coordinates":[[21.052102,52.250054],[21.052152,52.249986]]}},{"type":"Feature","properties":{"mode":"bus","n":15,"arr":["102","123","125","135","138","146","147","166","202","509","E-1","N02","N03","N21","N71"],"lines":"102, 123, 125, 135, 138, 146, 147, 166, 202, 509, E-1, N02, N03, N21, N71"},"geometry":{"type":"LineString","coordinates":[[21.047343,52.248036],[21.046317,52.24839]]}},{"type":"Feature","properties":{"mode":"bus","n":6,"arr":["102","125","135","146","147","202"],"lines":"102, 125, 135, 146, 147, 202"},"geometry":{"type":"LineString","coordinates":[[21.046317,52.24839],[21.046096,52.248378],[21.045998,52.248319],[21.045891,52.248153],[21.045761,52.247818],[21.0456,52.247755],[21.043312,52.247848]]}},{"type":"Feature","properties":{"mode":"bus","n":9,"arr":["156","184","203","210","250","712","N02","N46","N58"],"lines":"156, 184, 203, 210, 250, 712, N02, N46, N58"},"geometry":{"type":"LineString","coordinates":[[20.927161,52.290156],[20.926218,52.290595],[20.926201,52.290606],[20.926195,52.290616],[20.9262,52.290627],[20.926216,52.290638],[20.926297,52.290678],[20.926741,52.291047],[20.926782,52.291069],[20.926834,52.291079],[20.92702,52.291088],[20.92707,52.291097],[20.92711,52.291119],[20.927172,52.29117]]}},{"type":"Feature","properties":{"mode":"bus","n":6,"arr":["103","210","250","409","712","N41"],"lines":"103, 210, 250, 409, 712, N41"},"geometry":{"type":"LineString","coordinates":[[20.928982,52.289411],[20.929863,52.290141]]}},{"type":"Feature","properties":{"mode":"bus","n":12,"arr":["103","114","156","184","203","409","N01","N02","N41","N44","N46","N58"],"lines":"103, 114, 156, 184, 203, 409, N01, N02, N41, N44, N46, N58"},"geometry":{"type":"LineString","coordinates":[[20.930578,52.29021],[20.933099,52.289069]]}},{"type":"Feature","properties":{"mode":"bus","n":6,"arr":["103","156","184","N41","N44","N46"],"lines":"103, 156, 184, N41, N44, N46"},"geometry":{"type":"LineString","coordinates":[[20.933099,52.289069],[20.933522,52.288869]]}},{"type":"Feature","properties":{"mode":"bus","n":7,"arr":["103","156","184","303","N41","N44","N46"],"lines":"103, 156, 184, 303, N41, N44, N46"},"geometry":{"type":"LineString","coordinates":[[20.933522,52.288869],[20.933619,52.288822]]}},{"type":"Feature","properties":{"mode":"bus","n":9,"arr":["103","114","121","203","N01","N02","N41","N46","N58"],"lines":"103, 114, 121, 203, N01, N02, N41, N46, N58"},"geometry":{"type":"LineString","coordinates":[[20.933619,52.288822],[20.933911,52.289048],[20.93394,52.289121]]}},{"type":"Feature","properties":{"mode":"bus","n":6,"arr":["103","121","303","755","N41","N46"],"lines":"103, 121, 303, 755, N41, N46"},"geometry":{"type":"LineString","coordinates":[[20.93394,52.289121],[20.937512,52.291796],[20.938648,52.292594],[20.938972,52.292739],[20.944814,52.29493],[20.945263,52.295143]]}},{"type":"Feature","properties":{"mode":"bus","n":5,"arr":["103","121","181","755","N46"],"lines":"103, 121, 181, 755, N46"},"geometry":{"type":"LineString","coordinates":[[20.945303,52.294742],[20.946761,52.293241],[20.955618,52.283864]]}},{"type":"Feature","properties":{"mode":"bus","n":5,"arr":["103","121","181","755","N46"],"lines":"103, 121, 181, 755, N46"},"geometry":{"type":"LineString","coordinates":[[20.945263,52.295143],[20.946579,52.293694],[20.949437,52.290657],[20.949784,52.290245],[20.950274,52.289781],[20.955794,52.283917]]}},{"type":"Feature","properties":{"mode":"bus","n":6,"arr":["103","122","180","409","N41","N91"],"lines":"103, 122, 180, 409, N41, N91"},"geometry":{"type":"LineString","coordinates":[[20.961188,52.259105],[20.961375,52.25903]]}},{"type":"Feature","properties":{"mode":"bus","n":5,"arr":["103","180","409","N41","N91"],"lines":"103, 180, 409, N41, N91"},"geometry":{"type":"LineString","coordinates":[[20.961375,52.25903],[20.965728,52.257351],[20.96625,52.257108],[20.967616,52.256587],[20.971287,52.255229],[20.971778,52.255087]]}},{"type":"Feature","properties":{"mode":"bus","n":5,"arr":["103","180","409","N41","N91"],"lines":"103, 180, 409, N41, N91"},"geometry":{"type":"LineString","coordinates":[[20.972411,52.254847],[20.971778,52.255087],[20.971358,52.255291],[20.970827,52.255502],[20.967461,52.256768]]}},{"type":"Feature","properties":{"mode":"bus","n":5,"arr":["103","106","136","N45","N95"],"lines":"103, 106, 136, N45, N95"},"geometry":{"type":"LineString","coordinates":[[20.967248,52.243827],[20.967657,52.243604],[20.967774,52.243481],[20.968139,52.243313]]}},{"type":"Feature","properties":{"mode":"bus","n":5,"arr":["103","106","136","N45","N95"],"lines":"103, 106, 136, N45, N95"},"geometry":{"type":"LineString","coordinates":[[20.96689,52.243654],[20.966218,52.243237],[20.96569,52.242767],[20.965439,52.242434],[20.965226,52.242057],[20.965036,52.241578],[20.964991,52.241],[20.965045,52.240562],[20.965113,52.240294],[20.96558,52.239061],[20.965623,52.238817],[20.965606,52.238475],[20.965416,52.237782],[20.965342,52.237657],[20.965221,52.237232]]}},{"type":"Feature","properties":{"mode":"bus","n":6,"arr":["103","180","221","409","N41","N91"],"lines":"103, 180, 221, 409, N41, N91"},"geometry":{"type":"LineString","coordinates":[[20.967461,52.256768],[20.96573,52.25743],[20.964417,52.257946],[20.964102,52.258093],[20.96154,52.259088]]}},{"type":"Feature","properties":{"mode":"bus","n":11,"arr":["103","114","156","184","203","755","N01","N02","N44","N46","N58"],"lines":"103, 114, 156, 184, 203, 755, N01, N02, N44, N46, N58"},"geometry":{"type":"LineString","coordinates":[[20.93394,52.289121],[20.930362,52.290744]]}},{"type":"Feature","properties":{"mode":"bus","n":7,"arr":["104","112","134","226","N02","N14","N64"],"lines":"104, 112, 134, 226, N02, N14, N64"},"geometry":{"type":"LineString","coordinates":[[21.030939,52.293496],[21.02938,52.293639]]}},{"type":"Feature","properties":{"mode":"bus","n":7,"arr":["104","112","134","226","N02","N14","N64"],"lines":"104, 112, 134, 226, N02, N14, N64"},"geometry":{"type":"LineString","coordinates":[[21.032468,52.293329],[21.031058,52.293482]]}},{"type":"Feature","properties":{"mode":"bus","n":8,"arr":["104","112","134","204","226","N02","N14","N64"],"lines":"104, 112, 134, 204, 226, N02, N14, N64"},"geometry":{"type":"LineString","coordinates":[[21.032442,52.293217],[21.031691,52.293278],[21.030602,52.2933],[21.02929,52.293411]]}},{"type":"Feature","properties":{"mode":"bus","n":8,"arr":["104","112","134","169","204","226","N14","N64"],"lines":"104, 112, 134, 169, 204, 226, N14, N64"},"geometry":{"type":"LineString","coordinates":[[21.033039,52.296725],[21.032768,52.295232],[21.032754,52.294936],[21.032595,52.293991],[21.032621,52.293845],[21.032548,52.293374],[21.032468,52.293329],[21.032442,52.293217]]}},{"type":"Feature","properties":{"mode":"bus","n":7,"arr":["104","112","134","169","226","N14","N64"],"lines":"104, 112, 134, 169, 226, N14, N64"},"geometry":{"type":"LineString","coordinates":[[21.032468,52.293329],[21.032416,52.293384],[21.032488,52.293827],[21.032595,52.293991]]}},{"type":"Feature","properties":{"mode":"bus","n":6,"arr":["112","134","226","N02","N14","N64"],"lines":"112, 134, 226, N02, N14, N64"},"geometry":{"type":"LineString","coordinates":[[21.031058,52.293482],[21.030939,52.293496]]}},{"type":"Feature","properties":{"mode":"bus","n":5,"arr":["105","106","178","N45","N95"],"lines":"105, 106, 178, N45, N95"},"geometry":{"type":"LineString","coordinates":[[20.96735,52.228695],[20.968823,52.228801],[20.970268,52.228843],[20.975359,52.229168],[20.977247,52.229331],[20.980016,52.229682],[20.980772,52.229806],[20.982457,52.230099],[20.982845,52.230184],[20.983853,52.23047]]}},{"type":"Feature","properties":{"mode":"bus","n":5,"arr":["14","105","194","713","716"],"lines":"14, 105, 194, 713, 716"},"geometry":{"type":"LineString","coordinates":[[20.930119,52.223328],[20.930036,52.223457]]}},{"type":"Feature","properties":{"mode":"bus","n":6,"arr":["14","105","194","713","716","N42"],"lines":"14, 105, 194, 713, 716, N42"},"geometry":{"type":"LineString","coordinates":[[20.929863,52.223414],[20.928517,52.223056],[20.918586,52.220711],[20.916605,52.220222],[20.916313,52.220174]]}},{"type":"Feature","properties":{"mode":"bus","n":6,"arr":["14","105","194","713","716","N42"],"lines":"14, 105, 194, 713, 716, N42"},"geometry":{"type":"LineString","coordinates":[[20.916555,52.220049],[20.919735,52.220836],[20.92816,52.222828],[20.929979,52.223288]]}},{"type":"Feature","properties":{"mode":"bus","n":5,"arr":["14","105","713","716","N42"],"lines":"14, 105, 713, 716, N42"},"geometry":{"type":"LineString","coordinates":[[20.916313,52.220174],[20.906044,52.217736],[20.904534,52.217403],[20.903231,52.217193],[20.902426,52.217104],[20.898166,52.216681],[20.896877,52.21658],[20.89647,52.216574]]}},{"type":"Feature","properties":{"mode":"bus","n":5,"arr":["14","105","713","716","N42"],"lines":"14, 105, 713, 716, N42"},"geometry":{"type":"LineString","coordinates":[[20.896463,52.216281],[20.898419,52.216452],[20.899127,52.21656],[20.8997,52.216673],[20.900431,52.216757],[20.900821,52.216832],[20.903284,52.21709],[20.904226,52.217219],[20.905052,52.217362],[20.916555,52.220049]]}},{"type":"Feature","properties":{"mode":"bus","n":6,"arr":["105","112","177","220","N42","N45"],"lines":"105, 112, 177, 220, N42, N45"},"geometry":{"type":"LineString","coordinates":[[20.89647,52.216574],[20.896372,52.217027]]}},{"type":"Feature","properties":{"mode":"bus","n":6,"arr":["105","112","177","220","N42","N45"],"lines":"105, 112, 177, 220, N42, N45"},"geometry":{"type":"LineString","coordinates":[[20.896357,52.217144],[20.896341,52.217791],[20.89644,52.218338],[20.896582,52.218799],[20.897307,52.220363],[20.897436,52.22083],[20.897492,52.221295],[20.897473,52.221884],[20.89732,52.223432],[20.897104,52.227524]]}},{"type":"Feature","properties":{"mode":"bus","n":6,"arr":["105","112","177","220","N42","N45"],"lines":"105, 112, 177, 220, N42, N45"},"geometry":{"type":"LineString","coordinates":[[20.896905,52.227508],[20.897167,52.223052],[20.897311,52.221731],[20.897316,52.221309],[20.89725,52.220809],[20.89715,52.220438],[20.896987,52.220025],[20.896421,52.218847],[20.896218,52.218254],[20.896018,52.217238],[20.895994,52.216571]]}},{"type":"Feature","properties":{"mode":"bus","n":5,"arr":["105","112","177","220","N42"],"lines":"105, 112, 177, 220, N42"},"geometry":{"type":"LineString","coordinates":[[20.896372,52.217027],[20.896357,52.217144]]}},{"type":"Feature","properties":{"mode":"bus","n":7,"arr":["105","122","189","190","220","349","N45"],"lines":"105, 122, 189, 190, 220, 349, N45"},"geometry":{"type":"LineString","coordinates":[[20.897111,52.227661],[20.89662,52.237136],[20.896761,52.23946]]}},{"type":"Feature","properties":{"mode":"bus","n":13,"arr":["105","122","149","167","177","189","190","349","714","719","729","743","N42"],"lines":"105, 122, 149, 167, 177, 189, 190, 349, 714, 719, 729, 743, N42"},"geometry":{"type":"LineString","coordinates":[[20.896761,52.23946],[20.896996,52.239473],[20.898084,52.239439],[20.900012,52.239285]]}},{"type":"Feature","properties":{"mode":"bus","n":9,"arr":["149","167","177","349","714","719","729","743","N42"],"lines":"149, 167, 177, 349, 714, 719, 729, 743, N42"},"geometry":{"type":"LineString","coordinates":[[20.900012,52.239285],[20.900745,52.239228]]}},{"type":"Feature","properties":{"mode":"bus","n":9,"arr":["149","167","177","349","714","719","729","743","N42"],"lines":"149, 167, 177, 349, 714, 719, 729, 743, N42"},"geometry":{"type":"LineString","coordinates":[[20.901034,52.239207],[20.906812,52.23878],[20.908059,52.238719],[20.911481,52.238852],[20.912618,52.23892],[20.912944,52.238959]]}},{"type":"Feature","properties":{"mode":"bus","n":12,"arr":["105","122","149","167","177","189","190","714","719","729","743","N42"],"lines":"105, 122, 149, 167, 177, 189, 190, 714, 719, 729, 743, N42"},"geometry":{"type":"LineString","coordinates":[[20.896799,52.239753],[20.89832,52.23956],[20.899868,52.239528],[20.90023,52.239473],[20.901063,52.239417]]}},{"type":"Feature","properties":{"mode":"bus","n":6,"arr":["105","122","189","190","220","N45"],"lines":"105, 122, 189, 190, 220, N45"},"geometry":{"type":"LineString","coordinates":[[20.896277,52.239485],[20.896267,52.238444],[20.896442,52.237131],[20.896911,52.22764]]}},{"type":"Feature","properties":{"mode":"bus","n":9,"arr":["105","112","122","177","189","190","220","N42","N45"],"lines":"105, 112, 122, 177, 189, 190, 220, N42, N45"},"geometry":{"type":"LineString","coordinates":[[20.896911,52.22764],[20.896905,52.227508]]}},{"type":"Feature","properties":{"mode":"bus","n":5,"arr":["105","177","220","N42","N45"],"lines":"105, 177, 220, N42, N45"},"geometry":{"type":"LineString","coordinates":[[20.895994,52.216571],[20.895975,52.216283]]}},{"type":"Feature","properties":{"mode":"bus","n":7,"arr":["14","105","112","713","716","N42","N45"],"lines":"14, 105, 112, 713, 716, N42, N45"},"geometry":{"type":"LineString","coordinates":[[20.895975,52.216283],[20.896463,52.216281]]}},{"type":"Feature","properties":{"mode":"bus","n":10,"arr":["106","111","116","178","180","503","N14","N16","N44","N64"],"lines":"106, 111, 116, 178, 180, 503, N14, N16, N44, N64"},"geometry":{"type":"LineString","coordinates":[[21.017937,52.237024],[21.013274,52.23613]]}},{"type":"Feature","properties":{"mode":"bus","n":7,"arr":["106","107","111","116","178","180","503"],"lines":"106, 107, 111, 116, 178, 180, 503"},"geometry":{"type":"LineString","coordinates":[[21.013274,52.23613],[21.01321,52.23677],[21.01289,52.238131],[21.01254,52.23897],[21.012531,52.239154],[21.012451,52.239363],[21.012288,52.239772],[21.01218,52.239947]]}},{"type":"Feature","properties":{"mode":"bus","n":6,"arr":["106","107","111","116","180","503"],"lines":"106, 107, 111, 116, 180, 503"},"geometry":{"type":"LineString","coordinates":[[21.01289,52.238131],[21.01291,52.238228],[21.012816,52.238573],[21.012622,52.239083],[21.012531,52.239154]]}},{"type":"Feature","properties":{"mode":"bus","n":5,"arr":["106","157","N13","N46","N63"],"lines":"106, 157, N13, N46, N63"},"geometry":{"type":"LineString","coordinates":[[20.989521,52.236645],[20.992286,52.232243],[20.992375,52.231982],[20.992485,52.231813]]}},{"type":"Feature","properties":{"mode":"bus","n":6,"arr":["106","157","N13","N42","N46","N63"],"lines":"106, 157, N13, N42, N46, N63"},"geometry":{"type":"LineString","coordinates":[[20.987197,52.239693],[20.989027,52.237389],[20.989521,52.236645]]}},{"type":"Feature","properties":{"mode":"bus","n":8,"arr":["106","178","N13","N45","N46","N63","N91","N95"],"lines":"106, 178, N13, N45, N46, N63, N91, N95"},"geometry":{"type":"LineString","coordinates":[[20.992485,52.231813],[20.995551,52.232448],[20.997147,52.23274],[20.997489,52.232783],[20.998039,52.232786]]}},{"type":"Feature","properties":{"mode":"bus","n":5,"arr":["107","N13","N42","N46","N63"],"lines":"107, N13, N42, N46, N63"},"geometry":{"type":"LineString","coordinates":[[20.991,52.244633],[20.98729,52.243372]]}},{"type":"Feature","properties":{"mode":"bus","n":7,"arr":["107","111","N13","N41","N42","N63","N91"],"lines":"107, 111, N13, N41, N42, N63, N91"},"geometry":{"type":"LineString","coordinates":[[20.997335,52.246788],[20.99867,52.247302],[20.999151,52.247409]]}},{"type":"Feature","properties":{"mode":"bus","n":7,"arr":["107","111","N13","N41","N42","N63","N91"],"lines":"107, 111, N13, N41, N42, N63, N91"},"geometry":{"type":"LineString","coordinates":[[21.00103,52.244423],[21.001218,52.244252]]}},{"type":"Feature","properties":{"mode":"bus","n":8,"arr":["107","111","N13","N41","N42","N63","N91","WAK"],"lines":"107, 111, N13, N41, N42, N63, N91, WAK"},"geometry":{"type":"LineString","coordinates":[[20.999151,52.247409],[20.999351,52.24683],[20.99974,52.24599],[21.000203,52.245327],[21.000512,52.244983]]}},{"type":"Feature","properties":{"mode":"bus","n":5,"arr":["107","111","N41","N42","WAK"],"lines":"107, 111, N41, N42, WAK"},"geometry":{"type":"LineString","coordinates":[[21.000881,52.244377],[21.000572,52.244782],[21.000512,52.244983]]}},{"type":"Feature","properties":{"mode":"bus","n":7,"arr":["107","111","N11","N41","N42","N61","WAK"],"lines":"107, 111, N11, N41, N42, N61, WAK"},"geometry":{"type":"LineString","coordinates":[[21.001258,52.243958],[21.000881,52.244377]]}},{"type":"Feature","properties":{"mode":"bus","n":7,"arr":["107","111","N11","N41","N42","N61","WAK"],"lines":"107, 111, N11, N41, N42, N61, WAK"},"geometry":{"type":"LineString","coordinates":[[21.002755,52.242767],[21.00298,52.242595]]}},{"type":"Feature","properties":{"mode":"bus","n":6,"arr":["107","111","N11","N41","N42","N61"],"lines":"107, 111, N11, N41, N42, N61"},"geometry":{"type":"LineString","coordinates":[[21.001258,52.243958],[21.001438,52.243728],[21.001775,52.243442],[21.002419,52.242952],[21.002755,52.242767]]}},{"type":"Feature","properties":{"mode":"bus","n":8,"arr":["107","111","116","178","180","503","N44","WAK"],"lines":"107, 111, 116, 178, 180, 503, N44, WAK"},"geometry":{"type":"LineString","coordinates":[[21.01218,52.239947],[21.013501,52.240454],[21.013663,52.240555],[21.013768,52.24069],[21.013267,52.2419],[21.01312,52.241994],[21.013075,52.242011],[21.013022,52.242011],[21.012265,52.241898],[21.012072,52.241909],[21.011911,52.241951],[21.009604,52.243006],[21.008674,52.243508]]}},{"type":"Feature","properties":{"mode":"bus","n":5,"arr":["107","131","159","N33","N83"],"lines":"107, 131, 159, N33, N83"},"geometry":{"type":"LineString","coordinates":[[21.045035,52.22118],[21.044846,52.221345],[21.044652,52.221457],[21.044228,52.221491]]}},{"type":"Feature","properties":{"mode":"bus","n":5,"arr":["107","131","159","N33","N83"],"lines":"107, 131, 159, N33, N83"},"geometry":{"type":"LineString","coordinates":[[21.043977,52.221504],[21.043061,52.221544],[21.04244,52.221473],[21.037606,52.221744],[21.037354,52.221767],[21.035943,52.222069]]}},{"type":"Feature","properties":{"mode":"bus","n":8,"arr":["107","131","141","159","185","187","N33","N83"],"lines":"107, 131, 141, 159, 185, 187, N33, N83"},"geometry":{"type":"LineString","coordinates":[[21.043155,52.221444],[21.044295,52.221385],[21.044514,52.221307],[21.044786,52.221073],[21.045482,52.219088],[21.045659,52.218434],[21.045928,52.21571]]}},{"type":"Feature","properties":{"mode":"bus","n":8,"arr":["107","131","141","159","185","187","N33","N83"],"lines":"107, 131, 141, 159, 185, 187, N33, N83"},"geometry":{"type":"LineString","coordinates":[[21.044228,52.221491],[21.043977,52.221504]]}},{"type":"Feature","properties":{"mode":"bus","n":8,"arr":["107","131","141","159","185","187","N33","N83"],"lines":"107, 131, 141, 159, 185, 187, N33, N83"},"geometry":{"type":"LineString","coordinates":[[21.046138,52.215786],[21.045853,52.218782],[21.045788,52.219039],[21.045035,52.22118]]}},{"type":"Feature","properties":{"mode":"bus","n":10,"arr":["107","108","131","141","159","162","185","187","N33","N83"],"lines":"107, 108, 131, 141, 159, 162, 185, 187, N33, N83"},"geometry":{"type":"LineString","coordinates":[[21.045928,52.21571],[21.046025,52.21512],[21.04689,52.212509],[21.047162,52.211778]]}},{"type":"Feature","properties":{"mode":"bus","n":10,"arr":["107","108","131","141","159","162","185","187","N33","N83"],"lines":"107, 108, 131, 141, 159, 162, 185, 187, N33, N83"},"geometry":{"type":"LineString","coordinates":[[21.047392,52.21172],[21.046233,52.215148],[21.046181,52.215331],[21.046138,52.215786]]}},{"type":"Feature","properties":{"mode":"bus","n":9,"arr":["107","131","141","159","162","185","187","N33","N83"],"lines":"107, 131, 141, 159, 162, 185, 187, N33, N83"},"geometry":{"type":"LineString","coordinates":[[21.047162,52.211778],[21.047256,52.211427]]}},{"type":"Feature","properties":{"mode":"bus","n":9,"arr":["107","131","141","159","162","185","187","N33","N83"],"lines":"107, 131, 141, 159, 162, 185, 187, N33, N83"},"geometry":{"type":"LineString","coordinates":[[21.048316,52.207167],[21.048349,52.206983]]}},{"type":"Feature","properties":{"mode":"bus","n":9,"arr":["107","131","141","159","162","185","187","N33","N83"],"lines":"107, 131, 141, 159, 162, 185, 187, N33, N83"},"geometry":{"type":"LineString","coordinates":[[21.047519,52.211262],[21.047392,52.21172]]}},{"type":"Feature","properties":{"mode":"bus","n":10,"arr":["107","131","141","159","162","167","185","187","N33","N83"],"lines":"107, 131, 141, 159, 162, 167, 185, 187, N33, N83"},"geometry":{"type":"LineString","coordinates":[[21.047256,52.211427],[21.048146,52.208049],[21.048316,52.207167]]}},{"type":"Feature","properties":{"mode":"bus","n":10,"arr":["107","131","141","159","162","167","185","187","N33","N83"],"lines":"107, 131, 141, 159, 162, 167, 185, 187, N33, N83"},"geometry":{"type":"LineString","coordinates":[[21.048642,52.207217],[21.04806,52.20921],[21.047519,52.211262]]}},{"type":"Feature","properties":{"mode":"bus","n":11,"arr":["107","131","141","162","180","185","187","N31","N33","N81","N83"],"lines":"107, 131, 141, 162, 180, 185, 187, N31, N33, N81, N83"},"geometry":{"type":"LineString","coordinates":[[21.048349,52.206983],[21.049016,52.204425],[21.049518,52.202647]]}},{"type":"Feature","properties":{"mode":"bus","n":11,"arr":["107","131","141","162","180","185","187","N31","N33","N81","N83"],"lines":"107, 131, 141, 162, 180, 185, 187, N31, N33, N81, N83"},"geometry":{"type":"LineString","coordinates":[[21.049895,52.202662],[21.049568,52.203726],[21.048695,52.207038]]}},{"type":"Feature","properties":{"mode":"bus","n":6,"arr":["107","116","119","166","172","503"],"lines":"107, 116, 119, 166, 172, 503"},"geometry":{"type":"LineString","coordinates":[[21.04694,52.195381],[21.047724,52.195352],[21.049016,52.195218]]}},{"type":"Feature","properties":{"mode":"bus","n":5,"arr":["107","116","166","172","503"],"lines":"107, 116, 166, 172, 503"},"geometry":{"type":"LineString","coordinates":[[21.049016,52.195218],[21.049206,52.195151],[21.04927,52.195061],[21.049272,52.194998]]}},{"type":"Feature","properties":{"mode":"bus","n":5,"arr":["107","116","166","172","503"],"lines":"107, 116, 166, 172, 503"},"geometry":{"type":"LineString","coordinates":[[21.04694,52.195381],[21.045767,52.195427],[21.045288,52.195484],[21.041787,52.195615]]}},{"type":"Feature","properties":{"mode":"bus","n":8,"arr":["107","116","148","166","172","402","503","N03"],"lines":"107, 116, 148, 166, 172, 402, 503, N03"},"geometry":{"type":"LineString","coordinates":[[21.049272,52.194998],[21.0486,52.193908],[21.04829,52.193463],[21.048128,52.193164],[21.048087,52.193012],[21.047546,52.192146]]}},{"type":"Feature","properties":{"mode":"bus","n":5,"arr":["107","148","402","503","N03"],"lines":"107, 148, 402, 503, N03"},"geometry":{"type":"LineString","coordinates":[[21.047546,52.192146],[21.047254,52.191733],[21.046893,52.191135],[21.046529,52.190389]]}},{"type":"Feature","properties":{"mode":"bus","n":12,"arr":["107","148","163","166","185","189","402","503","519","N03","N33","N83"],"lines":"107, 148, 163, 166, 185, 189, 402, 503, 519, N03, N33, N83"},"geometry":{"type":"LineString","coordinates":[[21.044211,52.177233],[21.044032,52.175579]]}},{"type":"Feature","properties":{"mode":"bus","n":12,"arr":["107","148","163","166","185","189","402","503","519","N03","N33","N83"],"lines":"107, 148, 163, 166, 185, 189, 402, 503, 519, N03, N33, N83"},"geometry":{"type":"LineString","coordinates":[[21.04442,52.175019],[21.044667,52.177299]]}},{"type":"Feature","properties":{"mode":"bus","n":6,"arr":["107","163","164","217","251","519"],"lines":"107, 163, 164, 217, 251, 519"},"geometry":{"type":"LineString","coordinates":[[21.043529,52.175453],[21.042054,52.175811],[21.037386,52.176863],[21.03673,52.176976],[21.036164,52.177046],[21.034743,52.177129],[21.034319,52.177173],[21.027787,52.178423]]}},{"type":"Feature","properties":{"mode":"bus","n":6,"arr":["107","163","164","217","251","519"],"lines":"107, 163, 164, 217, 251, 519"},"geometry":{"type":"LineString","coordinates":[[21.027573,52.178325],[21.034259,52.177045],[21.034693,52.177],[21.036211,52.176944],[21.036947,52.176838],[21.04442,52.175019]]}},{"type":"Feature","properties":{"mode":"bus","n":6,"arr":["107","163","164","217","251","519"],"lines":"107, 163, 164, 217, 251, 519"},"geometry":{"type":"LineString","coordinates":[[21.024783,52.179529],[21.024624,52.179567]]}},{"type":"Feature","properties":{"mode":"bus","n":8,"arr":["107","163","164","217","251","401","519","N50"],"lines":"107, 163, 164, 217, 251, 401, 519, N50"},"geometry":{"type":"LineString","coordinates":[[21.027787,52.178423],[21.027036,52.178569],[21.025884,52.178754],[21.02459,52.179003],[21.024564,52.179006],[21.024544,52.179003],[21.024528,52.178994],[21.024518,52.178979],[21.024501,52.178946],[21.024499,52.178925],[21.024512,52.17891],[21.024541,52.1789],[21.027573,52.178325]]}},{"type":"Feature","properties":{"mode":"bus","n":16,"arr":["107","130","163","164","165","217","218","251","300","331","401","519","709","727","739","N50"],"lines":"107, 130, 163, 164, 165, 217, 218, 251, 300, 331, 401, 519, 709, 727, 739, N50"},"geometry":{"type":"LineString","coordinates":[[21.022283,52.179499],[21.022492,52.179419],[21.022832,52.179342],[21.024478,52.179025],[21.024504,52.179022],[21.024524,52.179025],[21.02454,52.179034],[21.024551,52.179049],[21.024783,52.179529]]}},{"type":"Feature","properties":{"mode":"bus","n":17,"arr":["107","130","163","164","165","217","218","251","300","331","401","519","709","727","739","N37","N50"],"lines":"107, 130, 163, 164, 165, 217, 218, 251, 300, 331, 401, 519, 709, 727, 739, N37, N50"},"geometry":{"type":"LineString","coordinates":[[21.022283,52.179499],[21.022341,52.179626]]}},{"type":"Feature","properties":{"mode":"bus","n":12,"arr":["107","130","164","165","217","218","251","300","401","709","727","N50"],"lines":"107, 130, 164, 165, 217, 218, 251, 300, 401, 709, 727, N50"},"geometry":{"type":"LineString","coordinates":[[21.022711,52.179777],[21.022341,52.179626]]}},{"type":"Feature","properties":{"mode":"bus","n":7,"arr":["107","116","166","172","503","N31","N81"],"lines":"107, 116, 166, 172, 503, N31, N81"},"geometry":{"type":"LineString","coordinates":[[21.047139,52.190203],[21.041693,52.19538]]}},{"type":"Feature","properties":{"mode":"bus","n":12,"arr":["107","131","141","162","167","180","185","187","N31","N33","N81","N83"],"lines":"107, 131, 141, 162, 167, 180, 185, 187, N31, N33, N81, N83"},"geometry":{"type":"LineString","coordinates":[[21.048695,52.207038],[21.048642,52.207217]]}},{"type":"Feature","properties":{"mode":"bus","n":11,"arr":["107","N11","N13","N16","N21","N41","N42","N61","N63","N71","N91"],"lines":"107, N11, N13, N16, N21, N41, N42, N61, N63, N71, N91"},"geometry":{"type":"LineString","coordinates":[[21.006744,52.238298],[21.005827,52.238834],[21.005265,52.239394],[21.004976,52.239832],[21.004818,52.240248],[21.00478,52.240487],[21.004779,52.240948],[21.004738,52.241105],[21.004625,52.241269],[21.003759,52.242178],[21.003402,52.242499]]}},{"type":"Feature","properties":{"mode":"bus","n":12,"arr":["107","111","518","N11","N13","N16","N21","N41","N61","N63","N71","N91"],"lines":"107, 111, 518, N11, N13, N16, N21, N41, N61, N63, N71, N91"},"geometry":{"type":"LineString","coordinates":[[21.002062,52.243527],[21.003402,52.242499]]}},{"type":"Feature","properties":{"mode":"bus","n":13,"arr":["107","111","518","N11","N13","N16","N21","N41","N42","N61","N63","N71","N91"],"lines":"107, 111, 518, N11, N13, N16, N21, N41, N42, N61, N63, N71, N91"},"geometry":{"type":"LineString","coordinates":[[21.001218,52.244252],[21.001602,52.243884],[21.002062,52.243527]]}},{"type":"Feature","properties":{"mode":"bus","n":6,"arr":["107","111","N13","N41","N63","N91"],"lines":"107, 111, N13, N41, N63, N91"},"geometry":{"type":"LineString","coordinates":[[21.000512,52.244983],[21.000722,52.244788],[21.00103,52.244423]]}},{"type":"Feature","properties":{"mode":"bus","n":7,"arr":["108","116","118","166","180","503","517"],"lines":"108, 116, 118, 166, 180, 503, 517"},"geometry":{"type":"LineString","coordinates":[[21.02287,52.228625],[21.022696,52.229253],[21.022367,52.229698],[21.022253,52.229789]]}},{"type":"Feature","properties":{"mode":"bus","n":6,"arr":["108","131","162","N33","N83","WAK"],"lines":"108, 131, 162, N33, N83, WAK"},"geometry":{"type":"LineString","coordinates":[[21.030513,52.230216],[21.033768,52.227059],[21.034573,52.224959]]}},{"type":"Feature","properties":{"mode":"bus","n":5,"arr":["108","131","162","N33","N83"],"lines":"108, 131, 162, N33, N83"},"geometry":{"type":"LineString","coordinates":[[21.035943,52.222069],[21.035576,52.222434],[21.034573,52.224959]]}},{"type":"Feature","properties":{"mode":"bus","n":5,"arr":["108","131","162","N33","N83"],"lines":"108, 131, 162, N33, N83"},"geometry":{"type":"LineString","coordinates":[[21.030897,52.22986],[21.030721,52.23021]]}},{"type":"Feature","properties":{"mode":"bus","n":7,"arr":["108","118","127","131","166","N33","N83"],"lines":"108, 118, 127, 131, 166, N33, N83"},"geometry":{"type":"LineString","coordinates":[[21.030721,52.23021],[21.030513,52.230216]]}},{"type":"Feature","properties":{"mode":"bus","n":6,"arr":["108","127","131","N33","N83","WAK"],"lines":"108, 127, 131, N33, N83, WAK"},"geometry":{"type":"LineString","coordinates":[[21.021011,52.229496],[21.022253,52.229789]]}},{"type":"Feature","properties":{"mode":"bus","n":5,"arr":["97","110","250","409","N91"],"lines":"97, 110, 250, 409, N91"},"geometry":{"type":"LineString","coordinates":[[20.883698,52.305366],[20.883799,52.304636],[20.883789,52.304442],[20.883646,52.303814],[20.883503,52.303459],[20.881597,52.301134],[20.881425,52.300899],[20.881275,52.300601],[20.881256,52.300519],[20.881294,52.300334],[20.881613,52.299727]]}},{"type":"Feature","properties":{"mode":"bus","n":5,"arr":["110","210","712","N58","N91"],"lines":"110, 210, 712, N58, N91"},"geometry":{"type":"LineString","coordinates":[[20.876557,52.287255],[20.882415,52.286437],[20.886796,52.285877],[20.894243,52.284866],[20.896113,52.284594],[20.898133,52.284215],[20.90082,52.283819],[20.901882,52.283776],[20.907959,52.283726],[20.910825,52.283681],[20.913561,52.283347],[20.913772,52.28333],[20.914076,52.283346]]}},{"type":"Feature","properties":{"mode":"bus","n":5,"arr":["110","409","N41","N58","N91"],"lines":"110, 409, N41, N58, N91"},"geometry":{"type":"LineString","coordinates":[[20.919993,52.282191],[20.92031,52.282141],[20.920961,52.281954],[20.924192,52.281185]]}},{"type":"Feature","properties":{"mode":"bus","n":6,"arr":["110","116","N01","N41","N43","N91"],"lines":"110, 116, N01, N41, N43, N91"},"geometry":{"type":"LineString","coordinates":[[20.924192,52.281185],[20.925366,52.280894],[20.928398,52.280057],[20.931122,52.279083],[20.93183,52.278881],[20.932949,52.278666],[20.938998,52.277975]]}},{"type":"Feature","properties":{"mode":"bus","n":10,"arr":["110","112","116","303","N01","N02","N41","N43","N44","N91"],"lines":"110, 112, 116, 303, N01, N02, N41, N43, N44, N91"},"geometry":{"type":"LineString","coordinates":[[20.938998,52.277975],[20.939246,52.277922]]}},{"type":"Feature","properties":{"mode":"bus","n":6,"arr":["110","112","116","303","N02","N44"],"lines":"110, 112, 116, 303, N02, N44"},"geometry":{"type":"LineString","coordinates":[[20.947711,52.276972],[20.939246,52.277922]]}},{"type":"Feature","properties":{"mode":"bus","n":7,"arr":["110","112","116","197","303","N02","N44"],"lines":"110, 112, 116, 197, 303, N02, N44"},"geometry":{"type":"LineString","coordinates":[[20.953671,52.276303],[20.947711,52.276972]]}},{"type":"Feature","properties":{"mode":"bus","n":14,"arr":["110","112","116","132","134","156","326","518","705","735","N02","N13","N44","N63"],"lines":"110, 112, 116, 132, 134, 156, 326, 518, 705, 735, N02, N13, N44, N63"},"geometry":{"type":"LineString","coordinates":[[20.966124,52.273596],[20.967455,52.272984]]}},{"type":"Feature","properties":{"mode":"bus","n":11,"arr":["110","116","132","134","326","518","705","735","N13","N44","N63"],"lines":"110, 116, 132, 134, 326, 518, 705, 735, N13, N44, N63"},"geometry":{"type":"LineString","coordinates":[[20.967455,52.272984],[20.968444,52.27258],[20.96907,52.272389],[20.969712,52.272244]]}},{"type":"Feature","properties":{"mode":"bus","n":6,"arr":["110","132","134","326","705","735"],"lines":"110, 132, 134, 326, 705, 735"},"geometry":{"type":"LineString","coordinates":[[20.969712,52.272244],[20.969867,52.272177],[20.969923,52.272106],[20.969919,52.271999],[20.96983,52.271913]]}},{"type":"Feature","properties":{"mode":"bus","n":8,"arr":["110","121","132","134","326","518","705","735"],"lines":"110, 121, 132, 134, 326, 518, 705, 735"},"geometry":{"type":"LineString","coordinates":[[20.96983,52.271913],[20.96947,52.271804]]}},{"type":"Feature","properties":{"mode":"bus","n":5,"arr":["110","121","326","705","735"],"lines":"110, 121, 326, 705, 735"},"geometry":{"type":"LineString","coordinates":[[20.968883,52.272101],[20.968972,52.271993]]}},{"type":"Feature","properties":{"mode":"bus","n":7,"arr":["110","121","132","134","326","705","735"],"lines":"110, 121, 132, 134, 326, 705, 735"},"geometry":{"type":"LineString","coordinates":[[20.968972,52.271993],[20.969016,52.271899],[20.969029,52.271624]]}},{"type":"Feature","properties":{"mode":"bus","n":7,"arr":["110","112","116","156","755","N02","N44"],"lines":"110, 112, 116, 156, 755, N02, N44"},"geometry":{"type":"LineString","coordinates":[[20.962934,52.275429],[20.959968,52.275754]]}},{"type":"Feature","properties":{"mode":"bus","n":6,"arr":["111","116","128","175","180","503"],"lines":"111, 116, 128, 175, 180, 503"},"geometry":{"type":"LineString","coordinates":[[21.020155,52.232216],[21.019845,52.232724],[21.019716,52.232855],[21.019464,52.233249],[21.018746,52.234644],[21.018363,52.235616],[21.017937,52.237024]]}},{"type":"Feature","properties":{"mode":"bus","n":6,"arr":["111","116","128","175","180","503"],"lines":"111, 116, 128, 175, 180, 503"},"geometry":{"type":"LineString","coordinates":[[21.02097,52.231962],[21.020841,52.232029],[21.020209,52.232201],[21.02019,52.232205],[21.020178,52.232205],[21.020172,52.232202],[21.020172,52.232194],[21.020179,52.232183],[21.020436,52.231829]]}},{"type":"Feature","properties":{"mode":"bus","n":6,"arr":["111","116","128","175","180","503"],"lines":"111, 116, 128, 175, 180, 503"},"geometry":{"type":"LineString","coordinates":[[21.01392,52.240504],[21.013931,52.240564],[21.0132,52.242453],[21.013072,52.242672]]}},{"type":"Feature","properties":{"mode":"bus","n":6,"arr":["111","116","128","175","180","503"],"lines":"111, 116, 128, 175, 180, 503"},"geometry":{"type":"LineString","coordinates":[[21.012031,52.24328],[21.011519,52.244055],[21.010856,52.244938]]}},{"type":"Feature","properties":{"mode":"bus","n":8,"arr":["111","117","158","507","521","N22","N24","N72"],"lines":"111, 117, 158, 507, 521, N22, N24, N72"},"geometry":{"type":"LineString","coordinates":[[21.02114,52.231664],[21.021755,52.231873],[21.023798,52.232314],[21.035866,52.23481],[21.03702,52.235003],[21.037385,52.235104]]}},{"type":"Feature","properties":{"mode":"bus","n":8,"arr":["111","117","158","507","521","N22","N24","N72"],"lines":"111, 117, 158, 507, 521, N22, N24, N72"},"geometry":{"type":"LineString","coordinates":[[21.037475,52.235267],[21.036761,52.235163],[21.035873,52.234938],[21.035073,52.234767],[21.023468,52.232401],[21.022624,52.232264],[21.021337,52.231996],[21.02097,52.231962]]}},{"type":"Feature","properties":{"mode":"bus","n":9,"arr":["111","117","158","166","507","521","N22","N24","N72"],"lines":"111, 117, 158, 166, 507, 521, N22, N24, N72"},"geometry":{"type":"LineString","coordinates":[[21.037385,52.235104],[21.037603,52.235164],[21.044783,52.236639],[21.046311,52.236928]]}},{"type":"Feature","properties":{"mode":"bus","n":11,"arr":["111","117","146","147","158","166","507","521","N22","N24","N72"],"lines":"111, 117, 146, 147, 158, 166, 507, 521, N22, N24, N72"},"geometry":{"type":"LineString","coordinates":[[21.046311,52.236928],[21.049797,52.237633],[21.050911,52.237789],[21.051614,52.237815]]}},{"type":"Feature","properties":{"mode":"bus","n":10,"arr":["111","123","158","507","509","521","N02","N22","N24","N72"],"lines":"111, 123, 158, 507, 509, 521, N02, N22, N24, N72"},"geometry":{"type":"LineString","coordinates":[[21.052244,52.237978],[21.052686,52.238169]]}},{"type":"Feature","properties":{"mode":"bus","n":7,"arr":["111","123","507","509","N02","N22","N72"],"lines":"111, 123, 507, 509, N02, N22, N72"},"geometry":{"type":"LineString","coordinates":[[21.052686,52.238169],[21.055475,52.238752]]}},{"type":"Feature","properties":{"mode":"bus","n":8,"arr":["111","123","507","509","E-1","N02","N22","N72"],"lines":"111, 123, 507, 509, E-1, N02, N22, N72"},"geometry":{"type":"LineString","coordinates":[[21.060548,52.232977],[21.060111,52.23412],[21.059979,52.234398],[21.059778,52.234694],[21.057567,52.236878],[21.055348,52.238867]]}},{"type":"Feature","properties":{"mode":"bus","n":9,"arr":["111","123","411","507","509","E-1","N02","N22","N72"],"lines":"111, 123, 411, 507, 509, E-1, N02, N22, N72"},"geometry":{"type":"LineString","coordinates":[[21.060791,52.232351],[21.060548,52.232977]]}},{"type":"Feature","properties":{"mode":"bus","n":10,"arr":["111","123","147","411","507","509","E-1","N02","N22","N72"],"lines":"111, 123, 147, 411, 507, 509, E-1, N02, N22, N72"},"geometry":{"type":"LineString","coordinates":[[21.067738,52.225861],[21.06515,52.226621],[21.0646,52.226838],[21.064128,52.227144],[21.063899,52.227345],[21.063734,52.227535],[21.06185,52.23061]]}},{"type":"Feature","properties":{"mode":"bus","n":11,"arr":["111","117","123","147","411","507","509","E-1","N02","N22","N72"],"lines":"111, 117, 123, 147, 411, 507, 509, E-1, N02, N22, N72"},"geometry":{"type":"LineString","coordinates":[[21.083833,52.225966],[21.081815,52.226019],[21.08053,52.226155],[21.078888,52.226132],[21.077594,52.226072],[21.075666,52.22584],[21.073827,52.225431],[21.07185,52.225034],[21.071329,52.225001],[21.070966,52.225018],[21.070267,52.225135],[21.067738,52.225861]]}},{"type":"Feature","properties":{"mode":"bus","n":9,"arr":["111","117","123","147","507","509","N02","N22","N72"],"lines":"111, 117, 123, 147, 507, 509, N02, N22, N72"},"geometry":{"type":"LineString","coordinates":[[21.070267,52.225135],[21.070628,52.224997],[21.071027,52.224921],[21.071407,52.224918],[21.07185,52.225034]]}},{"type":"Feature","properties":{"mode":"bus","n":7,"arr":["111","123","213","509","N02","N22","N72"],"lines":"111, 123, 213, 509, N02, N22, N72"},"geometry":{"type":"LineString","coordinates":[[21.093889,52.227492],[21.095238,52.227253],[21.099149,52.226502],[21.099859,52.226293],[21.100209,52.226151],[21.100673,52.22589],[21.101403,52.225441],[21.101715,52.225221],[21.10202,52.224837],[21.102098,52.224594],[21.10209,52.22427],[21.101982,52.224008],[21.101866,52.223841],[21.101211,52.223099]]}},{"type":"Feature","properties":{"mode":"bus","n":7,"arr":["111","123","213","509","N02","N22","N72"],"lines":"111, 123, 213, 509, N02, N22, N72"},"geometry":{"type":"LineString","coordinates":[[21.101345,52.22306],[21.101883,52.22369],[21.102106,52.224021],[21.102214,52.224344],[21.1022,52.224613],[21.102164,52.224776],[21.102072,52.224956],[21.101793,52.225271],[21.100862,52.225869],[21.100171,52.226246],[21.099534,52.226475],[21.093936,52.22758]]}},{"type":"Feature","properties":{"mode":"bus","n":8,"arr":["111","117","123","213","311","509","N22","N72"],"lines":"111, 117, 123, 213, 311, 509, N22, N72"},"geometry":{"type":"LineString","coordinates":[[21.101211,52.223099],[21.101079,52.222956]]}},{"type":"Feature","properties":{"mode":"bus","n":9,"arr":["111","148","213","507","509","N02","N03","N22","N72"],"lines":"111, 148, 213, 507, 509, N02, N03, N22, N72"},"geometry":{"type":"LineString","coordinates":[[21.101079,52.222956],[21.101228,52.22291]]}},{"type":"Feature","properties":{"mode":"bus","n":11,"arr":["111","117","148","213","219","311","507","509","N03","N22","N72"],"lines":"111, 117, 148, 213, 219, 311, 507, 509, N03, N22, N72"},"geometry":{"type":"LineString","coordinates":[[21.101228,52.22291],[21.101677,52.222762]]}},{"type":"Feature","properties":{"mode":"bus","n":6,"arr":["111","117","411","507","509","E-1"],"lines":"111, 117, 411, 507, 509, E-1"},"geometry":{"type":"LineString","coordinates":[[21.10285,52.222096],[21.103019,52.222276]]}},{"type":"Feature","properties":{"mode":"bus","n":8,"arr":["111","117","213","311","411","507","509","E-1"],"lines":"111, 117, 213, 311, 411, 507, 509, E-1"},"geometry":{"type":"LineString","coordinates":[[21.103019,52.222276],[21.103051,52.22238],[21.102986,52.222494]]}},{"type":"Feature","properties":{"mode":"bus","n":13,"arr":["111","117","148","213","219","311","411","507","509","E-1","N03","N22","N72"],"lines":"111, 117, 148, 213, 219, 311, 411, 507, 509, E-1, N03, N22, N72"},"geometry":{"type":"LineString","coordinates":[[21.102986,52.222494],[21.101345,52.22306]]}},{"type":"Feature","properties":{"mode":"bus","n":5,"arr":["111","213","509","N22","N72"],"lines":"111, 213, 509, N22, N72"},"geometry":{"type":"LineString","coordinates":[[21.093936,52.22758],[21.093762,52.227615]]}},{"type":"Feature","properties":{"mode":"bus","n":11,"arr":["111","123","158","507","509","521","E-1","N02","N22","N24","N72"],"lines":"111, 123, 158, 507, 509, 521, E-1, N02, N22, N24, N72"},"geometry":{"type":"LineString","coordinates":[[21.055348,52.238867],[21.053889,52.238569],[21.053367,52.238515],[21.051907,52.238462]]}},{"type":"Feature","properties":{"mode":"bus","n":12,"arr":["111","117","146","147","158","166","507","521","N22","N24","N72","WAK"],"lines":"111, 117, 146, 147, 158, 166, 507, 521, N22, N24, N72, WAK"},"geometry":{"type":"LineString","coordinates":[[21.051287,52.238341],[21.049321,52.237728],[21.047627,52.237366]]}},{"type":"Feature","properties":{"mode":"bus","n":10,"arr":["111","117","158","166","507","521","N22","N24","N72","WAK"],"lines":"111, 117, 158, 166, 507, 521, N22, N24, N72, WAK"},"geometry":{"type":"LineString","coordinates":[[21.047627,52.237366],[21.037475,52.235267]]}},{"type":"Feature","properties":{"mode":"bus","n":8,"arr":["111","116","178","180","503","518","N44","WAK"],"lines":"111, 116, 178, 180, 503, 518, N44, WAK"},"geometry":{"type":"LineString","coordinates":[[21.008549,52.243843],[21.009666,52.244313],[21.009793,52.24443],[21.010626,52.244809],[21.010755,52.244837],[21.010856,52.244938]]}},{"type":"Feature","properties":{"mode":"bus","n":8,"arr":["112","122","177","189","190","249","743","N42"],"lines":"112, 122, 177, 189, 190, 249, 743, N42"},"geometry":{"type":"LineString","coordinates":[[20.897104,52.227524],[20.915185,52.228974]]}},{"type":"Feature","properties":{"mode":"bus","n":7,"arr":["112","122","177","190","249","743","N42"],"lines":"112, 122, 177, 190, 249, 743, N42"},"geometry":{"type":"LineString","coordinates":[[20.915185,52.228974],[20.915495,52.229023]]}},{"type":"Feature","properties":{"mode":"bus","n":11,"arr":["112","122","129","177","189","190","249","743","N01","N41","N42"],"lines":"112, 122, 129, 177, 189, 190, 249, 743, N01, N41, N42"},"geometry":{"type":"LineString","coordinates":[[20.915495,52.229023],[20.915447,52.229136]]}},{"type":"Feature","properties":{"mode":"bus","n":10,"arr":["112","122","129","177","190","249","743","N01","N41","N42"],"lines":"112, 122, 129, 177, 190, 249, 743, N01, N41, N42"},"geometry":{"type":"LineString","coordinates":[[20.915447,52.229136],[20.915194,52.23005],[20.915059,52.231961]]}},{"type":"Feature","properties":{"mode":"bus","n":9,"arr":["112","122","177","190","249","743","N01","N41","N42"],"lines":"112, 122, 177, 190, 249, 743, N01, N41, N42"},"geometry":{"type":"LineString","coordinates":[[20.915059,52.231961],[20.914936,52.233887],[20.914869,52.234366],[20.914042,52.23685]]}},{"type":"Feature","properties":{"mode":"bus","n":13,"arr":["112","122","149","177","190","249","714","719","729","743","N01","N41","N42"],"lines":"112, 122, 149, 177, 190, 249, 714, 719, 729, 743, N01, N41, N42"},"geometry":{"type":"LineString","coordinates":[[20.914042,52.23685],[20.913399,52.239038]]}},{"type":"Feature","properties":{"mode":"bus","n":11,"arr":["112","122","149","177","714","719","729","743","N01","N41","N42"],"lines":"112, 122, 149, 177, 714, 719, 729, 743, N01, N41, N42"},"geometry":{"type":"LineString","coordinates":[[20.913347,52.239269],[20.913399,52.239038]]}},{"type":"Feature","properties":{"mode":"bus","n":6,"arr":["112","122","523","N01","N41","N43"],"lines":"112, 122, 523, N01, N41, N43"},"geometry":{"type":"LineString","coordinates":[[20.913578,52.252074],[20.912243,52.251102],[20.911913,52.250779],[20.911663,52.250478],[20.911478,52.250199],[20.911237,52.249677],[20.911119,52.249141],[20.911105,52.248885],[20.911129,52.248589],[20.911216,52.248202],[20.91178,52.246673],[20.912581,52.242725],[20.912738,52.242118],[20.91296,52.240782],[20.913161,52.240171],[20.913347,52.239269]]}},{"type":"Feature","properties":{"mode":"bus","n":5,"arr":["112","184","N01","N41","N43"],"lines":"112, 184, N01, N41, N43"},"geometry":{"type":"LineString","coordinates":[[20.92499,52.261407],[20.922468,52.259376],[20.922024,52.25907],[20.919723,52.257187]]}},{"type":"Feature","properties":{"mode":"bus","n":7,"arr":["112","184","201","220","N01","N41","N43"],"lines":"112, 184, 201, 220, N01, N41, N43"},"geometry":{"type":"LineString","coordinates":[[20.92499,52.261407],[20.925687,52.261872],[20.926712,52.262696],[20.927812,52.263468]]}},{"type":"Feature","properties":{"mode":"bus","n":7,"arr":["112","122","184","220","N01","N41","N43"],"lines":"112, 122, 184, 220, N01, N41, N43"},"geometry":{"type":"LineString","coordinates":[[20.927812,52.263468],[20.927936,52.26356]]}},{"type":"Feature","properties":{"mode":"bus","n":6,"arr":["112","122","184","N01","N41","N43"],"lines":"112, 122, 184, N01, N41, N43"},"geometry":{"type":"LineString","coordinates":[[20.927936,52.26356],[20.928704,52.264105],[20.930682,52.26569],[20.931273,52.266195],[20.931594,52.266553],[20.931899,52.267025],[20.934078,52.271016],[20.934152,52.271215]]}},{"type":"Feature","properties":{"mode":"bus","n":7,"arr":["112","114","184","N01","N02","N41","N43"],"lines":"112, 114, 184, N01, N02, N41, N43"},"geometry":{"type":"LineString","coordinates":[[20.934152,52.271215],[20.934214,52.271383],[20.934815,52.272519],[20.935124,52.272897],[20.935345,52.273096],[20.936041,52.273608],[20.938305,52.275147]]}},{"type":"Feature","properties":{"mode":"bus","n":5,"arr":["112","184","N01","N02","N43"],"lines":"112, 184, N01, N02, N43"},"geometry":{"type":"LineString","coordinates":[[20.938305,52.275147],[20.938506,52.275416]]}},{"type":"Feature","properties":{"mode":"bus","n":7,"arr":["112","184","N01","N02","N41","N43","N91"],"lines":"112, 184, N01, N02, N41, N43, N91"},"geometry":{"type":"LineString","coordinates":[[20.938506,52.275416],[20.939246,52.277922]]}},{"type":"Feature","properties":{"mode":"bus","n":11,"arr":["112","132","134","156","186","326","414","518","705","735","N02"],"lines":"112, 132, 134, 156, 186, 326, 414, 518, 705, 735, N02"},"geometry":{"type":"LineString","coordinates":[[20.966619,52.272876],[20.96786,52.273618],[20.968214,52.273804]]}},{"type":"Feature","properties":{"mode":"bus","n":13,"arr":["112","132","134","156","186","326","414","518","705","735","N02","N13","N63"],"lines":"112, 132, 134, 156, 186, 326, 414, 518, 705, 735, N02, N13, N63"},"geometry":{"type":"LineString","coordinates":[[20.968214,52.273804],[20.969143,52.274342],[20.96961,52.27477],[20.9703,52.275167],[20.975662,52.278031],[20.976661,52.278425],[20.977498,52.27879],[20.978726,52.279571],[20.982157,52.2812],[20.983484,52.281763],[20.990154,52.284798]]}},{"type":"Feature","properties":{"mode":"bus","n":13,"arr":["112","132","134","156","186","326","414","518","705","735","N02","N13","N63"],"lines":"112, 132, 134, 156, 186, 326, 414, 518, 705, 735, N02, N13, N63"},"geometry":{"type":"LineString","coordinates":[[20.988502,52.284371],[20.983233,52.281967],[20.980697,52.280709],[20.979509,52.280291],[20.978547,52.27983],[20.976494,52.278794],[20.975425,52.278119],[20.972506,52.276596],[20.969609,52.275],[20.968787,52.27467],[20.967775,52.274119]]}},{"type":"Feature","properties":{"mode":"bus","n":14,"arr":["112","114","132","134","156","186","326","414","518","705","735","N02","N13","N63"],"lines":"112, 114, 132, 134, 156, 186, 326, 414, 518, 705, 735, N02, N13, N63"},"geometry":{"type":"LineString","coordinates":[[20.990154,52.284798],[20.998115,52.288434]]}},{"type":"Feature","properties":{"mode":"bus","n":14,"arr":["112","114","132","134","156","186","326","414","518","705","735","N02","N13","N63"],"lines":"112, 114, 132, 134, 156, 186, 326, 414, 518, 705, 735, N02, N13, N63"},"geometry":{"type":"LineString","coordinates":[[20.997852,52.288651],[20.988502,52.284371]]}},{"type":"Feature","properties":{"mode":"bus","n":7,"arr":["112","114","132","134","156","414","N02"],"lines":"112, 114, 132, 134, 156, 414, N02"},"geometry":{"type":"LineString","coordinates":[[20.998115,52.288434],[20.999139,52.288915],[20.999958,52.289266],[21.00192,52.289938],[21.00259,52.290134]]}},{"type":"Feature","properties":{"mode":"bus","n":7,"arr":["112","114","132","134","156","414","N02"],"lines":"112, 114, 132, 134, 156, 414, N02"},"geometry":{"type":"LineString","coordinates":[[21.00145,52.290203],[21.000276,52.289772],[20.999288,52.289284],[20.997852,52.288651]]}},{"type":"Feature","properties":{"mode":"bus","n":8,"arr":["112","114","132","134","145","156","414","N02"],"lines":"112, 114, 132, 134, 145, 156, 414, N02"},"geometry":{"type":"LineString","coordinates":[[21.00259,52.290134],[21.012013,52.293151]]}},{"type":"Feature","properties":{"mode":"bus","n":8,"arr":["112","114","132","134","145","156","414","N02"],"lines":"112, 114, 132, 134, 145, 156, 414, N02"},"geometry":{"type":"LineString","coordinates":[[21.011452,52.293415],[21.00145,52.290203]]}},{"type":"Feature","properties":{"mode":"bus","n":7,"arr":["112","114","134","145","156","414","N02"],"lines":"112, 114, 134, 145, 156, 414, N02"},"geometry":{"type":"LineString","coordinates":[[21.012013,52.293151],[21.012543,52.293233],[21.014667,52.293713],[21.015224,52.2937],[21.01557,52.293661],[21.01597,52.293541],[21.016349,52.293325],[21.016566,52.293128],[21.017214,52.292407],[21.01752,52.292164]]}},{"type":"Feature","properties":{"mode":"bus","n":7,"arr":["112","114","134","145","156","414","N02"],"lines":"112, 114, 134, 145, 156, 414, N02"},"geometry":{"type":"LineString","coordinates":[[21.017817,52.292228],[21.017706,52.292565],[21.017277,52.293331],[21.017086,52.293568],[21.015706,52.295618],[21.015569,52.295755],[21.01541,52.295864],[21.015115,52.295967],[21.014857,52.295993],[21.014595,52.295973],[21.01433,52.295898],[21.01415,52.2958],[21.013971,52.295644],[21.013617,52.295211],[21.01334,52.294942],[21.013006,52.294485],[21.012445,52.293906],[21.012021,52.29365],[21.011452,52.293415]]}},{"type":"Feature","properties":{"mode":"bus","n":10,"arr":["112","114","126","134","145","156","176","414","N02","N64"],"lines":"112, 114, 126, 134, 145, 156, 176, 414, N02, N64"},"geometry":{"type":"LineString","coordinates":[[21.01752,52.292164],[21.01807,52.2914]]}},{"type":"Feature","properties":{"mode":"bus","n":10,"arr":["112","114","126","134","145","156","176","414","N02","N64"],"lines":"112, 114, 126, 134, 145, 156, 176, 414, N02, N64"},"geometry":{"type":"LineString","coordinates":[[21.01847,52.291315],[21.017817,52.292228]]}},{"type":"Feature","properties":{"mode":"bus","n":5,"arr":["112","134","176","N02","N64"],"lines":"112, 134, 176, N02, N64"},"geometry":{"type":"LineString","coordinates":[[21.01807,52.2914],[21.018219,52.291308],[21.018326,52.291274],[21.018512,52.291257],[21.018613,52.291269],[21.020461,52.291795],[21.020707,52.291895]]}},{"type":"Feature","properties":{"mode":"bus","n":5,"arr":["112","134","176","N02","N64"],"lines":"112, 134, 176, N02, N64"},"geometry":{"type":"LineString","coordinates":[[21.027249,52.293463],[21.025916,52.293341]]}},{"type":"Feature","properties":{"mode":"bus","n":5,"arr":["112","134","176","N02","N64"],"lines":"112, 134, 176, N02, N64"},"geometry":{"type":"LineString","coordinates":[[21.026179,52.29346],[21.026038,52.293417],[21.025916,52.293341],[21.020707,52.291895],[21.020422,52.291847],[21.020028,52.291723],[21.01847,52.291315]]}},{"type":"Feature","properties":{"mode":"bus","n":7,"arr":["112","134","176","204","N02","N14","N64"],"lines":"112, 134, 176, 204, N02, N14, N64"},"geometry":{"type":"LineString","coordinates":[[21.02866,52.293465],[21.027884,52.293511],[21.027249,52.293463]]}},{"type":"Feature","properties":{"mode":"bus","n":7,"arr":["112","134","176","204","N02","N14","N64"],"lines":"112, 134, 176, 204, N02, N14, N64"},"geometry":{"type":"LineString","coordinates":[[21.028906,52.293685],[21.028192,52.293745],[21.027838,52.293747],[21.027194,52.293712]]}},{"type":"Feature","properties":{"mode":"bus","n":6,"arr":["112","134","204","N02","N14","N64"],"lines":"112, 134, 204, N02, N14, N64"},"geometry":{"type":"LineString","coordinates":[[21.02929,52.293411],[21.02866,52.293465]]}},{"type":"Feature","properties":{"mode":"bus","n":9,"arr":["112","114","199","245","409","414","500","N14","N64"],"lines":"112, 114, 199, 245, 409, 414, 500, N14, N64"},"geometry":{"type":"LineString","coordinates":[[21.04181,52.29322],[21.042211,52.295071],[21.042322,52.296065]]}},{"type":"Feature","properties":{"mode":"bus","n":9,"arr":["112","114","199","245","409","414","500","N14","N64"],"lines":"112, 114, 199, 245, 409, 414, 500, N14, N64"},"geometry":{"type":"LineString","coordinates":[[21.041737,52.292565],[21.041836,52.293022],[21.041815,52.293184],[21.041813,52.293194],[21.04181,52.2932],[21.041806,52.293203],[21.041802,52.293201],[21.041797,52.293195],[21.041791,52.293186],[21.041705,52.293033],[21.041606,52.292574]]}},{"type":"Feature","properties":{"mode":"bus","n":13,"arr":["112","114","126","145","156","199","212","245","409","414","500","N14","N64"],"lines":"112, 114, 126, 145, 156, 199, 212, 245, 409, 414, 500, N14, N64"},"geometry":{"type":"LineString","coordinates":[[21.041572,52.292463],[21.041606,52.292574]]}},{"type":"Feature","properties":{"mode":"bus","n":7,"arr":["112","169","199","245","409","500","N02"],"lines":"112, 169, 199, 245, 409, 500, N02"},"geometry":{"type":"LineString","coordinates":[[21.041713,52.292453],[21.041572,52.292463]]}},{"type":"Feature","properties":{"mode":"bus","n":11,"arr":["112","126","145","156","169","199","212","245","409","500","N02"],"lines":"112, 126, 145, 156, 169, 199, 212, 245, 409, 500, N02"},"geometry":{"type":"LineString","coordinates":[[21.048532,52.291907],[21.047827,52.291899],[21.046858,52.291951],[21.045046,52.292101],[21.04418,52.292252],[21.041713,52.292453]]}},{"type":"Feature","properties":{"mode":"bus","n":11,"arr":["112","126","145","156","169","199","212","245","409","500","N02"],"lines":"112, 126, 145, 156, 169, 199, 212, 245, 409, 500, N02"},"geometry":{"type":"LineString","coordinates":[[21.048916,52.292119],[21.0483,52.292099],[21.047674,52.292119],[21.045141,52.292323],[21.044159,52.292369],[21.041737,52.292565]]}},{"type":"Feature","properties":{"mode":"bus","n":13,"arr":["112","120","126","145","156","169","199","212","245","409","500","N02","N11"],"lines":"112, 120, 126, 145, 156, 169, 199, 212, 245, 409, 500, N02, N11"},"geometry":{"type":"LineString","coordinates":[[21.048688,52.291915],[21.048532,52.291907]]}},{"type":"Feature","properties":{"mode":"bus","n":14,"arr":["112","120","126","145","156","169","199","212","245","409","500","N02","N11","R9"],"lines":"112, 120, 126, 145, 156, 169, 199, 212, 245, 409, 500, N02, N11, R9"},"geometry":{"type":"LineString","coordinates":[[21.051164,52.292087],[21.048688,52.291915]]}},{"type":"Feature","properties":{"mode":"bus","n":7,"arr":["112","126","145","199","212","245","R9"],"lines":"112, 126, 145, 199, 212, 245, R9"},"geometry":{"type":"LineString","coordinates":[[21.051696,52.292121],[21.051164,52.292087]]}},{"type":"Feature","properties":{"mode":"bus","n":12,"arr":["112","120","126","156","169","212","256","409","500","N02","N11","R9"],"lines":"112, 120, 126, 156, 169, 212, 256, 409, 500, N02, N11, R9"},"geometry":{"type":"LineString","coordinates":[[21.051696,52.292121],[21.051817,52.292251]]}},{"type":"Feature","properties":{"mode":"bus","n":7,"arr":["112","126","212","240","256","527","R9"],"lines":"112, 126, 212, 240, 256, 527, R9"},"geometry":{"type":"LineString","coordinates":[[21.051817,52.292251],[21.052272,52.292928],[21.052469,52.293292],[21.053474,52.294768],[21.053987,52.295423],[21.054581,52.2961],[21.054723,52.296323],[21.055273,52.296896]]}},{"type":"Feature","properties":{"mode":"bus","n":8,"arr":["112","120","126","212","240","527","N11","R9"],"lines":"112, 120, 126, 212, 240, 527, N11, R9"},"geometry":{"type":"LineString","coordinates":[[21.055344,52.296816],[21.055638,52.297091],[21.055959,52.297448],[21.056315,52.297917],[21.057304,52.298973],[21.058045,52.299872],[21.058416,52.300462],[21.058811,52.301507]]}},{"type":"Feature","properties":{"mode":"bus","n":7,"arr":["112","L40","L44","L45","L46","Z1","Z3"],"lines":"112, L40, L44, L45, L46, Z1, Z3"},"geometry":{"type":"LineString","coordinates":[[21.088421,52.303374],[21.088894,52.303251]]}},{"type":"Feature","properties":{"mode":"bus","n":9,"arr":["112","140","190","738","L40","L44","L45","L46","N61"],"lines":"112, 140, 190, 738, L40, L44, L45, L46, N61"},"geometry":{"type":"LineString","coordinates":[[21.088894,52.303251],[21.088956,52.303324]]}},{"type":"Feature","properties":{"mode":"bus","n":10,"arr":["112","140","738","L40","L44","L45","L46","N61","Z1","Z3"],"lines":"112, 140, 738, L40, L44, L45, L46, N61, Z1, Z3"},"geometry":{"type":"LineString","coordinates":[[21.088956,52.303324],[21.089738,52.304269]]}},{"type":"Feature","properties":{"mode":"bus","n":8,"arr":["112","140","738","L40","L44","L45","L46","N61"],"lines":"112, 140, 738, L40, L44, L45, L46, N61"},"geometry":{"type":"LineString","coordinates":[[21.089738,52.304269],[21.090635,52.305379],[21.091363,52.306213],[21.092662,52.307787]]}},{"type":"Feature","properties":{"mode":"bus","n":5,"arr":["112","134","226","N11","R9"],"lines":"112, 134, 226, N11, R9"},"geometry":{"type":"LineString","coordinates":[[21.061929,52.307087],[21.060116,52.306818]]}},{"type":"Feature","properties":{"mode":"bus","n":9,"arr":["112","120","126","212","240","256","527","N11","R9"],"lines":"112, 120, 126, 212, 240, 256, 527, N11, R9"},"geometry":{"type":"LineString","coordinates":[[21.055273,52.296896],[21.057707,52.299592],[21.057911,52.299902],[21.058163,52.300391],[21.058601,52.30148]]}},{"type":"Feature","properties":{"mode":"bus","n":16,"arr":["112","120","126","145","156","169","199","212","240","245","256","409","500","527","N02","N11"],"lines":"112, 120, 126, 145, 156, 169, 199, 212, 240, 245, 256, 409, 500, 527, N02, N11"},"geometry":{"type":"LineString","coordinates":[[21.051817,52.292251],[21.049853,52.292161]]}},{"type":"Feature","properties":{"mode":"bus","n":15,"arr":["112","120","126","145","156","169","199","212","240","245","409","500","527","N02","N11"],"lines":"112, 120, 126, 145, 156, 169, 199, 212, 240, 245, 409, 500, 527, N02, N11"},"geometry":{"type":"LineString","coordinates":[[21.049853,52.292161],[21.048916,52.292119]]}},{"type":"Feature","properties":{"mode":"bus","n":5,"arr":["112","134","N02","N14","N64"],"lines":"112, 134, N02, N14, N64"},"geometry":{"type":"LineString","coordinates":[[21.02938,52.293639],[21.028906,52.293685]]}},{"type":"Feature","properties":{"mode":"bus","n":5,"arr":["112","134","176","204","N02"],"lines":"112, 134, 176, 204, N02"},"geometry":{"type":"LineString","coordinates":[[21.027194,52.293712],[21.027062,52.293694]]}},{"type":"Feature","properties":{"mode":"bus","n":6,"arr":["112","134","176","204","N02","N64"],"lines":"112, 134, 176, 204, N02, N64"},"geometry":{"type":"LineString","coordinates":[[21.027062,52.293694],[21.026179,52.29346]]}},{"type":"Feature","properties":{"mode":"bus","n":5,"arr":["112","184","N01","N02","N91"],"lines":"112, 184, N01, N02, N91"},"geometry":{"type":"LineString","coordinates":[[20.938274,52.275506],[20.938998,52.277975]]}},{"type":"Feature","properties":{"mode":"bus","n":5,"arr":["112","114","184","N01","N02"],"lines":"112, 114, 184, N01, N02"},"geometry":{"type":"LineString","coordinates":[[20.933852,52.271285],[20.934549,52.272587],[20.934888,52.27299],[20.936722,52.274313],[20.937374,52.274746],[20.938141,52.275341],[20.938274,52.275506]]}},{"type":"Feature","properties":{"mode":"bus","n":5,"arr":["112","122","184","N01","N43"],"lines":"112, 122, 184, N01, N43"},"geometry":{"type":"LineString","coordinates":[[20.92756,52.263609],[20.928821,52.264503],[20.930784,52.266091],[20.931116,52.2664],[20.931542,52.26698],[20.932738,52.269298],[20.93368,52.270939]]}},{"type":"Feature","properties":{"mode":"bus","n":5,"arr":["112","184","201","N01","N43"],"lines":"112, 184, 201, N01, N43"},"geometry":{"type":"LineString","coordinates":[[20.927127,52.263303],[20.92756,52.263609]]}},{"type":"Feature","properties":{"mode":"bus","n":6,"arr":["112","184","201","220","N01","N43"],"lines":"112, 184, 201, 220, N01, N43"},"geometry":{"type":"LineString","coordinates":[[20.923763,52.260627],[20.926695,52.26299],[20.927127,52.263303]]}},{"type":"Feature","properties":{"mode":"bus","n":5,"arr":["112","122","523","N01","N43"],"lines":"112, 122, 523, N01, N43"},"geometry":{"type":"LineString","coordinates":[[20.913275,52.252218],[20.912072,52.251261],[20.911639,52.250828],[20.911413,52.250552],[20.911099,52.250045],[20.910976,52.249761],[20.910828,52.249264],[20.910779,52.248878],[20.91079,52.248458],[20.910906,52.247893],[20.911048,52.24753],[20.911438,52.246742],[20.911545,52.246369],[20.912549,52.241298],[20.912903,52.23925]]}},{"type":"Feature","properties":{"mode":"bus","n":11,"arr":["112","122","149","190","249","523","714","719","729","N01","N43"],"lines":"112, 122, 149, 190, 249, 523, 714, 719, 729, N01, N43"},"geometry":{"type":"LineString","coordinates":[[20.912903,52.23925],[20.912944,52.238959]]}},{"type":"Feature","properties":{"mode":"bus","n":13,"arr":["112","122","149","177","190","249","349","714","719","729","743","N01","N42"],"lines":"112, 122, 149, 177, 190, 249, 349, 714, 719, 729, 743, N01, N42"},"geometry":{"type":"LineString","coordinates":[[20.913714,52.23703],[20.913518,52.237557],[20.913054,52.238594],[20.912944,52.238959]]}},{"type":"Feature","properties":{"mode":"bus","n":9,"arr":["112","122","177","190","249","349","743","N01","N42"],"lines":"112, 122, 177, 190, 249, 349, 743, N01, N42"},"geometry":{"type":"LineString","coordinates":[[20.913714,52.23703],[20.914522,52.234529],[20.914613,52.234122],[20.914842,52.231323],[20.914896,52.230028],[20.91499,52.229556],[20.915135,52.229086]]}},{"type":"Feature","properties":{"mode":"bus","n":9,"arr":["112","122","177","189","190","249","349","743","N42"],"lines":"112, 122, 177, 189, 190, 249, 349, 743, N42"},"geometry":{"type":"LineString","coordinates":[[20.915135,52.229086],[20.914926,52.229048],[20.913239,52.228941],[20.909401,52.228648],[20.897111,52.227661]]}},{"type":"Feature","properties":{"mode":"bus","n":5,"arr":["112","177","249","743","N42"],"lines":"112, 177, 249, 743, N42"},"geometry":{"type":"LineString","coordinates":[[20.897111,52.227661],[20.896911,52.22764]]}},{"type":"Feature","properties":{"mode":"bus","n":6,"arr":["114","150","750","755","800","N56"],"lines":"114, 150, 750, 755, 800, N56"},"geometry":{"type":"LineString","coordinates":[[20.920923,52.31433],[20.926092,52.30971],[20.926615,52.309311],[20.927114,52.308996]]}},{"type":"Feature","properties":{"mode":"bus","n":9,"arr":["114","150","181","303","409","750","755","800","N56"],"lines":"114, 150, 181, 303, 409, 750, 755, 800, N56"},"geometry":{"type":"LineString","coordinates":[[20.927114,52.308996],[20.931527,52.306603],[20.93276,52.30589],[20.93541,52.304458],[20.937214,52.303392],[20.937823,52.302919],[20.938076,52.302675],[20.938327,52.302373],[20.938566,52.301999],[20.939045,52.301073]]}},{"type":"Feature","properties":{"mode":"bus","n":9,"arr":["114","150","409","511","750","800","N01","N44","N56"],"lines":"114, 150, 409, 511, 750, 800, N01, N44, N56"},"geometry":{"type":"LineString","coordinates":[[20.939045,52.301073],[20.935802,52.299259],[20.935289,52.298901],[20.934817,52.298453]]}},{"type":"Feature","properties":{"mode":"bus","n":9,"arr":["114","150","409","511","750","800","N01","N44","N56"],"lines":"114, 150, 409, 511, 750, 800, N01, N44, N56"},"geometry":{"type":"LineString","coordinates":[[20.934717,52.298356],[20.934185,52.297758],[20.933795,52.297206],[20.933077,52.296046],[20.93218,52.294855],[20.931916,52.294456],[20.931346,52.293509],[20.93073,52.292304]]}},{"type":"Feature","properties":{"mode":"bus","n":8,"arr":["114","150","409","511","750","800","N01","N56"],"lines":"114, 150, 409, 511, 750, 800, N01, N56"},"geometry":{"type":"LineString","coordinates":[[20.934817,52.298453],[20.934717,52.298356]]}},{"type":"Feature","properties":{"mode":"bus","n":10,"arr":["114","156","184","203","409","N01","N02","N44","N46","N58"],"lines":"114, 156, 184, 203, 409, N01, N02, N44, N46, N58"},"geometry":{"type":"LineString","coordinates":[[20.930578,52.29021],[20.930128,52.290405]]}},{"type":"Feature","properties":{"mode":"bus","n":6,"arr":["114","203","409","N01","N02","N58"],"lines":"114, 203, 409, N01, N02, N58"},"geometry":{"type":"LineString","coordinates":[[20.933099,52.289069],[20.933187,52.288989],[20.933273,52.288843],[20.933232,52.288651]]}},{"type":"Feature","properties":{"mode":"bus","n":7,"arr":["114","116","121","203","409","N02","N43"],"lines":"114, 116, 121, 203, 409, N02, N43"},"geometry":{"type":"LineString","coordinates":[[20.923176,52.27706],[20.923062,52.278505],[20.922961,52.279201],[20.922963,52.279561],[20.923039,52.279926],[20.92318,52.280272],[20.923432,52.280604],[20.924042,52.281131],[20.924192,52.281185]]}},{"type":"Feature","properties":{"mode":"bus","n":6,"arr":["114","116","121","409","N02","N43"],"lines":"114, 116, 121, 409, N02, N43"},"geometry":{"type":"LineString","coordinates":[[20.925091,52.273071],[20.923871,52.273947],[20.923572,52.274265],[20.923321,52.274686],[20.923254,52.274933],[20.923213,52.27532],[20.923176,52.27706]]}},{"type":"Feature","properties":{"mode":"bus","n":6,"arr":["114","116","121","180","409","N02"],"lines":"114, 116, 121, 180, 409, N02"},"geometry":{"type":"LineString","coordinates":[[20.925933,52.27248],[20.925091,52.273071]]}},{"type":"Feature","properties":{"mode":"bus","n":5,"arr":["114","180","409","N02","N43"],"lines":"114, 180, 409, N02, N43"},"geometry":{"type":"LineString","coordinates":[[20.925933,52.27248],[20.926373,52.272231],[20.926779,52.272045],[20.927179,52.271885],[20.927844,52.271665],[20.928189,52.271518],[20.929631,52.271094],[20.930182,52.270968],[20.930899,52.270872],[20.931643,52.270864],[20.932214,52.270927],[20.933333,52.271109]]}},{"type":"Feature","properties":{"mode":"bus","n":10,"arr":["114","116","122","157","181","185","303","518","N44","N46"],"lines":"114, 116, 122, 157, 181, 185, 303, 518, N44, N46"},"geometry":{"type":"LineString","coordinates":[[20.985778,52.268528],[20.986356,52.26837]]}},{"type":"Feature","properties":{"mode":"bus","n":10,"arr":["114","116","122","157","181","185","303","518","N44","N46"],"lines":"114, 116, 122, 157, 181, 185, 303, 518, N44, N46"},"geometry":{"type":"LineString","coordinates":[[20.985404,52.268829],[20.98543,52.268766]]}},{"type":"Feature","properties":{"mode":"bus","n":6,"arr":["114","122","181","185","303","N46"],"lines":"114, 122, 181, 185, 303, N46"},"geometry":{"type":"LineString","coordinates":[[20.986356,52.26837],[20.98665,52.268354],[20.986817,52.268376]]}},{"type":"Feature","properties":{"mode":"bus","n":7,"arr":["114","122","157","181","185","303","N46"],"lines":"114, 122, 157, 181, 185, 303, N46"},"geometry":{"type":"LineString","coordinates":[[20.986817,52.268376],[20.986967,52.268454],[20.987198,52.268837]]}},{"type":"Feature","properties":{"mode":"bus","n":7,"arr":["114","122","157","181","185","303","N46"],"lines":"114, 122, 157, 181, 185, 303, N46"},"geometry":{"type":"LineString","coordinates":[[20.987061,52.269138],[20.986192,52.269328]]}},{"type":"Feature","properties":{"mode":"bus","n":7,"arr":["114","122","157","181","185","303","N46"],"lines":"114, 122, 157, 181, 185, 303, N46"},"geometry":{"type":"LineString","coordinates":[[20.985739,52.269294],[20.985488,52.269084],[20.985404,52.268829]]}},{"type":"Feature","properties":{"mode":"bus","n":5,"arr":["114","126","145","156","414"],"lines":"114, 126, 145, 156, 414"},"geometry":{"type":"LineString","coordinates":[[21.01807,52.2914],[21.021985,52.285932]]}},{"type":"Feature","properties":{"mode":"bus","n":5,"arr":["114","126","145","156","414"],"lines":"114, 126, 145, 156, 414"},"geometry":{"type":"LineString","coordinates":[[21.022271,52.286007],[21.01847,52.291315]]}},{"type":"Feature","properties":{"mode":"bus","n":7,"arr":["114","126","145","156","414","N14","N64"],"lines":"114, 126, 145, 156, 414, N14, N64"},"geometry":{"type":"LineString","coordinates":[[21.021985,52.285932],[21.024477,52.286625]]}},{"type":"Feature","properties":{"mode":"bus","n":7,"arr":["114","126","145","156","414","N14","N64"],"lines":"114, 126, 145, 156, 414, N14, N64"},"geometry":{"type":"LineString","coordinates":[[21.040653,52.288035],[21.032862,52.288686],[21.032256,52.288688],[21.031751,52.288604],[21.029502,52.287998],[21.029253,52.287951],[21.025872,52.287018]]}},{"type":"Feature","properties":{"mode":"bus","n":7,"arr":["114","126","145","156","414","N14","N64"],"lines":"114, 126, 145, 156, 414, N14, N64"},"geometry":{"type":"LineString","coordinates":[[21.024477,52.286625],[21.02515,52.286773],[21.02585,52.286993],[21.025864,52.287009],[21.025866,52.287012],[21.025867,52.287014],[21.025865,52.287015],[21.025862,52.287015],[21.025857,52.287014],[21.024624,52.286693],[21.024508,52.286658],[21.024477,52.286625]]}},{"type":"Feature","properties":{"mode":"bus","n":8,"arr":["114","126","145","156","212","414","N14","N64"],"lines":"114, 126, 145, 156, 212, 414, N14, N64"},"geometry":{"type":"LineString","coordinates":[[21.041497,52.291813],[21.040821,52.288911],[21.040653,52.288035]]}},{"type":"Feature","properties":{"mode":"bus","n":8,"arr":["114","126","145","156","212","414","N14","N64"],"lines":"114, 126, 145, 156, 212, 414, N14, N64"},"geometry":{"type":"LineString","coordinates":[[21.041713,52.292453],[21.041633,52.29211],[21.041513,52.291848],[21.041508,52.291838],[21.041504,52.291832],[21.0415,52.291831],[21.041498,52.291833],[21.041496,52.291839],[21.041495,52.291849],[21.041486,52.291986],[21.041572,52.292463]]}},{"type":"Feature","properties":{"mode":"bus","n":7,"arr":["114","169","199","245","409","414","500"],"lines":"114, 169, 199, 245, 409, 414, 500"},"geometry":{"type":"LineString","coordinates":[[21.042692,52.299772],[21.04261,52.299226],[21.042322,52.296065]]}},{"type":"Feature","properties":{"mode":"bus","n":7,"arr":["114","169","199","245","409","414","500"],"lines":"114, 169, 199, 245, 409, 414, 500"},"geometry":{"type":"LineString","coordinates":[[21.041396,52.300035],[21.041377,52.299875],[21.041381,52.299855],[21.041399,52.299842],[21.041431,52.299836],[21.042634,52.299775],[21.042659,52.299776],[21.042678,52.299782],[21.04269,52.299792],[21.042695,52.299808],[21.042718,52.300074]]}},{"type":"Feature","properties":{"mode":"bus","n":6,"arr":["114","199","245","409","414","500"],"lines":"114, 199, 245, 409, 414, 500"},"geometry":{"type":"LineString","coordinates":[[21.042718,52.300074],[21.042718,52.300174]]}},{"type":"Feature","properties":{"mode":"bus","n":6,"arr":["114","199","245","409","414","500"],"lines":"114, 199, 245, 409, 414, 500"},"geometry":{"type":"LineString","coordinates":[[21.041409,52.300127],[21.041404,52.3001]]}},{"type":"Feature","properties":{"mode":"bus","n":5,"arr":["114","245","409","414","500"],"lines":"114, 245, 409, 414, 500"},"geometry":{"type":"LineString","coordinates":[[21.041404,52.3001],[21.041396,52.300035]]}},{"type":"Feature","properties":{"mode":"bus","n":6,"arr":["114","116","121","203","409","N02"],"lines":"114, 116, 121, 203, 409, N02"},"geometry":{"type":"LineString","coordinates":[[20.923062,52.278505],[20.923102,52.279528],[20.923183,52.279995],[20.923293,52.280223],[20.923504,52.280507],[20.923663,52.28068],[20.924151,52.281096],[20.924192,52.281185]]}},{"type":"Feature","properties":{"mode":"bus","n":10,"arr":["114","150","409","511","750","755","800","N01","N44","N56"],"lines":"114, 150, 409, 511, 750, 755, 800, N01, N44, N56"},"geometry":{"type":"LineString","coordinates":[[20.930362,52.290744],[20.931396,52.292648],[20.932339,52.294028],[20.933019,52.295323],[20.933095,52.295584],[20.934136,52.297219],[20.934873,52.298171],[20.935622,52.298699],[20.936289,52.299122],[20.93743,52.299765],[20.938009,52.30006],[20.938659,52.300348],[20.940074,52.300919]]}},{"type":"Feature","properties":{"mode":"bus","n":11,"arr":["114","150","181","303","409","750","755","800","N41","N44","N56"],"lines":"114, 150, 181, 303, 409, 750, 755, 800, N41, N44, N56"},"geometry":{"type":"LineString","coordinates":[[20.940074,52.300919],[20.939932,52.301099],[20.939659,52.301358]]}},{"type":"Feature","properties":{"mode":"bus","n":10,"arr":["114","150","181","303","409","750","755","800","N41","N56"],"lines":"114, 150, 181, 303, 409, 750, 755, 800, N41, N56"},"geometry":{"type":"LineString","coordinates":[[20.939659,52.301358],[20.93906,52.301881],[20.938819,52.302142],[20.937692,52.303647],[20.937143,52.304075],[20.936488,52.304429],[20.935329,52.304931],[20.934199,52.305369],[20.933697,52.305663],[20.931891,52.306616],[20.927697,52.308904]]}},{"type":"Feature","properties":{"mode":"bus","n":5,"arr":["114","181","303","409","N41"],"lines":"114, 181, 303, 409, N41"},"geometry":{"type":"LineString","coordinates":[[20.927697,52.308904],[20.927414,52.308997],[20.927235,52.309013],[20.925785,52.308733],[20.924332,52.308614],[20.921257,52.308663],[20.920423,52.308741],[20.920152,52.308861],[20.916924,52.31066],[20.915024,52.311687]]}},{"type":"Feature","properties":{"mode":"bus","n":5,"arr":["115","143","153","Z2M","Z4M"],"lines":"115, 143, 153, Z2M, Z4M"},"geometry":{"type":"LineString","coordinates":[[21.162329,52.259803],[21.160867,52.258755],[21.160824,52.258735],[21.16077,52.25873],[21.15772,52.258854],[21.15637,52.258934],[21.15603,52.259025],[21.155804,52.259118],[21.154304,52.260027]]}},{"type":"Feature","properties":{"mode":"bus","n":5,"arr":["115","183","514","N21","N71"],"lines":"115, 183, 514, N21, N71"},"geometry":{"type":"LineString","coordinates":[[21.171523,52.251378],[21.168469,52.252363],[21.16831,52.25246],[21.167827,52.252842],[21.167512,52.252997],[21.160773,52.255206],[21.160617,52.255248],[21.160344,52.25528],[21.157836,52.255399],[21.157599,52.255428],[21.157331,52.255537],[21.156546,52.255991]]}},{"type":"Feature","properties":{"mode":"bus","n":5,"arr":["115","183","514","N21","N71"],"lines":"115, 183, 514, N21, N71"},"geometry":{"type":"LineString","coordinates":[[21.185946,52.246598],[21.185819,52.246747],[21.185672,52.246823],[21.174267,52.250333],[21.173909,52.250453],[21.172467,52.251069],[21.171778,52.251304]]}},{"type":"Feature","properties":{"mode":"bus","n":7,"arr":["115","173","402","520","N02","N21","N71"],"lines":"115, 173, 402, 520, N02, N21, N71"},"geometry":{"type":"LineString","coordinates":[[21.156523,52.24001],[21.156056,52.239918]]}},{"type":"Feature","properties":{"mode":"bus","n":9,"arr":["115","173","305","402","520","N02","N21","N25","N71"],"lines":"115, 173, 305, 402, 520, N02, N21, N25, N71"},"geometry":{"type":"LineString","coordinates":[[21.144722,52.23771],[21.156056,52.239918]]}},{"type":"Feature","properties":{"mode":"bus","n":5,"arr":["115","125","305","525","N25"],"lines":"115, 125, 305, 525, N25"},"geometry":{"type":"LineString","coordinates":[[21.164354,52.217643],[21.161568,52.225256],[21.161404,52.225949]]}},{"type":"Feature","properties":{"mode":"bus","n":5,"arr":["116","518","N13","N44","N63"],"lines":"116, 518, N13, N44, N63"},"geometry":{"type":"LineString","coordinates":[[20.969712,52.272244],[20.970471,52.272089]]}},{"type":"Feature","properties":{"mode":"bus","n":5,"arr":["116","518","N13","N44","N63"],"lines":"116, 518, N13, N44, N63"},"geometry":{"type":"LineString","coordinates":[[20.973741,52.271601],[20.973158,52.271727]]}},{"type":"Feature","properties":{"mode":"bus","n":6,"arr":["116","121","518","N13","N44","N63"],"lines":"116, 121, 518, N13, N44, N63"},"geometry":{"type":"LineString","coordinates":[[20.970471,52.272089],[20.972911,52.271544]]}},{"type":"Feature","properties":{"mode":"bus","n":6,"arr":["116","121","518","N13","N44","N63"],"lines":"116, 121, 518, N13, N44, N63"},"geometry":{"type":"LineString","coordinates":[[20.973158,52.271727],[20.971697,52.272052],[20.97104,52.272172]]}},{"type":"Feature","properties":{"mode":"bus","n":6,"arr":["116","157","181","185","518","N44"],"lines":"116, 157, 181, 185, 518, N44"},"geometry":{"type":"LineString","coordinates":[[20.98543,52.268766],[20.985575,52.268645],[20.985778,52.268528]]}},{"type":"Feature","properties":{"mode":"bus","n":6,"arr":["116","178","503","518","N44","WAK"],"lines":"116, 178, 503, 518, N44, WAK"},"geometry":{"type":"LineString","coordinates":[[20.999807,52.253754],[21.000091,52.253493],[21.000177,52.253446]]}},{"type":"Feature","properties":{"mode":"bus","n":6,"arr":["116","178","503","518","N44","WAK"],"lines":"116, 178, 503, 518, N44, WAK"},"geometry":{"type":"LineString","coordinates":[[21.001583,52.252118],[21.001745,52.251957],[21.002697,52.251424]]}},{"type":"Feature","properties":{"mode":"bus","n":6,"arr":["116","178","503","518","N44","WAK"],"lines":"116, 178, 503, 518, N44, WAK"},"geometry":{"type":"LineString","coordinates":[[21.003721,52.250479],[21.00373,52.250376],[21.00398,52.250143]]}},{"type":"Feature","properties":{"mode":"bus","n":7,"arr":["116","178","180","503","518","N44","WAK"],"lines":"116, 178, 180, 503, 518, N44, WAK"},"geometry":{"type":"LineString","coordinates":[[21.00398,52.250143],[21.004102,52.250105],[21.005072,52.249256],[21.005375,52.249076],[21.006159,52.248681],[21.00918,52.24741],[21.012304,52.246287]]}},{"type":"Feature","properties":{"mode":"bus","n":9,"arr":["116","128","175","178","180","503","518","N44","WAK"],"lines":"116, 128, 175, 178, 180, 503, 518, N44, WAK"},"geometry":{"type":"LineString","coordinates":[[21.010856,52.244938],[21.012018,52.245932],[21.012236,52.246158],[21.012304,52.246287]]}},{"type":"Feature","properties":{"mode":"bus","n":6,"arr":["116","178","180","503","N44","WAK"],"lines":"116, 178, 180, 503, N44, WAK"},"geometry":{"type":"LineString","coordinates":[[21.008674,52.243508],[21.00854,52.243718],[21.008549,52.243843]]}},{"type":"Feature","properties":{"mode":"bus","n":8,"arr":["116","127","131","180","503","517","N33","N83"],"lines":"116, 127, 131, 180, 503, 517, N33, N83"},"geometry":{"type":"LineString","coordinates":[[21.022253,52.229789],[21.021312,52.23089],[21.021337,52.231038],[21.021153,52.231422],[21.02114,52.231664]]}},{"type":"Feature","properties":{"mode":"bus","n":5,"arr":["116","166","503","N31","N81"],"lines":"116, 166, 503, N31, N81"},"geometry":{"type":"LineString","coordinates":[[21.035195,52.201752],[21.035079,52.201844]]}},{"type":"Feature","properties":{"mode":"bus","n":5,"arr":["116","119","141","166","503"],"lines":"116, 119, 141, 166, 503"},"geometry":{"type":"LineString","coordinates":[[21.035195,52.201752],[21.035544,52.2018]]}},{"type":"Feature","properties":{"mode":"bus","n":7,"arr":["116","119","141","166","503","N31","N81"],"lines":"116, 119, 141, 166, 503, N31, N81"},"geometry":{"type":"LineString","coordinates":[[21.037009,52.201982],[21.036181,52.201935],[21.035966,52.201946],[21.035442,52.201891]]}},{"type":"Feature","properties":{"mode":"bus","n":8,"arr":["116","119","141","166","172","503","N31","N81"],"lines":"116, 119, 141, 166, 172, 503, N31, N81"},"geometry":{"type":"LineString","coordinates":[[21.035442,52.201891],[21.035079,52.201844]]}},{"type":"Feature","properties":{"mode":"bus","n":6,"arr":["116","166","172","503","N31","N81"],"lines":"116, 166, 172, 503, N31, N81"},"geometry":{"type":"LineString","coordinates":[[21.038697,52.197835],[21.0384,52.198171],[21.038042,52.198649],[21.036341,52.20062],[21.035195,52.201752]]}},{"type":"Feature","properties":{"mode":"bus","n":6,"arr":["116","166","172","503","N31","N81"],"lines":"116, 166, 172, 503, N31, N81"},"geometry":{"type":"LineString","coordinates":[[21.041693,52.19538],[21.03955,52.197422],[21.037156,52.20017],[21.036299,52.201063],[21.035544,52.2018]]}},{"type":"Feature","properties":{"mode":"bus","n":5,"arr":["116","166","172","N31","N81"],"lines":"116, 166, 172, N31, N81"},"geometry":{"type":"LineString","coordinates":[[21.044844,52.191923],[21.045149,52.191702],[21.046529,52.190389]]}},{"type":"Feature","properties":{"mode":"bus","n":6,"arr":["116","148","172","N03","N31","N81"],"lines":"116, 148, 172, N03, N31, N81"},"geometry":{"type":"LineString","coordinates":[[21.046529,52.190389],[21.047872,52.189115],[21.048313,52.188638],[21.048944,52.188034],[21.04949,52.187587],[21.051909,52.185263],[21.052212,52.185006],[21.054073,52.183241],[21.05456,52.18272],[21.055606,52.181738]]}},{"type":"Feature","properties":{"mode":"bus","n":6,"arr":["116","148","172","N03","N31","N81"],"lines":"116, 148, 172, N03, N31, N81"},"geometry":{"type":"LineString","coordinates":[[21.055878,52.18188],[21.050704,52.186781],[21.049669,52.187806],[21.049276,52.188132],[21.047139,52.190203]]}},{"type":"Feature","properties":{"mode":"bus","n":7,"arr":["116","164","251","317","519","N31","N50"],"lines":"116, 164, 251, 317, 519, N31, N50"},"geometry":{"type":"LineString","coordinates":[[21.067863,52.169739],[21.081614,52.166631],[21.082352,52.166451],[21.083371,52.166123]]}},{"type":"Feature","properties":{"mode":"bus","n":7,"arr":["116","164","251","317","519","N31","N50"],"lines":"116, 164, 251, 317, 519, N31, N50"},"geometry":{"type":"LineString","coordinates":[[21.083522,52.166337],[21.068664,52.169707]]}},{"type":"Feature","properties":{"mode":"bus","n":5,"arr":["116","217","519","N31","N81"],"lines":"116, 217, 519, N31, N81"},"geometry":{"type":"LineString","coordinates":[[21.068284,52.169699],[21.06824,52.169801]]}},{"type":"Feature","properties":{"mode":"bus","n":6,"arr":["116","148","519","N03","N31","N81"],"lines":"116, 148, 519, N03, N31, N81"},"geometry":{"type":"LineString","coordinates":[[21.055983,52.181792],[21.055878,52.18188]]}},{"type":"Feature","properties":{"mode":"bus","n":5,"arr":["116","118","166","180","503"],"lines":"116, 118, 166, 180, 503"},"geometry":{"type":"LineString","coordinates":[[21.02313,52.227664],[21.023148,52.22776],[21.022943,52.228307],[21.02287,52.228625]]}},{"type":"Feature","properties":{"mode":"bus","n":6,"arr":["116","178","180","503","518","N44"],"lines":"116, 178, 180, 503, 518, N44"},"geometry":{"type":"LineString","coordinates":[[21.004102,52.250105],[21.004086,52.250174]]}},{"type":"Feature","properties":{"mode":"bus","n":11,"arr":["117","507","521","N11","N33","N37","N41","N45","N61","N83","WAK"],"lines":"117, 507, 521, N11, N33, N37, N41, N45, N61, N83, WAK"},"geometry":{"type":"LineString","coordinates":[[21.003227,52.23223],[21.003757,52.231311]]}},{"type":"Feature","properties":{"mode":"bus","n":8,"arr":["117","507","521","N11","N41","N45","N61","WAK"],"lines":"117, 507, 521, N11, N41, N45, N61, WAK"},"geometry":{"type":"LineString","coordinates":[[21.004469,52.230063],[21.003757,52.231311]]}},{"type":"Feature","properties":{"mode":"bus","n":11,"arr":["117","507","521","N11","N31","N33","N41","N61","N81","N83","WAK"],"lines":"117, 507, 521, N11, N31, N33, N41, N61, N81, N83, WAK"},"geometry":{"type":"LineString","coordinates":[[21.00483,52.229416],[21.004469,52.230063]]}},{"type":"Feature","properties":{"mode":"bus","n":27,"arr":["117","131","504","507","520","521","525","N11","N22","N24","N25","N31","N33","N34","N36","N37","N41","N42","N43","N45","N61","N72","N81","N83","N86","N95","WAK"],"lines":"117, 131, 504, 507, 520, 521, 525, N11, N22, N24, N25, N31, N33, N34, N36, N37, N41, N42, N43, N45, N61, N72, N81, N83, N86, N95, WAK"},"geometry":{"type":"LineString","coordinates":[[21.005298,52.228579],[21.005227,52.228755],[21.00483,52.229416]]}},{"type":"Feature","properties":{"mode":"bus","n":17,"arr":["117","131","507","520","521","525","N22","N24","N25","N31","N33","N37","N42","N72","N81","N83","WAK"],"lines":"117, 131, 507, 520, 521, 525, N22, N24, N25, N31, N33, N37, N42, N72, N81, N83, WAK"},"geometry":{"type":"LineString","coordinates":[[21.005298,52.228579],[21.005384,52.228366]]}},{"type":"Feature","properties":{"mode":"bus","n":27,"arr":["117","127","128","131","158","175","507","517","520","521","525","N22","N24","N25","N31","N32","N33","N35","N37","N38","N42","N72","N81","N83","N85","N88","WAK"],"lines":"117, 127, 128, 131, 158, 175, 507, 517, 520, 521, 525, N22, N24, N25, N31, N32, N33, N35, N37, N38, N42, N72, N81, N83, N85, N88, WAK"},"geometry":{"type":"LineString","coordinates":[[21.005668,52.228457],[21.005384,52.228366]]}},{"type":"Feature","properties":{"mode":"bus","n":22,"arr":["117","127","128","131","158","175","507","517","520","521","525","N22","N24","N25","N31","N33","N37","N42","N72","N81","N83","WAK"],"lines":"117, 127, 128, 131, 158, 175, 507, 517, 520, 521, 525, N22, N24, N25, N31, N33, N37, N42, N72, N81, N83, WAK"},"geometry":{"type":"LineString","coordinates":[[21.011508,52.229527],[21.010991,52.229521],[21.010525,52.229474],[21.009471,52.229273],[21.005668,52.228457]]}},{"type":"Feature","properties":{"mode":"bus","n":15,"arr":["117","127","128","131","158","175","507","517","521","N22","N24","N33","N72","N83","WAK"],"lines":"117, 127, 128, 131, 158, 175, 507, 517, 521, N22, N24, N33, N72, N83, WAK"},"geometry":{"type":"LineString","coordinates":[[21.012258,52.229694],[21.012628,52.229889],[21.012951,52.230008],[21.018747,52.231249]]}},{"type":"Feature","properties":{"mode":"bus","n":9,"arr":["117","128","158","175","507","521","N22","N24","N72"],"lines":"117, 128, 158, 175, 507, 521, N22, N24, N72"},"geometry":{"type":"LineString","coordinates":[[21.018747,52.231249],[21.019449,52.231371],[21.020322,52.231559],[21.020668,52.2316]]}},{"type":"Feature","properties":{"mode":"bus","n":5,"arr":["117","138","146","147","WAK"],"lines":"117, 138, 146, 147, WAK"},"geometry":{"type":"LineString","coordinates":[[21.055849,52.231581],[21.05523,52.23247],[21.053138,52.235917],[21.053161,52.23598],[21.053121,52.236048],[21.053081,52.236111],[21.052996,52.236162],[21.052626,52.23677],[21.052625,52.236853],[21.052564,52.236955],[21.052414,52.237074],[21.05228,52.23729],[21.052194,52.237659],[21.052244,52.237978]]}},{"type":"Feature","properties":{"mode":"bus","n":5,"arr":["117","123","311","N22","N72"],"lines":"117, 123, 311, N22, N72"},"geometry":{"type":"LineString","coordinates":[[21.083664,52.22597],[21.083642,52.225368],[21.083664,52.224705],[21.083855,52.224035],[21.084082,52.223675],[21.084331,52.223451],[21.084478,52.223359],[21.08494,52.223141],[21.085269,52.223053],[21.090872,52.221962]]}},{"type":"Feature","properties":{"mode":"bus","n":5,"arr":["117","123","311","N22","N72"],"lines":"117, 123, 311, N22, N72"},"geometry":{"type":"LineString","coordinates":[[21.083833,52.225966],[21.083765,52.224761],[21.083911,52.224188],[21.084071,52.223849],[21.084183,52.223706],[21.084321,52.22357],[21.084659,52.22335],[21.085,52.2232],[21.085354,52.223107],[21.089716,52.222265],[21.090921,52.222056]]}},{"type":"Feature","properties":{"mode":"bus","n":6,"arr":["117","123","219","311","N22","N72"],"lines":"117, 123, 219, 311, N22, N72"},"geometry":{"type":"LineString","coordinates":[[21.090872,52.221962],[21.091066,52.221993]]}},{"type":"Feature","properties":{"mode":"bus","n":8,"arr":["117","148","219","311","411","507","E-1","N03"],"lines":"117, 148, 219, 311, 411, 507, E-1, N03"},"geometry":{"type":"LineString","coordinates":[[21.101345,52.22306],[21.101211,52.223099]]}},{"type":"Feature","properties":{"mode":"bus","n":14,"arr":["117","127","128","131","158","175","507","517","521","N22","N24","N33","N72","N83"],"lines":"117, 127, 128, 131, 158, 175, 507, 517, 521, N22, N24, N33, N72, N83"},"geometry":{"type":"LineString","coordinates":[[21.020436,52.231829],[21.01994,52.231654],[21.018149,52.231274],[21.017589,52.23118],[21.013757,52.230337],[21.012514,52.230152],[21.011968,52.230141]]}},{"type":"Feature","properties":{"mode":"bus","n":26,"arr":["117","127","128","131","158","175","507","517","520","521","525","N22","N24","N25","N31","N32","N33","N35","N37","N38","N42","N72","N81","N83","N85","N88"],"lines":"117, 127, 128, 131, 158, 175, 507, 517, 520, 521, 525, N22, N24, N25, N31, N32, N33, N35, N37, N38, N42, N72, N81, N83, N85, N88"},"geometry":{"type":"LineString","coordinates":[[21.011225,52.229966],[21.010879,52.229813],[21.010218,52.229607],[21.009367,52.229401],[21.007678,52.229042],[21.005573,52.228632]]}},{"type":"Feature","properties":{"mode":"bus","n":11,"arr":["117","507","521","N32","N33","N35","N37","N38","N83","N85","N88"],"lines":"117, 507, 521, N32, N33, N35, N37, N38, N83, N85, N88"},"geometry":{"type":"LineString","coordinates":[[21.005573,52.228632],[21.004899,52.229821]]}},{"type":"Feature","properties":{"mode":"bus","n":6,"arr":["117","507","521","N33","N37","N83"],"lines":"117, 507, 521, N33, N37, N83"},"geometry":{"type":"LineString","coordinates":[[21.003481,52.232284],[21.003227,52.23223]]}},{"type":"Feature","properties":{"mode":"bus","n":9,"arr":["118","502","514","520","525","N25","N31","N37","N81"],"lines":"118, 502, 514, 520, 525, N25, N31, N37, N81"},"geometry":{"type":"LineString","coordinates":[[21.015488,52.219243],[21.015544,52.219654],[21.01549,52.219769],[21.015497,52.219922],[21.01556,52.220274],[21.015631,52.220379],[21.015706,52.221048],[21.015656,52.221196],[21.015672,52.221408],[21.015706,52.221566],[21.015909,52.222068],[21.015918,52.222196],[21.015873,52.222371],[21.015531,52.222948],[21.015521,52.223072]]}},{"type":"Feature","properties":{"mode":"bus","n":10,"arr":["118","151","502","514","520","525","N25","N31","N37","N81"],"lines":"118, 151, 502, 514, 520, 525, N25, N31, N37, N81"},"geometry":{"type":"LineString","coordinates":[[21.015396,52.218737],[21.015488,52.219243]]}},{"type":"Feature","properties":{"mode":"bus","n":11,"arr":["118","151","411","502","514","520","525","N25","N31","N37","N81"],"lines":"118, 151, 411, 502, 514, 520, 525, N25, N31, N37, N81"},"geometry":{"type":"LineString","coordinates":[[21.015396,52.218737],[21.01525,52.218508],[21.014889,52.217264]]}},{"type":"Feature","properties":{"mode":"bus","n":5,"arr":["118","138","N31","N37","N81"],"lines":"118, 138, N31, N37, N81"},"geometry":{"type":"LineString","coordinates":[[21.014917,52.216839],[21.015498,52.215712],[21.016866,52.213711],[21.017279,52.21323],[21.017847,52.212793]]}},{"type":"Feature","properties":{"mode":"bus","n":7,"arr":["118","119","167","168","N31","N37","N81"],"lines":"118, 119, 167, 168, N31, N37, N81"},"geometry":{"type":"LineString","coordinates":[[21.017955,52.212726],[21.0196,52.211921],[21.019882,52.211759],[21.020052,52.21163],[21.020194,52.211472],[21.020438,52.210949]]}},{"type":"Feature","properties":{"mode":"bus","n":5,"arr":["118","119","141","172","N37"],"lines":"118, 119, 141, 172, N37"},"geometry":{"type":"LineString","coordinates":[[21.023604,52.200127],[21.023731,52.199247]]}},{"type":"Feature","properties":{"mode":"bus","n":5,"arr":["118","218","228","N36","N86"],"lines":"118, 218, 228, N36, N86"},"geometry":{"type":"LineString","coordinates":[[21.004196,52.188959],[21.007428,52.18899]]}},{"type":"Feature","properties":{"mode":"bus","n":5,"arr":["118","218","228","N36","N86"],"lines":"118, 218, 228, N36, N86"},"geometry":{"type":"LineString","coordinates":[[21.002236,52.188895],[21.003826,52.188915],[21.004138,52.188952],[21.004154,52.188954],[21.004164,52.188957],[21.004167,52.188959],[21.004164,52.188961],[21.004154,52.188963],[21.004138,52.188966],[21.003945,52.188988],[21.003396,52.189001],[21.001428,52.188978]]}},{"type":"Feature","properties":{"mode":"bus","n":7,"arr":["118","168","218","228","N36","N86","WAK"],"lines":"118, 168, 218, 228, N36, N86, WAK"},"geometry":{"type":"LineString","coordinates":[[21.001428,52.188978],[21.000718,52.188969],[21.00015,52.18891]]}},{"type":"Feature","properties":{"mode":"bus","n":9,"arr":["118","136","168","218","228","N33","N36","N86","WAK"],"lines":"118, 136, 168, 218, 228, N33, N36, N86, WAK"},"geometry":{"type":"LineString","coordinates":[[21.00015,52.18891],[20.996243,52.188858]]}},{"type":"Feature","properties":{"mode":"bus","n":8,"arr":["118","136","168","218","228","N33","N36","N86"],"lines":"118, 136, 168, 218, 228, N33, N36, N86"},"geometry":{"type":"LineString","coordinates":[[20.996243,52.188858],[20.996149,52.188856],[20.996062,52.188819],[20.995735,52.188816],[20.995666,52.188846],[20.995551,52.188847]]}},{"type":"Feature","properties":{"mode":"bus","n":8,"arr":["118","136","168","218","228","N33","N36","N86"],"lines":"118, 136, 168, 218, 228, N33, N36, N86"},"geometry":{"type":"LineString","coordinates":[[21.00015,52.18891],[21.000601,52.188872],[21.001805,52.188882]]}},{"type":"Feature","properties":{"mode":"bus","n":6,"arr":["118","168","218","228","N36","N86"],"lines":"118, 168, 218, 228, N36, N86"},"geometry":{"type":"LineString","coordinates":[[20.996149,52.188856],[20.996058,52.188877],[20.995735,52.188875],[20.995666,52.188846]]}},{"type":"Feature","properties":{"mode":"bus","n":6,"arr":["118","168","218","228","N36","N86"],"lines":"118, 168, 218, 228, N36, N86"},"geometry":{"type":"LineString","coordinates":[[21.001805,52.188882],[21.002236,52.188895]]}},{"type":"Feature","properties":{"mode":"bus","n":8,"arr":["118","119","138","167","168","N31","N37","N81"],"lines":"118, 119, 138, 167, 168, N31, N37, N81"},"geometry":{"type":"LineString","coordinates":[[21.020844,52.211075],[21.020753,52.21152]]}},{"type":"Feature","properties":{"mode":"bus","n":7,"arr":["118","119","138","167","168","N31","N81"],"lines":"118, 119, 138, 167, 168, N31, N81"},"geometry":{"type":"LineString","coordinates":[[21.020753,52.21152],[21.020591,52.211728],[21.020384,52.211866],[21.019771,52.212081],[21.018631,52.212555],[21.01807,52.212841]]}},{"type":"Feature","properties":{"mode":"bus","n":9,"arr":["118","151","411","514","520","525","N25","N31","N81"],"lines":"118, 151, 411, 514, 520, 525, N25, N31, N81"},"geometry":{"type":"LineString","coordinates":[[21.015488,52.217672],[21.015396,52.218737]]}},{"type":"Feature","properties":{"mode":"bus","n":8,"arr":["118","502","514","520","525","N25","N31","N81"],"lines":"118, 502, 514, 520, 525, N25, N31, N81"},"geometry":{"type":"LineString","coordinates":[[21.015544,52.219654],[21.015649,52.219832],[21.015683,52.220151],[21.015631,52.220379]]}},{"type":"Feature","properties":{"mode":"bus","n":8,"arr":["118","502","514","520","525","N25","N31","N81"],"lines":"118, 502, 514, 520, 525, N25, N31, N81"},"geometry":{"type":"LineString","coordinates":[[21.015706,52.221048],[21.015792,52.221188],[21.015844,52.221446],[21.015925,52.221535],[21.016076,52.221604],[21.01685,52.221762]]}},{"type":"Feature","properties":{"mode":"bus","n":5,"arr":["118","127","162","N14","N64"],"lines":"118, 127, 162, N14, N64"},"geometry":{"type":"LineString","coordinates":[[21.030647,52.239529],[21.030505,52.23942],[21.028287,52.23826]]}},{"type":"Feature","properties":{"mode":"bus","n":5,"arr":["119","148","168","402","N03"],"lines":"119, 148, 168, 402, N03"},"geometry":{"type":"LineString","coordinates":[[21.073909,52.203616],[21.076661,52.203989],[21.077822,52.20422],[21.078322,52.204344],[21.079501,52.204709],[21.080462,52.205065],[21.081345,52.205453],[21.082362,52.205994],[21.083316,52.206624],[21.084185,52.207344],[21.084641,52.207791],[21.086885,52.2104],[21.087582,52.211057],[21.08795,52.211346],[21.088251,52.211573],[21.092004,52.213962],[21.095513,52.216249],[21.095859,52.216419],[21.096162,52.216604]]}},{"type":"Feature","properties":{"mode":"bus","n":5,"arr":["119","148","168","402","N03"],"lines":"119, 148, 168, 402, N03"},"geometry":{"type":"LineString","coordinates":[[21.095854,52.216702],[21.09533,52.216278],[21.094718,52.215866],[21.088116,52.211651],[21.087461,52.211152],[21.086734,52.210471],[21.084997,52.208425],[21.084496,52.207868],[21.084056,52.207431],[21.08315,52.206686],[21.082063,52.205991],[21.080794,52.205354],[21.079999,52.205036],[21.079197,52.20476],[21.078256,52.204486],[21.077145,52.204234],[21.07607,52.204049],[21.07241,52.203575]]}},{"type":"Feature","properties":{"mode":"bus","n":5,"arr":["119","146","147","213","N72"],"lines":"119, 146, 147, 213, N72"},"geometry":{"type":"LineString","coordinates":[[21.099993,52.215814],[21.100628,52.215338],[21.104977,52.211749]]}},{"type":"Feature","properties":{"mode":"bus","n":5,"arr":["119","146","147","213","N72"],"lines":"119, 146, 147, 213, N72"},"geometry":{"type":"LineString","coordinates":[[21.104992,52.211923],[21.102151,52.214225],[21.100794,52.215422],[21.099919,52.216047],[21.098966,52.216668],[21.098301,52.217061]]}},{"type":"Feature","properties":{"mode":"bus","n":6,"arr":["119","125","147","319","525","N25"],"lines":"119, 125, 147, 319, 525, N25"},"geometry":{"type":"LineString","coordinates":[[21.174834,52.206052],[21.175055,52.206083],[21.175572,52.206079],[21.175778,52.206099],[21.18024,52.206812],[21.181277,52.206898],[21.181413,52.206934]]}},{"type":"Feature","properties":{"mode":"bus","n":6,"arr":["119","125","147","319","525","N25"],"lines":"119, 125, 147, 319, 525, N25"},"geometry":{"type":"LineString","coordinates":[[21.174807,52.206157],[21.175533,52.206152],[21.179811,52.206879],[21.180746,52.206968],[21.181269,52.206976],[21.181413,52.206934],[21.185107,52.206834],[21.18579,52.206837],[21.186291,52.20687],[21.188756,52.20713],[21.191637,52.207349],[21.193956,52.20749],[21.194521,52.207554],[21.195819,52.207778],[21.196784,52.207968],[21.19751,52.208149]]}},{"type":"Feature","properties":{"mode":"bus","n":6,"arr":["120","123","512","N02","N03","N71"],"lines":"120, 123, 512, N02, N03, N71"},"geometry":{"type":"LineString","coordinates":[[21.049723,52.252293],[21.049802,52.252249],[21.049848,52.252235],[21.0499,52.252237],[21.050155,52.252287],[21.052552,52.253039],[21.05272,52.253098],[21.052785,52.253145],[21.052814,52.253181],[21.052821,52.253201],[21.052813,52.25322],[21.052769,52.253274]]}},{"type":"Feature","properties":{"mode":"bus","n":8,"arr":["120","123","156","169","512","N02","N03","N71"],"lines":"120, 123, 156, 169, 512, N02, N03, N71"},"geometry":{"type":"LineString","coordinates":[[21.052769,52.253274],[21.052703,52.25337],[21.052696,52.25339],[21.052706,52.253406],[21.052733,52.253419],[21.053324,52.253593],[21.053721,52.253613],[21.054176,52.25353],[21.05446,52.253557],[21.054603,52.253624],[21.054702,52.253722],[21.054737,52.253952]]}},{"type":"Feature","properties":{"mode":"bus","n":8,"arr":["120","123","156","169","512","N02","N03","N71"],"lines":"120, 123, 156, 169, 512, N02, N03, N71"},"geometry":{"type":"LineString","coordinates":[[21.049498,52.252407],[21.049723,52.252293]]}},{"type":"Feature","properties":{"mode":"bus","n":8,"arr":["120","123","156","169","512","N02","N03","N71"],"lines":"120, 123, 156, 169, 512, N02, N03, N71"},"geometry":{"type":"LineString","coordinates":[[21.054437,52.254217],[21.054076,52.254216],[21.053812,52.254161],[21.049424,52.252782]]}},{"type":"Feature","properties":{"mode":"bus","n":7,"arr":["120","123","169","512","N02","N03","N71"],"lines":"120, 123, 169, 512, N02, N03, N71"},"geometry":{"type":"LineString","coordinates":[[21.054737,52.253952],[21.05464,52.25409],[21.054437,52.254217]]}},{"type":"Feature","properties":{"mode":"bus","n":7,"arr":["120","123","169","512","N02","N03","N71"],"lines":"120, 123, 169, 512, N02, N03, N71"},"geometry":{"type":"LineString","coordinates":[[21.049424,52.252782],[21.048056,52.252338],[21.04704,52.251917],[21.046366,52.251592],[21.044586,52.250615],[21.043544,52.250126],[21.042665,52.249651]]}},{"type":"Feature","properties":{"mode":"bus","n":7,"arr":["120","123","169","512","N02","N03","N71"],"lines":"120, 123, 169, 512, N02, N03, N71"},"geometry":{"type":"LineString","coordinates":[[21.043241,52.249438],[21.043746,52.249778],[21.045498,52.250744],[21.046124,52.251168],[21.046461,52.251335],[21.047729,52.251845],[21.049498,52.252407]]}},{"type":"Feature","properties":{"mode":"bus","n":11,"arr":["120","138","166","169","509","512","E-1","N02","N03","N21","N71"],"lines":"120, 138, 166, 169, 509, 512, E-1, N02, N03, N21, N71"},"geometry":{"type":"LineString","coordinates":[[21.042665,52.249651],[21.041852,52.249978],[21.041225,52.250283],[21.039163,52.25141],[21.03801,52.252062],[21.037721,52.252259]]}},{"type":"Feature","properties":{"mode":"bus","n":13,"arr":["120","166","169","170","338","509","512","E-1","N02","N03","N16","N21","N71"],"lines":"120, 166, 169, 170, 338, 509, 512, E-1, N02, N03, N16, N21, N71"},"geometry":{"type":"LineString","coordinates":[[21.037721,52.252259],[21.037522,52.252404]]}},{"type":"Feature","properties":{"mode":"bus","n":17,"arr":["120","135","162","166","169","170","338","509","512","E-1","N02","N03","N14","N16","N21","N64","N71"],"lines":"120, 135, 162, 166, 169, 170, 338, 509, 512, E-1, N02, N03, N14, N16, N21, N64, N71"},"geometry":{"type":"LineString","coordinates":[[21.037522,52.252404],[21.036819,52.252958],[21.03604,52.253673],[21.035642,52.254132],[21.035061,52.254713]]}},{"type":"Feature","properties":{"mode":"bus","n":6,"arr":["120","190","512","N02","N11","N61"],"lines":"120, 190, 512, N02, N11, N61"},"geometry":{"type":"LineString","coordinates":[[21.0474,52.260103],[21.055425,52.263651],[21.056237,52.264132],[21.056742,52.264475],[21.057249,52.264885],[21.057739,52.265363],[21.060764,52.269003]]}},{"type":"Feature","properties":{"mode":"bus","n":6,"arr":["120","190","512","N02","N11","N61"],"lines":"120, 190, 512, N02, N11, N61"},"geometry":{"type":"LineString","coordinates":[[21.047246,52.260213],[21.054885,52.263545],[21.055407,52.263806],[21.056099,52.264217],[21.056516,52.264507],[21.057094,52.264967],[21.057555,52.265418],[21.060564,52.26905]]}},{"type":"Feature","properties":{"mode":"bus","n":9,"arr":["120","140","156","212","262","738","N02","N12","N62"],"lines":"120, 140, 156, 212, 262, 738, N02, N12, N62"},"geometry":{"type":"LineString","coordinates":[[21.055782,52.2753],[21.055652,52.275338]]}},{"type":"Feature","properties":{"mode":"bus","n":9,"arr":["120","140","156","262","738","N02","N12","Z2M","Z4M"],"lines":"120, 140, 156, 262, 738, N02, N12, Z2M, Z4M"},"geometry":{"type":"LineString","coordinates":[[21.055652,52.275338],[21.055115,52.2755]]}},{"type":"Feature","properties":{"mode":"bus","n":7,"arr":["120","140","156","262","738","N02","N12"],"lines":"120, 140, 156, 262, 738, N02, N12"},"geometry":{"type":"LineString","coordinates":[[21.055115,52.2755],[21.054802,52.275592],[21.05453,52.275628]]}},{"type":"Feature","properties":{"mode":"bus","n":7,"arr":["120","140","156","262","738","N02","N12"],"lines":"120, 140, 156, 262, 738, N02, N12"},"geometry":{"type":"LineString","coordinates":[[21.051629,52.276484],[21.051982,52.276421],[21.05453,52.275628],[21.054771,52.275522],[21.055567,52.275275]]}},{"type":"Feature","properties":{"mode":"bus","n":7,"arr":["120","156","169","256","409","500","N02"],"lines":"120, 156, 169, 256, 409, 500, N02"},"geometry":{"type":"LineString","coordinates":[[21.043,52.276033],[21.043042,52.276546],[21.043445,52.277314],[21.043717,52.277667],[21.04443,52.278435],[21.04538,52.279543],[21.045689,52.280005],[21.046219,52.281009],[21.047511,52.284785],[21.048102,52.286405],[21.048115,52.28658]]}},{"type":"Feature","properties":{"mode":"bus","n":8,"arr":["120","156","169","256","409","500","N02","N11"],"lines":"120, 156, 169, 256, 409, 500, N02, N11"},"geometry":{"type":"LineString","coordinates":[[21.048115,52.28658],[21.04824,52.288135],[21.048306,52.288559],[21.048529,52.289129],[21.048912,52.289678]]}},{"type":"Feature","properties":{"mode":"bus","n":9,"arr":["120","156","169","256","409","500","N02","N11","R9"],"lines":"120, 156, 169, 256, 409, 500, N02, N11, R9"},"geometry":{"type":"LineString","coordinates":[[21.048912,52.289678],[21.049235,52.290054],[21.049663,52.290449],[21.049987,52.290596],[21.050009,52.290636],[21.050027,52.290655],[21.050055,52.290668],[21.050135,52.29069],[21.051094,52.291359],[21.051212,52.291471],[21.051478,52.291838]]}},{"type":"Feature","properties":{"mode":"bus","n":7,"arr":["120","156","169","409","500","N02","N11"],"lines":"120, 156, 169, 409, 500, N02, N11"},"geometry":{"type":"LineString","coordinates":[[21.049543,52.290328],[21.049728,52.290414],[21.049768,52.290481]]}},{"type":"Feature","properties":{"mode":"bus","n":7,"arr":["120","156","169","409","500","N02","N11"],"lines":"120, 156, 169, 409, 500, N02, N11"},"geometry":{"type":"LineString","coordinates":[[21.049987,52.290596],[21.050084,52.290622],[21.050135,52.29069]]}},{"type":"Feature","properties":{"mode":"bus","n":7,"arr":["120","156","169","409","500","N02","N11"],"lines":"120, 156, 169, 409, 500, N02, N11"},"geometry":{"type":"LineString","coordinates":[[21.051696,52.292121],[21.051624,52.291945],[21.051516,52.291866],[21.051498,52.291856],[21.051482,52.291853],[21.051468,52.291858],[21.051456,52.291871],[21.05139,52.291969],[21.051164,52.292087]]}},{"type":"Feature","properties":{"mode":"bus","n":5,"arr":["120","132","204","240","527"],"lines":"120, 132, 204, 240, 527"},"geometry":{"type":"LineString","coordinates":[[21.067096,52.322899],[21.068227,52.3228]]}},{"type":"Feature","properties":{"mode":"bus","n":6,"arr":["120","132","204","240","256","527"],"lines":"120, 132, 204, 240, 256, 527"},"geometry":{"type":"LineString","coordinates":[[21.068531,52.32296],[21.068367,52.323359]]}},{"type":"Feature","properties":{"mode":"bus","n":6,"arr":["120","132","204","240","256","527"],"lines":"120, 132, 204, 240, 256, 527"},"geometry":{"type":"LineString","coordinates":[[21.068272,52.32359],[21.068049,52.324128],[21.068035,52.324147],[21.068011,52.324158],[21.067976,52.324161],[21.067388,52.324142]]}},{"type":"Feature","properties":{"mode":"bus","n":5,"arr":["120","132","204","240","256"],"lines":"120, 132, 204, 240, 256"},"geometry":{"type":"LineString","coordinates":[[21.068367,52.323359],[21.068272,52.32359]]}},{"type":"Feature","properties":{"mode":"bus","n":5,"arr":["120","132","204","527","N11"],"lines":"120, 132, 204, 527, N11"},"geometry":{"type":"LineString","coordinates":[[21.063708,52.325137],[21.063949,52.324997],[21.064427,52.324793],[21.067059,52.324177],[21.067199,52.32403]]}},{"type":"Feature","properties":{"mode":"bus","n":5,"arr":["120","132","204","234","527"],"lines":"120, 132, 204, 234, 527"},"geometry":{"type":"LineString","coordinates":[[21.063571,52.325386],[21.063716,52.32538],[21.063795,52.325343],[21.063845,52.32526],[21.063823,52.325201]]}},{"type":"Feature","properties":{"mode":"bus","n":5,"arr":["120","132","204","234","527"],"lines":"120, 132, 204, 234, 527"},"geometry":{"type":"LineString","coordinates":[[21.063418,52.325236],[21.063451,52.325332]]}},{"type":"Feature","properties":{"mode":"bus","n":5,"arr":["120","134","314","326","N14"],"lines":"120, 134, 314, 326, N14"},"geometry":{"type":"LineString","coordinates":[[21.053387,52.361239],[21.062264,52.362053],[21.062297,52.362052],[21.06232,52.362042],[21.062332,52.362023],[21.062399,52.36179],[21.062356,52.361732],[21.062274,52.361677],[21.062148,52.361647],[21.061918,52.361682]]}},{"type":"Feature","properties":{"mode":"bus","n":5,"arr":["120","134","314","326","N14"],"lines":"120, 134, 314, 326, N14"},"geometry":{"type":"LineString","coordinates":[[21.061338,52.361972],[21.061857,52.361712]]}},{"type":"Feature","properties":{"mode":"bus","n":6,"arr":["120","132","204","234","527","N11"],"lines":"120, 132, 204, 234, 527, N11"},"geometry":{"type":"LineString","coordinates":[[21.063708,52.325137],[21.063586,52.32513],[21.063478,52.325166]]}},{"type":"Feature","properties":{"mode":"bus","n":7,"arr":["120","132","204","240","256","527","N11"],"lines":"120, 132, 204, 240, 256, 527, N11"},"geometry":{"type":"LineString","coordinates":[[21.067199,52.32403],[21.067113,52.323456],[21.066963,52.323042]]}},{"type":"Feature","properties":{"mode":"bus","n":5,"arr":["120","240","256","527","N11"],"lines":"120, 240, 256, 527, N11"},"geometry":{"type":"LineString","coordinates":[[21.061509,52.308286],[21.061702,52.308735]]}},{"type":"Feature","properties":{"mode":"bus","n":5,"arr":["120","190","512","N11","N61"],"lines":"120, 190, 512, N11, N61"},"geometry":{"type":"LineString","coordinates":[[21.047128,52.26016],[21.047246,52.260213]]}},{"type":"Feature","properties":{"mode":"bus","n":8,"arr":["120","135","190","512","N02","N03","N11","N61"],"lines":"120, 135, 190, 512, N02, N03, N11, N61"},"geometry":{"type":"LineString","coordinates":[[21.034947,52.254846],[21.047128,52.26016]]}},{"type":"Feature","properties":{"mode":"bus","n":5,"arr":["120","135","512","N02","N03"],"lines":"120, 135, 512, N02, N03"},"geometry":{"type":"LineString","coordinates":[[21.034947,52.254846],[21.034702,52.254563]]}},{"type":"Feature","properties":{"mode":"bus","n":13,"arr":["120","135","166","169","170","338","509","512","N02","N03","N16","N21","N71"],"lines":"120, 135, 166, 169, 170, 338, 509, 512, N02, N03, N16, N21, N71"},"geometry":{"type":"LineString","coordinates":[[21.036976,52.252396],[21.03684,52.252519]]}},{"type":"Feature","properties":{"mode":"bus","n":10,"arr":["120","135","166","169","509","512","N02","N03","N21","N71"],"lines":"120, 135, 166, 169, 509, 512, N02, N03, N21, N71"},"geometry":{"type":"LineString","coordinates":[[21.037336,52.25207],[21.036976,52.252396]]}},{"type":"Feature","properties":{"mode":"bus","n":11,"arr":["120","135","138","166","169","509","512","N02","N03","N21","N71"],"lines":"120, 135, 138, 166, 169, 509, 512, N02, N03, N21, N71"},"geometry":{"type":"LineString","coordinates":[[21.042659,52.24933],[21.041744,52.249683],[21.041335,52.249879],[21.039166,52.251054],[21.038117,52.251562],[21.037713,52.251796],[21.037336,52.25207]]}},{"type":"Feature","properties":{"mode":"bus","n":6,"arr":["120","169","512","N02","N03","N71"],"lines":"120, 169, 512, N02, N03, N71"},"geometry":{"type":"LineString","coordinates":[[21.043241,52.249438],[21.043082,52.249338],[21.042993,52.249311],[21.042841,52.249306],[21.042659,52.24933]]}},{"type":"Feature","properties":{"mode":"bus","n":5,"arr":["121","181","197","755","N46"],"lines":"121, 181, 197, 755, N46"},"geometry":{"type":"LineString","coordinates":[[20.958557,52.280986],[20.956829,52.282837],[20.956125,52.283531],[20.955794,52.283917]]}},{"type":"Feature","properties":{"mode":"bus","n":5,"arr":["122","157","181","185","N46"],"lines":"122, 157, 181, 185, N46"},"geometry":{"type":"LineString","coordinates":[[20.981168,52.275061],[20.985739,52.269421],[20.985739,52.269294]]}},{"type":"Feature","properties":{"mode":"bus","n":5,"arr":["122","157","181","185","N46"],"lines":"122, 157, 181, 185, N46"},"geometry":{"type":"LineString","coordinates":[[20.986192,52.269328],[20.986034,52.269419],[20.985953,52.269512],[20.981426,52.275102]]}},{"type":"Feature","properties":{"mode":"bus","n":5,"arr":["122","220","N01","N45","N95"],"lines":"122, 220, N01, N45, N95"},"geometry":{"type":"LineString","coordinates":[[20.913765,52.252215],[20.914019,52.252115],[20.91628,52.250978],[20.920787,52.248916]]}},{"type":"Feature","properties":{"mode":"bus","n":5,"arr":["122","220","N01","N45","N95"],"lines":"122, 220, N01, N45, N95"},"geometry":{"type":"LineString","coordinates":[[20.920608,52.248781],[20.919676,52.249197],[20.919053,52.249531],[20.913578,52.252074]]}},{"type":"Feature","properties":{"mode":"bus","n":6,"arr":["122","220","523","N01","N45","N95"],"lines":"122, 220, 523, N01, N45, N95"},"geometry":{"type":"LineString","coordinates":[[20.91343,52.252336],[20.913765,52.252215]]}},{"type":"Feature","properties":{"mode":"bus","n":5,"arr":["122","189","190","249","743"],"lines":"122, 189, 190, 249, 743"},"geometry":{"type":"LineString","coordinates":[[20.896905,52.227508],[20.897104,52.227524]]}},{"type":"Feature","properties":{"mode":"bus","n":6,"arr":["122","184","220","N01","N45","N95"],"lines":"122, 184, 220, N01, N45, N95"},"geometry":{"type":"LineString","coordinates":[[20.920774,52.248713],[20.920608,52.248781]]}},{"type":"Feature","properties":{"mode":"bus","n":5,"arr":["122","157","181","303","N46"],"lines":"122, 157, 181, 303, N46"},"geometry":{"type":"LineString","coordinates":[[20.987198,52.268837],[20.987203,52.269008],[20.987061,52.269138]]}},{"type":"Feature","properties":{"mode":"bus","n":6,"arr":["123","188","202","523","N21","N71"],"lines":"123, 188, 202, 523, N21, N71"},"geometry":{"type":"LineString","coordinates":[[21.084584,52.25031],[21.080011,52.250479],[21.079409,52.25048],[21.076162,52.250204],[21.074595,52.250085],[21.07438,52.250085]]}},{"type":"Feature","properties":{"mode":"bus","n":7,"arr":["123","173","188","311","523","N21","N71"],"lines":"123, 173, 188, 311, 523, N21, N71"},"geometry":{"type":"LineString","coordinates":[[21.07475,52.245976],[21.07438,52.250085]]}},{"type":"Feature","properties":{"mode":"bus","n":11,"arr":["123","135","173","183","188","311","521","523","N21","N24","N71"],"lines":"123, 135, 173, 183, 188, 311, 521, 523, N21, N24, N71"},"geometry":{"type":"LineString","coordinates":[[21.07475,52.245976],[21.074747,52.245784]]}},{"type":"Feature","properties":{"mode":"bus","n":9,"arr":["123","135","173","183","188","311","521","523","N24"],"lines":"123, 135, 173, 183, 188, 311, 521, 523, N24"},"geometry":{"type":"LineString","coordinates":[[21.074747,52.245784],[21.074623,52.244851]]}},{"type":"Feature","properties":{"mode":"bus","n":5,"arr":["135","183","311","521","N24"],"lines":"135, 183, 311, 521, N24"},"geometry":{"type":"LineString","coordinates":[[21.074623,52.244851],[21.074926,52.243732],[21.075725,52.243041]]}},{"type":"Feature","properties":{"mode":"bus","n":6,"arr":["123","135","173","188","311","523"],"lines":"123, 135, 173, 188, 311, 523"},"geometry":{"type":"LineString","coordinates":[[21.075632,52.244796],[21.074998,52.245225],[21.074842,52.245397],[21.074738,52.245644]]}},{"type":"Feature","properties":{"mode":"bus","n":6,"arr":["123","125","173","188","523","N03"],"lines":"123, 125, 173, 188, 523, N03"},"geometry":{"type":"LineString","coordinates":[[21.083648,52.245075],[21.083615,52.245158],[21.083536,52.245216],[21.083354,52.245263],[21.074747,52.245784]]}},{"type":"Feature","properties":{"mode":"bus","n":19,"arr":["123","125","141","142","143","145","148","173","183","188","521","523","702","704","720","722","730","N03","N24"],"lines":"123, 125, 141, 142, 143, 145, 148, 173, 183, 188, 521, 523, 702, 704, 720, 722, 730, N03, N24"},"geometry":{"type":"LineString","coordinates":[[21.083648,52.245075],[21.083676,52.244909],[21.083763,52.244764],[21.083892,52.244631],[21.084123,52.244496]]}},{"type":"Feature","properties":{"mode":"bus","n":19,"arr":["123","125","141","142","143","145","148","173","183","188","521","523","702","704","720","722","730","N03","N24"],"lines":"123, 125, 141, 142, 143, 145, 148, 173, 183, 188, 521, 523, 702, 704, 720, 722, 730, N03, N24"},"geometry":{"type":"LineString","coordinates":[[21.085116,52.244427],[21.085339,52.244514],[21.085537,52.244632]]}},{"type":"Feature","properties":{"mode":"bus","n":19,"arr":["123","125","141","142","143","145","148","173","183","188","521","523","702","704","720","722","730","N03","N24"],"lines":"123, 125, 141, 142, 143, 145, 148, 173, 183, 188, 521, 523, 702, 704, 720, 722, 730, N03, N24"},"geometry":{"type":"LineString","coordinates":[[21.085538,52.245316],[21.083832,52.245425]]}},{"type":"Feature","properties":{"mode":"bus","n":15,"arr":["123","125","142","145","148","173","183","521","702","704","720","722","730","N03","N24"],"lines":"123, 125, 142, 145, 148, 173, 183, 521, 702, 704, 720, 722, 730, N03, N24"},"geometry":{"type":"LineString","coordinates":[[21.084123,52.244496],[21.084265,52.244449],[21.084597,52.244391],[21.084893,52.244396],[21.085116,52.244427]]}},{"type":"Feature","properties":{"mode":"bus","n":11,"arr":["123","125","141","143","173","183","188","521","523","N03","N24"],"lines":"123, 125, 141, 143, 173, 183, 188, 521, 523, N03, N24"},"geometry":{"type":"LineString","coordinates":[[21.085537,52.244632],[21.085728,52.244845]]}},{"type":"Feature","properties":{"mode":"bus","n":9,"arr":["123","125","141","143","173","183","521","N03","N24"],"lines":"123, 125, 141, 143, 173, 183, 521, N03, N24"},"geometry":{"type":"LineString","coordinates":[[21.089398,52.244858],[21.086216,52.245078],[21.08603,52.245062],[21.085916,52.245022],[21.085728,52.244845]]}},{"type":"Feature","properties":{"mode":"bus","n":17,"arr":["123","125","141","142","143","145","148","173","183","521","702","704","720","722","730","N03","N24"],"lines":"123, 125, 141, 142, 143, 145, 148, 173, 183, 521, 702, 704, 720, 722, 730, N03, N24"},"geometry":{"type":"LineString","coordinates":[[21.102106,52.242295],[21.090964,52.244613],[21.089398,52.244858]]}},{"type":"Feature","properties":{"mode":"bus","n":17,"arr":["123","125","141","142","143","145","148","173","183","521","702","704","720","722","730","N03","N24"],"lines":"123, 125, 141, 142, 143, 145, 148, 173, 183, 521, 702, 704, 720, 722, 730, N03, N24"},"geometry":{"type":"LineString","coordinates":[[21.102173,52.242389],[21.089702,52.245036],[21.089129,52.2451],[21.085538,52.245316]]}},{"type":"Feature","properties":{"mode":"bus","n":5,"arr":["123","135","141","148","N03"],"lines":"123, 135, 141, 148, N03"},"geometry":{"type":"LineString","coordinates":[[21.102106,52.242295],[21.101706,52.241711],[21.099667,52.238355]]}},{"type":"Feature","properties":{"mode":"bus","n":6,"arr":["123","135","148","158","182","N03"],"lines":"123, 135, 148, 158, 182, N03"},"geometry":{"type":"LineString","coordinates":[[21.099667,52.238355],[21.098183,52.235994],[21.097846,52.23532]]}},{"type":"Feature","properties":{"mode":"bus","n":6,"arr":["123","135","148","158","182","N03"],"lines":"123, 135, 148, 158, 182, N03"},"geometry":{"type":"LineString","coordinates":[[21.097618,52.234671],[21.097834,52.235285],[21.097836,52.235295],[21.097837,52.235301],[21.097835,52.235304],[21.09783,52.235303],[21.097823,52.235298],[21.097813,52.23529],[21.097661,52.235155],[21.097495,52.234875]]}},{"type":"Feature","properties":{"mode":"bus","n":6,"arr":["123","135","148","168","N02","N03"],"lines":"123, 135, 148, 168, N02, N03"},"geometry":{"type":"LineString","coordinates":[[21.097495,52.234875],[21.097361,52.234516],[21.096404,52.232766],[21.095579,52.231162]]}},{"type":"Feature","properties":{"mode":"bus","n":6,"arr":["123","135","148","168","N02","N03"],"lines":"123, 135, 148, 168, N02, N03"},"geometry":{"type":"LineString","coordinates":[[21.095757,52.23115],[21.097618,52.234671]]}},{"type":"Feature","properties":{"mode":"bus","n":5,"arr":["123","148","168","N02","N03"],"lines":"123, 148, 168, N02, N03"},"geometry":{"type":"LineString","coordinates":[[21.095579,52.231162],[21.095541,52.23109]]}},{"type":"Feature","properties":{"mode":"bus","n":6,"arr":["123","148","168","311","N02","N03"],"lines":"123, 148, 168, 311, N02, N03"},"geometry":{"type":"LineString","coordinates":[[21.095541,52.23109],[21.093762,52.227615]]}},{"type":"Feature","properties":{"mode":"bus","n":6,"arr":["123","148","168","311","N02","N03"],"lines":"123, 148, 168, 311, N02, N03"},"geometry":{"type":"LineString","coordinates":[[21.093936,52.22758],[21.095721,52.231081]]}},{"type":"Feature","properties":{"mode":"bus","n":9,"arr":["123","148","168","213","509","N02","N03","N22","N72"],"lines":"123, 148, 168, 213, 509, N02, N03, N22, N72"},"geometry":{"type":"LineString","coordinates":[[21.093762,52.227615],[21.093715,52.227528]]}},{"type":"Feature","properties":{"mode":"bus","n":6,"arr":["123","138","166","509","E-1","N02"],"lines":"123, 138, 166, 509, E-1, N02"},"geometry":{"type":"LineString","coordinates":[[21.051907,52.238462],[21.051603,52.23869],[21.051336,52.238998],[21.047523,52.246826],[21.047432,52.247138],[21.047435,52.247871],[21.047343,52.248036]]}},{"type":"Feature","properties":{"mode":"bus","n":9,"arr":["123","138","166","509","E-1","N02","N03","N21","N71"],"lines":"123, 138, 166, 509, E-1, N02, N03, N21, N71"},"geometry":{"type":"LineString","coordinates":[[21.046317,52.24839],[21.046139,52.248476],[21.043241,52.249438]]}},{"type":"Feature","properties":{"mode":"bus","n":9,"arr":["123","135","138","166","509","N02","N03","N21","N71"],"lines":"123, 135, 138, 166, 509, N02, N03, N21, N71"},"geometry":{"type":"LineString","coordinates":[[21.044156,52.248767],[21.043193,52.24911],[21.042659,52.24933]]}},{"type":"Feature","properties":{"mode":"bus","n":5,"arr":["123","138","166","509","N02"],"lines":"123, 138, 166, 509, N02"},"geometry":{"type":"LineString","coordinates":[[21.047418,52.24749],[21.047328,52.247619],[21.047154,52.247736]]}},{"type":"Feature","properties":{"mode":"bus","n":5,"arr":["123","138","166","509","N02"],"lines":"123, 138, 166, 509, N02"},"geometry":{"type":"LineString","coordinates":[[21.051336,52.238998],[21.051355,52.238716],[21.051287,52.238341]]}},{"type":"Feature","properties":{"mode":"bus","n":7,"arr":["123","135","148","168","311","N02","N03"],"lines":"123, 135, 148, 168, 311, N02, N03"},"geometry":{"type":"LineString","coordinates":[[21.095721,52.231081],[21.095757,52.23115]]}},{"type":"Feature","properties":{"mode":"bus","n":7,"arr":["123","135","141","148","N03","N21","N71"],"lines":"123, 135, 141, 148, N03, N21, N71"},"geometry":{"type":"LineString","coordinates":[[21.102173,52.242389],[21.102106,52.242295]]}},{"type":"Feature","properties":{"mode":"bus","n":15,"arr":["123","141","142","143","145","148","173","183","521","702","704","720","722","730","N24"],"lines":"123, 141, 142, 143, 145, 148, 173, 183, 521, 702, 704, 720, 722, 730, N24"},"geometry":{"type":"LineString","coordinates":[[21.083832,52.245425],[21.083648,52.245075]]}},{"type":"Feature","properties":{"mode":"bus","n":5,"arr":["123","173","183","521","N24"],"lines":"123, 173, 183, 521, N24"},"geometry":{"type":"LineString","coordinates":[[21.092988,52.244201],[21.093069,52.244329]]}},{"type":"Feature","properties":{"mode":"bus","n":9,"arr":["123","125","173","183","188","521","523","N03","N24"],"lines":"123, 125, 173, 183, 188, 521, 523, N03, N24"},"geometry":{"type":"LineString","coordinates":[[21.083832,52.245425],[21.081091,52.245605],[21.07475,52.245976]]}},{"type":"Feature","properties":{"mode":"bus","n":7,"arr":["124","220","707","715","721","728","N88"],"lines":"124, 220, 707, 715, 721, 728, N88"},"geometry":{"type":"LineString","coordinates":[[20.943136,52.175454],[20.943064,52.175389]]}},{"type":"Feature","properties":{"mode":"bus","n":11,"arr":["124","220","703","706","707","711","715","721","728","733","N88"],"lines":"124, 220, 703, 706, 707, 711, 715, 721, 728, 733, N88"},"geometry":{"type":"LineString","coordinates":[[20.943064,52.175389],[20.942956,52.175309],[20.942633,52.175162]]}},{"type":"Feature","properties":{"mode":"bus","n":11,"arr":["124","220","703","706","707","711","715","721","728","733","N88"],"lines":"124, 220, 703, 706, 707, 711, 715, 721, 728, 733, N88"},"geometry":{"type":"LineString","coordinates":[[20.943908,52.175021],[20.943791,52.174731]]}},{"type":"Feature","properties":{"mode":"bus","n":14,"arr":["62","63","83","124","220","703","706","707","711","715","721","728","733","N88"],"lines":"62, 63, 83, 124, 220, 703, 706, 707, 711, 715, 721, 728, 733, N88"},"geometry":{"type":"LineString","coordinates":[[20.942633,52.175162],[20.93866,52.171452]]}},{"type":"Feature","properties":{"mode":"bus","n":14,"arr":["62","63","83","124","220","703","706","707","711","715","721","728","733","N88"],"lines":"62, 63, 83, 124, 220, 703, 706, 707, 711, 715, 721, 728, 733, N88"},"geometry":{"type":"LineString","coordinates":[[20.943791,52.174731],[20.943578,52.174587],[20.940993,52.173148],[20.940588,52.172886],[20.940125,52.172538],[20.938852,52.171372]]}},{"type":"Feature","properties":{"mode":"bus","n":13,"arr":["62","63","83","124","703","706","707","711","715","721","728","733","N88"],"lines":"62, 63, 83, 124, 703, 706, 707, 711, 715, 721, 728, 733, N88"},"geometry":{"type":"LineString","coordinates":[[20.93866,52.171452],[20.938336,52.17118],[20.935612,52.168665],[20.934531,52.167608],[20.933873,52.167039]]}},{"type":"Feature","properties":{"mode":"bus","n":13,"arr":["62","63","83","124","703","706","707","711","715","721","728","733","N88"],"lines":"62, 63, 83, 124, 703, 706, 707, 711, 715, 721, 728, 733, N88"},"geometry":{"type":"LineString","coordinates":[[20.938852,52.171372],[20.9353,52.16809],[20.935068,52.16781],[20.934825,52.167388],[20.934584,52.167047],[20.934137,52.166587],[20.933646,52.166217],[20.932773,52.165689],[20.932631,52.165579],[20.930883,52.16393],[20.930183,52.163313]]}},{"type":"Feature","properties":{"mode":"bus","n":12,"arr":["62","63","83","124","703","706","707","711","715","721","728","N88"],"lines":"62, 63, 83, 124, 703, 706, 707, 711, 715, 721, 728, N88"},"geometry":{"type":"LineString","coordinates":[[20.933873,52.167039],[20.933597,52.166803],[20.933109,52.166304],[20.930032,52.163379]]}},{"type":"Feature","properties":{"mode":"bus","n":5,"arr":["124","703","706","711","733"],"lines":"124, 703, 706, 711, 733"},"geometry":{"type":"LineString","coordinates":[[20.943363,52.175327],[20.943864,52.175117],[20.943893,52.175098],[20.943904,52.175073],[20.943908,52.175021]]}},{"type":"Feature","properties":{"mode":"bus","n":7,"arr":["125","305","525","704","720","722","730"],"lines":"125, 305, 525, 704, 720, 722, 730"},"geometry":{"type":"LineString","coordinates":[[21.161404,52.225949],[21.153914,52.226213]]}},{"type":"Feature","properties":{"mode":"bus","n":7,"arr":["125","305","525","704","720","722","730"],"lines":"125, 305, 525, 704, 720, 722, 730"},"geometry":{"type":"LineString","coordinates":[[21.148362,52.226392],[21.145867,52.226484],[21.145269,52.226551],[21.144578,52.226686]]}},{"type":"Feature","properties":{"mode":"bus","n":6,"arr":["125","525","704","720","722","730"],"lines":"125, 525, 704, 720, 722, 730"},"geometry":{"type":"LineString","coordinates":[[21.153914,52.226213],[21.152294,52.226249],[21.148362,52.226392]]}},{"type":"Feature","properties":{"mode":"bus","n":6,"arr":["125","525","704","720","722","730"],"lines":"125, 525, 704, 720, 722, 730"},"geometry":{"type":"LineString","coordinates":[[21.144578,52.226686],[21.14419,52.226794],[21.143751,52.226951],[21.142448,52.227516],[21.141295,52.228064]]}},{"type":"Feature","properties":{"mode":"bus","n":10,"arr":["125","142","521","525","702","704","720","722","730","N22"],"lines":"125, 142, 521, 525, 702, 704, 720, 722, 730, N22"},"geometry":{"type":"LineString","coordinates":[[21.141295,52.228064],[21.135293,52.230679],[21.133848,52.231275],[21.133382,52.231551],[21.132634,52.231892],[21.130362,52.232808],[21.127842,52.233758]]}},{"type":"Feature","properties":{"mode":"bus","n":5,"arr":["125","135","N03","N21","N71"],"lines":"125, 135, N03, N21, N71"},"geometry":{"type":"LineString","coordinates":[[21.07475,52.245976],[21.073909,52.245998],[21.071759,52.246116],[21.070722,52.2462],[21.064937,52.246542],[21.064582,52.246583],[21.05988,52.246878],[21.05951,52.246923],[21.058532,52.246992],[21.057886,52.247013],[21.056547,52.247102],[21.055368,52.24721],[21.052403,52.247408],[21.051841,52.247424]]}},{"type":"Feature","properties":{"mode":"bus","n":5,"arr":["125","135","N03","N21","N71"],"lines":"125, 135, N03, N21, N71"},"geometry":{"type":"LineString","coordinates":[[21.069522,52.246091],[21.063588,52.246466],[21.061366,52.246634],[21.057382,52.246886],[21.056714,52.246962],[21.052025,52.247258]]}},{"type":"Feature","properties":{"mode":"bus","n":6,"arr":["125","135","311","N03","N21","N71"],"lines":"125, 135, 311, N03, N21, N71"},"geometry":{"type":"LineString","coordinates":[[21.074747,52.245784],[21.072787,52.245898],[21.072436,52.245944],[21.069522,52.246091]]}},{"type":"Feature","properties":{"mode":"bus","n":9,"arr":["125","142","521","702","704","720","722","730","N22"],"lines":"125, 142, 521, 702, 704, 720, 722, 730, N22"},"geometry":{"type":"LineString","coordinates":[[21.127627,52.233537],[21.12786,52.233567],[21.128009,52.233563],[21.128192,52.233503],[21.128487,52.233362],[21.12883,52.233108],[21.129241,52.232667],[21.129426,52.232507],[21.129873,52.232287],[21.130168,52.232209],[21.131198,52.23203],[21.131552,52.231946],[21.132256,52.231722],[21.132596,52.231663]]}},{"type":"Feature","properties":{"mode":"bus","n":11,"arr":["125","142","502","521","525","702","704","720","722","730","N22"],"lines":"125, 142, 502, 521, 525, 702, 704, 720, 722, 730, N22"},"geometry":{"type":"LineString","coordinates":[[21.132596,52.231663],[21.13578,52.230371],[21.139881,52.228573]]}},{"type":"Feature","properties":{"mode":"bus","n":8,"arr":["125","502","521","525","704","720","722","730"],"lines":"125, 502, 521, 525, 704, 720, 722, 730"},"geometry":{"type":"LineString","coordinates":[[21.139881,52.228573],[21.140294,52.228393]]}},{"type":"Feature","properties":{"mode":"bus","n":9,"arr":["125","305","502","521","525","704","720","722","730"],"lines":"125, 305, 502, 521, 525, 704, 720, 722, 730"},"geometry":{"type":"LineString","coordinates":[[21.140294,52.228393],[21.141465,52.227891]]}},{"type":"Feature","properties":{"mode":"bus","n":8,"arr":["125","305","502","525","704","720","722","730"],"lines":"125, 305, 502, 525, 704, 720, 722, 730"},"geometry":{"type":"LineString","coordinates":[[21.141465,52.227891],[21.142081,52.227588],[21.143895,52.226804],[21.144311,52.226664],[21.14486,52.226524],[21.14539,52.226433],[21.146049,52.226373],[21.148875,52.226277]]}},{"type":"Feature","properties":{"mode":"bus","n":7,"arr":["125","502","525","704","720","722","730"],"lines":"125, 502, 525, 704, 720, 722, 730"},"geometry":{"type":"LineString","coordinates":[[21.148875,52.226277],[21.154961,52.226079],[21.161422,52.225837]]}},{"type":"Feature","properties":{"mode":"bus","n":5,"arr":["126","133","152","314","N13"],"lines":"126, 133, 152, 314, N13"},"geometry":{"type":"LineString","coordinates":[[20.952882,52.317241],[20.9537,52.317881]]}},{"type":"Feature","properties":{"mode":"bus","n":9,"arr":["126","133","152","186","314","509","N01","N03","N13"],"lines":"126, 133, 152, 186, 314, 509, N01, N03, N13"},"geometry":{"type":"LineString","coordinates":[[20.9537,52.317881],[20.952821,52.318295]]}},{"type":"Feature","properties":{"mode":"bus","n":7,"arr":["133","186","314","509","N01","N03","N13"],"lines":"133, 186, 314, 509, N01, N03, N13"},"geometry":{"type":"LineString","coordinates":[[20.952821,52.318295],[20.95229,52.318553]]}},{"type":"Feature","properties":{"mode":"bus","n":6,"arr":["126","152","186","509","N01","N03"],"lines":"126, 152, 186, 509, N01, N03"},"geometry":{"type":"LineString","coordinates":[[20.959866,52.316502],[20.959361,52.316395],[20.958788,52.316356],[20.958243,52.316354],[20.957686,52.316385],[20.957057,52.316479],[20.956446,52.316619],[20.955839,52.316838],[20.9537,52.317881]]}},{"type":"Feature","properties":{"mode":"bus","n":6,"arr":["126","152","186","509","N01","N03"],"lines":"126, 152, 186, 509, N01, N03"},"geometry":{"type":"LineString","coordinates":[[20.960675,52.316796],[20.959916,52.31652],[20.959903,52.316515],[20.959895,52.316511],[20.959893,52.316509],[20.959897,52.316509],[20.959906,52.31651],[20.959922,52.316512],[20.960271,52.316576],[20.960737,52.31671]]}},{"type":"Feature","properties":{"mode":"bus","n":5,"arr":["126","152","186","509","N03"],"lines":"126, 152, 186, 509, N03"},"geometry":{"type":"LineString","coordinates":[[20.960737,52.31671],[20.960875,52.316755]]}},{"type":"Feature","properties":{"mode":"bus","n":9,"arr":["126","152","186","211","314","509","518","N03","N13"],"lines":"126, 152, 186, 211, 314, 509, 518, N03, N13"},"geometry":{"type":"LineString","coordinates":[[20.960875,52.316755],[20.961355,52.316937],[20.961564,52.317071]]}},{"type":"Feature","properties":{"mode":"bus","n":9,"arr":["126","152","186","211","314","509","518","N03","N13"],"lines":"126, 152, 186, 211, 314, 509, 518, N03, N13"},"geometry":{"type":"LineString","coordinates":[[20.969477,52.319962],[20.968014,52.319436]]}},{"type":"Feature","properties":{"mode":"bus","n":9,"arr":["126","152","186","211","314","509","518","N03","N13"],"lines":"126, 152, 186, 211, 314, 509, 518, N03, N13"},"geometry":{"type":"LineString","coordinates":[[20.966569,52.318922],[20.965919,52.318652],[20.963364,52.317702],[20.961564,52.317071],[20.960797,52.316839]]}},{"type":"Feature","properties":{"mode":"bus","n":9,"arr":["126","152","186","211","314","509","518","N03","N13"],"lines":"126, 152, 186, 211, 314, 509, 518, N03, N13"},"geometry":{"type":"LineString","coordinates":[[20.966569,52.318922],[20.966824,52.319072],[20.967208,52.319212],[20.967677,52.319372],[20.967958,52.319425],[20.967974,52.319428],[20.967984,52.319428],[20.96799,52.319427],[20.967989,52.319424],[20.967983,52.319418],[20.967972,52.319411],[20.967828,52.319324],[20.967538,52.319217],[20.96685,52.318982],[20.966569,52.318922]]}},{"type":"Feature","properties":{"mode":"bus","n":10,"arr":["126","152","186","314","509","516","518","N03","N13","N63"],"lines":"126, 152, 186, 314, 509, 516, 518, N03, N13, N63"},"geometry":{"type":"LineString","coordinates":[[20.97217,52.321179],[20.971723,52.320993],[20.969986,52.320157],[20.969477,52.319962]]}},{"type":"Feature","properties":{"mode":"bus","n":12,"arr":["126","186","314","509","511","516","518","723","731","N03","N13","N63"],"lines":"126, 186, 314, 509, 511, 516, 518, 723, 731, N03, N13, N63"},"geometry":{"type":"LineString","coordinates":[[20.971893,52.321071],[20.972532,52.32019],[20.974166,52.317815]]}},{"type":"Feature","properties":{"mode":"bus","n":12,"arr":["126","186","314","509","511","516","518","723","731","N03","N13","N63"],"lines":"126, 186, 314, 509, 511, 516, 518, 723, 731, N03, N13, N63"},"geometry":{"type":"LineString","coordinates":[[20.974438,52.317923],[20.97217,52.321179]]}},{"type":"Feature","properties":{"mode":"bus","n":9,"arr":["126","186","314","511","723","731","N03","N13","N63"],"lines":"126, 186, 314, 511, 723, 731, N03, N13, N63"},"geometry":{"type":"LineString","coordinates":[[20.974166,52.317815],[20.974198,52.317498],[20.974593,52.316921]]}},{"type":"Feature","properties":{"mode":"bus","n":9,"arr":["126","186","314","511","723","731","N03","N13","N63"],"lines":"126, 186, 314, 511, 723, 731, N03, N13, N63"},"geometry":{"type":"LineString","coordinates":[[20.975803,52.31635],[20.975457,52.31677],[20.974842,52.317624],[20.974438,52.317923]]}},{"type":"Feature","properties":{"mode":"bus","n":8,"arr":["126","186","314","723","731","N03","N13","N63"],"lines":"126, 186, 314, 723, 731, N03, N13, N63"},"geometry":{"type":"LineString","coordinates":[[20.974593,52.316921],[20.974746,52.316748],[20.975031,52.3162],[20.975575,52.315617],[20.976248,52.31467],[20.976547,52.314436]]}},{"type":"Feature","properties":{"mode":"bus","n":8,"arr":["126","186","314","723","731","N03","N13","N63"],"lines":"126, 186, 314, 723, 731, N03, N13, N63"},"geometry":{"type":"LineString","coordinates":[[20.976875,52.3145],[20.976817,52.314875],[20.976252,52.315644],[20.975803,52.31635]]}},{"type":"Feature","properties":{"mode":"bus","n":11,"arr":["126","186","314","509","516","518","723","731","N03","N13","N63"],"lines":"126, 186, 314, 509, 516, 518, 723, 731, N03, N13, N63"},"geometry":{"type":"LineString","coordinates":[[20.976547,52.314436],[20.978143,52.312225],[20.978822,52.311419],[20.979441,52.310856],[20.980419,52.310121],[20.980874,52.309701],[20.98295,52.308025]]}},{"type":"Feature","properties":{"mode":"bus","n":11,"arr":["126","186","314","509","516","518","723","731","N03","N13","N63"],"lines":"126, 186, 314, 509, 516, 518, 723, 731, N03, N13, N63"},"geometry":{"type":"LineString","coordinates":[[20.983372,52.308326],[20.982489,52.308978],[20.980443,52.310399],[20.979361,52.311245],[20.978921,52.311676],[20.97842,52.312296],[20.976875,52.3145]]}},{"type":"Feature","properties":{"mode":"bus","n":6,"arr":["126","314","326","705","735","736"],"lines":"126, 314, 326, 705, 735, 736"},"geometry":{"type":"LineString","coordinates":[[20.984309,52.308192],[20.985125,52.308477],[20.987196,52.309071],[20.988328,52.309469],[20.988484,52.309568]]}},{"type":"Feature","properties":{"mode":"bus","n":6,"arr":["126","314","326","705","735","736"],"lines":"126, 314, 326, 705, 735, 736"},"geometry":{"type":"LineString","coordinates":[[20.999271,52.312466],[20.999712,52.312629],[21.000728,52.313113]]}},{"type":"Feature","properties":{"mode":"bus","n":6,"arr":["126","314","326","705","735","736"],"lines":"126, 314, 326, 705, 735, 736"},"geometry":{"type":"LineString","coordinates":[[21.000029,52.312916],[20.999271,52.312466],[20.998926,52.312336],[20.998514,52.312222],[20.994861,52.311411],[20.994275,52.311257],[20.990147,52.310078],[20.988484,52.309568],[20.988306,52.309542],[20.987307,52.309207],[20.984718,52.308487]]}},{"type":"Feature","properties":{"mode":"bus","n":7,"arr":["126","314","326","705","735","736","N64"],"lines":"126, 314, 326, 705, 735, 736, N64"},"geometry":{"type":"LineString","coordinates":[[21.000728,52.313113],[21.001007,52.313252],[21.001375,52.31339],[21.002394,52.313709]]}},{"type":"Feature","properties":{"mode":"bus","n":6,"arr":["126","326","705","735","736","N64"],"lines":"126, 326, 705, 735, 736, N64"},"geometry":{"type":"LineString","coordinates":[[21.002394,52.313709],[21.008608,52.315566],[21.01165,52.316447]]}},{"type":"Feature","properties":{"mode":"bus","n":6,"arr":["126","326","705","735","736","N64"],"lines":"126, 326, 705, 735, 736, N64"},"geometry":{"type":"LineString","coordinates":[[21.012457,52.316666],[21.011704,52.316462],[21.011688,52.316458],[21.011679,52.316456],[21.011675,52.316456],[21.011676,52.316459],[21.011682,52.316464],[21.011695,52.31647],[21.011804,52.316528],[21.012299,52.316698]]}},{"type":"Feature","properties":{"mode":"bus","n":6,"arr":["126","145","156","169","212","N02"],"lines":"126, 145, 156, 169, 212, N02"},"geometry":{"type":"LineString","coordinates":[[21.041737,52.292565],[21.041606,52.292574]]}},{"type":"Feature","properties":{"mode":"bus","n":10,"arr":["126","152","186","211","314","509","518","N01","N03","N13"],"lines":"126, 152, 186, 211, 314, 509, 518, N01, N03, N13"},"geometry":{"type":"LineString","coordinates":[[20.960797,52.316839],[20.960675,52.316796]]}},{"type":"Feature","properties":{"mode":"bus","n":20,"arr":["127","128","131","158","175","517","520","525","N22","N24","N25","N31","N32","N35","N38","N42","N72","N81","N85","N88"],"lines":"127, 128, 131, 158, 175, 517, 520, 525, N22, N24, N25, N31, N32, N35, N38, N42, N72, N81, N85, N88"},"geometry":{"type":"LineString","coordinates":[[21.005573,52.228632],[21.005298,52.228579]]}},{"type":"Feature","properties":{"mode":"bus","n":30,"arr":["127","128","131","158","175","504","517","520","525","N11","N22","N24","N25","N31","N32","N34","N35","N36","N38","N41","N42","N43","N45","N61","N72","N81","N85","N86","N88","N95"],"lines":"127, 128, 131, 158, 175, 504, 517, 520, 525, N11, N22, N24, N25, N31, N32, N34, N35, N36, N38, N41, N42, N43, N45, N61, N72, N81, N85, N86, N88, N95"},"geometry":{"type":"LineString","coordinates":[[21.005298,52.228579],[21.002778,52.228078],[21.002145,52.227975]]}},{"type":"Feature","properties":{"mode":"bus","n":12,"arr":["127","128","158","175","504","517","N32","N35","N38","N43","N85","N88"],"lines":"127, 128, 158, 175, 504, 517, N32, N35, N38, N43, N85, N88"},"geometry":{"type":"LineString","coordinates":[[21.001514,52.227813],[21.000212,52.227448],[20.995828,52.226541]]}},{"type":"Feature","properties":{"mode":"bus","n":12,"arr":["127","128","158","175","504","517","N32","N35","N38","N43","N85","N88"],"lines":"127, 128, 158, 175, 504, 517, N32, N35, N38, N43, N85, N88"},"geometry":{"type":"LineString","coordinates":[[20.995922,52.226348],[20.996708,52.226516],[20.997161,52.226636],[21.000148,52.227274],[21.000574,52.227338],[21.001731,52.227443]]}},{"type":"Feature","properties":{"mode":"bus","n":5,"arr":["127","158","159","717","817"],"lines":"127, 158, 159, 717, 817"},"geometry":{"type":"LineString","coordinates":[[20.975042,52.221111],[20.971506,52.220116],[20.970474,52.219746]]}},{"type":"Feature","properties":{"mode":"bus","n":5,"arr":["127","158","159","717","817"],"lines":"127, 158, 159, 717, 817"},"geometry":{"type":"LineString","coordinates":[[20.970674,52.21947],[20.971433,52.219833],[20.972258,52.220172],[20.975137,52.220976]]}},{"type":"Feature","properties":{"mode":"bus","n":14,"arr":["127","154","158","159","167","172","182","187","517","523","717","817","N35","N85"],"lines":"127, 154, 158, 159, 167, 172, 182, 187, 517, 523, 717, 817, N35, N85"},"geometry":{"type":"LineString","coordinates":[[20.970474,52.219746],[20.966791,52.218312],[20.96481,52.217664]]}},{"type":"Feature","properties":{"mode":"bus","n":14,"arr":["127","154","158","159","167","172","182","187","517","523","717","817","N35","N85"],"lines":"127, 154, 158, 159, 167, 172, 182, 187, 517, 523, 717, 817, N35, N85"},"geometry":{"type":"LineString","coordinates":[[20.962559,52.216594],[20.964075,52.217203],[20.965025,52.21755],[20.968841,52.218777],[20.970674,52.21947]]}},{"type":"Feature","properties":{"mode":"bus","n":13,"arr":["127","154","158","159","167","172","182","187","523","717","817","N35","N85"],"lines":"127, 154, 158, 159, 167, 172, 182, 187, 523, 717, 817, N35, N85"},"geometry":{"type":"LineString","coordinates":[[20.96481,52.217664],[20.962935,52.217166]]}},{"type":"Feature","properties":{"mode":"bus","n":11,"arr":["127","154","158","159","172","182","187","717","817","N35","N85"],"lines":"127, 154, 158, 159, 172, 182, 187, 717, 817, N35, N85"},"geometry":{"type":"LineString","coordinates":[[20.962935,52.217166],[20.962276,52.216971]]}},{"type":"Feature","properties":{"mode":"bus","n":9,"arr":["127","158","159","172","187","717","817","N35","N85"],"lines":"127, 158, 159, 172, 187, 717, 817, N35, N85"},"geometry":{"type":"LineString","coordinates":[[20.962276,52.216971],[20.960783,52.216561]]}},{"type":"Feature","properties":{"mode":"bus","n":12,"arr":["127","158","159","172","187","191","208","717","817","N01","N35","N85"],"lines":"127, 158, 159, 172, 187, 191, 208, 717, 817, N01, N35, N85"},"geometry":{"type":"LineString","coordinates":[[20.960783,52.216561],[20.960445,52.216463]]}},{"type":"Feature","properties":{"mode":"bus","n":10,"arr":["127","158","187","191","208","717","817","N01","N35","N85"],"lines":"127, 158, 187, 191, 208, 717, 817, N01, N35, N85"},"geometry":{"type":"LineString","coordinates":[[20.960445,52.216463],[20.959945,52.216284]]}},{"type":"Feature","properties":{"mode":"bus","n":11,"arr":["127","158","178","187","191","208","717","817","N01","N35","N85"],"lines":"127, 158, 178, 187, 191, 208, 717, 817, N01, N35, N85"},"geometry":{"type":"LineString","coordinates":[[20.959945,52.216284],[20.957526,52.215359],[20.956739,52.215005],[20.956401,52.214788]]}},{"type":"Feature","properties":{"mode":"bus","n":11,"arr":["127","158","178","187","191","208","717","817","N01","N35","N85"],"lines":"127, 158, 178, 187, 191, 208, 717, 817, N01, N35, N85"},"geometry":{"type":"LineString","coordinates":[[20.949196,52.209751],[20.951432,52.211227],[20.951976,52.211678]]}},{"type":"Feature","properties":{"mode":"bus","n":12,"arr":["127","158","178","187","191","208","517","717","817","N01","N35","N85"],"lines":"127, 158, 178, 187, 191, 208, 517, 717, 817, N01, N35, N85"},"geometry":{"type":"LineString","coordinates":[[20.956401,52.214788],[20.955637,52.214308],[20.954027,52.213235],[20.952122,52.211931],[20.951914,52.211892],[20.951421,52.21159]]}},{"type":"Feature","properties":{"mode":"bus","n":12,"arr":["127","158","178","187","191","208","517","717","817","N01","N35","N85"],"lines":"127, 158, 178, 187, 191, 208, 517, 717, 817, N01, N35, N85"},"geometry":{"type":"LineString","coordinates":[[20.951976,52.211678],[20.952699,52.212174]]}},{"type":"Feature","properties":{"mode":"bus","n":11,"arr":["127","178","187","191","208","517","717","817","N01","N35","N85"],"lines":"127, 178, 187, 191, 208, 517, 717, 817, N01, N35, N85"},"geometry":{"type":"LineString","coordinates":[[20.951421,52.21159],[20.946543,52.208364],[20.945859,52.207819],[20.944974,52.207221]]}},{"type":"Feature","properties":{"mode":"bus","n":11,"arr":["127","178","187","191","208","517","717","817","N01","N35","N85"],"lines":"127, 178, 187, 191, 208, 517, 717, 817, N01, N35, N85"},"geometry":{"type":"LineString","coordinates":[[20.945473,52.207366],[20.94585,52.207619]]}},{"type":"Feature","properties":{"mode":"bus","n":10,"arr":["127","178","187","191","208","717","817","N01","N35","N85"],"lines":"127, 178, 187, 191, 208, 717, 817, N01, N35, N85"},"geometry":{"type":"LineString","coordinates":[[20.94585,52.207619],[20.946052,52.207687],[20.946909,52.208226],[20.949196,52.209751]]}},{"type":"Feature","properties":{"mode":"bus","n":14,"arr":["127","158","159","172","178","187","191","208","517","717","817","N01","N35","N85"],"lines":"127, 158, 159, 172, 178, 187, 191, 208, 517, 717, 817, N01, N35, N85"},"geometry":{"type":"LineString","coordinates":[[20.952699,52.212174],[20.956151,52.214439],[20.956596,52.214604],[20.957303,52.214943],[20.960892,52.215993]]}},{"type":"Feature","properties":{"mode":"bus","n":11,"arr":["127","158","159","172","178","187","517","717","817","N35","N85"],"lines":"127, 158, 159, 172, 178, 187, 517, 717, 817, N35, N85"},"geometry":{"type":"LineString","coordinates":[[20.960892,52.215993],[20.961655,52.216244]]}},{"type":"Feature","properties":{"mode":"bus","n":12,"arr":["127","158","159","167","172","187","517","523","717","817","N35","N85"],"lines":"127, 158, 159, 167, 172, 187, 517, 523, 717, 817, N35, N85"},"geometry":{"type":"LineString","coordinates":[[20.961655,52.216244],[20.962559,52.216594]]}},{"type":"Feature","properties":{"mode":"bus","n":10,"arr":["127","157","158","159","517","N35","N38","N43","N85","N88"],"lines":"127, 157, 158, 159, 517, N35, N38, N43, N85, N88"},"geometry":{"type":"LineString","coordinates":[[20.985479,52.221045],[20.988092,52.224002],[20.988347,52.22416],[20.988987,52.224412]]}},{"type":"Feature","properties":{"mode":"bus","n":10,"arr":["127","128","158","175","517","N32","N35","N38","N85","N88"],"lines":"127, 128, 158, 175, 517, N32, N35, N38, N85, N88"},"geometry":{"type":"LineString","coordinates":[[21.005384,52.228366],[21.004658,52.228199],[21.002425,52.227588]]}},{"type":"Feature","properties":{"mode":"bus","n":6,"arr":["127","131","517","N33","N83","WAK"],"lines":"127, 131, 517, N33, N83, WAK"},"geometry":{"type":"LineString","coordinates":[[21.018747,52.231249],[21.019134,52.230557],[21.021011,52.229496]]}},{"type":"Feature","properties":{"mode":"bus","n":5,"arr":["128","157","186","208","414"],"lines":"128, 157, 186, 208, 414"},"geometry":{"type":"LineString","coordinates":[[20.964319,52.208033],[20.964253,52.207953]]}},{"type":"Feature","properties":{"mode":"bus","n":5,"arr":["128","157","186","208","414"],"lines":"128, 157, 186, 208, 414"},"geometry":{"type":"LineString","coordinates":[[20.963307,52.208287],[20.963341,52.208323]]}},{"type":"Feature","properties":{"mode":"bus","n":7,"arr":["128","136","172","175","188","504","N32"],"lines":"128, 136, 172, 175, 188, 504, N32"},"geometry":{"type":"LineString","coordinates":[[20.984046,52.198375],[20.984092,52.198505]]}},{"type":"Feature","properties":{"mode":"bus","n":8,"arr":["128","136","172","175","188","504","N01","N32"],"lines":"128, 136, 172, 175, 188, 504, N01, N32"},"geometry":{"type":"LineString","coordinates":[[20.984092,52.198505],[20.984981,52.201099]]}},{"type":"Feature","properties":{"mode":"bus","n":6,"arr":["128","136","175","188","504","N32"],"lines":"128, 136, 175, 188, 504, N32"},"geometry":{"type":"LineString","coordinates":[[20.984981,52.201099],[20.988073,52.210058]]}},{"type":"Feature","properties":{"mode":"bus","n":6,"arr":["128","136","175","188","504","N32"],"lines":"128, 136, 175, 188, 504, N32"},"geometry":{"type":"LineString","coordinates":[[20.98771,52.210224],[20.984648,52.201304]]}},{"type":"Feature","properties":{"mode":"bus","n":5,"arr":["128","175","188","504","N32"],"lines":"128, 175, 188, 504, N32"},"geometry":{"type":"LineString","coordinates":[[20.988073,52.210058],[20.988178,52.210523],[20.988767,52.212144],[20.988869,52.212606],[20.988887,52.213141],[20.988728,52.21435],[20.988759,52.214739],[20.9889,52.215022],[20.989162,52.215345],[20.989415,52.215572],[20.99012,52.216077]]}},{"type":"Feature","properties":{"mode":"bus","n":5,"arr":["128","175","188","504","N32"],"lines":"128, 175, 188, 504, N32"},"geometry":{"type":"LineString","coordinates":[[20.988085,52.216192],[20.98815,52.216014],[20.988489,52.213198],[20.988493,52.212747],[20.988391,52.212226],[20.98771,52.210224]]}},{"type":"Feature","properties":{"mode":"bus","n":5,"arr":["128","159","175","504","N32"],"lines":"128, 159, 175, 504, N32"},"geometry":{"type":"LineString","coordinates":[[20.989921,52.223875],[20.989573,52.224508],[20.989563,52.224638]]}},{"type":"Feature","properties":{"mode":"bus","n":5,"arr":["128","159","175","504","N32"],"lines":"128, 159, 175, 504, N32"},"geometry":{"type":"LineString","coordinates":[[20.988987,52.224412],[20.989675,52.223868]]}},{"type":"Feature","properties":{"mode":"bus","n":6,"arr":["128","143","175","188","504","N32"],"lines":"128, 143, 175, 188, 504, N32"},"geometry":{"type":"LineString","coordinates":[[20.988109,52.216496],[20.988046,52.21635],[20.988085,52.216192]]}},{"type":"Feature","properties":{"mode":"bus","n":7,"arr":["129","184","197","201","249","N45","N95"],"lines":"129, 184, 197, 201, 249, N45, N95"},"geometry":{"type":"LineString","coordinates":[[20.938872,52.246632],[20.941686,52.246701],[20.942794,52.246755]]}},{"type":"Feature","properties":{"mode":"bus","n":5,"arr":["129","201","249","N45","N95"],"lines":"129, 201, 249, N45, N95"},"geometry":{"type":"LineString","coordinates":[[20.942794,52.246755],[20.945117,52.246883],[20.94753,52.246984]]}},{"type":"Feature","properties":{"mode":"bus","n":8,"arr":["129","184","190","201","249","523","N42","N43"],"lines":"129, 184, 190, 201, 249, 523, N42, N43"},"geometry":{"type":"LineString","coordinates":[[20.948483,52.238737],[20.945721,52.239001]]}},{"type":"Feature","properties":{"mode":"bus","n":7,"arr":["129","190","197","249","523","N42","N43"],"lines":"129, 190, 197, 249, 523, N42, N43"},"geometry":{"type":"LineString","coordinates":[[20.942607,52.239297],[20.945721,52.239001]]}},{"type":"Feature","properties":{"mode":"bus","n":7,"arr":["129","190","197","249","523","N42","N43"],"lines":"129, 190, 197, 249, 523, N42, N43"},"geometry":{"type":"LineString","coordinates":[[20.94266,52.239164],[20.945688,52.238864]]}},{"type":"Feature","properties":{"mode":"bus","n":8,"arr":["129","167","190","197","249","523","N42","N43"],"lines":"129, 167, 190, 197, 249, 523, N42, N43"},"geometry":{"type":"LineString","coordinates":[[20.942464,52.23931],[20.942607,52.239297]]}},{"type":"Feature","properties":{"mode":"bus","n":5,"arr":["129","189","194","N01","N41"],"lines":"129, 189, 194, N01, N41"},"geometry":{"type":"LineString","coordinates":[[20.913528,52.209221],[20.913382,52.209571],[20.913286,52.209936],[20.913264,52.210259],[20.913324,52.210689],[20.915823,52.218495],[20.915975,52.218829],[20.916313,52.219287],[20.916384,52.219428],[20.916555,52.220049]]}},{"type":"Feature","properties":{"mode":"bus","n":5,"arr":["129","178","189","191","N01"],"lines":"129, 178, 189, 191, N01"},"geometry":{"type":"LineString","coordinates":[[20.915869,52.20546],[20.915688,52.205277],[20.915594,52.205123],[20.915515,52.204865],[20.915519,52.20469]]}},{"type":"Feature","properties":{"mode":"bus","n":5,"arr":["129","178","189","191","N01"],"lines":"129, 178, 189, 191, N01"},"geometry":{"type":"LineString","coordinates":[[20.914428,52.200198],[20.914379,52.200167],[20.914251,52.199932]]}},{"type":"Feature","properties":{"mode":"bus","n":6,"arr":["129","178","189","191","N01","N41"],"lines":"129, 178, 189, 191, N01, N41"},"geometry":{"type":"LineString","coordinates":[[20.914374,52.199924],[20.915519,52.20469],[20.915692,52.204888],[20.916296,52.205384],[20.916358,52.205479]]}},{"type":"Feature","properties":{"mode":"bus","n":7,"arr":["129","178","187","191","401","517","N35"],"lines":"129, 178, 187, 191, 401, 517, N35"},"geometry":{"type":"LineString","coordinates":[[20.914115,52.1998],[20.913849,52.199492],[20.913826,52.199397]]}},{"type":"Feature","properties":{"mode":"bus","n":7,"arr":["129","178","187","191","401","517","N35"],"lines":"129, 178, 187, 191, 401, 517, N35"},"geometry":{"type":"LineString","coordinates":[[20.910565,52.195666],[20.91048,52.195602],[20.910082,52.195065]]}},{"type":"Feature","properties":{"mode":"bus","n":7,"arr":["129","178","187","191","401","517","N35"],"lines":"129, 178, 187, 191, 401, 517, N35"},"geometry":{"type":"LineString","coordinates":[[20.910118,52.194889],[20.910485,52.195462],[20.910565,52.195666],[20.910847,52.196044],[20.913248,52.198785],[20.913535,52.199049],[20.913826,52.199397],[20.914192,52.199732]]}},{"type":"Feature","properties":{"mode":"bus","n":6,"arr":["129","178","191","401","517","N35"],"lines":"129, 178, 191, 401, 517, N35"},"geometry":{"type":"LineString","coordinates":[[20.910082,52.195065],[20.909882,52.194755],[20.909579,52.194163]]}},{"type":"Feature","properties":{"mode":"bus","n":6,"arr":["129","178","191","401","517","N35"],"lines":"129, 178, 191, 401, 517, N35"},"geometry":{"type":"LineString","coordinates":[[20.908196,52.192216],[20.910118,52.194889]]}},{"type":"Feature","properties":{"mode":"bus","n":6,"arr":["129","191","207","401","517","N35"],"lines":"129, 191, 207, 401, 517, N35"},"geometry":{"type":"LineString","coordinates":[[20.908196,52.192216],[20.903114,52.193761]]}},{"type":"Feature","properties":{"mode":"bus","n":7,"arr":["129","191","207","220","401","517","N35"],"lines":"129, 191, 207, 220, 401, 517, N35"},"geometry":{"type":"LineString","coordinates":[[20.903114,52.193761],[20.901093,52.194395],[20.896632,52.19615]]}},{"type":"Feature","properties":{"mode":"bus","n":5,"arr":["129","207","517","N35","N85"],"lines":"129, 207, 517, N35, N85"},"geometry":{"type":"LineString","coordinates":[[20.883992,52.19404],[20.882973,52.19325]]}},{"type":"Feature","properties":{"mode":"bus","n":7,"arr":["129","184","190","249","523","N42","N43"],"lines":"129, 184, 190, 249, 523, N42, N43"},"geometry":{"type":"LineString","coordinates":[[20.945688,52.238864],[20.948438,52.238599]]}},{"type":"Feature","properties":{"mode":"bus","n":6,"arr":["129","190","249","523","N42","N43"],"lines":"129, 190, 249, 523, N42, N43"},"geometry":{"type":"LineString","coordinates":[[20.948438,52.238599],[20.948569,52.238585]]}},{"type":"Feature","properties":{"mode":"bus","n":5,"arr":["129","184","197","201","249"],"lines":"129, 184, 197, 201, 249"},"geometry":{"type":"LineString","coordinates":[[20.942395,52.245762],[20.943196,52.245907]]}},{"type":"Feature","properties":{"mode":"bus","n":5,"arr":["129","184","249","N45","N95"],"lines":"129, 184, 249, N45, N95"},"geometry":{"type":"LineString","coordinates":[[20.938892,52.246773],[20.940129,52.246777],[20.940485,52.246759],[20.942786,52.246873]]}},{"type":"Feature","properties":{"mode":"bus","n":7,"arr":["130","300","331","709","727","739","N37"],"lines":"130, 300, 331, 709, 727, 739, N37"},"geometry":{"type":"LineString","coordinates":[[21.021214,52.179546],[21.021267,52.179251]]}},{"type":"Feature","properties":{"mode":"bus","n":9,"arr":["130","165","218","300","331","709","727","739","N37"],"lines":"130, 165, 218, 300, 331, 709, 727, 739, N37"},"geometry":{"type":"LineString","coordinates":[[21.022082,52.179131],[21.022283,52.179499]]}},{"type":"Feature","properties":{"mode":"bus","n":10,"arr":["130","164","165","217","218","300","401","709","727","N50"],"lines":"130, 164, 165, 217, 218, 300, 401, 709, 727, N50"},"geometry":{"type":"LineString","coordinates":[[21.022807,52.179847],[21.022711,52.179777]]}},{"type":"Feature","properties":{"mode":"bus","n":8,"arr":["130","165","218","300","401","709","727","N50"],"lines":"130, 165, 218, 300, 401, 709, 727, N50"},"geometry":{"type":"LineString","coordinates":[[21.022877,52.179907],[21.022807,52.179847]]}},{"type":"Feature","properties":{"mode":"bus","n":6,"arr":["130","300","401","709","727","N50"],"lines":"130, 300, 401, 709, 727, N50"},"geometry":{"type":"LineString","coordinates":[[21.022929,52.17999],[21.022877,52.179907]]}},{"type":"Feature","properties":{"mode":"bus","n":6,"arr":["130","300","331","401","739","N50"],"lines":"130, 300, 331, 401, 739, N50"},"geometry":{"type":"LineString","coordinates":[[21.024736,52.179735],[21.024223,52.179877]]}},{"type":"Feature","properties":{"mode":"bus","n":10,"arr":["130","165","218","300","331","401","709","727","739","N50"],"lines":"130, 165, 218, 300, 331, 401, 709, 727, 739, N50"},"geometry":{"type":"LineString","coordinates":[[21.024783,52.179529],[21.024821,52.179607],[21.024826,52.17964],[21.024805,52.179671],[21.024736,52.179735]]}},{"type":"Feature","properties":{"mode":"bus","n":6,"arr":["130","163","331","519","739","N37"],"lines":"130, 163, 331, 519, 739, N37"},"geometry":{"type":"LineString","coordinates":[[21.022341,52.179626],[21.023029,52.18143]]}},{"type":"Feature","properties":{"mode":"bus","n":6,"arr":["131","163","172","180","189","N31"],"lines":"131, 163, 172, 180, 189, N31"},"geometry":{"type":"LineString","coordinates":[[21.069485,52.181671],[21.069255,52.181887]]}},{"type":"Feature","properties":{"mode":"bus","n":5,"arr":["131","163","172","180","189"],"lines":"131, 163, 172, 180, 189"},"geometry":{"type":"LineString","coordinates":[[21.069255,52.181887],[21.067024,52.184],[21.063927,52.186842]]}},{"type":"Feature","properties":{"mode":"bus","n":5,"arr":["131","163","172","180","189"],"lines":"131, 163, 172, 180, 189"},"geometry":{"type":"LineString","coordinates":[[21.063792,52.186711],[21.065307,52.185347],[21.068874,52.181986]]}},{"type":"Feature","properties":{"mode":"bus","n":9,"arr":["131","163","172","180","185","187","189","N33","N83"],"lines":"131, 163, 172, 180, 185, 187, 189, N33, N83"},"geometry":{"type":"LineString","coordinates":[[21.063927,52.186842],[21.063828,52.18693]]}},{"type":"Feature","properties":{"mode":"bus","n":6,"arr":["131","180","185","187","N33","N83"],"lines":"131, 180, 185, 187, N33, N83"},"geometry":{"type":"LineString","coordinates":[[21.063828,52.18693],[21.061136,52.189374],[21.060349,52.190027],[21.056659,52.192951]]}},{"type":"Feature","properties":{"mode":"bus","n":6,"arr":["131","180","185","187","N33","N83"],"lines":"131, 180, 185, 187, N33, N83"},"geometry":{"type":"LineString","coordinates":[[21.056365,52.192926],[21.05999,52.190069],[21.060848,52.189355],[21.061479,52.188813],[21.06369,52.186801]]}},{"type":"Feature","properties":{"mode":"bus","n":7,"arr":["131","162","180","185","187","N33","N83"],"lines":"131, 162, 180, 185, 187, N33, N83"},"geometry":{"type":"LineString","coordinates":[[21.056659,52.192951],[21.055587,52.193855],[21.054116,52.195198],[21.053568,52.195753],[21.053219,52.196205],[21.051648,52.198503],[21.050847,52.199798],[21.050692,52.200123],[21.050247,52.201386],[21.049895,52.202662]]}},{"type":"Feature","properties":{"mode":"bus","n":7,"arr":["131","162","180","185","187","N33","N83"],"lines":"131, 162, 180, 185, 187, N33, N83"},"geometry":{"type":"LineString","coordinates":[[21.049518,52.202647],[21.050733,52.198456],[21.050918,52.198041],[21.051136,52.19769],[21.051644,52.197062],[21.052446,52.196305],[21.05342,52.195449],[21.054327,52.194708],[21.055201,52.19391],[21.056365,52.192926]]}},{"type":"Feature","properties":{"mode":"bus","n":16,"arr":["131","504","520","525","N22","N24","N25","N34","N36","N37","N42","N43","N45","N72","N86","N95"],"lines":"131, 504, 520, 525, N22, N24, N25, N34, N36, N37, N42, N43, N45, N72, N86, N95"},"geometry":{"type":"LineString","coordinates":[[21.00483,52.229416],[21.00473,52.229466],[21.00465,52.229478]]}},{"type":"Feature","properties":{"mode":"bus","n":6,"arr":["132","134","326","518","705","735"],"lines":"132, 134, 326, 518, 705, 735"},"geometry":{"type":"LineString","coordinates":[[20.969029,52.271624],[20.967497,52.271146],[20.967228,52.271104],[20.966631,52.270943],[20.966493,52.270967],[20.966127,52.271127],[20.964961,52.271761]]}},{"type":"Feature","properties":{"mode":"bus","n":8,"arr":["132","134","186","326","414","518","705","735"],"lines":"132, 134, 186, 326, 414, 518, 705, 735"},"geometry":{"type":"LineString","coordinates":[[20.964961,52.271761],[20.965863,52.27239],[20.966619,52.272876]]}},{"type":"Feature","properties":{"mode":"bus","n":5,"arr":["132","204","234","527","N11"],"lines":"132, 204, 234, 527, N11"},"geometry":{"type":"LineString","coordinates":[[21.063478,52.325166],[21.063053,52.325104],[21.06151,52.325118],[21.061041,52.325078],[21.059684,52.324795],[21.057908,52.32425],[21.05752,52.324161],[21.057236,52.32415],[21.056812,52.324204]]}},{"type":"Feature","properties":{"mode":"bus","n":5,"arr":["132","152","234","527","N11"],"lines":"132, 152, 234, 527, N11"},"geometry":{"type":"LineString","coordinates":[[21.059464,52.316651],[21.058434,52.318377],[21.057901,52.319398],[21.057459,52.320074],[21.056919,52.320995],[21.056856,52.321237],[21.056857,52.32145],[21.057223,52.322793],[21.057194,52.322948],[21.056708,52.323994]]}},{"type":"Feature","properties":{"mode":"bus","n":5,"arr":["132","152","234","527","N11"],"lines":"132, 152, 234, 527, N11"},"geometry":{"type":"LineString","coordinates":[[21.056812,52.324204],[21.056838,52.324149],[21.056722,52.32401],[21.056716,52.324005],[21.056711,52.324002],[21.056705,52.324002],[21.056699,52.324005],[21.056693,52.32401],[21.056666,52.32404],[21.056672,52.324116],[21.056719,52.324179],[21.056812,52.324204]]}},{"type":"Feature","properties":{"mode":"bus","n":10,"arr":["132","134","186","326","414","518","705","735","N13","N63"],"lines":"132, 134, 186, 326, 414, 518, 705, 735, N13, N63"},"geometry":{"type":"LineString","coordinates":[[20.967775,52.274119],[20.965857,52.272959]]}},{"type":"Feature","properties":{"mode":"bus","n":8,"arr":["132","134","326","518","705","735","N13","N63"],"lines":"132, 134, 326, 518, 705, 735, N13, N63"},"geometry":{"type":"LineString","coordinates":[[20.965857,52.272959],[20.965504,52.272869],[20.965248,52.272839],[20.964957,52.272864],[20.964804,52.272906],[20.964588,52.273031],[20.964463,52.273183],[20.964437,52.273275],[20.964473,52.27349],[20.964515,52.273557],[20.964672,52.273672],[20.964896,52.273756],[20.965113,52.273794],[20.965402,52.273786],[20.966124,52.273596]]}},{"type":"Feature","properties":{"mode":"bus","n":7,"arr":["133","186","509","N01","N03","N13","N63"],"lines":"133, 186, 509, N01, N03, N13, N63"},"geometry":{"type":"LineString","coordinates":[[20.949901,52.319731],[20.944175,52.322547]]}},{"type":"Feature","properties":{"mode":"bus","n":7,"arr":["133","186","509","N01","N03","N13","N63"],"lines":"133, 186, 509, N01, N03, N13, N63"},"geometry":{"type":"LineString","coordinates":[[20.95229,52.318553],[20.950441,52.319449]]}},{"type":"Feature","properties":{"mode":"bus","n":7,"arr":["133","186","509","N01","N03","N13","N63"],"lines":"133, 186, 509, N01, N03, N13, N63"},"geometry":{"type":"LineString","coordinates":[[20.949901,52.319731],[20.950252,52.319601],[20.950405,52.319478],[20.950415,52.319469],[20.95042,52.319464],[20.95042,52.319461],[20.950416,52.319462],[20.950407,52.319464],[20.950394,52.31947],[20.949991,52.319649],[20.949901,52.319731]]}},{"type":"Feature","properties":{"mode":"bus","n":5,"arr":["134","204","226","N11","N14"],"lines":"134, 204, 226, N11, N14"},"geometry":{"type":"LineString","coordinates":[[21.048728,52.323283],[21.049127,52.322989],[21.049233,52.32285]]}},{"type":"Feature","properties":{"mode":"bus","n":6,"arr":["134","204","226","234","N11","N14"],"lines":"134, 204, 226, 234, N11, N14"},"geometry":{"type":"LineString","coordinates":[[21.049233,52.32285],[21.049476,52.321194],[21.049715,52.320067],[21.049884,52.31948],[21.050295,52.318452],[21.050467,52.317918]]}},{"type":"Feature","properties":{"mode":"bus","n":5,"arr":["134","326","518","705","735"],"lines":"134, 326, 518, 705, 735"},"geometry":{"type":"LineString","coordinates":[[20.96947,52.271804],[20.969282,52.271747],[20.969029,52.271624]]}},{"type":"Feature","properties":{"mode":"bus","n":9,"arr":["135","162","166","170","212","338","N03","N14","N64"],"lines":"135, 162, 166, 170, 212, 338, N03, N14, N64"},"geometry":{"type":"LineString","coordinates":[[21.026925,52.260089],[21.030382,52.261707],[21.030412,52.261716],[21.03044,52.261714],[21.030465,52.261701],[21.030681,52.26153]]}},{"type":"Feature","properties":{"mode":"bus","n":9,"arr":["135","162","166","170","212","338","N03","N14","N64"],"lines":"135, 162, 166, 170, 212, 338, N03, N14, N64"},"geometry":{"type":"LineString","coordinates":[[21.027601,52.259543],[21.031077,52.261142],[21.031099,52.261158],[21.031103,52.261174],[21.031089,52.261193],[21.030886,52.261359]]}},{"type":"Feature","properties":{"mode":"bus","n":7,"arr":["135","170","212","338","N03","N14","N64"],"lines":"135, 170, 212, 338, N03, N14, N64"},"geometry":{"type":"LineString","coordinates":[[21.02671,52.259989],[21.026925,52.260089]]}},{"type":"Feature","properties":{"mode":"bus","n":7,"arr":["135","170","212","338","N03","N14","N64"],"lines":"135, 170, 212, 338, N03, N14, N64"},"geometry":{"type":"LineString","coordinates":[[21.027364,52.259433],[21.027601,52.259543]]}},{"type":"Feature","properties":{"mode":"bus","n":6,"arr":["135","212","409","500","N12","N62"],"lines":"135, 212, 409, 500, N12, N62"},"geometry":{"type":"LineString","coordinates":[[21.034204,52.267589],[21.033487,52.267502],[21.032775,52.267342],[21.031551,52.266938],[21.03047,52.266626]]}},{"type":"Feature","properties":{"mode":"bus","n":5,"arr":["136","190","523","N42","N43"],"lines":"136, 190, 523, N42, N43"},"geometry":{"type":"LineString","coordinates":[[20.956412,52.238059],[20.956101,52.238114],[20.955718,52.238125]]}},{"type":"Feature","properties":{"mode":"bus","n":8,"arr":["136","167","178","184","186","414","523","N43"],"lines":"136, 167, 178, 184, 186, 414, 523, N43"},"geometry":{"type":"LineString","coordinates":[[20.956934,52.227707],[20.957148,52.226684],[20.957353,52.226018],[20.95752,52.225646],[20.957875,52.223993],[20.958243,52.222755],[20.958463,52.222262],[20.958619,52.222017],[20.959339,52.221102],[20.959484,52.220894],[20.959637,52.220585],[20.959699,52.220327],[20.959893,52.218296],[20.959967,52.217773],[20.960091,52.217347]]}},{"type":"Feature","properties":{"mode":"bus","n":8,"arr":["136","167","178","184","186","414","523","N43"],"lines":"136, 167, 178, 184, 186, 414, 523, N43"},"geometry":{"type":"LineString","coordinates":[[20.960899,52.216885],[20.960462,52.217449],[20.960313,52.217745],[20.960232,52.217997],[20.960182,52.218252],[20.96002,52.22011],[20.95991,52.220633],[20.959715,52.220996],[20.959052,52.221808],[20.958813,52.222155],[20.958639,52.222524],[20.958068,52.224555],[20.957824,52.225712],[20.957851,52.226217],[20.957501,52.22774]]}},{"type":"Feature","properties":{"mode":"bus","n":6,"arr":["136","178","184","186","414","N43"],"lines":"136, 178, 184, 186, 414, N43"},"geometry":{"type":"LineString","coordinates":[[20.960091,52.217347],[20.960129,52.21713],[20.960277,52.216779]]}},{"type":"Feature","properties":{"mode":"bus","n":6,"arr":["136","178","184","186","414","N43"],"lines":"136, 178, 184, 186, 414, N43"},"geometry":{"type":"LineString","coordinates":[[20.961249,52.216456],[20.960899,52.216885]]}},{"type":"Feature","properties":{"mode":"bus","n":5,"arr":["136","184","186","414","N43"],"lines":"136, 184, 186, 414, N43"},"geometry":{"type":"LineString","coordinates":[[20.960277,52.216779],[20.960445,52.216463]]}},{"type":"Feature","properties":{"mode":"bus","n":7,"arr":["136","159","172","184","186","414","N43"],"lines":"136, 159, 172, 184, 186, 414, N43"},"geometry":{"type":"LineString","coordinates":[[20.960445,52.216463],[20.960569,52.216228],[20.96074,52.216078],[20.960892,52.215993]]}},{"type":"Feature","properties":{"mode":"bus","n":10,"arr":["136","159","172","184","186","191","208","414","N01","N43"],"lines":"136, 159, 172, 184, 186, 191, 208, 414, N01, N43"},"geometry":{"type":"LineString","coordinates":[[20.961527,52.215811],[20.961196,52.215863],[20.960892,52.215993]]}},{"type":"Feature","properties":{"mode":"bus","n":8,"arr":["136","184","186","191","208","414","N01","N43"],"lines":"136, 184, 186, 191, 208, 414, N01, N43"},"geometry":{"type":"LineString","coordinates":[[20.964209,52.215386],[20.963704,52.215527],[20.963176,52.215644],[20.961527,52.215811]]}},{"type":"Feature","properties":{"mode":"bus","n":8,"arr":["136","184","186","191","208","414","N01","N43"],"lines":"136, 184, 186, 191, 208, 414, N01, N43"},"geometry":{"type":"LineString","coordinates":[[20.961655,52.216244],[20.961976,52.216142],[20.963013,52.215889],[20.963613,52.215707],[20.964209,52.215386],[20.965605,52.21487],[20.968424,52.213883]]}},{"type":"Feature","properties":{"mode":"bus","n":5,"arr":["136","186","191","N01","N43"],"lines":"136, 186, 191, N01, N43"},"geometry":{"type":"LineString","coordinates":[[20.968424,52.213883],[20.972675,52.212393]]}},{"type":"Feature","properties":{"mode":"bus","n":6,"arr":["136","172","186","191","N01","N43"],"lines":"136, 172, 186, 191, N01, N43"},"geometry":{"type":"LineString","coordinates":[[20.972675,52.212393],[20.973994,52.211925],[20.975403,52.211337],[20.976664,52.210928]]}},{"type":"Feature","properties":{"mode":"bus","n":6,"arr":["136","172","175","188","504","N32"],"lines":"136, 172, 175, 188, 504, N32"},"geometry":{"type":"LineString","coordinates":[[20.984648,52.201304],[20.983692,52.198506]]}},{"type":"Feature","properties":{"mode":"bus","n":7,"arr":["136","141","172","175","188","504","N32"],"lines":"136, 141, 172, 175, 188, 504, N32"},"geometry":{"type":"LineString","coordinates":[[20.983692,52.198506],[20.983657,52.198404]]}},{"type":"Feature","properties":{"mode":"bus","n":6,"arr":["136","141","175","188","504","N32"],"lines":"136, 141, 175, 188, 504, N32"},"geometry":{"type":"LineString","coordinates":[[20.983657,52.198404],[20.982253,52.194255]]}},{"type":"Feature","properties":{"mode":"bus","n":6,"arr":["136","141","175","188","504","N32"],"lines":"136, 141, 175, 188, 504, N32"},"geometry":{"type":"LineString","coordinates":[[20.982608,52.194216],[20.984046,52.198375]]}},{"type":"Feature","properties":{"mode":"bus","n":6,"arr":["136","218","228","N33","N36","N86"],"lines":"136, 218, 228, N33, N36, N86"},"geometry":{"type":"LineString","coordinates":[[20.995551,52.188847],[20.992728,52.188827]]}},{"type":"Feature","properties":{"mode":"bus","n":5,"arr":["136","138","N01","N33","N34"],"lines":"136, 138, N01, N33, N34"},"geometry":{"type":"LineString","coordinates":[[21.001805,52.188882],[21.001915,52.185608]]}},{"type":"Feature","properties":{"mode":"bus","n":5,"arr":["136","138","N01","N33","N34"],"lines":"136, 138, N01, N33, N34"},"geometry":{"type":"LineString","coordinates":[[21.002003,52.183282],[21.002013,52.182983]]}},{"type":"Feature","properties":{"mode":"bus","n":7,"arr":["136","138","N01","N33","N34","N36","N86"],"lines":"136, 138, N01, N33, N34, N36, N86"},"geometry":{"type":"LineString","coordinates":[[21.001915,52.185608],[21.002003,52.183282]]}},{"type":"Feature","properties":{"mode":"bus","n":6,"arr":["136","138","218","N01","N33","N34"],"lines":"136, 138, 218, N01, N33, N34"},"geometry":{"type":"LineString","coordinates":[[21.002013,52.182983],[21.002099,52.17935],[21.002051,52.178975],[21.001895,52.178548],[21.001861,52.178317]]}},{"type":"Feature","properties":{"mode":"bus","n":6,"arr":["136","138","218","N01","N33","N34"],"lines":"136, 138, 218, N01, N33, N34"},"geometry":{"type":"LineString","coordinates":[[21.002526,52.178286],[21.002377,52.183365]]}},{"type":"Feature","properties":{"mode":"bus","n":6,"arr":["136","138","165","317","504","N34"],"lines":"136, 138, 165, 317, 504, N34"},"geometry":{"type":"LineString","coordinates":[[21.00251,52.175267],[21.00243,52.175932],[21.00224,52.176982],[21.001869,52.178008]]}},{"type":"Feature","properties":{"mode":"bus","n":6,"arr":["136","138","165","317","504","N34"],"lines":"136, 138, 165, 317, 504, N34"},"geometry":{"type":"LineString","coordinates":[[21.002753,52.175269],[21.002632,52.176022],[21.002651,52.17618],[21.002575,52.176875],[21.00254,52.177913]]}},{"type":"Feature","properties":{"mode":"bus","n":5,"arr":["136","N01","N03","N34","N37"],"lines":"136, N01, N03, N34, N37"},"geometry":{"type":"LineString","coordinates":[[21.027291,52.161973],[21.027017,52.162962],[21.02683,52.164634]]}},{"type":"Feature","properties":{"mode":"bus","n":5,"arr":["136","N01","N03","N34","N37"],"lines":"136, N01, N03, N34, N37"},"geometry":{"type":"LineString","coordinates":[[21.027918,52.161995],[21.027717,52.163061],[21.027503,52.164767]]}},{"type":"Feature","properties":{"mode":"bus","n":6,"arr":["136","192","209","715","737","N34"],"lines":"136, 192, 209, 715, 737, N34"},"geometry":{"type":"LineString","coordinates":[[21.030743,52.153798],[21.029604,52.153031],[21.027003,52.151365]]}},{"type":"Feature","properties":{"mode":"bus","n":5,"arr":["136","209","715","737","N34"],"lines":"136, 209, 715, 737, N34"},"geometry":{"type":"LineString","coordinates":[[21.027003,52.151365],[21.026866,52.151244],[21.026845,52.151163],[21.026937,52.151049],[21.02717,52.150918]]}},{"type":"Feature","properties":{"mode":"bus","n":5,"arr":["136","209","715","737","N34"],"lines":"136, 209, 715, 737, N34"},"geometry":{"type":"LineString","coordinates":[[21.027282,52.151088],[21.027135,52.151204],[21.027133,52.151331],[21.030884,52.153751]]}},{"type":"Feature","properties":{"mode":"bus","n":7,"arr":["136","148","209","504","715","737","N34"],"lines":"136, 148, 209, 504, 715, 737, N34"},"geometry":{"type":"LineString","coordinates":[[21.02717,52.150918],[21.028511,52.150626],[21.029615,52.150344],[21.030337,52.150135],[21.031647,52.149698],[21.032072,52.14953],[21.03236,52.149388]]}},{"type":"Feature","properties":{"mode":"bus","n":7,"arr":["136","148","209","504","715","737","N34"],"lines":"136, 148, 209, 504, 715, 737, N34"},"geometry":{"type":"LineString","coordinates":[[21.032666,52.149588],[21.03142,52.150095],[21.030359,52.150442],[21.02894,52.150793],[21.027282,52.151088]]}},{"type":"Feature","properties":{"mode":"bus","n":5,"arr":["136","148","163","504","N34"],"lines":"136, 148, 163, 504, N34"},"geometry":{"type":"LineString","coordinates":[[21.03236,52.149388],[21.032504,52.149305]]}},{"type":"Feature","properties":{"mode":"bus","n":7,"arr":["136","179","209","504","715","737","N86"],"lines":"136, 179, 209, 504, 715, 737, N86"},"geometry":{"type":"LineString","coordinates":[[21.032504,52.149305],[21.032806,52.149509]]}},{"type":"Feature","properties":{"mode":"bus","n":6,"arr":["136","148","163","179","185","319"],"lines":"136, 148, 163, 179, 185, 319"},"geometry":{"type":"LineString","coordinates":[[21.042283,52.14772],[21.042399,52.147793]]}},{"type":"Feature","properties":{"mode":"bus","n":7,"arr":["136","148","163","179","185","319","503"],"lines":"136, 148, 163, 179, 185, 319, 503"},"geometry":{"type":"LineString","coordinates":[[21.042399,52.147793],[21.045396,52.149662]]}},{"type":"Feature","properties":{"mode":"bus","n":7,"arr":["136","148","163","179","185","319","503"],"lines":"136, 148, 163, 179, 185, 319, 503"},"geometry":{"type":"LineString","coordinates":[[21.045253,52.149735],[21.042272,52.147875]]}},{"type":"Feature","properties":{"mode":"bus","n":8,"arr":["136","148","163","179","185","229","319","503"],"lines":"136, 148, 163, 179, 185, 229, 319, 503"},"geometry":{"type":"LineString","coordinates":[[21.045396,52.149662],[21.045503,52.149728]]}},{"type":"Feature","properties":{"mode":"bus","n":9,"arr":["136","148","163","179","185","217","229","319","503"],"lines":"136, 148, 163, 179, 185, 217, 229, 319, 503"},"geometry":{"type":"LineString","coordinates":[[21.045503,52.149728],[21.047654,52.151072]]}},{"type":"Feature","properties":{"mode":"bus","n":10,"arr":["136","148","163","179","185","217","229","319","503","W1"],"lines":"136, 148, 163, 179, 185, 217, 229, 319, 503, W1"},"geometry":{"type":"LineString","coordinates":[[21.047633,52.151229],[21.045361,52.149801]]}},{"type":"Feature","properties":{"mode":"bus","n":9,"arr":["136","148","163","179","185","217","319","503","W1"],"lines":"136, 148, 163, 179, 185, 217, 319, 503, W1"},"geometry":{"type":"LineString","coordinates":[[21.045361,52.149801],[21.045253,52.149735]]}},{"type":"Feature","properties":{"mode":"bus","n":5,"arr":["136","163","179","504","N86"],"lines":"136, 163, 179, 504, N86"},"geometry":{"type":"LineString","coordinates":[[21.035075,52.151219],[21.033196,52.149969],[21.032666,52.149588]]}},{"type":"Feature","properties":{"mode":"bus","n":6,"arr":["136","179","N01","N03","N34","N37"],"lines":"136, 179, N01, N03, N34, N37"},"geometry":{"type":"LineString","coordinates":[[21.027343,52.161882],[21.027934,52.161907]]}},{"type":"Feature","properties":{"mode":"bus","n":6,"arr":["136","138","N01","N34","N36","N86"],"lines":"136, 138, N01, N34, N36, N86"},"geometry":{"type":"LineString","coordinates":[[21.002377,52.183365],[21.002316,52.185611]]}},{"type":"Feature","properties":{"mode":"bus","n":9,"arr":["136","178","184","186","191","208","414","N01","N43"],"lines":"136, 178, 184, 186, 191, 208, 414, N01, N43"},"geometry":{"type":"LineString","coordinates":[[20.961249,52.216456],[20.961655,52.216244]]}},{"type":"Feature","properties":{"mode":"bus","n":7,"arr":["136","186","190","414","523","N42","N43"],"lines":"136, 186, 190, 414, 523, N42, N43"},"geometry":{"type":"LineString","coordinates":[[20.956705,52.231411],[20.95617,52.23297],[20.956047,52.233188],[20.955977,52.233662],[20.95595,52.234627],[20.956001,52.236133],[20.95608,52.236389],[20.956131,52.236839],[20.956337,52.237722]]}},{"type":"Feature","properties":{"mode":"bus","n":12,"arr":["138","141","143","151","182","188","411","514","520","523","525","N25"],"lines":"138, 141, 143, 151, 182, 188, 411, 514, 520, 523, 525, N25"},"geometry":{"type":"LineString","coordinates":[[21.052957,52.226182],[21.043061,52.224163]]}},{"type":"Feature","properties":{"mode":"bus","n":11,"arr":["138","143","151","182","188","411","514","520","523","525","N25"],"lines":"138, 143, 151, 182, 188, 411, 514, 520, 523, 525, N25"},"geometry":{"type":"LineString","coordinates":[[21.043061,52.224163],[21.041721,52.223885],[21.04094,52.223681],[21.040075,52.223386],[21.039286,52.223086]]}},{"type":"Feature","properties":{"mode":"bus","n":12,"arr":["138","143","151","182","187","188","411","514","520","523","525","N25"],"lines":"138, 143, 151, 182, 187, 188, 411, 514, 520, 523, 525, N25"},"geometry":{"type":"LineString","coordinates":[[21.039286,52.223086],[21.038002,52.222613],[21.037139,52.222344],[21.029514,52.220425],[21.020525,52.218211],[21.018804,52.217846],[21.01816,52.217752],[21.016851,52.217481],[21.016283,52.21739]]}},{"type":"Feature","properties":{"mode":"bus","n":6,"arr":["138","167","168","174","N36","N86"],"lines":"138, 167, 168, 174, N36, N86"},"geometry":{"type":"LineString","coordinates":[[21.006831,52.210578],[21.006858,52.210492]]}},{"type":"Feature","properties":{"mode":"bus","n":5,"arr":["138","168","174","N36","N86"],"lines":"138, 168, 174, N36, N86"},"geometry":{"type":"LineString","coordinates":[[21.006858,52.210492],[21.007073,52.209803],[21.00758,52.208643],[21.007695,52.20825],[21.007889,52.207785],[21.008496,52.206718],[21.010046,52.20327]]}},{"type":"Feature","properties":{"mode":"bus","n":5,"arr":["138","168","N01","N34","WAK"],"lines":"138, 168, N01, N34, WAK"},"geometry":{"type":"LineString","coordinates":[[21.001491,52.195417],[21.001575,52.194507],[21.001652,52.19037],[21.001743,52.189423]]}},{"type":"Feature","properties":{"mode":"bus","n":5,"arr":["138","174","193","N36","N86"],"lines":"138, 174, 193, N36, N86"},"geometry":{"type":"LineString","coordinates":[[21.005245,52.171728],[21.003933,52.170845],[21.000039,52.169308],[20.9999,52.169227],[20.999792,52.169086],[20.999772,52.169069],[20.999746,52.169063],[20.999712,52.169066],[20.997934,52.169499],[20.997489,52.169534]]}},{"type":"Feature","properties":{"mode":"bus","n":5,"arr":["138","174","193","N36","N86"],"lines":"138, 174, 193, N36, N86"},"geometry":{"type":"LineString","coordinates":[[20.998481,52.171161],[21.001354,52.1705],[21.001697,52.170351],[21.002023,52.17009]]}},{"type":"Feature","properties":{"mode":"bus","n":13,"arr":["138","143","151","182","187","188","411","502","514","520","523","525","N25"],"lines":"138, 143, 151, 182, 187, 188, 411, 502, 514, 520, 523, 525, N25"},"geometry":{"type":"LineString","coordinates":[[21.015599,52.216931],[21.018429,52.217563],[21.018893,52.217706],[21.020124,52.217983],[21.026279,52.219502],[21.036996,52.222188],[21.037978,52.222489],[21.039299,52.222983]]}},{"type":"Feature","properties":{"mode":"bus","n":12,"arr":["138","143","151","182","188","411","502","514","520","523","525","N25"],"lines":"138, 143, 151, 182, 188, 411, 502, 514, 520, 523, 525, N25"},"geometry":{"type":"LineString","coordinates":[[21.039299,52.222983],[21.040436,52.223413],[21.040998,52.2236],[21.041762,52.223799],[21.043107,52.224072]]}},{"type":"Feature","properties":{"mode":"bus","n":13,"arr":["138","143","151","182","188","411","502","514","520","523","525","N25","WAK"],"lines":"138, 143, 151, 182, 188, 411, 502, 514, 520, 523, 525, N25, WAK"},"geometry":{"type":"LineString","coordinates":[[21.043107,52.224072],[21.044755,52.224414]]}},{"type":"Feature","properties":{"mode":"bus","n":14,"arr":["138","141","143","151","182","188","411","502","514","520","523","525","N25","WAK"],"lines":"138, 141, 143, 151, 182, 188, 411, 502, 514, 520, 523, 525, N25, WAK"},"geometry":{"type":"LineString","coordinates":[[21.044755,52.224414],[21.055345,52.226574]]}},{"type":"Feature","properties":{"mode":"bus","n":5,"arr":["138","166","509","E-1","N21"],"lines":"138, 166, 509, E-1, N21"},"geometry":{"type":"LineString","coordinates":[[21.043241,52.249438],[21.042665,52.249651]]}},{"type":"Feature","properties":{"mode":"bus","n":5,"arr":["139","239","251","519","N50"],"lines":"139, 239, 251, 519, N50"},"geometry":{"type":"LineString","coordinates":[[21.103699,52.127857],[21.103864,52.128444],[21.103915,52.128776],[21.103929,52.129045],[21.103844,52.129375],[21.103682,52.129655],[21.103493,52.129863],[21.101396,52.131679],[21.101197,52.131878],[21.101105,52.132099],[21.101008,52.132542],[21.100743,52.133956]]}},{"type":"Feature","properties":{"mode":"bus","n":5,"arr":["139","239","251","519","N50"],"lines":"139, 239, 251, 519, N50"},"geometry":{"type":"LineString","coordinates":[[21.100388,52.134281],[21.100505,52.134226],[21.100616,52.134134],[21.100719,52.133989],[21.100727,52.13398],[21.100732,52.133975],[21.100737,52.133973],[21.10074,52.133976],[21.100742,52.133982],[21.100742,52.133992],[21.100739,52.134098],[21.10067,52.134222],[21.100571,52.134302],[21.100402,52.134375]]}},{"type":"Feature","properties":{"mode":"bus","n":6,"arr":["139","166","239","710","742","N37"],"lines":"139, 166, 239, 710, 742, N37"},"geometry":{"type":"LineString","coordinates":[[21.075314,52.133232],[21.075022,52.133134],[21.074884,52.133044]]}},{"type":"Feature","properties":{"mode":"bus","n":6,"arr":["139","166","239","710","742","N37"],"lines":"139, 166, 239, 710, 742, N37"},"geometry":{"type":"LineString","coordinates":[[21.065953,52.131281],[21.066613,52.131282],[21.067283,52.131225],[21.067786,52.131233],[21.068287,52.131255],[21.068842,52.131339],[21.069731,52.131565],[21.073186,52.132541],[21.074884,52.133044],[21.075051,52.13306],[21.075379,52.13316]]}},{"type":"Feature","properties":{"mode":"bus","n":9,"arr":["139","166","179","239","504","710","742","N34","N37"],"lines":"139, 166, 179, 239, 504, 710, 742, N34, N37"},"geometry":{"type":"LineString","coordinates":[[21.065765,52.131275],[21.065953,52.131281]]}},{"type":"Feature","properties":{"mode":"bus","n":7,"arr":["139","166","239","710","742","N37","N86"],"lines":"139, 166, 239, 710, 742, N37, N86"},"geometry":{"type":"LineString","coordinates":[[21.065837,52.131186],[21.065765,52.131275]]}},{"type":"Feature","properties":{"mode":"bus","n":10,"arr":["139","166","179","239","504","710","742","N34","N37","N86"],"lines":"139, 166, 179, 239, 504, 710, 742, N34, N37, N86"},"geometry":{"type":"LineString","coordinates":[[21.066174,52.13083],[21.065837,52.131186]]}},{"type":"Feature","properties":{"mode":"bus","n":8,"arr":["139","166","179","239","504","N34","N37","N86"],"lines":"139, 166, 179, 239, 504, N34, N37, N86"},"geometry":{"type":"LineString","coordinates":[[21.066981,52.130081],[21.066554,52.130416],[21.066174,52.13083]]}},{"type":"Feature","properties":{"mode":"bus","n":8,"arr":["139","166","179","239","504","N34","N37","N86"],"lines":"139, 166, 179, 239, 504, N34, N37, N86"},"geometry":{"type":"LineString","coordinates":[[21.066343,52.130889],[21.0674,52.129572],[21.068493,52.128419],[21.068515,52.128403],[21.068544,52.128395],[21.068579,52.128396],[21.068899,52.128441],[21.068932,52.128449],[21.068954,52.128464],[21.068967,52.128484],[21.069006,52.128614],[21.068917,52.128715]]}},{"type":"Feature","properties":{"mode":"bus","n":8,"arr":["139","166","179","239","504","N34","N37","N86"],"lines":"139, 166, 179, 239, 504, N34, N37, N86"},"geometry":{"type":"LineString","coordinates":[[21.067992,52.129699],[21.067852,52.129806],[21.067728,52.129823],[21.067534,52.129804],[21.067269,52.129724]]}},{"type":"Feature","properties":{"mode":"bus","n":5,"arr":["139","166","239","N34","N86"],"lines":"139, 166, 239, N34, N86"},"geometry":{"type":"LineString","coordinates":[[21.068674,52.129032],[21.068122,52.129607],[21.067992,52.129699]]}},{"type":"Feature","properties":{"mode":"bus","n":5,"arr":["139","166","239","N34","N86"],"lines":"139, 166, 239, N34, N86"},"geometry":{"type":"LineString","coordinates":[[21.068917,52.128715],[21.068794,52.128901]]}},{"type":"Feature","properties":{"mode":"bus","n":5,"arr":["140","738","L44","L45","N61"],"lines":"140, 738, L44, L45, N61"},"geometry":{"type":"LineString","coordinates":[[21.118203,52.339175],[21.118993,52.340061],[21.119821,52.341068],[21.121457,52.343174],[21.122804,52.344838],[21.124872,52.347126],[21.129378,52.352558],[21.130505,52.353977],[21.13455,52.358842]]}},{"type":"Feature","properties":{"mode":"bus","n":5,"arr":["140","738","L44","L45","N61"],"lines":"140, 738, L44, L45, N61"},"geometry":{"type":"LineString","coordinates":[[21.118367,52.339134],[21.119225,52.340105],[21.122894,52.344691],[21.125019,52.347092],[21.127534,52.350156],[21.129706,52.352702],[21.130859,52.354185],[21.132516,52.356194],[21.133786,52.357645],[21.134138,52.35812],[21.134705,52.358801]]}},{"type":"Feature","properties":{"mode":"bus","n":6,"arr":["140","240","738","L44","L45","N61"],"lines":"140, 240, 738, L44, L45, N61"},"geometry":{"type":"LineString","coordinates":[[21.106247,52.324526],[21.110199,52.329379]]}},{"type":"Feature","properties":{"mode":"bus","n":6,"arr":["140","240","738","L44","L45","N61"],"lines":"140, 240, 738, L44, L45, N61"},"geometry":{"type":"LineString","coordinates":[[21.106412,52.324472],[21.107925,52.326325],[21.108339,52.326908],[21.108698,52.327348],[21.109642,52.328492],[21.110412,52.32936]]}},{"type":"Feature","properties":{"mode":"bus","n":7,"arr":["140","240","738","L44","L45","L46","N61"],"lines":"140, 240, 738, L44, L45, L46, N61"},"geometry":{"type":"LineString","coordinates":[[21.106247,52.324526],[21.103546,52.321331]]}},{"type":"Feature","properties":{"mode":"bus","n":8,"arr":["140","240","738","L40","L44","L45","L46","N61"],"lines":"140, 240, 738, L40, L44, L45, L46, N61"},"geometry":{"type":"LineString","coordinates":[[21.103546,52.321331],[21.101575,52.318953],[21.100681,52.317827]]}},{"type":"Feature","properties":{"mode":"bus","n":8,"arr":["140","240","738","L40","L44","L45","L46","N61"],"lines":"140, 240, 738, L40, L44, L45, L46, N61"},"geometry":{"type":"LineString","coordinates":[[21.100872,52.317769],[21.101006,52.317917],[21.101702,52.318921],[21.102474,52.319867],[21.103845,52.321425],[21.104653,52.32242],[21.106412,52.324472]]}},{"type":"Feature","properties":{"mode":"bus","n":7,"arr":["140","738","L40","L44","L45","L46","N61"],"lines":"140, 738, L40, L44, L45, L46, N61"},"geometry":{"type":"LineString","coordinates":[[21.100681,52.317827],[21.094586,52.310408],[21.093881,52.309596],[21.092416,52.307794],[21.092048,52.307387],[21.09115,52.306233],[21.088743,52.303386]]}},{"type":"Feature","properties":{"mode":"bus","n":7,"arr":["140","738","L40","L44","L45","L46","N61"],"lines":"140, 738, L40, L44, L45, L46, N61"},"geometry":{"type":"LineString","coordinates":[[21.092662,52.307787],[21.100872,52.317769]]}},{"type":"Feature","properties":{"mode":"bus","n":9,"arr":["140","738","L40","L44","L45","L46","N61","Z1","Z3"],"lines":"140, 738, L40, L44, L45, L46, N61, Z1, Z3"},"geometry":{"type":"LineString","coordinates":[[21.088743,52.303386],[21.088568,52.30317]]}},{"type":"Feature","properties":{"mode":"bus","n":10,"arr":["140","190","738","L40","L44","L45","L46","N61","Z1","Z3"],"lines":"140, 190, 738, L40, L44, L45, L46, N61, Z1, Z3"},"geometry":{"type":"LineString","coordinates":[[21.088568,52.30317],[21.088113,52.302641]]}},{"type":"Feature","properties":{"mode":"bus","n":8,"arr":["140","190","738","L40","L44","L45","L46","N61"],"lines":"140, 190, 738, L40, L44, L45, L46, N61"},"geometry":{"type":"LineString","coordinates":[[21.088113,52.302641],[21.087563,52.30195]]}},{"type":"Feature","properties":{"mode":"bus","n":6,"arr":["140","190","199","738","N61","Z4M"],"lines":"140, 190, 199, 738, N61, Z4M"},"geometry":{"type":"LineString","coordinates":[[21.081269,52.294248],[21.075335,52.287047]]}},{"type":"Feature","properties":{"mode":"bus","n":6,"arr":["140","190","199","738","N61","Z4M"],"lines":"140, 190, 199, 738, N61, Z4M"},"geometry":{"type":"LineString","coordinates":[[21.075475,52.286968],[21.081393,52.294168]]}},{"type":"Feature","properties":{"mode":"bus","n":7,"arr":["140","190","738","N61","N62","Z2M","Z4M"],"lines":"140, 190, 738, N61, N62, Z2M, Z4M"},"geometry":{"type":"LineString","coordinates":[[21.075335,52.287047],[21.075253,52.286952]]}},{"type":"Feature","properties":{"mode":"bus","n":8,"arr":["140","190","512","738","N61","N62","Z2M","Z4M"],"lines":"140, 190, 512, 738, N61, N62, Z2M, Z4M"},"geometry":{"type":"LineString","coordinates":[[21.072553,52.283671],[21.075253,52.286952]]}},{"type":"Feature","properties":{"mode":"bus","n":8,"arr":["140","190","512","738","N61","N62","Z2M","Z4M"],"lines":"140, 190, 512, 738, N61, N62, Z2M, Z4M"},"geometry":{"type":"LineString","coordinates":[[21.069891,52.280169],[21.075401,52.286876]]}},{"type":"Feature","properties":{"mode":"bus","n":6,"arr":["140","190","512","738","N61","N62"],"lines":"140, 190, 512, 738, N61, N62"},"geometry":{"type":"LineString","coordinates":[[21.069756,52.280288],[21.072553,52.283671]]}},{"type":"Feature","properties":{"mode":"bus","n":7,"arr":["140","190","262","512","738","N61","N62"],"lines":"140, 190, 262, 512, 738, N61, N62"},"geometry":{"type":"LineString","coordinates":[[21.06701,52.276942],[21.069756,52.280288]]}},{"type":"Feature","properties":{"mode":"bus","n":9,"arr":["140","190","212","262","512","738","N11","N61","N62"],"lines":"140, 190, 212, 262, 512, 738, N11, N61, N62"},"geometry":{"type":"LineString","coordinates":[[21.06554,52.275085],[21.06701,52.276942]]}},{"type":"Feature","properties":{"mode":"bus","n":10,"arr":["140","156","190","212","262","512","738","N11","N61","N62"],"lines":"140, 156, 190, 212, 262, 512, 738, N11, N61, N62"},"geometry":{"type":"LineString","coordinates":[[21.063733,52.272897],[21.06554,52.275085]]}},{"type":"Feature","properties":{"mode":"bus","n":5,"arr":["140","212","262","738","N62"],"lines":"140, 212, 262, 738, N62"},"geometry":{"type":"LineString","coordinates":[[21.063153,52.272936],[21.063733,52.272897]]}},{"type":"Feature","properties":{"mode":"bus","n":5,"arr":["140","212","262","738","N62"],"lines":"140, 212, 262, 738, N62"},"geometry":{"type":"LineString","coordinates":[[21.057666,52.274653],[21.057077,52.274904],[21.055782,52.2753]]}},{"type":"Feature","properties":{"mode":"bus","n":5,"arr":["140","212","262","738","N62"],"lines":"140, 212, 262, 738, N62"},"geometry":{"type":"LineString","coordinates":[[21.05569,52.275236],[21.056334,52.275036]]}},{"type":"Feature","properties":{"mode":"bus","n":7,"arr":["140","212","262","738","N62","Z2M","Z4M"],"lines":"140, 212, 262, 738, N62, Z2M, Z4M"},"geometry":{"type":"LineString","coordinates":[[21.056334,52.275036],[21.057414,52.274709],[21.057666,52.274653],[21.06311,52.272951],[21.063307,52.27287],[21.063531,52.272815],[21.063861,52.272785]]}},{"type":"Feature","properties":{"mode":"bus","n":12,"arr":["140","156","190","212","262","512","738","N11","N61","N62","Z2M","Z4M"],"lines":"140, 156, 190, 212, 262, 512, 738, N11, N61, N62, Z2M, Z4M"},"geometry":{"type":"LineString","coordinates":[[21.063861,52.272785],[21.065425,52.274646]]}},{"type":"Feature","properties":{"mode":"bus","n":11,"arr":["140","190","212","262","512","738","N11","N61","N62","Z2M","Z4M"],"lines":"140, 190, 212, 262, 512, 738, N11, N61, N62, Z2M, Z4M"},"geometry":{"type":"LineString","coordinates":[[21.065425,52.274646],[21.066381,52.275875],[21.067219,52.27688]]}},{"type":"Feature","properties":{"mode":"bus","n":9,"arr":["140","190","262","512","738","N61","N62","Z2M","Z4M"],"lines":"140, 190, 262, 512, 738, N61, N62, Z2M, Z4M"},"geometry":{"type":"LineString","coordinates":[[21.067219,52.27688],[21.067655,52.277451],[21.069891,52.280169]]}},{"type":"Feature","properties":{"mode":"bus","n":7,"arr":["140","190","199","512","738","N61","Z4M"],"lines":"140, 190, 199, 512, 738, N61, Z4M"},"geometry":{"type":"LineString","coordinates":[[21.075401,52.286876],[21.075475,52.286968]]}},{"type":"Feature","properties":{"mode":"bus","n":5,"arr":["141","154","317","N38","N88"],"lines":"141, 154, 317, N38, N88"},"geometry":{"type":"LineString","coordinates":[[20.954402,52.185763],[20.953821,52.18516],[20.952467,52.183899],[20.951814,52.183324],[20.945439,52.17743],[20.945127,52.177043],[20.945013,52.176835],[20.944716,52.175893],[20.94457,52.175586],[20.944342,52.175448]]}},{"type":"Feature","properties":{"mode":"bus","n":6,"arr":["141","154","175","188","504","N32"],"lines":"141, 154, 175, 188, 504, N32"},"geometry":{"type":"LineString","coordinates":[[20.979098,52.183612],[20.979137,52.183945],[20.97944,52.184913],[20.98159,52.191197]]}},{"type":"Feature","properties":{"mode":"bus","n":6,"arr":["141","154","175","188","504","N32"],"lines":"141, 154, 175, 188, 504, N32"},"geometry":{"type":"LineString","coordinates":[[20.981228,52.191288],[20.979229,52.185479],[20.978679,52.183743]]}},{"type":"Feature","properties":{"mode":"bus","n":7,"arr":["141","154","175","188","228","504","N32"],"lines":"141, 154, 175, 188, 228, 504, N32"},"geometry":{"type":"LineString","coordinates":[[20.98159,52.191197],[20.981629,52.191298]]}},{"type":"Feature","properties":{"mode":"bus","n":6,"arr":["141","175","188","228","504","N32"],"lines":"141, 175, 188, 228, 504, N32"},"geometry":{"type":"LineString","coordinates":[[20.981629,52.191298],[20.982115,52.192841],[20.982608,52.194216]]}},{"type":"Feature","properties":{"mode":"bus","n":6,"arr":["141","175","188","228","504","N32"],"lines":"141, 175, 188, 228, 504, N32"},"geometry":{"type":"LineString","coordinates":[[20.982253,52.194255],[20.981276,52.191412]]}},{"type":"Feature","properties":{"mode":"bus","n":12,"arr":["141","143","151","182","188","411","502","514","520","523","525","N25"],"lines":"141, 143, 151, 182, 188, 411, 502, 514, 520, 523, 525, N25"},"geometry":{"type":"LineString","coordinates":[[21.055345,52.226574],[21.057198,52.227029],[21.068273,52.229916],[21.06875,52.230029],[21.070516,52.230365],[21.071167,52.230544],[21.071687,52.230747],[21.072372,52.2311],[21.074828,52.232623],[21.075428,52.232945],[21.076317,52.233505]]}},{"type":"Feature","properties":{"mode":"bus","n":10,"arr":["141","143","151","182","188","514","520","523","525","N25"],"lines":"141, 143, 151, 182, 188, 514, 520, 523, 525, N25"},"geometry":{"type":"LineString","coordinates":[[21.076137,52.233722],[21.074242,52.232541],[21.073174,52.231909],[21.07263,52.231639],[21.071979,52.231354],[21.07067,52.230939],[21.069463,52.230501],[21.068427,52.230177],[21.063677,52.228914],[21.062378,52.228543]]}},{"type":"Feature","properties":{"mode":"bus","n":12,"arr":["141","143","151","182","188","411","514","520","523","525","E-1","N25"],"lines":"141, 143, 151, 182, 188, 411, 514, 520, 523, 525, E-1, N25"},"geometry":{"type":"LineString","coordinates":[[21.062378,52.228543],[21.059955,52.227857],[21.057404,52.227186]]}},{"type":"Feature","properties":{"mode":"bus","n":11,"arr":["141","143","151","182","188","411","514","520","523","525","N25"],"lines":"141, 143, 151, 182, 188, 411, 514, 520, 523, 525, N25"},"geometry":{"type":"LineString","coordinates":[[21.057404,52.227186],[21.055533,52.226734],[21.052957,52.226182]]}},{"type":"Feature","properties":{"mode":"bus","n":5,"arr":["141","175","188","504","N32"],"lines":"141, 175, 188, 504, N32"},"geometry":{"type":"LineString","coordinates":[[20.981276,52.191412],[20.981228,52.191288]]}},{"type":"Feature","properties":{"mode":"bus","n":7,"arr":["62","63","83","141","154","317","N88"],"lines":"62, 63, 83, 141, 154, 317, N88"},"geometry":{"type":"LineString","coordinates":[[20.943671,52.176134],[20.943533,52.176005]]}},{"type":"Feature","properties":{"mode":"bus","n":5,"arr":["142","147","305","702","N72"],"lines":"142, 147, 305, 702, N72"},"geometry":{"type":"LineString","coordinates":[[21.134325,52.202619],[21.134856,52.198456],[21.134912,52.19822],[21.134982,52.198038],[21.135139,52.197782],[21.136067,52.196543]]}},{"type":"Feature","properties":{"mode":"bus","n":5,"arr":["142","305","521","702","N22"],"lines":"142, 305, 521, 702, N22"},"geometry":{"type":"LineString","coordinates":[[21.142988,52.226594],[21.143469,52.226181],[21.143763,52.226021],[21.144,52.22596],[21.144242,52.225951],[21.144505,52.225998],[21.144698,52.226075]]}},{"type":"Feature","properties":{"mode":"bus","n":5,"arr":["142","305","521","702","N22"],"lines":"142, 305, 521, 702, N22"},"geometry":{"type":"LineString","coordinates":[[21.146463,52.226291],[21.145934,52.226809]]}},{"type":"Feature","properties":{"mode":"bus","n":9,"arr":["142","145","148","183","702","704","720","722","730"],"lines":"142, 145, 148, 183, 702, 704, 720, 722, 730"},"geometry":{"type":"LineString","coordinates":[[21.086396,52.244756],[21.085937,52.244776],[21.085537,52.244632]]}},{"type":"Feature","properties":{"mode":"bus","n":9,"arr":["142","145","148","183","702","704","720","722","730"],"lines":"142, 145, 148, 183, 702, 704, 720, 722, 730"},"geometry":{"type":"LineString","coordinates":[[21.089398,52.244858],[21.088848,52.244773]]}},{"type":"Feature","properties":{"mode":"bus","n":7,"arr":["142","183","702","704","720","722","730"],"lines":"142, 183, 702, 704, 720, 722, 730"},"geometry":{"type":"LineString","coordinates":[[21.088008,52.244654],[21.086396,52.244756]]}},{"type":"Feature","properties":{"mode":"bus","n":7,"arr":["142","183","702","704","720","722","730"],"lines":"142, 183, 702, 704, 720, 722, 730"},"geometry":{"type":"LineString","coordinates":[[21.088848,52.244773],[21.0883,52.244635]]}},{"type":"Feature","properties":{"mode":"bus","n":10,"arr":["143","173","183","402","514","520","N02","N21","N25","N71"],"lines":"143, 173, 183, 402, 514, 520, N02, N21, N25, N71"},"geometry":{"type":"LineString","coordinates":[[21.135548,52.241959],[21.13539,52.241853]]}},{"type":"Feature","properties":{"mode":"bus","n":12,"arr":["143","145","173","183","402","514","520","N02","N21","N24","N25","N71"],"lines":"143, 145, 173, 183, 402, 514, 520, N02, N21, N24, N25, N71"},"geometry":{"type":"LineString","coordinates":[[21.13539,52.241853],[21.134515,52.241235],[21.133832,52.240793],[21.133262,52.240373],[21.132299,52.239551],[21.131627,52.238868],[21.130377,52.237353],[21.129934,52.236871],[21.129188,52.236124],[21.127157,52.234243]]}},{"type":"Feature","properties":{"mode":"bus","n":12,"arr":["143","145","173","183","402","514","520","N02","N21","N24","N25","N71"],"lines":"143, 145, 173, 183, 402, 514, 520, N02, N21, N24, N25, N71"},"geometry":{"type":"LineString","coordinates":[[21.127739,52.234055],[21.127842,52.234228],[21.130058,52.236335],[21.130619,52.236949],[21.131777,52.238333],[21.132745,52.239332],[21.133575,52.240045],[21.135427,52.241457]]}},{"type":"Feature","properties":{"mode":"bus","n":5,"arr":["143","182","187","188","523"],"lines":"143, 182, 187, 188, 523"},"geometry":{"type":"LineString","coordinates":[[21.014889,52.217264],[21.014017,52.217236],[21.013096,52.217268],[21.011511,52.217244],[21.008443,52.217357],[21.007194,52.217359],[21.001416,52.217041],[21.000278,52.217017]]}},{"type":"Feature","properties":{"mode":"bus","n":5,"arr":["143","182","187","188","523"],"lines":"143, 182, 187, 188, 523"},"geometry":{"type":"LineString","coordinates":[[21.000465,52.216864],[21.000984,52.21691],[21.006962,52.217239],[21.007772,52.217259],[21.010172,52.217196],[21.011742,52.21713],[21.012339,52.217033],[21.014529,52.216846],[21.014917,52.216839]]}},{"type":"Feature","properties":{"mode":"bus","n":6,"arr":["143","167","182","187","188","523"],"lines":"143, 167, 182, 187, 188, 523"},"geometry":{"type":"LineString","coordinates":[[21.000278,52.217017],[20.999762,52.217005],[20.989718,52.216453],[20.989214,52.216453],[20.988332,52.216526],[20.988109,52.216496]]}},{"type":"Feature","properties":{"mode":"bus","n":6,"arr":["143","167","182","187","188","523"],"lines":"143, 167, 182, 187, 188, 523"},"geometry":{"type":"LineString","coordinates":[[20.990805,52.216327],[21.000465,52.216864]]}},{"type":"Feature","properties":{"mode":"bus","n":5,"arr":["143","167","182","187","523"],"lines":"143, 167, 182, 187, 523"},"geometry":{"type":"LineString","coordinates":[[20.988085,52.216192],[20.98846,52.216163],[20.989996,52.216251],[20.990398,52.216303],[20.990805,52.216327]]}},{"type":"Feature","properties":{"mode":"bus","n":6,"arr":["143","145","183","514","N24","N71"],"lines":"143, 145, 183, 514, N24, N71"},"geometry":{"type":"LineString","coordinates":[[21.135427,52.241457],[21.13571,52.241659]]}},{"type":"Feature","properties":{"mode":"bus","n":8,"arr":["145","173","402","520","N02","N24","N25","N71"],"lines":"145, 173, 402, 520, N02, N24, N25, N71"},"geometry":{"type":"LineString","coordinates":[[21.13571,52.241659],[21.135548,52.241959]]}},{"type":"Feature","properties":{"mode":"bus","n":5,"arr":["145","245","Z1","Z2M","Z4M"],"lines":"145, 245, Z1, Z2M, Z4M"},"geometry":{"type":"LineString","coordinates":[[21.11433,52.278759],[21.114217,52.278944],[21.114025,52.279145]]}},{"type":"Feature","properties":{"mode":"bus","n":6,"arr":["145","245","N62","Z1","Z2M","Z4M"],"lines":"145, 245, N62, Z1, Z2M, Z4M"},"geometry":{"type":"LineString","coordinates":[[21.114025,52.279145],[21.110699,52.282953],[21.110443,52.283298],[21.110272,52.283612],[21.109927,52.284582],[21.109778,52.284885],[21.109482,52.285295],[21.108265,52.286721]]}},{"type":"Feature","properties":{"mode":"bus","n":5,"arr":["145","245","N62","Z2M","Z3"],"lines":"145, 245, N62, Z2M, Z3"},"geometry":{"type":"LineString","coordinates":[[21.098136,52.28609],[21.10362,52.285928]]}},{"type":"Feature","properties":{"mode":"bus","n":5,"arr":["145","245","262","N62","Z2M"],"lines":"145, 245, 262, N62, Z2M"},"geometry":{"type":"LineString","coordinates":[[21.088651,52.286478],[21.0828,52.286656]]}},{"type":"Feature","properties":{"mode":"bus","n":5,"arr":["145","245","262","N62","Z2M"],"lines":"145, 245, 262, N62, Z2M"},"geometry":{"type":"LineString","coordinates":[[21.082964,52.286548],[21.088338,52.286393]]}},{"type":"Feature","properties":{"mode":"bus","n":5,"arr":["145","245","512","N62","Z2M"],"lines":"145, 245, 512, N62, Z2M"},"geometry":{"type":"LineString","coordinates":[[21.075475,52.286968],[21.075335,52.287047]]}},{"type":"Feature","properties":{"mode":"bus","n":5,"arr":["145","211","516","723","731"],"lines":"145, 211, 516, 723, 731"},"geometry":{"type":"LineString","coordinates":[[21.000504,52.291569],[21.00015,52.291423],[21.000109,52.291358],[21.000138,52.2913]]}},{"type":"Feature","properties":{"mode":"bus","n":6,"arr":["145","211","516","723","731","736"],"lines":"145, 211, 516, 723, 731, 736"},"geometry":{"type":"LineString","coordinates":[[21.000138,52.2913],[21.000275,52.291166]]}},{"type":"Feature","properties":{"mode":"bus","n":6,"arr":["145","211","516","723","731","736"],"lines":"145, 211, 516, 723, 731, 736"},"geometry":{"type":"LineString","coordinates":[[21.000872,52.291591],[21.000975,52.291431]]}},{"type":"Feature","properties":{"mode":"bus","n":5,"arr":["146","229","319","702","N72"],"lines":"146, 229, 319, 702, N72"},"geometry":{"type":"LineString","coordinates":[[21.156136,52.169824],[21.156823,52.168819],[21.157214,52.168159],[21.157836,52.167356]]}},{"type":"Feature","properties":{"mode":"bus","n":5,"arr":["146","229","319","702","N72"],"lines":"146, 229, 319, 702, N72"},"geometry":{"type":"LineString","coordinates":[[21.157997,52.167414],[21.157685,52.167781],[21.157355,52.168245],[21.156599,52.169355],[21.156305,52.169861]]}},{"type":"Feature","properties":{"mode":"bus","n":5,"arr":["146","161","213","229","N72"],"lines":"146, 161, 213, 229, N72"},"geometry":{"type":"LineString","coordinates":[[21.202153,52.159303],[21.204071,52.159559]]}},{"type":"Feature","properties":{"mode":"bus","n":6,"arr":["146","161","213","229","521","N72"],"lines":"146, 161, 213, 229, 521, N72"},"geometry":{"type":"LineString","coordinates":[[21.204071,52.159559],[21.204749,52.159696]]}},{"type":"Feature","properties":{"mode":"bus","n":8,"arr":["147","411","507","509","E-1","N02","N22","N72"],"lines":"147, 411, 507, 509, E-1, N02, N22, N72"},"geometry":{"type":"LineString","coordinates":[[21.06185,52.23061],[21.060791,52.232351]]}},{"type":"Feature","properties":{"mode":"bus","n":6,"arr":["147","411","507","509","E-1","N02"],"lines":"147, 411, 507, 509, E-1, N02"},"geometry":{"type":"LineString","coordinates":[[21.092464,52.225074],[21.091355,52.225288],[21.089964,52.225387],[21.089016,52.225552],[21.087503,52.225751],[21.086424,52.225856],[21.085567,52.225912],[21.083833,52.225966]]}},{"type":"Feature","properties":{"mode":"bus","n":6,"arr":["147","168","213","219","N22","N72"],"lines":"147, 168, 213, 219, N22, N72"},"geometry":{"type":"LineString","coordinates":[[21.092387,52.224922],[21.090921,52.222056]]}},{"type":"Feature","properties":{"mode":"bus","n":5,"arr":["147","168","213","N22","N72"],"lines":"147, 168, 213, N22, N72"},"geometry":{"type":"LineString","coordinates":[[21.091066,52.221993],[21.092554,52.224889]]}},{"type":"Feature","properties":{"mode":"bus","n":6,"arr":["147","168","213","509","N22","N72"],"lines":"147, 168, 213, 509, N22, N72"},"geometry":{"type":"LineString","coordinates":[[21.092554,52.224889],[21.092631,52.225044]]}},{"type":"Feature","properties":{"mode":"bus","n":6,"arr":["147","219","411","507","E-1","N02"],"lines":"147, 219, 411, 507, E-1, N02"},"geometry":{"type":"LineString","coordinates":[[21.092631,52.225044],[21.092464,52.225074]]}},{"type":"Feature","properties":{"mode":"bus","n":5,"arr":["148","163","185","319","N34"],"lines":"148, 163, 185, 319, N34"},"geometry":{"type":"LineString","coordinates":[[21.037004,52.146037],[21.037082,52.145938]]}},{"type":"Feature","properties":{"mode":"bus","n":5,"arr":["148","163","179","185","319"],"lines":"148, 163, 179, 185, 319"},"geometry":{"type":"LineString","coordinates":[[21.037312,52.14598],[21.039904,52.146519],[21.040429,52.146677],[21.040824,52.14684],[21.041096,52.146983],[21.042283,52.14772]]}},{"type":"Feature","properties":{"mode":"bus","n":6,"arr":["148","179","185","229","319","503"],"lines":"148, 179, 185, 229, 319, 503"},"geometry":{"type":"LineString","coordinates":[[21.047654,52.151072],[21.048395,52.151555],[21.048615,52.151767],[21.04879,52.151995],[21.048949,52.152427],[21.049204,52.153571],[21.049331,52.153976],[21.049484,52.154305],[21.04962,52.15451],[21.050064,52.154965]]}},{"type":"Feature","properties":{"mode":"bus","n":11,"arr":["148","166","185","189","317","402","503","N03","N33","N50","N83"],"lines":"148, 166, 185, 189, 317, 402, 503, N03, N33, N50, N83"},"geometry":{"type":"LineString","coordinates":[[21.040878,52.170299],[21.042902,52.171957],[21.043432,52.172519],[21.043783,52.173034],[21.043942,52.173348],[21.044219,52.174103],[21.044394,52.174805]]}},{"type":"Feature","properties":{"mode":"bus","n":11,"arr":["148","166","185","189","317","402","503","N03","N33","N50","N83"],"lines":"148, 166, 185, 189, 317, 402, 503, N03, N33, N50, N83"},"geometry":{"type":"LineString","coordinates":[[21.044001,52.175338],[21.04376,52.17389],[21.043597,52.173423],[21.043342,52.172947],[21.043048,52.172557],[21.042572,52.172068],[21.041218,52.170957]]}},{"type":"Feature","properties":{"mode":"bus","n":9,"arr":["148","166","185","189","402","503","N03","N33","N83"],"lines":"148, 166, 185, 189, 402, 503, N03, N33, N83"},"geometry":{"type":"LineString","coordinates":[[21.044394,52.174805],[21.04442,52.175019]]}},{"type":"Feature","properties":{"mode":"bus","n":9,"arr":["148","166","185","189","402","503","N03","N33","N83"],"lines":"148, 166, 185, 189, 402, 503, N03, N33, N83"},"geometry":{"type":"LineString","coordinates":[[21.044032,52.175579],[21.044001,52.175338]]}},{"type":"Feature","properties":{"mode":"bus","n":8,"arr":["148","163","185","189","519","N03","N33","N83"],"lines":"148, 163, 185, 189, 519, N03, N33, N83"},"geometry":{"type":"LineString","coordinates":[[21.046575,52.17752],[21.047944,52.177588]]}},{"type":"Feature","properties":{"mode":"bus","n":8,"arr":["148","163","185","189","519","N03","N33","N83"],"lines":"148, 163, 185, 189, 519, N03, N33, N83"},"geometry":{"type":"LineString","coordinates":[[21.049928,52.178117],[21.049648,52.177995],[21.049264,52.1779],[21.047201,52.17763],[21.046575,52.17752],[21.044211,52.177233]]}},{"type":"Feature","properties":{"mode":"bus","n":9,"arr":["148","163","185","187","189","519","N03","N33","N83"],"lines":"148, 163, 185, 187, 189, 519, N03, N33, N83"},"geometry":{"type":"LineString","coordinates":[[21.047944,52.177588],[21.049437,52.177781],[21.049791,52.17788],[21.050268,52.178075],[21.052282,52.179357],[21.053039,52.17981],[21.053574,52.180207],[21.054465,52.180737],[21.055746,52.181625]]}},{"type":"Feature","properties":{"mode":"bus","n":9,"arr":["148","163","185","187","189","519","N03","N33","N83"],"lines":"148, 163, 185, 187, 189, 519, N03, N33, N83"},"geometry":{"type":"LineString","coordinates":[[21.055606,52.181738],[21.053108,52.180105],[21.052694,52.179808],[21.05174,52.179202],[21.051114,52.178863],[21.049928,52.178117]]}},{"type":"Feature","properties":{"mode":"bus","n":9,"arr":["148","163","172","185","187","189","N03","N33","N83"],"lines":"148, 163, 172, 185, 187, 189, N03, N33, N83"},"geometry":{"type":"LineString","coordinates":[[21.055746,52.181625],[21.055983,52.181792]]}},{"type":"Feature","properties":{"mode":"bus","n":5,"arr":["148","402","N03","N22","N72"],"lines":"148, 402, N03, N22, N72"},"geometry":{"type":"LineString","coordinates":[[21.104619,52.221727],[21.104785,52.22183]]}},{"type":"Feature","properties":{"mode":"bus","n":5,"arr":["148","219","N03","N22","N72"],"lines":"148, 219, N03, N22, N72"},"geometry":{"type":"LineString","coordinates":[[21.10392,52.222155],[21.102986,52.222494]]}},{"type":"Feature","properties":{"mode":"bus","n":5,"arr":["148","219","N03","N22","N72"],"lines":"148, 219, N03, N22, N72"},"geometry":{"type":"LineString","coordinates":[[21.103019,52.222276],[21.103727,52.222042]]}},{"type":"Feature","properties":{"mode":"bus","n":7,"arr":["148","219","411","507","E-1","N02","N03"],"lines":"148, 219, 411, 507, E-1, N02, N03"},"geometry":{"type":"LineString","coordinates":[[21.101211,52.223099],[21.09891,52.223757],[21.097579,52.224069],[21.096841,52.22423],[21.092631,52.225044]]}},{"type":"Feature","properties":{"mode":"bus","n":7,"arr":["148","168","213","509","N03","N22","N72"],"lines":"148, 168, 213, 509, N03, N22, N72"},"geometry":{"type":"LineString","coordinates":[[21.092631,52.225044],[21.093889,52.227492]]}},{"type":"Feature","properties":{"mode":"bus","n":7,"arr":["148","168","213","509","N03","N22","N72"],"lines":"148, 168, 213, 509, N03, N22, N72"},"geometry":{"type":"LineString","coordinates":[[21.093715,52.227528],[21.092464,52.225074]]}},{"type":"Feature","properties":{"mode":"bus","n":7,"arr":["148","168","213","219","N03","N22","N72"],"lines":"148, 168, 213, 219, N03, N22, N72"},"geometry":{"type":"LineString","coordinates":[[21.092464,52.225074],[21.092387,52.224922]]}},{"type":"Feature","properties":{"mode":"bus","n":5,"arr":["148","507","509","N02","N03"],"lines":"148, 507, 509, N02, N03"},"geometry":{"type":"LineString","coordinates":[[21.092387,52.224922],[21.092554,52.224889]]}},{"type":"Feature","properties":{"mode":"bus","n":7,"arr":["148","213","219","311","N03","N22","N72"],"lines":"148, 213, 219, 311, N03, N22, N72"},"geometry":{"type":"LineString","coordinates":[[21.101677,52.222762],[21.103019,52.222276]]}},{"type":"Feature","properties":{"mode":"bus","n":5,"arr":["148","166","185","503","N03"],"lines":"148, 166, 185, 503, N03"},"geometry":{"type":"LineString","coordinates":[[21.041218,52.170957],[21.04063,52.170473]]}},{"type":"Feature","properties":{"mode":"bus","n":9,"arr":["148","166","189","193","317","402","N33","N50","N83"],"lines":"148, 166, 189, 193, 317, 402, N33, N50, N83"},"geometry":{"type":"LineString","coordinates":[[21.04063,52.170473],[21.040766,52.17021]]}},{"type":"Feature","properties":{"mode":"bus","n":5,"arr":["148","179","229","319","W1"],"lines":"148, 179, 229, 319, W1"},"geometry":{"type":"LineString","coordinates":[[21.050024,52.155137],[21.049855,52.155015]]}},{"type":"Feature","properties":{"mode":"bus","n":7,"arr":["148","179","185","229","319","503","W1"],"lines":"148, 179, 185, 229, 319, 503, W1"},"geometry":{"type":"LineString","coordinates":[[21.049855,52.155015],[21.049438,52.154599],[21.04918,52.154172],[21.048731,52.15227],[21.048616,52.152036],[21.048434,52.151812],[21.048208,52.15161],[21.047633,52.151229]]}},{"type":"Feature","properties":{"mode":"bus","n":5,"arr":["148","179","185","319","503"],"lines":"148, 179, 185, 319, 503"},"geometry":{"type":"LineString","coordinates":[[21.042272,52.147875],[21.042157,52.147805]]}},{"type":"Feature","properties":{"mode":"bus","n":5,"arr":["148","209","715","737","N34"],"lines":"148, 209, 715, 737, N34"},"geometry":{"type":"LineString","coordinates":[[21.032806,52.149509],[21.032666,52.149588]]}},{"type":"Feature","properties":{"mode":"bus","n":6,"arr":["149","167","349","714","719","729"],"lines":"149, 167, 349, 714, 719, 729"},"geometry":{"type":"LineString","coordinates":[[20.900745,52.239228],[20.901034,52.239207]]}},{"type":"Feature","properties":{"mode":"bus","n":7,"arr":["149","167","523","714","719","729","N43"],"lines":"149, 167, 523, 714, 719, 729, N43"},"geometry":{"type":"LineString","coordinates":[[20.912944,52.238959],[20.913399,52.239038]]}},{"type":"Feature","properties":{"mode":"bus","n":9,"arr":["149","167","190","249","523","714","719","729","N43"],"lines":"149, 167, 190, 249, 523, 714, 719, 729, N43"},"geometry":{"type":"LineString","coordinates":[[20.913399,52.239038],[20.91361,52.239075],[20.915957,52.239312],[20.918249,52.239588]]}},{"type":"Feature","properties":{"mode":"bus","n":9,"arr":["149","167","190","249","523","714","719","729","N43"],"lines":"149, 167, 190, 249, 523, 714, 719, 729, N43"},"geometry":{"type":"LineString","coordinates":[[20.913347,52.239269],[20.916234,52.239494],[20.918184,52.239732]]}},{"type":"Feature","properties":{"mode":"bus","n":10,"arr":["149","167","177","190","249","714","719","729","743","N42"],"lines":"149, 167, 177, 190, 249, 714, 719, 729, 743, N42"},"geometry":{"type":"LineString","coordinates":[[20.912903,52.23925],[20.913347,52.239269]]}},{"type":"Feature","properties":{"mode":"bus","n":8,"arr":["149","167","177","714","719","729","743","N42"],"lines":"149, 167, 177, 714, 719, 729, 743, N42"},"geometry":{"type":"LineString","coordinates":[[20.901063,52.239417],[20.904721,52.239168],[20.907375,52.238957],[20.907952,52.238936],[20.911017,52.239075],[20.912282,52.239208],[20.912903,52.23925]]}},{"type":"Feature","properties":{"mode":"bus","n":5,"arr":["150","750","755","800","N56"],"lines":"150, 750, 755, 800, N56"},"geometry":{"type":"LineString","coordinates":[[20.907257,52.326274],[20.90815,52.325757],[20.908703,52.325363],[20.909084,52.325045],[20.909766,52.324407],[20.910434,52.323717],[20.920923,52.31433]]}},{"type":"Feature","properties":{"mode":"bus","n":5,"arr":["150","750","755","800","N56"],"lines":"150, 750, 755, 800, N56"},"geometry":{"type":"LineString","coordinates":[[20.927697,52.308904],[20.926941,52.309352],[20.926505,52.30965],[20.926184,52.30991],[20.912304,52.322335]]}},{"type":"Feature","properties":{"mode":"bus","n":6,"arr":["150","511","750","800","N44","N56"],"lines":"150, 511, 750, 800, N44, N56"},"geometry":{"type":"LineString","coordinates":[[20.93073,52.292304],[20.929181,52.293024],[20.929158,52.293032],[20.929137,52.293033],[20.929117,52.293028],[20.929099,52.293017],[20.927786,52.291946],[20.927636,52.291851],[20.927507,52.291688],[20.927503,52.291598],[20.92756,52.29152]]}},{"type":"Feature","properties":{"mode":"bus","n":6,"arr":["150","203","750","800","N44","N56"],"lines":"150, 203, 750, 800, N44, N56"},"geometry":{"type":"LineString","coordinates":[[20.92756,52.29152],[20.927468,52.291414]]}},{"type":"Feature","properties":{"mode":"bus","n":7,"arr":["150","203","210","750","N44","N56","N58"],"lines":"150, 203, 210, 750, N44, N56, N58"},"geometry":{"type":"LineString","coordinates":[[20.927284,52.291262],[20.927468,52.291414]]}},{"type":"Feature","properties":{"mode":"bus","n":10,"arr":["150","156","184","250","712","750","N02","N44","N46","N56"],"lines":"150, 156, 184, 250, 712, 750, N02, N44, N46, N56"},"geometry":{"type":"LineString","coordinates":[[20.928669,52.290864],[20.92846,52.290724]]}},{"type":"Feature","properties":{"mode":"bus","n":13,"arr":["150","156","184","210","250","712","750","800","N02","N44","N46","N56","N58"],"lines":"150, 156, 184, 210, 250, 712, 750, 800, N02, N44, N46, N56, N58"},"geometry":{"type":"LineString","coordinates":[[20.928807,52.290947],[20.928669,52.290864]]}},{"type":"Feature","properties":{"mode":"bus","n":15,"arr":["150","156","184","203","210","250","511","712","750","800","N02","N44","N46","N56","N58"],"lines":"150, 156, 184, 203, 210, 250, 511, 712, 750, 800, N02, N44, N46, N56, N58"},"geometry":{"type":"LineString","coordinates":[[20.929574,52.290667],[20.929043,52.290947],[20.928944,52.290966],[20.928807,52.290947]]}},{"type":"Feature","properties":{"mode":"bus","n":5,"arr":["1","150","750","755","N56"],"lines":"1, 150, 750, 755, N56"},"geometry":{"type":"LineString","coordinates":[[20.910875,52.323945],[20.909476,52.325214],[20.909096,52.325527],[20.908849,52.325691],[20.908372,52.325942],[20.90796,52.326227],[20.90463,52.329202],[20.90427,52.329557],[20.904097,52.329666]]}},{"type":"Feature","properties":{"mode":"bus","n":7,"arr":["151","158","182","514","520","525","N25"],"lines":"151, 158, 182, 514, 520, 525, N25"},"geometry":{"type":"LineString","coordinates":[[21.086871,52.23626],[21.08601,52.236254],[21.085066,52.236186],[21.078129,52.235325]]}},{"type":"Feature","properties":{"mode":"bus","n":6,"arr":["151","182","514","520","525","N25"],"lines":"151, 182, 514, 520, 525, N25"},"geometry":{"type":"LineString","coordinates":[[21.078129,52.235325],[21.077717,52.235246],[21.077493,52.235153],[21.07732,52.235043],[21.076468,52.234021],[21.076137,52.233722]]}},{"type":"Feature","properties":{"mode":"bus","n":6,"arr":["151","411","514","520","525","N25"],"lines":"151, 411, 514, 520, 525, N25"},"geometry":{"type":"LineString","coordinates":[[21.016283,52.21739],[21.015908,52.217384],[21.015738,52.217417],[21.015637,52.217479],[21.015488,52.217672]]}},{"type":"Feature","properties":{"mode":"bus","n":8,"arr":["151","182","411","502","514","520","525","N25"],"lines":"151, 182, 411, 502, 514, 520, 525, N25"},"geometry":{"type":"LineString","coordinates":[[21.076317,52.233505],[21.076847,52.233789],[21.078861,52.235072],[21.079188,52.23523],[21.07959,52.235357],[21.079888,52.23542],[21.084792,52.236031],[21.085668,52.2361],[21.086623,52.236115]]}},{"type":"Feature","properties":{"mode":"bus","n":9,"arr":["154","167","172","182","187","517","523","N35","N85"],"lines":"154, 167, 172, 182, 187, 517, 523, N35, N85"},"geometry":{"type":"LineString","coordinates":[[20.970674,52.21947],[20.971021,52.219504],[20.971313,52.219488],[20.971734,52.219393],[20.977227,52.217552]]}},{"type":"Feature","properties":{"mode":"bus","n":9,"arr":["154","167","172","182","187","517","523","N35","N85"],"lines":"154, 167, 172, 182, 187, 517, 523, N35, N85"},"geometry":{"type":"LineString","coordinates":[[20.977322,52.217663],[20.971223,52.219735],[20.971022,52.219774],[20.970884,52.219777],[20.970474,52.219746]]}},{"type":"Feature","properties":{"mode":"bus","n":5,"arr":["156","169","N02","N03","N71"],"lines":"156, 169, N02, N03, N71"},"geometry":{"type":"LineString","coordinates":[[21.049723,52.252293],[21.049906,52.252329],[21.0526,52.253174],[21.052769,52.253274]]}},{"type":"Feature","properties":{"mode":"bus","n":5,"arr":["156","190","512","N11","N61"],"lines":"156, 190, 512, N11, N61"},"geometry":{"type":"LineString","coordinates":[[21.060564,52.26905],[21.063733,52.272897]]}},{"type":"Feature","properties":{"mode":"bus","n":5,"arr":["156","190","512","N11","N61"],"lines":"156, 190, 512, N11, N61"},"geometry":{"type":"LineString","coordinates":[[21.060764,52.269003],[21.061682,52.270155],[21.063861,52.272785]]}},{"type":"Feature","properties":{"mode":"bus","n":6,"arr":["156","184","712","N02","N44","N46"],"lines":"156, 184, 712, N02, N44, N46"},"geometry":{"type":"LineString","coordinates":[[20.927172,52.29117],[20.927983,52.290799]]}},{"type":"Feature","properties":{"mode":"bus","n":6,"arr":["156","184","712","N02","N44","N46"],"lines":"156, 184, 712, N02, N44, N46"},"geometry":{"type":"LineString","coordinates":[[20.92846,52.290724],[20.928373,52.290666],[20.928345,52.290653],[20.928317,52.290652],[20.928286,52.290661],[20.928128,52.290733]]}},{"type":"Feature","properties":{"mode":"bus","n":8,"arr":["157","167","182","187","517","523","N35","N85"],"lines":"157, 167, 182, 187, 517, 523, N35, N85"},"geometry":{"type":"LineString","coordinates":[[20.977227,52.217552],[20.981231,52.216182]]}},{"type":"Feature","properties":{"mode":"bus","n":8,"arr":["157","167","182","187","517","523","N35","N85"],"lines":"157, 167, 182, 187, 517, 523, N35, N85"},"geometry":{"type":"LineString","coordinates":[[20.981022,52.216405],[20.977322,52.217663]]}},{"type":"Feature","properties":{"mode":"bus","n":8,"arr":["157","191","517","N35","N38","N43","N85","N88"],"lines":"157, 191, 517, N35, N38, N43, N85, N88"},"geometry":{"type":"LineString","coordinates":[[20.981231,52.216182],[20.982176,52.217296],[20.982806,52.21798],[20.982966,52.218057],[20.983143,52.218103],[20.983928,52.218178],[20.984109,52.218215],[20.984294,52.218289],[20.98445,52.218399],[20.984966,52.218991],[20.984982,52.21913],[20.984948,52.219276],[20.984704,52.219615]]}},{"type":"Feature","properties":{"mode":"bus","n":8,"arr":["157","191","517","N35","N38","N43","N85","N88"],"lines":"157, 191, 517, N35, N38, N43, N85, N88"},"geometry":{"type":"LineString","coordinates":[[20.983978,52.219724],[20.981022,52.216405]]}},{"type":"Feature","properties":{"mode":"bus","n":7,"arr":["157","517","N35","N38","N43","N85","N88"],"lines":"157, 517, N35, N38, N43, N85, N88"},"geometry":{"type":"LineString","coordinates":[[20.984704,52.219615],[20.98455,52.219866],[20.984578,52.220023],[20.985479,52.221045]]}},{"type":"Feature","properties":{"mode":"bus","n":7,"arr":["157","517","N35","N38","N43","N85","N88"],"lines":"157, 517, N35, N38, N43, N85, N88"},"geometry":{"type":"LineString","coordinates":[[20.988628,52.225007],[20.983978,52.219724]]}},{"type":"Feature","properties":{"mode":"bus","n":5,"arr":["157","N13","N42","N46","N63"],"lines":"157, N13, N42, N46, N63"},"geometry":{"type":"LineString","coordinates":[[20.98729,52.243372],[20.987477,52.242826],[20.987658,52.242565],[20.988269,52.24182],[20.988278,52.2418],[20.988269,52.241784],[20.988243,52.241771],[20.986079,52.241067],[20.986058,52.241058],[20.986047,52.241046],[20.986046,52.241033],[20.986056,52.241019],[20.986504,52.240533],[20.987197,52.239693]]}},{"type":"Feature","properties":{"mode":"bus","n":8,"arr":["158","182","411","502","514","520","525","N25"],"lines":"158, 182, 411, 502, 514, 520, 525, N25"},"geometry":{"type":"LineString","coordinates":[[21.086623,52.236115],[21.087437,52.236084],[21.088221,52.236002],[21.093421,52.235128],[21.097618,52.234671]]}},{"type":"Feature","properties":{"mode":"bus","n":6,"arr":["158","182","514","520","525","N25"],"lines":"158, 182, 514, 520, 525, N25"},"geometry":{"type":"LineString","coordinates":[[21.097495,52.234875],[21.091798,52.235525],[21.088375,52.236141],[21.087809,52.236208],[21.086871,52.23626]]}},{"type":"Feature","properties":{"mode":"bus","n":7,"arr":["162","166","170","338","N03","N14","N64"],"lines":"162, 166, 170, 338, N03, N14, N64"},"geometry":{"type":"LineString","coordinates":[[21.034014,52.258825],[21.031124,52.261164]]}},{"type":"Feature","properties":{"mode":"bus","n":7,"arr":["162","166","170","338","N03","N14","N64"],"lines":"162, 166, 170, 338, N03, N14, N64"},"geometry":{"type":"LineString","coordinates":[[21.030886,52.261359],[21.030681,52.26153]]}},{"type":"Feature","properties":{"mode":"bus","n":8,"arr":["162","166","169","170","338","N03","N14","N64"],"lines":"162, 166, 169, 170, 338, N03, N14, N64"},"geometry":{"type":"LineString","coordinates":[[21.034999,52.258194],[21.034014,52.258825]]}},{"type":"Feature","properties":{"mode":"bus","n":8,"arr":["162","166","169","170","338","N03","N14","N64"],"lines":"162, 166, 169, 170, 338, N03, N14, N64"},"geometry":{"type":"LineString","coordinates":[[21.034947,52.254846],[21.034836,52.254996],[21.034182,52.255658],[21.033255,52.2565]]}},{"type":"Feature","properties":{"mode":"bus","n":5,"arr":["162","166","169","170","338"],"lines":"162, 166, 169, 170, 338"},"geometry":{"type":"LineString","coordinates":[[21.033916,52.255342],[21.033928,52.255417],[21.033983,52.255463],[21.034511,52.255665],[21.034874,52.255759],[21.037197,52.256763],[21.037215,52.256774],[21.037223,52.256785],[21.037219,52.256797],[21.037204,52.25681],[21.034999,52.258194]]}},{"type":"Feature","properties":{"mode":"bus","n":12,"arr":["162","166","169","170","338","509","N03","N14","N16","N21","N64","N71"],"lines":"162, 166, 169, 170, 338, 509, N03, N14, N16, N21, N64, N71"},"geometry":{"type":"LineString","coordinates":[[21.035061,52.254713],[21.034947,52.254846]]}},{"type":"Feature","properties":{"mode":"bus","n":6,"arr":["162","166","170","338","N14","N64"],"lines":"162, 166, 170, 338, N14, N64"},"geometry":{"type":"LineString","coordinates":[[21.033255,52.2565],[21.032768,52.256955],[21.031839,52.25774]]}},{"type":"Feature","properties":{"mode":"bus","n":7,"arr":["163","172","185","187","189","N33","N83"],"lines":"163, 172, 185, 187, 189, N33, N83"},"geometry":{"type":"LineString","coordinates":[[21.055983,52.181792],[21.056531,52.182139],[21.056677,52.182285]]}},{"type":"Feature","properties":{"mode":"bus","n":7,"arr":["163","172","185","187","189","N33","N83"],"lines":"163, 172, 185, 187, 189, N33, N83"},"geometry":{"type":"LineString","coordinates":[[21.062191,52.185774],[21.062364,52.185832],[21.062889,52.186136],[21.063792,52.186711]]}},{"type":"Feature","properties":{"mode":"bus","n":7,"arr":["163","172","185","187","189","N33","N83"],"lines":"163, 172, 185, 187, 189, N33, N83"},"geometry":{"type":"LineString","coordinates":[[21.06369,52.186801],[21.063545,52.186676],[21.062285,52.185879],[21.062191,52.185774],[21.060233,52.184525]]}},{"type":"Feature","properties":{"mode":"bus","n":7,"arr":["163","172","185","187","189","N33","N83"],"lines":"163, 172, 185, 187, 189, N33, N83"},"geometry":{"type":"LineString","coordinates":[[21.059591,52.184121],[21.057045,52.182503],[21.056677,52.182285],[21.056357,52.182181],[21.055878,52.18188]]}},{"type":"Feature","properties":{"mode":"bus","n":7,"arr":["163","172","185","187","189","N33","N83"],"lines":"163, 172, 185, 187, 189, N33, N83"},"geometry":{"type":"LineString","coordinates":[[21.059591,52.184121],[21.05974,52.184258],[21.060009,52.18443],[21.060185,52.184505],[21.060199,52.18451],[21.060208,52.184512],[21.060214,52.184512],[21.060215,52.184509],[21.060212,52.184502],[21.060205,52.184493],[21.060118,52.184393],[21.059828,52.184209],[21.059591,52.184121]]}},{"type":"Feature","properties":{"mode":"bus","n":5,"arr":["163","217","229","319","W1"],"lines":"163, 217, 229, 319, W1"},"geometry":{"type":"LineString","coordinates":[[21.064715,52.152064],[21.063697,52.1516],[21.062839,52.151151],[21.060978,52.150009],[21.060306,52.149624]]}},{"type":"Feature","properties":{"mode":"bus","n":5,"arr":["163","217","229","319","W1"],"lines":"163, 217, 229, 319, W1"},"geometry":{"type":"LineString","coordinates":[[21.059657,52.149153],[21.061107,52.149903],[21.062739,52.150935]]}},{"type":"Feature","properties":{"mode":"bus","n":5,"arr":["163","217","229","319","N81"],"lines":"163, 217, 229, 319, N81"},"geometry":{"type":"LineString","coordinates":[[21.076826,52.156666],[21.077143,52.156773]]}},{"type":"Feature","properties":{"mode":"bus","n":7,"arr":["163","185","187","189","519","N33","N83"],"lines":"163, 185, 187, 189, 519, N33, N83"},"geometry":{"type":"LineString","coordinates":[[21.055878,52.18188],[21.055606,52.181738]]}},{"type":"Feature","properties":{"mode":"bus","n":5,"arr":["164","217","251","317","N50"],"lines":"164, 217, 251, 317, N50"},"geometry":{"type":"LineString","coordinates":[[21.06824,52.169801],[21.06727,52.169983],[21.065873,52.170185],[21.065406,52.170283],[21.064948,52.170392],[21.06289,52.170975],[21.047406,52.174478],[21.046351,52.174763],[21.044001,52.175338]]}},{"type":"Feature","properties":{"mode":"bus","n":5,"arr":["164","217","251","317","N50"],"lines":"164, 217, 251, 317, N50"},"geometry":{"type":"LineString","coordinates":[[21.04479,52.174929],[21.062759,52.170888],[21.063962,52.170544],[21.064919,52.1703],[21.066202,52.170025],[21.067245,52.169873],[21.067863,52.169739]]}},{"type":"Feature","properties":{"mode":"bus","n":5,"arr":["164","251","519","N31","N50"],"lines":"164, 251, 519, N31, N50"},"geometry":{"type":"LineString","coordinates":[[21.083371,52.166123],[21.083986,52.165798],[21.084216,52.165505],[21.084242,52.164811],[21.084368,52.163545],[21.084463,52.163062],[21.084625,52.162639],[21.084921,52.162138],[21.085255,52.161691],[21.085944,52.160621],[21.086371,52.160056],[21.086908,52.159457]]}},{"type":"Feature","properties":{"mode":"bus","n":8,"arr":["165","189","218","317","401","402","N01","N33"],"lines":"165, 189, 218, 317, 401, 402, N01, N33"},"geometry":{"type":"LineString","coordinates":[[21.00254,52.177913],[21.003378,52.177939],[21.00401,52.177908],[21.004629,52.178016]]}},{"type":"Feature","properties":{"mode":"bus","n":8,"arr":["165","189","218","317","401","402","N01","N33"],"lines":"165, 189, 218, 317, 401, 402, N01, N33"},"geometry":{"type":"LineString","coordinates":[[21.007151,52.178033],[21.006771,52.177991],[21.006048,52.177969],[21.004629,52.178016],[21.003647,52.178103],[21.002526,52.178286]]}},{"type":"Feature","properties":{"mode":"bus","n":5,"arr":["165","189","218","N01","N33"],"lines":"165, 189, 218, N01, N33"},"geometry":{"type":"LineString","coordinates":[[21.01405,52.179789],[21.015317,52.179941]]}},{"type":"Feature","properties":{"mode":"bus","n":5,"arr":["165","189","218","N01","N33"],"lines":"165, 189, 218, N01, N33"},"geometry":{"type":"LineString","coordinates":[[21.021267,52.179251],[21.020057,52.179768],[21.019548,52.179907],[21.019152,52.179989]]}},{"type":"Feature","properties":{"mode":"bus","n":6,"arr":["165","189","193","218","N01","N33"],"lines":"165, 189, 193, 218, N01, N33"},"geometry":{"type":"LineString","coordinates":[[21.021946,52.179696],[21.021809,52.179818],[21.021596,52.179866],[21.019583,52.179995],[21.017731,52.180018],[21.016401,52.18],[21.015317,52.179941],[21.014615,52.179938],[21.014061,52.179887]]}},{"type":"Feature","properties":{"mode":"bus","n":7,"arr":["165","218","300","331","709","727","739"],"lines":"165, 218, 300, 331, 709, 727, 739"},"geometry":{"type":"LineString","coordinates":[[21.021946,52.179696],[21.022283,52.179499]]}},{"type":"Feature","properties":{"mode":"bus","n":6,"arr":["166","179","229","319","N37","W1"],"lines":"166, 179, 229, 319, N37, W1"},"geometry":{"type":"LineString","coordinates":[[21.059526,52.149592],[21.058808,52.150353],[21.057656,52.15172],[21.056628,52.152496],[21.055632,52.153135],[21.054754,52.153587],[21.053694,52.154032],[21.052972,52.154297],[21.05223,52.154539],[21.050219,52.155081]]}},{"type":"Feature","properties":{"mode":"bus","n":8,"arr":["166","179","185","229","319","503","N37","W1"],"lines":"166, 179, 185, 229, 319, 503, N37, W1"},"geometry":{"type":"LineString","coordinates":[[21.050219,52.155081],[21.050024,52.155137]]}},{"type":"Feature","properties":{"mode":"bus","n":5,"arr":["166","179","229","319","N37"],"lines":"166, 179, 229, 319, N37"},"geometry":{"type":"LineString","coordinates":[[21.050064,52.154965],[21.052027,52.154432],[21.052944,52.154136],[21.053832,52.153796],[21.05432,52.153582],[21.05526,52.15311],[21.05586,52.15277],[21.056716,52.152196],[21.057377,52.151691],[21.05803,52.151095],[21.05849,52.150575],[21.058983,52.149927],[21.059657,52.149153]]}},{"type":"Feature","properties":{"mode":"bus","n":5,"arr":["167","168","180","N31","N81"],"lines":"167, 168, 180, N31, N81"},"geometry":{"type":"LineString","coordinates":[[21.048316,52.207167],[21.045679,52.206894],[21.044553,52.206806],[21.039976,52.206728],[21.035808,52.206902],[21.032315,52.207114],[21.031822,52.207096],[21.030867,52.206986]]}},{"type":"Feature","properties":{"mode":"bus","n":5,"arr":["167","168","180","N31","N81"],"lines":"167, 168, 180, N31, N81"},"geometry":{"type":"LineString","coordinates":[[21.030797,52.206758],[21.032102,52.206912],[21.032745,52.206925],[21.036956,52.206677],[21.039284,52.206556],[21.039685,52.206553],[21.045114,52.206654],[21.048349,52.206983]]}},{"type":"Feature","properties":{"mode":"bus","n":5,"arr":["167","174","N34","N36","N86"],"lines":"167, 174, N34, N36, N86"},"geometry":{"type":"LineString","coordinates":[[21.007235,52.210636],[21.005729,52.215481],[21.005669,52.215998],[21.005478,52.216632]]}},{"type":"Feature","properties":{"mode":"bus","n":5,"arr":["167","190","249","523","N43"],"lines":"167, 190, 249, 523, N43"},"geometry":{"type":"LineString","coordinates":[[20.918184,52.239732],[20.925569,52.240676],[20.926284,52.240735],[20.927228,52.240751],[20.927916,52.240719],[20.936858,52.239837],[20.942464,52.23931]]}},{"type":"Feature","properties":{"mode":"bus","n":5,"arr":["167","190","249","523","N43"],"lines":"167, 190, 249, 523, N43"},"geometry":{"type":"LineString","coordinates":[[20.918249,52.239588],[20.922005,52.240066],[20.924049,52.240373],[20.925503,52.240564],[20.926207,52.240627],[20.927055,52.240651],[20.928042,52.240598],[20.935082,52.239882],[20.942529,52.239175]]}},{"type":"Feature","properties":{"mode":"bus","n":6,"arr":["167","174","N34","N36","N86","WAK"],"lines":"167, 174, N34, N36, N86, WAK"},"geometry":{"type":"LineString","coordinates":[[21.004969,52.216791],[21.005551,52.214487],[21.006831,52.210578]]}},{"type":"Feature","properties":{"mode":"bus","n":5,"arr":["168","174","N34","N36","N86"],"lines":"168, 174, N34, N36, N86"},"geometry":{"type":"LineString","coordinates":[[21.008311,52.207538],[21.008221,52.207966],[21.007707,52.209189],[21.007261,52.210546]]}},{"type":"Feature","properties":{"mode":"bus","n":8,"arr":["168","411","502","514","520","525","N02","N25"],"lines":"168, 411, 502, 514, 520, 525, N02, N25"},"geometry":{"type":"LineString","coordinates":[[21.097618,52.234671],[21.100173,52.234368],[21.112938,52.232937],[21.113278,52.232919]]}},{"type":"Feature","properties":{"mode":"bus","n":6,"arr":["168","514","520","525","N02","N25"],"lines":"168, 514, 520, 525, N02, N25"},"geometry":{"type":"LineString","coordinates":[[21.113207,52.233124],[21.102083,52.234384],[21.097495,52.234875]]}},{"type":"Feature","properties":{"mode":"bus","n":6,"arr":["169","212","409","500","N12","N62"],"lines":"169, 212, 409, 500, N12, N62"},"geometry":{"type":"LineString","coordinates":[[21.040664,52.269692],[21.040325,52.269545],[21.039558,52.269444],[21.039219,52.269371],[21.038766,52.26918],[21.03846,52.269021]]}},{"type":"Feature","properties":{"mode":"bus","n":5,"arr":["170","338","N03","N14","N64"],"lines":"170, 338, N03, N14, N64"},"geometry":{"type":"LineString","coordinates":[[21.026238,52.259774],[21.02671,52.259989]]}},{"type":"Feature","properties":{"mode":"bus","n":6,"arr":["173","402","520","N02","N25","N71"],"lines":"173, 402, 520, N02, N25, N71"},"geometry":{"type":"LineString","coordinates":[[21.14205,52.237204],[21.1416,52.237094],[21.141556,52.237066]]}},{"type":"Feature","properties":{"mode":"bus","n":6,"arr":["173","402","520","N02","N25","N71"],"lines":"173, 402, 520, N02, N25, N71"},"geometry":{"type":"LineString","coordinates":[[21.140012,52.236763],[21.139738,52.236746],[21.139563,52.236811],[21.139343,52.237107]]}},{"type":"Feature","properties":{"mode":"bus","n":6,"arr":["173","402","520","N02","N25","N71"],"lines":"173, 402, 520, N02, N25, N71"},"geometry":{"type":"LineString","coordinates":[[21.13774,52.240126],[21.137599,52.240457],[21.137318,52.240792],[21.135912,52.241531],[21.13571,52.241659]]}},{"type":"Feature","properties":{"mode":"bus","n":7,"arr":["173","402","520","N02","N21","N25","N71"],"lines":"173, 402, 520, N02, N21, N25, N71"},"geometry":{"type":"LineString","coordinates":[[21.141556,52.237066],[21.140012,52.236763]]}},{"type":"Feature","properties":{"mode":"bus","n":7,"arr":["173","402","520","N02","N21","N25","N71"],"lines":"173, 402, 520, N02, N21, N25, N71"},"geometry":{"type":"LineString","coordinates":[[21.139343,52.237107],[21.13774,52.240126]]}},{"type":"Feature","properties":{"mode":"bus","n":6,"arr":["173","402","520","N02","N21","N25"],"lines":"173, 402, 520, N02, N21, N25"},"geometry":{"type":"LineString","coordinates":[[21.135427,52.241457],[21.135595,52.24148],[21.135809,52.241451],[21.137017,52.240893],[21.137232,52.240761],[21.137394,52.240614],[21.13774,52.240126]]}},{"type":"Feature","properties":{"mode":"bus","n":6,"arr":["173","402","520","N02","N21","N25"],"lines":"173, 402, 520, N02, N21, N25"},"geometry":{"type":"LineString","coordinates":[[21.140012,52.236763],[21.139715,52.236707],[21.139553,52.236722],[21.139462,52.236763],[21.139366,52.23694],[21.139343,52.237107]]}},{"type":"Feature","properties":{"mode":"bus","n":6,"arr":["173","402","520","N02","N21","N25"],"lines":"173, 402, 520, N02, N21, N25"},"geometry":{"type":"LineString","coordinates":[[21.142097,52.237114],[21.141647,52.237053],[21.141556,52.237066]]}},{"type":"Feature","properties":{"mode":"bus","n":15,"arr":["174","N12","N13","N14","N16","N21","N44","N46","N62","N63","N64","N71","N91","N95","WAK"],"lines":"174, N12, N13, N14, N16, N21, N44, N46, N62, N63, N64, N71, N91, N95, WAK"},"geometry":{"type":"LineString","coordinates":[[20.998039,52.232786],[20.998233,52.232668],[20.998523,52.23243],[20.998864,52.232065],[21.000285,52.229993]]}},{"type":"Feature","properties":{"mode":"bus","n":14,"arr":["174","N12","N13","N14","N16","N21","N44","N46","N62","N63","N64","N71","N91","N95"],"lines":"174, N12, N13, N14, N16, N21, N44, N46, N62, N63, N64, N71, N91, N95"},"geometry":{"type":"LineString","coordinates":[[21.000285,52.229993],[21.0003,52.22989],[21.000611,52.229349],[21.001478,52.227966],[21.001514,52.227813]]}},{"type":"Feature","properties":{"mode":"bus","n":5,"arr":["174","N34","N36","N86","WAK"],"lines":"174, N34, N36, N86, WAK"},"geometry":{"type":"LineString","coordinates":[[21.003356,52.225146],[21.004612,52.223053],[21.004713,52.221663],[21.004712,52.221017],[21.004801,52.21941],[21.005079,52.219097],[21.0051,52.218632],[21.004856,52.218364],[21.004862,52.217325],[21.004969,52.216791]]}},{"type":"Feature","properties":{"mode":"bus","n":5,"arr":["174","189","193","N36","N86"],"lines":"174, 189, 193, N36, N86"},"geometry":{"type":"LineString","coordinates":[[21.014061,52.179887],[21.014002,52.179027],[21.013914,52.17835],[21.013704,52.177441],[21.013441,52.176653],[21.012999,52.175597],[21.012836,52.175241],[21.012353,52.174363]]}},{"type":"Feature","properties":{"mode":"bus","n":7,"arr":["177","187","401","517","716","N35","N85"],"lines":"177, 187, 401, 517, 716, N35, N85"},"geometry":{"type":"LineString","coordinates":[[20.88016,52.19742],[20.880535,52.197511],[20.881885,52.197658],[20.882012,52.197655],[20.882335,52.197725]]}},{"type":"Feature","properties":{"mode":"bus","n":5,"arr":["178","N14","N16","N44","N64"],"lines":"178, N14, N16, N44, N64"},"geometry":{"type":"LineString","coordinates":[[21.013274,52.23613],[21.008643,52.235239]]}},{"type":"Feature","properties":{"mode":"bus","n":13,"arr":["178","N11","N13","N14","N16","N21","N41","N44","N61","N63","N64","N71","N91"],"lines":"178, N11, N13, N14, N16, N21, N41, N44, N61, N63, N64, N71, N91"},"geometry":{"type":"LineString","coordinates":[[21.008388,52.235192],[21.008643,52.235239]]}},{"type":"Feature","properties":{"mode":"bus","n":19,"arr":["178","N11","N13","N14","N16","N21","N32","N35","N38","N41","N44","N61","N63","N64","N71","N85","N88","N91","WAK"],"lines":"178, N11, N13, N14, N16, N21, N32, N35, N38, N41, N44, N61, N63, N64, N71, N85, N88, N91, WAK"},"geometry":{"type":"LineString","coordinates":[[21.006674,52.234846],[21.008388,52.235192]]}},{"type":"Feature","properties":{"mode":"bus","n":19,"arr":["178","N11","N13","N14","N16","N21","N32","N35","N38","N41","N44","N61","N63","N64","N71","N85","N88","N91","WAK"],"lines":"178, N11, N13, N14, N16, N21, N32, N35, N38, N41, N44, N61, N63, N64, N71, N85, N88, N91, WAK"},"geometry":{"type":"LineString","coordinates":[[21.002467,52.233967],[21.003649,52.234213]]}},{"type":"Feature","properties":{"mode":"bus","n":9,"arr":["178","N11","N14","N16","N41","N44","N61","N64","WAK"],"lines":"178, N11, N14, N16, N41, N44, N61, N64, WAK"},"geometry":{"type":"LineString","coordinates":[[21.003649,52.234213],[21.004235,52.234388],[21.006384,52.234827],[21.006674,52.234846]]}},{"type":"Feature","properties":{"mode":"bus","n":18,"arr":["178","N11","N13","N14","N16","N21","N32","N35","N38","N41","N44","N61","N63","N64","N71","N85","N88","N91"],"lines":"178, N11, N13, N14, N16, N21, N32, N35, N38, N41, N44, N61, N63, N64, N71, N85, N88, N91"},"geometry":{"type":"LineString","coordinates":[[21.003649,52.234213],[21.003917,52.234228],[21.006107,52.234676],[21.006674,52.234846]]}},{"type":"Feature","properties":{"mode":"bus","n":5,"arr":["179","209","715","737","N86"],"lines":"179, 209, 715, 737, N86"},"geometry":{"type":"LineString","coordinates":[[21.024705,52.142822],[21.025114,52.144023],[21.025316,52.144358],[21.025597,52.144637],[21.030516,52.147989],[21.032504,52.149305]]}},{"type":"Feature","properties":{"mode":"bus","n":5,"arr":["179","209","715","737","N86"],"lines":"179, 209, 715, 737, N86"},"geometry":{"type":"LineString","coordinates":[[21.03236,52.149388],[21.030358,52.14799],[21.025463,52.144654],[21.025221,52.144413],[21.025041,52.144146],[21.024536,52.142839]]}},{"type":"Feature","properties":{"mode":"bus","n":5,"arr":["179","192","193","209","N37"],"lines":"179, 192, 193, 209, N37"},"geometry":{"type":"LineString","coordinates":[[21.037217,52.154639],[21.034656,52.156165]]}},{"type":"Feature","properties":{"mode":"bus","n":5,"arr":["179","192","193","209","N37"],"lines":"179, 192, 193, 209, N37"},"geometry":{"type":"LineString","coordinates":[[21.03456,52.156103],[21.037127,52.154578]]}},{"type":"Feature","properties":{"mode":"bus","n":5,"arr":["179","192","193","209","N37"],"lines":"179, 192, 193, 209, N37"},"geometry":{"type":"LineString","coordinates":[[21.034473,52.156154],[21.03457,52.156215]]}},{"type":"Feature","properties":{"mode":"bus","n":5,"arr":["179","192","209","715","737"],"lines":"179, 192, 209, 715, 737"},"geometry":{"type":"LineString","coordinates":[[21.034656,52.156165],[21.03457,52.156215]]}},{"type":"Feature","properties":{"mode":"bus","n":5,"arr":["179","192","209","715","737"],"lines":"179, 192, 209, 715, 737"},"geometry":{"type":"LineString","coordinates":[[21.030985,52.153954],[21.031706,52.154377],[21.034473,52.156154]]}},{"type":"Feature","properties":{"mode":"bus","n":5,"arr":["179","192","209","715","737"],"lines":"179, 192, 209, 715, 737"},"geometry":{"type":"LineString","coordinates":[[21.031068,52.153873],[21.03456,52.156103]]}},{"type":"Feature","properties":{"mode":"bus","n":6,"arr":["179","715","737","N01","N03","N37"],"lines":"179, 715, 737, N01, N03, N37"},"geometry":{"type":"LineString","coordinates":[[21.027934,52.161907],[21.029204,52.162003]]}},{"type":"Feature","properties":{"mode":"bus","n":6,"arr":["179","715","737","N01","N03","N37"],"lines":"179, 715, 737, N01, N03, N37"},"geometry":{"type":"LineString","coordinates":[[21.036042,52.162286],[21.029204,52.162003],[21.027918,52.161995]]}},{"type":"Feature","properties":{"mode":"bus","n":7,"arr":["179","193","715","737","N01","N03","N37"],"lines":"179, 193, 715, 737, N01, N03, N37"},"geometry":{"type":"LineString","coordinates":[[21.036259,52.162289],[21.036042,52.162286]]}},{"type":"Feature","properties":{"mode":"bus","n":6,"arr":["179","193","715","737","N01","N03"],"lines":"179, 193, 715, 737, N01, N03"},"geometry":{"type":"LineString","coordinates":[[21.036644,52.162058],[21.036514,52.162232],[21.03639,52.162281],[21.036305,52.162286],[21.036285,52.162289],[21.036273,52.162295],[21.036268,52.162304],[21.03627,52.162316],[21.036534,52.16299],[21.036724,52.163129],[21.036917,52.163161],[21.037059,52.16313],[21.037369,52.162948]]}},{"type":"Feature","properties":{"mode":"bus","n":6,"arr":["179","193","715","737","N01","N03"],"lines":"179, 193, 715, 737, N01, N03"},"geometry":{"type":"LineString","coordinates":[[21.037804,52.162506],[21.037569,52.162407],[21.037543,52.162392],[21.03753,52.162373],[21.037529,52.162351],[21.037572,52.162173]]}},{"type":"Feature","properties":{"mode":"bus","n":8,"arr":["179","185","193","503","715","737","N01","N03"],"lines":"179, 185, 193, 503, 715, 737, N01, N03"},"geometry":{"type":"LineString","coordinates":[[21.037369,52.162948],[21.037804,52.162506]]}},{"type":"Feature","properties":{"mode":"bus","n":6,"arr":["179","192","193","209","229","N37"],"lines":"179, 192, 193, 209, 229, N37"},"geometry":{"type":"LineString","coordinates":[[21.037127,52.154578],[21.03865,52.153673]]}},{"type":"Feature","properties":{"mode":"bus","n":5,"arr":["179","192","209","229","N86"],"lines":"179, 192, 209, 229, N86"},"geometry":{"type":"LineString","coordinates":[[21.037957,52.153186],[21.03865,52.153673]]}},{"type":"Feature","properties":{"mode":"bus","n":5,"arr":["184","190","523","N42","N43"],"lines":"184, 190, 523, N42, N43"},"geometry":{"type":"LineString","coordinates":[[20.948607,52.238725],[20.948483,52.238737]]}},{"type":"Feature","properties":{"mode":"bus","n":5,"arr":["185","209","715","737","N86"],"lines":"185, 209, 715, 737, N86"},"geometry":{"type":"LineString","coordinates":[[21.024397,52.142781],[21.023597,52.142829]]}},{"type":"Feature","properties":{"mode":"bus","n":5,"arr":["185","209","715","737","N86"],"lines":"185, 209, 715, 737, N86"},"geometry":{"type":"LineString","coordinates":[[21.024362,52.142676],[21.023597,52.142829],[21.021765,52.143054]]}},{"type":"Feature","properties":{"mode":"bus","n":9,"arr":["185","189","317","402","503","N03","N33","N50","N83"],"lines":"185, 189, 317, 402, 503, N03, N33, N50, N83"},"geometry":{"type":"LineString","coordinates":[[21.040766,52.17021],[21.040878,52.170299]]}},{"type":"Feature","properties":{"mode":"bus","n":6,"arr":["186","190","414","523","N42","N43"],"lines":"186, 190, 414, 523, N42, N43"},"geometry":{"type":"LineString","coordinates":[[20.956337,52.237722],[20.956412,52.238059]]}},{"type":"Feature","properties":{"mode":"bus","n":7,"arr":["186","326","518","705","735","N13","N63"],"lines":"186, 326, 518, 705, 735, N13, N63"},"geometry":{"type":"LineString","coordinates":[[20.998115,52.288434],[20.999074,52.288746],[21.002666,52.289714],[21.003354,52.289939],[21.003737,52.290122],[21.004049,52.290354],[21.004209,52.290561],[21.004283,52.29083],[21.004259,52.290992],[21.00415,52.291199],[21.004043,52.291315],[21.003799,52.291479],[21.00342,52.291632],[21.002238,52.291927],[21.001752,52.292116],[21.001384,52.292313],[21.001193,52.292461],[20.999259,52.294311],[20.998235,52.295158],[20.997913,52.295346]]}},{"type":"Feature","properties":{"mode":"bus","n":7,"arr":["186","326","518","705","735","N13","N63"],"lines":"186, 326, 518, 705, 735, N13, N63"},"geometry":{"type":"LineString","coordinates":[[20.999474,52.293545],[20.999707,52.293062],[20.999766,52.292657],[20.999529,52.291301],[20.99927,52.290114],[20.999086,52.289721],[20.998821,52.289354],[20.998394,52.288977],[20.997852,52.288651]]}},{"type":"Feature","properties":{"mode":"bus","n":14,"arr":["186","211","326","509","516","518","705","723","731","735","736","N03","N13","N63"],"lines":"186, 211, 326, 509, 516, 518, 705, 723, 731, 735, 736, N03, N13, N63"},"geometry":{"type":"LineString","coordinates":[[20.997913,52.295346],[20.99619,52.296918],[20.99415,52.298855],[20.991042,52.30185],[20.989288,52.303612]]}},{"type":"Feature","properties":{"mode":"bus","n":14,"arr":["186","211","326","509","516","518","705","723","731","735","736","N03","N13","N63"],"lines":"186, 211, 326, 509, 516, 518, 705, 723, 731, 735, 736, N03, N13, N63"},"geometry":{"type":"LineString","coordinates":[[20.989146,52.303423],[20.995286,52.29759],[20.999474,52.293545]]}},{"type":"Feature","properties":{"mode":"bus","n":13,"arr":["186","326","509","516","518","705","723","731","735","736","N03","N13","N63"],"lines":"186, 326, 509, 516, 518, 705, 723, 731, 735, 736, N03, N13, N63"},"geometry":{"type":"LineString","coordinates":[[20.989288,52.303612],[20.987893,52.304724],[20.986232,52.305982],[20.985437,52.306675],[20.984298,52.307574]]}},{"type":"Feature","properties":{"mode":"bus","n":13,"arr":["186","326","509","516","518","705","723","731","735","736","N03","N13","N63"],"lines":"186, 326, 509, 516, 518, 705, 723, 731, 735, 736, N03, N13, N63"},"geometry":{"type":"LineString","coordinates":[[20.983425,52.307682],[20.98493,52.306554],[20.985967,52.305842],[20.989146,52.303423]]}},{"type":"Feature","properties":{"mode":"bus","n":9,"arr":["186","509","516","518","723","731","N03","N13","N63"],"lines":"186, 509, 516, 518, 723, 731, N03, N13, N63"},"geometry":{"type":"LineString","coordinates":[[20.984298,52.307574],[20.983372,52.308326]]}},{"type":"Feature","properties":{"mode":"bus","n":9,"arr":["186","509","516","518","723","731","N03","N13","N63"],"lines":"186, 509, 516, 518, 723, 731, N03, N13, N63"},"geometry":{"type":"LineString","coordinates":[[20.98295,52.308025],[20.983425,52.307682]]}},{"type":"Feature","properties":{"mode":"bus","n":6,"arr":["186","509","N01","N03","N13","N63"],"lines":"186, 509, N01, N03, N13, N63"},"geometry":{"type":"LineString","coordinates":[[20.944175,52.322547],[20.943181,52.323027],[20.942742,52.323258],[20.942349,52.323504],[20.941562,52.324152],[20.941151,52.32465],[20.940824,52.325237],[20.940689,52.325603],[20.940624,52.325887],[20.940598,52.326173],[20.940636,52.326854],[20.940743,52.327539]]}},{"type":"Feature","properties":{"mode":"bus","n":6,"arr":["186","509","N01","N03","N13","N63"],"lines":"186, 509, N01, N03, N13, N63"},"geometry":{"type":"LineString","coordinates":[[20.941381,52.331831],[20.941486,52.332385]]}},{"type":"Feature","properties":{"mode":"bus","n":5,"arr":["186","509","N01","N03","N63"],"lines":"186, 509, N01, N03, N63"},"geometry":{"type":"LineString","coordinates":[[20.940743,52.327539],[20.941381,52.331831]]}},{"type":"Feature","properties":{"mode":"bus","n":7,"arr":["186","211","509","518","N01","N03","N13"],"lines":"186, 211, 509, 518, N01, N03, N13"},"geometry":{"type":"LineString","coordinates":[[20.941486,52.332385],[20.941604,52.333412]]}},{"type":"Feature","properties":{"mode":"bus","n":5,"arr":["186","516","518","N01","N13"],"lines":"186, 516, 518, N01, N13"},"geometry":{"type":"LineString","coordinates":[[20.941877,52.335337],[20.942189,52.335307],[20.942217,52.3353],[20.942238,52.335287],[20.94227,52.335255],[20.942302,52.335149],[20.942268,52.334845]]}},{"type":"Feature","properties":{"mode":"bus","n":8,"arr":["186","211","509","516","518","N01","N03","N13"],"lines":"186, 211, 509, 516, 518, N01, N03, N13"},"geometry":{"type":"LineString","coordinates":[[20.941604,52.333412],[20.941773,52.334612],[20.941731,52.334674],[20.941812,52.33523],[20.941877,52.335337]]}},{"type":"Feature","properties":{"mode":"bus","n":5,"arr":["187","401","517","716","N85"],"lines":"187, 401, 517, 716, N85"},"geometry":{"type":"LineString","coordinates":[[20.866663,52.196576],[20.866791,52.196513],[20.866993,52.196362]]}},{"type":"Feature","properties":{"mode":"bus","n":7,"arr":["187","191","207","401","517","N35","N85"],"lines":"187, 191, 207, 401, 517, N35, N85"},"geometry":{"type":"LineString","coordinates":[[20.896632,52.19615],[20.896121,52.194281],[20.896009,52.193998],[20.895847,52.193797],[20.894398,52.192331]]}},{"type":"Feature","properties":{"mode":"bus","n":6,"arr":["187","189","401","517","N01","N35"],"lines":"187, 189, 401, 517, N01, N35"},"geometry":{"type":"LineString","coordinates":[[20.914346,52.199718],[20.91478,52.199593],[20.914926,52.199587]]}},{"type":"Feature","properties":{"mode":"bus","n":6,"arr":["187","189","401","517","N01","N35"],"lines":"187, 189, 401, 517, N01, N35"},"geometry":{"type":"LineString","coordinates":[[20.924099,52.196844],[20.924409,52.196775],[20.925139,52.196417],[20.925709,52.196226],[20.927729,52.195737],[20.928628,52.195602]]}},{"type":"Feature","properties":{"mode":"bus","n":6,"arr":["189","317","402","N33","N50","N83"],"lines":"189, 317, 402, N33, N50, N83"},"geometry":{"type":"LineString","coordinates":[[21.041218,52.170957],[21.040971,52.17085],[21.040789,52.170835],[21.040601,52.170885],[21.040398,52.171032]]}},{"type":"Feature","properties":{"mode":"bus","n":7,"arr":["189","193","317","402","N33","N50","N83"],"lines":"189, 193, 317, 402, N33, N50, N83"},"geometry":{"type":"LineString","coordinates":[[21.036988,52.173467],[21.036542,52.173498],[21.032169,52.173452],[21.031508,52.173449],[21.031171,52.173471],[21.030093,52.173463],[21.026293,52.173414]]}},{"type":"Feature","properties":{"mode":"bus","n":7,"arr":["189","193","317","402","N33","N50","N83"],"lines":"189, 193, 317, 402, N33, N50, N83"},"geometry":{"type":"LineString","coordinates":[[21.038585,52.172783],[21.039381,52.172417],[21.039634,52.172252],[21.039799,52.172095],[21.040398,52.171032],[21.040499,52.170718],[21.04063,52.170473]]}},{"type":"Feature","properties":{"mode":"bus","n":7,"arr":["189","193","317","402","N33","N50","N83"],"lines":"189, 193, 317, 402, N33, N50, N83"},"geometry":{"type":"LineString","coordinates":[[21.037651,52.173205],[21.037884,52.173096],[21.038031,52.17298],[21.038368,52.172826],[21.038529,52.172794],[21.038545,52.172791],[21.038555,52.17279],[21.03856,52.172791],[21.038559,52.172794],[21.038552,52.172799],[21.03854,52.172806],[21.038201,52.172977],[21.037884,52.173096]]}},{"type":"Feature","properties":{"mode":"bus","n":7,"arr":["189","193","317","402","N33","N50","N83"],"lines":"189, 193, 317, 402, N33, N50, N83"},"geometry":{"type":"LineString","coordinates":[[21.037651,52.173205],[21.037012,52.173437],[21.036996,52.173457],[21.036994,52.173461],[21.036995,52.173465],[21.036999,52.173468],[21.037007,52.173469],[21.0371,52.173481],[21.037233,52.173446],[21.037651,52.173205]]}},{"type":"Feature","properties":{"mode":"bus","n":10,"arr":["189","193","317","401","402","N01","N33","N37","N50","N83"],"lines":"189, 193, 317, 401, 402, N01, N33, N37, N50, N83"},"geometry":{"type":"LineString","coordinates":[[21.026137,52.173412],[21.026293,52.173414]]}},{"type":"Feature","properties":{"mode":"bus","n":9,"arr":["189","193","317","401","402","N01","N33","N37","N83"],"lines":"189, 193, 317, 401, 402, N01, N33, N37, N83"},"geometry":{"type":"LineString","coordinates":[[21.026137,52.173412],[21.025472,52.173409],[21.023915,52.173342],[21.023278,52.173283],[21.022193,52.17314],[21.021507,52.173107],[21.021165,52.173115],[21.02011,52.173264]]}},{"type":"Feature","properties":{"mode":"bus","n":10,"arr":["189","193","300","331","709","727","739","N01","N33","N37"],"lines":"189, 193, 300, 331, 709, 727, 739, N01, N33, N37"},"geometry":{"type":"LineString","coordinates":[[21.02011,52.173264],[21.021654,52.17745],[21.02173,52.177731],[21.021841,52.178443],[21.022082,52.179131]]}},{"type":"Feature","properties":{"mode":"bus","n":9,"arr":["189","193","300","331","709","727","739","N01","N33"],"lines":"189, 193, 300, 331, 709, 727, 739, N01, N33"},"geometry":{"type":"LineString","coordinates":[[21.022082,52.179131],[21.022078,52.17943],[21.021946,52.179696]]}},{"type":"Feature","properties":{"mode":"bus","n":5,"arr":["189","194","228","N01","N41"],"lines":"189, 194, 228, N01, N41"},"geometry":{"type":"LineString","coordinates":[[20.914543,52.208353],[20.913764,52.209064],[20.913528,52.209221]]}},{"type":"Feature","properties":{"mode":"bus","n":9,"arr":["189","300","331","709","727","739","N01","N33","N37"],"lines":"189, 300, 331, 709, 727, 739, N01, N33, N37"},"geometry":{"type":"LineString","coordinates":[[21.01992,52.173296],[21.021499,52.177595],[21.021522,52.177761],[21.021501,52.17801],[21.021267,52.179251]]}},{"type":"Feature","properties":{"mode":"bus","n":13,"arr":["189","300","317","331","401","402","709","727","739","N01","N33","N37","N83"],"lines":"189, 300, 317, 331, 401, 402, 709, 727, 739, N01, N33, N37, N83"},"geometry":{"type":"LineString","coordinates":[[21.02011,52.173264],[21.01992,52.173296]]}},{"type":"Feature","properties":{"mode":"bus","n":6,"arr":["190","N11","N16","N21","N61","N71"],"lines":"190, N11, N16, N21, N61, N71"},"geometry":{"type":"LineString","coordinates":[[21.030506,52.25295],[21.030374,52.252875]]}},{"type":"Feature","properties":{"mode":"bus","n":6,"arr":["190","N11","N16","N21","N61","N71"],"lines":"190, N11, N16, N21, N61, N71"},"geometry":{"type":"LineString","coordinates":[[21.030931,52.253034],[21.030374,52.252875],[21.02872,52.252167]]}},{"type":"Feature","properties":{"mode":"bus","n":5,"arr":["190","N11","N21","N61","N71"],"lines":"190, N11, N21, N61, N71"},"geometry":{"type":"LineString","coordinates":[[21.00103,52.244423],[21.001304,52.244511],[21.002723,52.245098],[21.003339,52.2453],[21.004391,52.245775],[21.004768,52.245862],[21.005099,52.245902],[21.006006,52.245983],[21.006297,52.245981]]}},{"type":"Feature","properties":{"mode":"bus","n":6,"arr":["190","N11","N21","N42","N61","N71"],"lines":"190, N11, N21, N42, N61, N71"},"geometry":{"type":"LineString","coordinates":[[21.000881,52.244377],[21.00103,52.244423]]}},{"type":"Feature","properties":{"mode":"bus","n":6,"arr":["190","N12","N21","N42","N62","N71"],"lines":"190, N12, N21, N42, N62, N71"},"geometry":{"type":"LineString","coordinates":[[20.992981,52.242847],[20.993665,52.242063],[20.993681,52.24205],[20.993699,52.242043],[20.99372,52.242043],[20.993744,52.242048],[20.994692,52.242369],[20.995447,52.242571]]}},{"type":"Feature","properties":{"mode":"bus","n":6,"arr":["190","N12","N21","N42","N62","N71"],"lines":"190, N12, N21, N42, N62, N71"},"geometry":{"type":"LineString","coordinates":[[20.989927,52.240748],[20.992116,52.241462],[20.993308,52.241878],[20.993333,52.241892],[20.993341,52.241908],[20.993332,52.241928],[20.992631,52.242741]]}},{"type":"Feature","properties":{"mode":"bus","n":5,"arr":["190","N12","N21","N62","N71"],"lines":"190, N12, N21, N62, N71"},"geometry":{"type":"LineString","coordinates":[[20.994273,52.240846],[20.993539,52.241691],[20.993523,52.241704],[20.993505,52.241711],[20.993484,52.241711],[20.99346,52.241705],[20.99275,52.241459],[20.991859,52.241225],[20.990021,52.240626]]}},{"type":"Feature","properties":{"mode":"bus","n":7,"arr":["192","331","709","727","739","N83","N86"],"lines":"192, 331, 709, 727, 739, N83, N86"},"geometry":{"type":"LineString","coordinates":[[21.017832,52.15288],[21.017799,52.15271]]}},{"type":"Feature","properties":{"mode":"bus","n":6,"arr":["192","331","709","727","739","N83"],"lines":"192, 331, 709, 727, 739, N83"},"geometry":{"type":"LineString","coordinates":[[21.01786,52.153343],[21.017832,52.15288]]}},{"type":"Feature","properties":{"mode":"bus","n":7,"arr":["192","331","504","709","727","739","N83"],"lines":"192, 331, 504, 709, 727, 739, N83"},"geometry":{"type":"LineString","coordinates":[[21.017821,52.15526],[21.01786,52.153343]]}},{"type":"Feature","properties":{"mode":"bus","n":7,"arr":["193","300","331","709","727","739","N83"],"lines":"193, 300, 331, 709, 727, 739, N83"},"geometry":{"type":"LineString","coordinates":[[21.02011,52.173264],[21.018731,52.169365],[21.018543,52.168458],[21.018267,52.16765],[21.0179,52.166143]]}},{"type":"Feature","properties":{"mode":"bus","n":5,"arr":["14","194","197","713","716"],"lines":"14, 194, 197, 713, 716"},"geometry":{"type":"LineString","coordinates":[[20.92943,52.224668],[20.929328,52.224384],[20.929377,52.224123],[20.929432,52.224004],[20.929863,52.223414]]}},{"type":"Feature","properties":{"mode":"bus","n":5,"arr":["14","194","197","713","716"],"lines":"14, 194, 197, 713, 716"},"geometry":{"type":"LineString","coordinates":[[20.930036,52.223457],[20.929644,52.223944]]}},{"type":"Feature","properties":{"mode":"bus","n":5,"arr":["194","401","517","716","N85"],"lines":"194, 401, 517, 716, N85"},"geometry":{"type":"LineString","coordinates":[[20.868477,52.191612],[20.868573,52.191772]]}},{"type":"Feature","properties":{"mode":"bus","n":6,"arr":["194","401","517","716","N35","N85"],"lines":"194, 401, 517, 716, N35, N85"},"geometry":{"type":"LineString","coordinates":[[20.868721,52.191688],[20.867959,52.191438],[20.867003,52.19117],[20.862727,52.190552],[20.862474,52.190548]]}},{"type":"Feature","properties":{"mode":"bus","n":6,"arr":["14","194","197","713","716","N42"],"lines":"14, 194, 197, 713, 716, N42"},"geometry":{"type":"LineString","coordinates":[[20.929979,52.223288],[20.930119,52.223328]]}},{"type":"Feature","properties":{"mode":"bus","n":5,"arr":["199","N62","Z1","Z2M","Z4M"],"lines":"199, N62, Z1, Z2M, Z4M"},"geometry":{"type":"LineString","coordinates":[[21.139149,52.285034],[21.139465,52.283662]]}},{"type":"Feature","properties":{"mode":"bus","n":5,"arr":["199","N62","Z1","Z2M","Z4M"],"lines":"199, N62, Z1, Z2M, Z4M"},"geometry":{"type":"LineString","coordinates":[[21.139952,52.281128],[21.139846,52.281534],[21.13983,52.281808],[21.139612,52.283029]]}},{"type":"Feature","properties":{"mode":"bus","n":5,"arr":["203","210","250","N44","N58"],"lines":"203, 210, 250, N44, N58"},"geometry":{"type":"LineString","coordinates":[[20.927172,52.29117],[20.927284,52.291262]]}},{"type":"Feature","properties":{"mode":"bus","n":6,"arr":["207","401","517","716","N35","N85"],"lines":"207, 401, 517, 716, N35, N85"},"geometry":{"type":"LineString","coordinates":[[20.872268,52.198674],[20.873283,52.198791],[20.873914,52.198822],[20.87431,52.198822],[20.874906,52.198756],[20.877425,52.198089],[20.879302,52.197495],[20.879714,52.197469]]}},{"type":"Feature","properties":{"mode":"bus","n":7,"arr":["209","709","715","727","737","739","N83"],"lines":"209, 709, 715, 727, 737, 739, N83"},"geometry":{"type":"LineString","coordinates":[[21.018359,52.121077],[21.018342,52.123013],[21.018284,52.123873],[21.018108,52.13114],[21.018124,52.132308],[21.018068,52.133098],[21.01796,52.137966],[21.018045,52.138903],[21.018238,52.139816],[21.018209,52.140036],[21.017946,52.141036],[21.017859,52.141648],[21.017824,52.143542]]}},{"type":"Feature","properties":{"mode":"bus","n":7,"arr":["209","709","715","727","737","739","N83"],"lines":"209, 709, 715, 727, 737, 739, N83"},"geometry":{"type":"LineString","coordinates":[[21.017631,52.143612],[21.017666,52.142444],[21.017647,52.141103],[21.017475,52.140195],[21.017431,52.13962],[21.01745,52.139268],[21.017387,52.139112],[21.017452,52.138697],[21.017643,52.138284],[21.017706,52.13806],[21.017753,52.137521],[21.017837,52.134112],[21.017834,52.132685],[21.01789,52.131914],[21.018131,52.121265]]}},{"type":"Feature","properties":{"mode":"bus","n":5,"arr":["210","250","409","712","N41"],"lines":"210, 250, 409, 712, N41"},"geometry":{"type":"LineString","coordinates":[[20.928982,52.289411],[20.927139,52.288045],[20.919993,52.282191]]}},{"type":"Feature","properties":{"mode":"bus","n":5,"arr":["211","516","723","731","736"],"lines":"211, 516, 723, 731, 736"},"geometry":{"type":"LineString","coordinates":[[21.000872,52.291591],[21.001304,52.291841]]}},{"type":"Feature","properties":{"mode":"bus","n":5,"arr":["211","516","723","731","736"],"lines":"211, 516, 723, 731, 736"},"geometry":{"type":"LineString","coordinates":[[21.001567,52.291928],[21.000782,52.29168]]}},{"type":"Feature","properties":{"mode":"bus","n":7,"arr":["211","509","516","723","731","736","N03"],"lines":"211, 509, 516, 723, 731, 736, N03"},"geometry":{"type":"LineString","coordinates":[[20.997913,52.295346],[20.998081,52.295155],[21.000026,52.293409],[21.000228,52.293187],[21.001567,52.291928]]}},{"type":"Feature","properties":{"mode":"bus","n":7,"arr":["211","509","516","723","731","736","N03"],"lines":"211, 509, 516, 723, 731, 736, N03"},"geometry":{"type":"LineString","coordinates":[[21.001304,52.291841],[20.999895,52.293202],[20.999474,52.293545]]}},{"type":"Feature","properties":{"mode":"bus","n":5,"arr":["211","314","518","N01","N13"],"lines":"211, 314, 518, N01, N13"},"geometry":{"type":"LineString","coordinates":[[20.962427,52.314991],[20.962261,52.315176],[20.962102,52.315281]]}},{"type":"Feature","properties":{"mode":"bus","n":5,"arr":["211","314","518","N01","N13"],"lines":"211, 314, 518, N01, N13"},"geometry":{"type":"LineString","coordinates":[[20.961159,52.31635],[20.960875,52.316755]]}},{"type":"Feature","properties":{"mode":"bus","n":5,"arr":["211","314","518","N01","N13"],"lines":"211, 314, 518, N01, N13"},"geometry":{"type":"LineString","coordinates":[[20.960737,52.31671],[20.960943,52.316493],[20.961159,52.31635],[20.962102,52.315281],[20.962152,52.315148],[20.962323,52.314953]]}},{"type":"Feature","properties":{"mode":"bus","n":5,"arr":["211","509","516","N03","N13"],"lines":"211, 509, 516, N03, N13"},"geometry":{"type":"LineString","coordinates":[[20.941877,52.335337],[20.94199,52.33609],[20.942218,52.336792]]}},{"type":"Feature","properties":{"mode":"bus","n":5,"arr":["211","509","516","N03","N13"],"lines":"211, 509, 516, N03, N13"},"geometry":{"type":"LineString","coordinates":[[20.944416,52.339007],[20.943661,52.33833],[20.943099,52.337672],[20.942818,52.337292],[20.942253,52.336821],[20.942243,52.336813],[20.942235,52.336809],[20.94223,52.336808],[20.942228,52.336811],[20.942229,52.336817],[20.942232,52.336827],[20.942346,52.337116],[20.942855,52.337856],[20.943411,52.33848],[20.943911,52.338925]]}},{"type":"Feature","properties":{"mode":"bus","n":6,"arr":["211","723","731","L49","L-7","N63"],"lines":"211, 723, 731, L49, L-7, N63"},"geometry":{"type":"LineString","coordinates":[[20.946199,52.350184],[20.94135,52.355898]]}},{"type":"Feature","properties":{"mode":"bus","n":6,"arr":["211","723","731","L49","L-7","N63"],"lines":"211, 723, 731, L49, L-7, N63"},"geometry":{"type":"LineString","coordinates":[[20.945192,52.351006],[20.94606,52.34995]]}},{"type":"Feature","properties":{"mode":"bus","n":6,"arr":["220","707","715","721","728","N88"],"lines":"220, 707, 715, 721, 728, N88"},"geometry":{"type":"LineString","coordinates":[[20.943986,52.175106],[20.943908,52.175021]]}},{"type":"Feature","properties":{"mode":"bus","n":6,"arr":["245","N62","Z1","Z2M","Z3","Z4M"],"lines":"245, N62, Z1, Z2M, Z3, Z4M"},"geometry":{"type":"LineString","coordinates":[[21.122561,52.278896],[21.123634,52.279015],[21.123943,52.279077],[21.124369,52.279127],[21.124816,52.279147],[21.128172,52.279515],[21.130625,52.279808]]}},{"type":"Feature","properties":{"mode":"bus","n":6,"arr":["245","N62","Z1","Z2M","Z3","Z4M"],"lines":"245, N62, Z1, Z2M, Z3, Z4M"},"geometry":{"type":"LineString","coordinates":[[21.118697,52.278459],[21.121084,52.278736]]}},{"type":"Feature","properties":{"mode":"bus","n":5,"arr":["251","710","L14","L15","N50"],"lines":"251, 710, L14, L15, N50"},"geometry":{"type":"LineString","coordinates":[[21.136253,52.094944],[21.135791,52.09493],[21.135231,52.094862],[21.132985,52.094421],[21.132561,52.094313],[21.131416,52.093884],[21.123893,52.091411],[21.123517,52.091228],[21.122524,52.090654],[21.122404,52.090613],[21.122245,52.090462]]}},{"type":"Feature","properties":{"mode":"bus","n":5,"arr":["251","710","L21","L55","N50"],"lines":"251, 710, L21, L55, N50"},"geometry":{"type":"LineString","coordinates":[[21.117756,52.093894],[21.117898,52.094008],[21.118396,52.094184],[21.120727,52.094645],[21.120998,52.094717],[21.121357,52.094867],[21.121803,52.095166],[21.124016,52.09723],[21.124459,52.0977],[21.124921,52.098285],[21.125165,52.098627],[21.125398,52.099101],[21.125486,52.099419],[21.125519,52.099836],[21.125361,52.101155],[21.12539,52.101321],[21.125483,52.101425]]}},{"type":"Feature","properties":{"mode":"bus","n":6,"arr":["251","710","742","L14","L16","N50"],"lines":"251, 710, 742, L14, L16, N50"},"geometry":{"type":"LineString","coordinates":[[21.117717,52.094046],[21.117625,52.094264],[21.117502,52.094425]]}},{"type":"Feature","properties":{"mode":"bus","n":6,"arr":["251","710","742","L14","L16","N50"],"lines":"251, 710, 742, L14, L16, N50"},"geometry":{"type":"LineString","coordinates":[[21.114834,52.101312],[21.114802,52.101795],[21.114477,52.102668]]}},{"type":"Feature","properties":{"mode":"bus","n":6,"arr":["251","710","742","L14","L16","N50"],"lines":"251, 710, 742, L14, L16, N50"},"geometry":{"type":"LineString","coordinates":[[21.11431,52.102722],[21.11466,52.101746],[21.117502,52.094425],[21.117554,52.094109],[21.11747,52.093989]]}},{"type":"Feature","properties":{"mode":"bus","n":7,"arr":["300","331","504","709","727","739","N83"],"lines":"300, 331, 504, 709, 727, 739, N83"},"geometry":{"type":"LineString","coordinates":[[21.017106,52.165791],[21.017082,52.165416],[21.0171,52.164409]]}},{"type":"Feature","properties":{"mode":"bus","n":5,"arr":["331","709","727","739","N83"],"lines":"331, 709, 727, 739, N83"},"geometry":{"type":"LineString","coordinates":[[21.017828,52.165703],[21.017716,52.164382],[21.017738,52.164043],[21.017626,52.162633],[21.017584,52.162525]]}},{"type":"Feature","properties":{"mode":"bus","n":6,"arr":["300","331","709","727","739","N83"],"lines":"300, 331, 709, 727, 739, N83"},"geometry":{"type":"LineString","coordinates":[[21.0179,52.166143],[21.017828,52.165703]]}},{"type":"Feature","properties":{"mode":"bus","n":6,"arr":["300","331","709","727","739","N83"],"lines":"300, 331, 709, 727, 739, N83"},"geometry":{"type":"LineString","coordinates":[[21.01992,52.173296],[21.018784,52.170224],[21.018375,52.169489],[21.018114,52.169095],[21.017516,52.16774],[21.017329,52.166967],[21.017106,52.165791]]}},{"type":"Feature","properties":{"mode":"bus","n":5,"arr":["300","331","709","727","739"],"lines":"300, 331, 709, 727, 739"},"geometry":{"type":"LineString","coordinates":[[21.021946,52.179696],[21.021654,52.179763],[21.021474,52.179758],[21.0213,52.179684],[21.021214,52.179546]]}},{"type":"Feature","properties":{"mode":"bus","n":6,"arr":["305","502","704","720","722","730"],"lines":"305, 502, 704, 720, 722, 730"},"geometry":{"type":"LineString","coordinates":[[21.161422,52.225837],[21.161797,52.225838],[21.174287,52.225394]]}},{"type":"Feature","properties":{"mode":"bus","n":5,"arr":["326","705","735","736","N14"],"lines":"326, 705, 735, 736, N14"},"geometry":{"type":"LineString","coordinates":[[21.029205,52.32806],[21.029641,52.328633],[21.029959,52.328934],[21.030407,52.329472],[21.030606,52.3298],[21.030673,52.330012],[21.030676,52.330231],[21.03059,52.330695],[21.029711,52.3341],[21.028722,52.340075],[21.028465,52.342471],[21.028412,52.34459],[21.02844,52.34491],[21.028927,52.348507],[21.029178,52.350039],[21.029356,52.351621],[21.029304,52.351974],[21.029195,52.352296],[21.028315,52.354012],[21.028244,52.354304],[21.028244,52.354579],[21.02841,52.355383],[21.028373,52.355479],[21.028401,52.355642],[21.02847,52.355734]]}},{"type":"Feature","properties":{"mode":"bus","n":5,"arr":["326","705","735","736","N64"],"lines":"326, 705, 735, 736, N64"},"geometry":{"type":"LineString","coordinates":[[21.001375,52.31339],[21.001019,52.313331],[21.000814,52.313273]]}},{"type":"Feature","properties":{"mode":"bus","n":6,"arr":["331","504","709","727","739","N83"],"lines":"331, 504, 709, 727, 739, N83"},"geometry":{"type":"LineString","coordinates":[[21.017584,52.162525],[21.017557,52.161507],[21.01768,52.15689],[21.017821,52.15526]]}},{"type":"Feature","properties":{"mode":"bus","n":6,"arr":["331","504","709","727","739","N83"],"lines":"331, 504, 709, 727, 739, N83"},"geometry":{"type":"LineString","coordinates":[[21.0171,52.164409],[21.017165,52.161865],[21.01724,52.161498],[21.017326,52.157131],[21.01743,52.155497],[21.017455,52.15378]]}},{"type":"Feature","properties":{"mode":"bus","n":7,"arr":["402","411","514","520","N02","N22","N25"],"lines":"402, 411, 514, 520, N02, N22, N25"},"geometry":{"type":"LineString","coordinates":[[21.126177,52.232691],[21.126328,52.232812],[21.126759,52.233303],[21.127004,52.233399]]}},{"type":"Feature","properties":{"mode":"bus","n":7,"arr":["411","502","514","520","525","N02","N25"],"lines":"411, 502, 514, 520, 525, N02, N25"},"geometry":{"type":"LineString","coordinates":[[21.113278,52.232919],[21.116226,52.23262],[21.118852,52.232548]]}},{"type":"Feature","properties":{"mode":"bus","n":5,"arr":["411","514","520","N02","N25"],"lines":"411, 514, 520, N02, N25"},"geometry":{"type":"LineString","coordinates":[[21.118852,52.232548],[21.119455,52.232499],[21.121845,52.23244],[21.124907,52.232434],[21.125304,52.232453],[21.125545,52.232489],[21.125929,52.232592],[21.126177,52.232691]]}},{"type":"Feature","properties":{"mode":"bus","n":6,"arr":["411","514","520","525","N02","N25"],"lines":"411, 514, 520, 525, N02, N25"},"geometry":{"type":"LineString","coordinates":[[21.122782,52.232906],[21.121411,52.232757],[21.120801,52.232713],[21.119888,52.232679],[21.118176,52.232699]]}},{"type":"Feature","properties":{"mode":"bus","n":5,"arr":["514","520","525","N02","N25"],"lines":"514, 520, 525, N02, N25"},"geometry":{"type":"LineString","coordinates":[[21.118176,52.232699],[21.116571,52.232745],[21.115651,52.232832],[21.113207,52.233124]]}},{"type":"Feature","properties":{"mode":"bus","n":5,"arr":["502","704","720","722","730"],"lines":"502, 704, 720, 722, 730"},"geometry":{"type":"LineString","coordinates":[[21.174287,52.225394],[21.215769,52.223942],[21.219641,52.223837],[21.222786,52.223707],[21.226061,52.223612],[21.22914,52.223463],[21.243121,52.222946]]}},{"type":"Feature","properties":{"mode":"bus","n":5,"arr":["504","N42","N43","N45","N95"],"lines":"504, N42, N43, N45, N95"},"geometry":{"type":"LineString","coordinates":[[21.004398,52.229425],[21.003926,52.229335]]}},{"type":"Feature","properties":{"mode":"bus","n":6,"arr":["509","N11","N16","N21","N61","N71"],"lines":"509, N11, N16, N21, N61, N71"},"geometry":{"type":"LineString","coordinates":[[21.034947,52.254846],[21.034248,52.254672],[21.032411,52.253833]]}},{"type":"Feature","properties":{"mode":"bus","n":6,"arr":["511","723","731","L49","L-7","N63"],"lines":"511, 723, 731, L49, L-7, N63"},"geometry":{"type":"LineString","coordinates":[[20.952994,52.342403],[20.95235,52.34299],[20.951651,52.343735]]}},{"type":"Feature","properties":{"mode":"bus","n":6,"arr":["511","723","731","L49","L-7","N63"],"lines":"511, 723, 731, L49, L-7, N63"},"geometry":{"type":"LineString","coordinates":[[20.951235,52.34382],[20.952121,52.34283],[20.952712,52.342322]]}},{"type":"Feature","properties":{"mode":"bus","n":7,"arr":["511","723","731","900","L49","L-7","N63"],"lines":"511, 723, 731, 900, L49, L-7, N63"},"geometry":{"type":"LineString","coordinates":[[20.951651,52.343735],[20.950165,52.345522],[20.949138,52.346843],[20.946523,52.349793]]}},{"type":"Feature","properties":{"mode":"bus","n":7,"arr":["511","723","731","900","L49","L-7","N63"],"lines":"511, 723, 731, 900, L49, L-7, N63"},"geometry":{"type":"LineString","coordinates":[[20.94606,52.34995],[20.951235,52.34382]]}},{"type":"Feature","properties":{"mode":"bus","n":6,"arr":["520","525","N25","N31","N37","N81"],"lines":"520, 525, N25, N31, N37, N81"},"geometry":{"type":"LineString","coordinates":[[21.016028,52.223193],[21.015793,52.223351],[21.015643,52.223512],[21.014855,52.224881],[21.012688,52.22847],[21.012342,52.22917],[21.012258,52.229694]]}},{"type":"Feature","properties":{"mode":"bus","n":6,"arr":["520","525","N25","N31","N37","N81"],"lines":"520, 525, N25, N31, N37, N81"},"geometry":{"type":"LineString","coordinates":[[21.015521,52.223072],[21.015481,52.223281],[21.012274,52.228676],[21.011948,52.229154],[21.011737,52.229362],[21.011508,52.229527]]}},{"type":"Feature","properties":{"mode":"bus","n":14,"arr":["520","525","N21","N22","N24","N25","N31","N34","N36","N71","N72","N81","N86","N95"],"lines":"520, 525, N21, N22, N24, N25, N31, N34, N36, N71, N72, N81, N86, N95"},"geometry":{"type":"LineString","coordinates":[[21.002054,52.22899],[21.002147,52.229037],[21.002802,52.229177]]}},{"type":"Feature","properties":{"mode":"bus","n":13,"arr":["520","525","N21","N22","N24","N25","N34","N36","N37","N71","N72","N86","N95"],"lines":"520, 525, N21, N22, N24, N25, N34, N36, N37, N71, N72, N86, N95"},"geometry":{"type":"LineString","coordinates":[[21.002802,52.229177],[21.003583,52.229342]]}},{"type":"Feature","properties":{"mode":"bus","n":12,"arr":["520","525","N21","N22","N24","N25","N34","N36","N37","N71","N72","N86"],"lines":"520, 525, N21, N22, N24, N25, N34, N36, N37, N71, N72, N86"},"geometry":{"type":"LineString","coordinates":[[21.004231,52.229441],[21.004066,52.229438],[21.003862,52.229402]]}},{"type":"Feature","properties":{"mode":"bus","n":5,"arr":["60","63","703","711","733"],"lines":"60, 63, 703, 711, 733"},"geometry":{"type":"LineString","coordinates":[[20.831556,52.104186],[20.826587,52.102169],[20.821579,52.100182],[20.816457,52.098117],[20.815564,52.097697],[20.814986,52.097369],[20.814434,52.097008],[20.813699,52.096444]]}},{"type":"Feature","properties":{"mode":"bus","n":6,"arr":["61","63","83","703","711","733"],"lines":"61, 63, 83, 703, 711, 733"},"geometry":{"type":"LineString","coordinates":[[20.884545,52.128766],[20.887381,52.130462],[20.890297,52.132153]]}},{"type":"Feature","properties":{"mode":"bus","n":5,"arr":["61","63","83","703","711"],"lines":"61, 63, 83, 703, 711"},"geometry":{"type":"LineString","coordinates":[[20.890297,52.132153],[20.891563,52.132729],[20.891982,52.132943],[20.892646,52.133332]]}},{"type":"Feature","properties":{"mode":"bus","n":5,"arr":["61","63","83","703","711"],"lines":"61, 63, 83, 703, 711"},"geometry":{"type":"LineString","coordinates":[[20.892402,52.133744],[20.891146,52.132989],[20.890127,52.13223],[20.889396,52.1318]]}},{"type":"Feature","properties":{"mode":"bus","n":8,"arr":["62","63","83","703","706","711","L-1","N88"],"lines":"62, 63, 83, 703, 706, 711, L-1, N88"},"geometry":{"type":"LineString","coordinates":[[20.89574,52.135345],[20.894212,52.134255],[20.893396,52.133788]]}},{"type":"Feature","properties":{"mode":"bus","n":9,"arr":["62","63","83","703","706","711","733","L-1","N88"],"lines":"62, 63, 83, 703, 706, 711, 733, L-1, N88"},"geometry":{"type":"LineString","coordinates":[[20.900141,52.137519],[20.899912,52.137407],[20.898918,52.137098],[20.898384,52.136866],[20.89574,52.135345]]}},{"type":"Feature","properties":{"mode":"bus","n":12,"arr":["62","63","83","703","706","707","711","721","728","733","L-1","N88"],"lines":"62, 63, 83, 703, 706, 707, 711, 721, 728, 733, L-1, N88"},"geometry":{"type":"LineString","coordinates":[[20.900639,52.138255],[20.900375,52.137984],[20.900141,52.137519]]}},{"type":"Feature","properties":{"mode":"bus","n":9,"arr":["62","63","83","703","707","711","721","728","733"],"lines":"62, 63, 83, 703, 707, 711, 721, 728, 733"},"geometry":{"type":"LineString","coordinates":[[20.908308,52.144009],[20.907281,52.143254],[20.905516,52.141882],[20.900639,52.138255]]}},{"type":"Feature","properties":{"mode":"bus","n":11,"arr":["62","63","83","703","706","707","711","721","728","733","N88"],"lines":"62, 63, 83, 703, 706, 707, 711, 721, 728, 733, N88"},"geometry":{"type":"LineString","coordinates":[[20.920202,52.153777],[20.916884,52.150611],[20.916414,52.150198],[20.915358,52.149365],[20.908308,52.144009]]}},{"type":"Feature","properties":{"mode":"bus","n":12,"arr":["62","63","83","703","706","707","711","715","721","728","733","N88"],"lines":"62, 63, 83, 703, 706, 707, 711, 715, 721, 728, 733, N88"},"geometry":{"type":"LineString","coordinates":[[20.930183,52.163313],[20.92885,52.162096],[20.923848,52.157322],[20.920202,52.153777]]}},{"type":"Feature","properties":{"mode":"bus","n":11,"arr":["62","63","83","703","706","707","711","715","721","728","N88"],"lines":"62, 63, 83, 703, 706, 707, 711, 715, 721, 728, N88"},"geometry":{"type":"LineString","coordinates":[[20.930032,52.163379],[20.927245,52.160718],[20.925796,52.159377],[20.92469,52.158279],[20.923522,52.157201],[20.923023,52.156687],[20.919983,52.153801]]}},{"type":"Feature","properties":{"mode":"bus","n":10,"arr":["62","63","83","703","706","707","711","721","728","N88"],"lines":"62, 63, 83, 703, 706, 707, 711, 721, 728, N88"},"geometry":{"type":"LineString","coordinates":[[20.919983,52.153801],[20.916717,52.150656],[20.916313,52.150302],[20.911235,52.146441],[20.908066,52.144071]]}},{"type":"Feature","properties":{"mode":"bus","n":11,"arr":["62","63","83","703","706","707","711","721","728","L-1","N88"],"lines":"62, 63, 83, 703, 706, 707, 711, 721, 728, L-1, N88"},"geometry":{"type":"LineString","coordinates":[[20.908066,52.144071],[20.905284,52.141925],[20.901837,52.139344],[20.900436,52.138258]]}},{"type":"Feature","properties":{"mode":"bus","n":5,"arr":["63","83","703","711","L-1"],"lines":"63, 83, 703, 711, L-1"},"geometry":{"type":"LineString","coordinates":[[20.900436,52.138258],[20.899766,52.137717],[20.899355,52.137435]]}},{"type":"Feature","properties":{"mode":"bus","n":5,"arr":["63","83","703","711","L-1"],"lines":"63, 83, 703, 711, L-1"},"geometry":{"type":"LineString","coordinates":[[20.898341,52.137004],[20.898089,52.136876]]}},{"type":"Feature","properties":{"mode":"bus","n":5,"arr":["704","720","722","730","N21"],"lines":"704, 720, 722, 730, N21"},"geometry":{"type":"LineString","coordinates":[[21.243244,52.223065],[21.229324,52.223553],[21.223097,52.223806]]}},{"type":"Feature","properties":{"mode":"bus","n":5,"arr":["61","62","706","L-1","N88"],"lines":"61, 62, 706, L-1, N88"},"geometry":{"type":"LineString","coordinates":[[20.894568,52.132596],[20.893941,52.13265],[20.893636,52.132724],[20.893538,52.132788],[20.893266,52.133134]]}},{"type":"Feature","properties":{"mode":"bus","n":6,"arr":["62","706","707","721","728","N88"],"lines":"62, 706, 707, 721, 728, N88"},"geometry":{"type":"LineString","coordinates":[[20.900436,52.138258],[20.900087,52.137822],[20.899079,52.135336]]}},{"type":"Feature","properties":{"mode":"bus","n":5,"arr":["706","707","721","728","N88"],"lines":"706, 707, 721, 728, N88"},"geometry":{"type":"LineString","coordinates":[[20.899079,52.135336],[20.897859,52.132171]]}},{"type":"Feature","properties":{"mode":"bus","n":5,"arr":["707","709","727","L39","L-3"],"lines":"707, 709, 727, L39, L-3"},"geometry":{"type":"LineString","coordinates":[[21.021424,52.080855],[21.021377,52.080616],[21.021601,52.079631],[21.021588,52.079428],[21.021644,52.07917]]}},{"type":"Feature","properties":{"mode":"bus","n":10,"arr":["707","709","710","L23","L24","L25","L54","L55","L-3","N83"],"lines":"707, 709, 710, L23, L24, L25, L54, L55, L-3, N83"},"geometry":{"type":"LineString","coordinates":[[21.022442,52.074998],[21.018062,52.074626],[21.015285,52.074427]]}},{"type":"Feature","properties":{"mode":"bus","n":10,"arr":["709","L23","L24","L25","L39","L54","L55","L-1","L-3","N83"],"lines":"709, L23, L24, L25, L39, L54, L55, L-1, L-3, N83"},"geometry":{"type":"LineString","coordinates":[[21.017986,52.066961],[21.017827,52.066957]]}},{"type":"Feature","properties":{"mode":"bus","n":10,"arr":["709","L23","L24","L25","L39","L54","L55","L-1","L-3","N83"],"lines":"709, L23, L24, L25, L39, L54, L55, L-1, L-3, N83"},"geometry":{"type":"LineString","coordinates":[[21.015285,52.074427],[21.015977,52.072069],[21.017156,52.067617]]}},{"type":"Feature","properties":{"mode":"bus","n":9,"arr":["709","L23","L24","L25","L39","L54","L55","L-1","N83"],"lines":"709, L23, L24, L25, L39, L54, L55, L-1, N83"},"geometry":{"type":"LineString","coordinates":[[21.017156,52.067617],[21.017222,52.067533],[21.017716,52.067194],[21.017986,52.066961]]}},{"type":"Feature","properties":{"mode":"bus","n":7,"arr":["709","727","739","L33","L39","L89","N83"],"lines":"709, 727, 739, L33, L39, L89, N83"},"geometry":{"type":"LineString","coordinates":[[21.018955,52.098262],[21.018873,52.101409],[21.018729,52.103727],[21.018703,52.105946]]}},{"type":"Feature","properties":{"mode":"bus","n":7,"arr":["709","727","739","L33","L39","L89","N83"],"lines":"709, 727, 739, L33, L39, L89, N83"},"geometry":{"type":"LineString","coordinates":[[21.018452,52.105981],[21.018519,52.103731],[21.018606,52.102416],[21.018737,52.097782]]}},{"type":"Feature","properties":{"mode":"bus","n":5,"arr":["709","727","739","L33","N83"],"lines":"709, 727, 739, L33, N83"},"geometry":{"type":"LineString","coordinates":[[21.018703,52.105946],[21.018602,52.111205]]}},{"type":"Feature","properties":{"mode":"bus","n":5,"arr":["709","727","739","L33","N83"],"lines":"709, 727, 739, L33, N83"},"geometry":{"type":"LineString","coordinates":[[21.018376,52.111178],[21.018447,52.10817],[21.018452,52.105981]]}},{"type":"Feature","properties":{"mode":"bus","n":7,"arr":["709","715","727","737","739","L33","N83"],"lines":"709, 715, 727, 737, 739, L33, N83"},"geometry":{"type":"LineString","coordinates":[[21.018602,52.111205],[21.018598,52.111287]]}},{"type":"Feature","properties":{"mode":"bus","n":6,"arr":["709","715","727","737","739","N83"],"lines":"709, 715, 727, 737, 739, N83"},"geometry":{"type":"LineString","coordinates":[[21.018598,52.111287],[21.018359,52.121077]]}},{"type":"Feature","properties":{"mode":"bus","n":6,"arr":["709","715","727","737","739","N83"],"lines":"709, 715, 727, 737, 739, N83"},"geometry":{"type":"LineString","coordinates":[[21.018131,52.121265],[21.018366,52.111281]]}},{"type":"Feature","properties":{"mode":"bus","n":5,"arr":["709","727","739","N83","N86"],"lines":"709, 727, 739, N83, N86"},"geometry":{"type":"LineString","coordinates":[[21.017799,52.15271],[21.017795,52.151327],[21.017749,52.150711],[21.017731,52.147467],[21.017799,52.145778],[21.017821,52.143642]]}},{"type":"Feature","properties":{"mode":"bus","n":5,"arr":["709","727","739","N83","N86"],"lines":"709, 727, 739, N83, N86"},"geometry":{"type":"LineString","coordinates":[[21.017425,52.152792],[21.017566,52.145361],[21.017631,52.143612]]}},{"type":"Feature","properties":{"mode":"bus","n":17,"arr":["709","727","L12","L13","L17","L18","L19","L23","L24","L25","L32","L52","L53","L54","L-2","L-5","N83"],"lines":"709, 727, L12, L13, L17, L18, L19, L23, L24, L25, L32, L52, L53, L54, L-2, L-5, N83"},"geometry":{"type":"LineString","coordinates":[[21.025688,52.077637],[21.026956,52.075655]]}},{"type":"Feature","properties":{"mode":"bus","n":18,"arr":["709","710","L12","L13","L17","L18","L19","L23","L24","L25","L32","L39","L52","L54","L55","L-2","L-5","N83"],"lines":"709, 710, L12, L13, L17, L18, L19, L23, L24, L25, L32, L39, L52, L54, L55, L-2, L-5, N83"},"geometry":{"type":"LineString","coordinates":[[21.026956,52.075655],[21.023899,52.075153],[21.023226,52.07506],[21.022442,52.074998]]}},{"type":"Feature","properties":{"mode":"bus","n":8,"arr":["709","L23","L24","L25","L39","L54","L55","N83"],"lines":"709, L23, L24, L25, L39, L54, L55, N83"},"geometry":{"type":"LineString","coordinates":[[21.017222,52.067533],[21.017253,52.067444]]}},{"type":"Feature","properties":{"mode":"bus","n":18,"arr":["710","L12","L13","L17","L18","L19","L23","L24","L25","L32","L39","L52","L53","L54","L55","L-2","L-5","N83"],"lines":"710, L12, L13, L17, L18, L19, L23, L24, L25, L32, L39, L52, L53, L54, L55, L-2, L-5, N83"},"geometry":{"type":"LineString","coordinates":[[21.026956,52.075655],[21.029252,52.076014]]}},{"type":"Feature","properties":{"mode":"bus","n":5,"arr":["710","L39","L53","L55","N83"],"lines":"710, L39, L53, L55, N83"},"geometry":{"type":"LineString","coordinates":[[21.029252,52.076014],[21.030416,52.076189],[21.031393,52.076299],[21.035548,52.076472]]}},{"type":"Feature","properties":{"mode":"bus","n":5,"arr":["17","29","60","65","711"],"lines":"17, 29, 60, 65, 711"},"geometry":{"type":"LineString","coordinates":[[20.800103,52.091186],[20.800179,52.090876],[20.800127,52.090787]]}},{"type":"Feature","properties":{"mode":"bus","n":6,"arr":["17","29","60","65","711","733"],"lines":"17, 29, 60, 65, 711, 733"},"geometry":{"type":"LineString","coordinates":[[20.800127,52.090787],[20.800048,52.090756],[20.799738,52.090725]]}},{"type":"Feature","properties":{"mode":"bus","n":7,"arr":["96","97","98","712","714","719","729"],"lines":"96, 97, 98, 712, 714, 719, 729"},"geometry":{"type":"LineString","coordinates":[[20.841853,52.250761],[20.843891,52.250582],[20.844731,52.250472],[20.845081,52.250383]]}},{"type":"Feature","properties":{"mode":"bus","n":6,"arr":["96","97","98","714","719","729"],"lines":"96, 97, 98, 714, 719, 729"},"geometry":{"type":"LineString","coordinates":[[20.841182,52.250803],[20.841853,52.250761]]}},{"type":"Feature","properties":{"mode":"bus","n":5,"arr":["715","737","N01","N03","N37"],"lines":"715, 737, N01, N03, N37"},"geometry":{"type":"LineString","coordinates":[[21.027343,52.161882],[21.027291,52.161973]]}},{"type":"Feature","properties":{"mode":"bus","n":5,"arr":["41","42","43","44","92"],"lines":"41, 42, 43, 44, 92"},"geometry":{"type":"LineString","coordinates":[[20.586378,52.257579],[20.586246,52.257569]]}},{"type":"Feature","properties":{"mode":"bus","n":5,"arr":["41","42","43","44","92"],"lines":"41, 42, 43, 44, 92"},"geometry":{"type":"LineString","coordinates":[[20.585876,52.257777],[20.579697,52.257519]]}},{"type":"Feature","properties":{"mode":"bus","n":5,"arr":["41","42","43","92","719"],"lines":"41, 42, 43, 92, 719"},"geometry":{"type":"LineString","coordinates":[[20.586424,52.257587],[20.586378,52.257579]]}},{"type":"Feature","properties":{"mode":"bus","n":6,"arr":["41","42","43","92","93","719"],"lines":"41, 42, 43, 92, 93, 719"},"geometry":{"type":"LineString","coordinates":[[20.587401,52.257839],[20.58663,52.257807],[20.586597,52.257802],[20.586576,52.257789],[20.586567,52.257769],[20.586558,52.257683],[20.586515,52.257628],[20.586424,52.257587]]}},{"type":"Feature","properties":{"mode":"bus","n":5,"arr":["96","97","98","719","729"],"lines":"96, 97, 98, 719, 729"},"geometry":{"type":"LineString","coordinates":[[20.841182,52.250803],[20.841241,52.250624],[20.840885,52.249172],[20.840772,52.248795],[20.840581,52.248381],[20.840385,52.247822]]}},{"type":"Feature","properties":{"mode":"bus","n":6,"arr":["41","42","43","44","92","719"],"lines":"41, 42, 43, 44, 92, 719"},"geometry":{"type":"LineString","coordinates":[[20.586246,52.257569],[20.586071,52.257574],[20.585976,52.257602],[20.585902,52.257667],[20.585876,52.257777]]}},{"type":"Feature","properties":{"mode":"bus","n":6,"arr":["723","731","L10","L34","L41","N63"],"lines":"723, 731, L10, L34, L41, N63"},"geometry":{"type":"LineString","coordinates":[[20.930036,52.394977],[20.929775,52.394755],[20.929708,52.394667],[20.929662,52.394493]]}},{"type":"Feature","properties":{"mode":"bus","n":6,"arr":["723","731","L10","L34","L41","N63"],"lines":"723, 731, L10, L34, L41, N63"},"geometry":{"type":"LineString","coordinates":[[20.924668,52.39179],[20.924493,52.391742],[20.92384,52.391415]]}},{"type":"Feature","properties":{"mode":"bus","n":6,"arr":["723","731","L10","L34","L41","N63"],"lines":"723, 731, L10, L34, L41, N63"},"geometry":{"type":"LineString","coordinates":[[20.92393,52.391347],[20.924377,52.391566],[20.924573,52.39169],[20.924668,52.39179],[20.92648,52.39273],[20.927052,52.392922],[20.928541,52.393227],[20.928813,52.393351],[20.928981,52.393462],[20.92914,52.393631],[20.929662,52.394493],[20.930137,52.394925]]}},{"type":"Feature","properties":{"mode":"bus","n":6,"arr":["723","731","L10","L34","L41","N63"],"lines":"723, 731, L10, L34, L41, N63"},"geometry":{"type":"LineString","coordinates":[[20.923739,52.391366],[20.923828,52.391299]]}},{"type":"Feature","properties":{"mode":"bus","n":5,"arr":["723","L41","L49","L-7","N63"],"lines":"723, L41, L49, L-7, N63"},"geometry":{"type":"LineString","coordinates":[[20.918659,52.377289],[20.917673,52.377599],[20.916829,52.377939]]}},{"type":"Feature","properties":{"mode":"bus","n":5,"arr":["723","L41","L49","L-7","N63"],"lines":"723, L41, L49, L-7, N63"},"geometry":{"type":"LineString","coordinates":[[20.917024,52.377956],[20.918659,52.377289],[20.923851,52.375683],[20.924406,52.375465],[20.92481,52.375187]]}},{"type":"Feature","properties":{"mode":"bus","n":5,"arr":["723","731","L49","L-7","N63"],"lines":"723, 731, L49, L-7, N63"},"geometry":{"type":"LineString","coordinates":[[20.941155,52.355838],[20.945192,52.351006]]}},{"type":"Feature","properties":{"mode":"bus","n":5,"arr":["723","731","L49","L-7","N63"],"lines":"723, 731, L49, L-7, N63"},"geometry":{"type":"LineString","coordinates":[[20.946523,52.349793],[20.946199,52.350184]]}},{"type":"Feature","properties":{"mode":"bus","n":9,"arr":["727","L12","L13","L17","L18","L19","L52","L-2","L-5"],"lines":"727, L12, L13, L17, L18, L19, L52, L-2, L-5"},"geometry":{"type":"LineString","coordinates":[[21.016357,52.063431],[21.01609,52.063271],[21.014503,52.062458],[21.01319,52.061703],[21.010903,52.060332]]}},{"type":"Feature","properties":{"mode":"bus","n":12,"arr":["727","L12","L13","L17","L18","L19","L23","L24","L25","L39","L-2","L-5"],"lines":"727, L12, L13, L17, L18, L19, L23, L24, L25, L39, L-2, L-5"},"geometry":{"type":"LineString","coordinates":[[21.026589,52.070045],[21.02644,52.070026],[21.02631,52.069963],[21.025519,52.069461],[21.024386,52.068669]]}},{"type":"Feature","properties":{"mode":"bus","n":15,"arr":["727","L12","L13","L17","L18","L19","L23","L24","L25","L32","L52","L53","L54","L-2","L-5"],"lines":"727, L12, L13, L17, L18, L19, L23, L24, L25, L32, L52, L53, L54, L-2, L-5"},"geometry":{"type":"LineString","coordinates":[[21.027365,52.077836],[21.027653,52.077097],[21.028027,52.075698],[21.028196,52.074912],[21.028316,52.073888]]}},{"type":"Feature","properties":{"mode":"bus","n":8,"arr":["727","L12","L13","L17","L18","L19","L-2","L-5"],"lines":"727, L12, L13, L17, L18, L19, L-2, L-5"},"geometry":{"type":"LineString","coordinates":[[21.026956,52.075655],[21.027448,52.074951],[21.027469,52.074766],[21.026813,52.07014],[21.026695,52.070064],[21.026589,52.070045]]}},{"type":"Feature","properties":{"mode":"bus","n":8,"arr":["727","L12","L13","L17","L18","L19","L-2","L-5"],"lines":"727, L12, L13, L17, L18, L19, L-2, L-5"},"geometry":{"type":"LineString","coordinates":[[21.024193,52.06856],[21.024319,52.068658],[21.024386,52.068669]]}},{"type":"Feature","properties":{"mode":"bus","n":5,"arr":["731","736","L11","L-8","L-9"],"lines":"731, 736, L11, L-8, L-9"},"geometry":{"type":"LineString","coordinates":[[20.949975,52.404615],[20.93858,52.395611]]}},{"type":"Feature","properties":{"mode":"bus","n":5,"arr":["731","736","L11","L-8","L-9"],"lines":"731, 736, L11, L-8, L-9"},"geometry":{"type":"LineString","coordinates":[[20.938458,52.395383],[20.949965,52.404438]]}},{"type":"Feature","properties":{"mode":"bus","n":6,"arr":["738","R1","R4","R5","R8","R9"],"lines":"738, R1, R4, R5, R8, R9"},"geometry":{"type":"LineString","coordinates":[[21.187872,52.414693],[21.188525,52.414422],[21.188834,52.414251],[21.188881,52.414235],[21.188935,52.414235],[21.189213,52.414272],[21.191652,52.414196]]}},{"type":"Feature","properties":{"mode":"bus","n":10,"arr":["738","R1","R2","R3","R4","R5","R7","R8","R9","R31"],"lines":"738, R1, R2, R3, R4, R5, R7, R8, R9, R31"},"geometry":{"type":"LineString","coordinates":[[21.187719,52.414755],[21.187872,52.414693]]}},{"type":"Feature","properties":{"mode":"bus","n":11,"arr":["738","N61","R1","R2","R3","R4","R5","R7","R8","R9","R31"],"lines":"738, N61, R1, R2, R3, R4, R5, R7, R8, R9, R31"},"geometry":{"type":"LineString","coordinates":[[21.186963,52.415043],[21.187719,52.414755]]}},{"type":"Feature","properties":{"mode":"bus","n":5,"arr":["738","N61","R7","R9","R38"],"lines":"738, N61, R7, R9, R38"},"geometry":{"type":"LineString","coordinates":[[21.166367,52.397139],[21.171829,52.403682]]}},{"type":"Feature","properties":{"mode":"bus","n":5,"arr":["742","L15","L21","L25","L54"],"lines":"742, L15, L21, L25, L54"},"geometry":{"type":"LineString","coordinates":[[21.217127,51.981089],[21.216622,51.981102],[21.215956,51.981163],[21.215924,51.98117],[21.215906,51.981183],[21.215901,51.981204],[21.215947,51.981671],[21.215955,51.981691],[21.215976,51.981702],[21.216009,51.981705],[21.217421,51.981664]]}},{"type":"Feature","properties":{"mode":"bus","n":5,"arr":["60","62","65","817","N85"],"lines":"60, 62, 65, 817, N85"},"geometry":{"type":"LineString","coordinates":[[20.793281,52.153935],[20.792963,52.154145]]}},{"type":"Feature","properties":{"mode":"bus","n":5,"arr":["60","62","65","817","N85"],"lines":"60, 62, 65, 817, N85"},"geometry":{"type":"LineString","coordinates":[[20.793696,52.156828],[20.790766,52.15918],[20.790575,52.159365]]}},{"type":"Feature","properties":{"mode":"bus","n":5,"arr":["60","62","65","817","N85"],"lines":"60, 62, 65, 817, N85"},"geometry":{"type":"LineString","coordinates":[[20.790513,52.159679],[20.790568,52.1594],[20.790569,52.159389],[20.790567,52.159382],[20.790561,52.159381],[20.790552,52.159384],[20.79054,52.159393],[20.790475,52.159445],[20.790365,52.15966]]}},{"type":"Feature","properties":{"mode":"bus","n":5,"arr":["48","62","77","817","N85"],"lines":"48, 62, 77, 817, N85"},"geometry":{"type":"LineString","coordinates":[[20.810958,52.169411],[20.809887,52.168131],[20.809462,52.167527],[20.807853,52.165512]]}},{"type":"Feature","properties":{"mode":"bus","n":6,"arr":["48","62","77","78","817","N85"],"lines":"48, 62, 77, 78, 817, N85"},"geometry":{"type":"LineString","coordinates":[[20.807853,52.165512],[20.807509,52.16506]]}},{"type":"Feature","properties":{"mode":"bus","n":5,"arr":["48","77","78","817","N85"],"lines":"48, 77, 78, 817, N85"},"geometry":{"type":"LineString","coordinates":[[20.807509,52.16506],[20.805782,52.165667]]}},{"type":"Feature","properties":{"mode":"bus","n":5,"arr":["L10","L11","L34","L41","L-9"],"lines":"L10, L11, L34, L41, L-9"},"geometry":{"type":"LineString","coordinates":[[20.941464,52.400754],[20.941368,52.400826],[20.941354,52.400833],[20.941339,52.400834],[20.941324,52.400829],[20.941279,52.400807]]}},{"type":"Feature","properties":{"mode":"bus","n":5,"arr":["L10","L11","L34","L41","L-9"],"lines":"L10, L11, L34, L41, L-9"},"geometry":{"type":"LineString","coordinates":[[20.941646,52.400537],[20.941689,52.40056],[20.9417,52.400568],[20.941701,52.400577],[20.941692,52.400586],[20.94149,52.400735]]}},{"type":"Feature","properties":{"mode":"bus","n":14,"arr":["L12","L13","L17","L18","L19","L23","L24","L25","L32","L52","L53","L54","L-2","L-5"],"lines":"L12, L13, L17, L18, L19, L23, L24, L25, L32, L52, L53, L54, L-2, L-5"},"geometry":{"type":"LineString","coordinates":[[21.029252,52.076014],[21.029456,52.07486]]}},{"type":"Feature","properties":{"mode":"bus","n":14,"arr":["L12","L13","L17","L18","L19","L23","L24","L25","L32","L52","L53","L54","L-2","L-5"],"lines":"L12, L13, L17, L18, L19, L23, L24, L25, L32, L52, L53, L54, L-2, L-5"},"geometry":{"type":"LineString","coordinates":[[21.028316,52.073888],[21.029562,52.073938],[21.029588,52.073941],[21.029605,52.073948],[21.029614,52.07396],[21.029615,52.073976],[21.02946,52.074837]]}},{"type":"Feature","properties":{"mode":"bus","n":14,"arr":["L12","L13","L17","L18","L19","L23","L24","L25","L32","L52","L53","L54","L-2","L-5"],"lines":"L12, L13, L17, L18, L19, L23, L24, L25, L32, L52, L53, L54, L-2, L-5"},"geometry":{"type":"LineString","coordinates":[[21.025688,52.077637],[21.025841,52.077686],[21.027365,52.077836]]}},{"type":"Feature","properties":{"mode":"bus","n":9,"arr":["L12","L13","L17","L19","L23","L24","L52","L-2","L-5"],"lines":"L12, L13, L17, L19, L23, L24, L52, L-2, L-5"},"geometry":{"type":"LineString","coordinates":[[21.029456,52.07486],[21.02946,52.074837]]}},{"type":"Feature","properties":{"mode":"bus","n":5,"arr":["L14","L15","L16","L21","L55"],"lines":"L14, L15, L16, L21, L55"},"geometry":{"type":"LineString","coordinates":[[21.125846,52.102896],[21.125572,52.102617],[21.12529,52.102147],[21.125278,52.101988],[21.125483,52.101734],[21.125456,52.101583]]}},{"type":"Feature","properties":{"mode":"bus","n":8,"arr":["L23","L24","L25","L39","L54","L55","L-1","L-3"],"lines":"L23, L24, L25, L39, L54, L55, L-1, L-3"},"geometry":{"type":"LineString","coordinates":[[21.017253,52.067444],[21.017827,52.066957]]}},{"type":"Feature","properties":{"mode":"bus","n":6,"arr":["L23","L24","L25","L39","L54","L55"],"lines":"L23, L24, L25, L39, L54, L55"},"geometry":{"type":"LineString","coordinates":[[21.024294,52.068429],[21.024401,52.068294],[21.024394,52.068246],[21.024469,52.068115],[21.024675,52.067882],[21.025037,52.067633],[21.025416,52.067474],[21.025676,52.067396],[21.026012,52.067336],[21.02756,52.067319]]}},{"type":"Feature","properties":{"mode":"bus","n":6,"arr":["L23","L24","L25","L39","L54","L55"],"lines":"L23, L24, L25, L39, L54, L55"},"geometry":{"type":"LineString","coordinates":[[21.019072,52.066014],[21.019658,52.065779]]}},{"type":"Feature","properties":{"mode":"bus","n":8,"arr":["L27","L35","L36","L37","L38","L40","L44","R8"],"lines":"L27, L35, L36, L37, L38, L40, L44, R8"},"geometry":{"type":"LineString","coordinates":[[21.221713,52.345471],[21.22154,52.345571],[21.221511,52.345583],[21.221481,52.345583],[21.221451,52.345573],[21.22119,52.345444]]}},{"type":"Feature","properties":{"mode":"bus","n":7,"arr":["L31","R1","R2","R3","R4","R5","R31"],"lines":"L31, R1, R2, R3, R4, R5, R31"},"geometry":{"type":"LineString","coordinates":[[21.183673,52.41969],[21.18274,52.420077],[21.18254,52.420139]]}},{"type":"Feature","properties":{"mode":"bus","n":8,"arr":["L31","R1","R2","R3","R4","R5","R8","R31"],"lines":"L31, R1, R2, R3, R4, R5, R8, R31"},"geometry":{"type":"LineString","coordinates":[[21.183673,52.41969],[21.184463,52.419352],[21.18448,52.419342],[21.184486,52.419333],[21.184481,52.419323],[21.184465,52.419313],[21.184426,52.419293],[21.184386,52.419281],[21.18434,52.419281],[21.184252,52.419291],[21.18366,52.419547],[21.183618,52.419615],[21.183673,52.41969]]}},{"type":"Feature","properties":{"mode":"bus","n":7,"arr":["L35","L36","L37","L38","L40","L44","R8"],"lines":"L35, L36, L37, L38, L40, L44, R8"},"geometry":{"type":"LineString","coordinates":[[21.226975,52.347855],[21.221713,52.345471]]}},{"type":"Feature","properties":{"mode":"bus","n":5,"arr":["L35","L36","L37","L40","L44"],"lines":"L35, L36, L37, L40, L44"},"geometry":{"type":"LineString","coordinates":[[21.225478,52.347174],[21.228088,52.345032]]}},{"type":"Feature","properties":{"mode":"bus","n":5,"arr":["L35","L36","L37","L40","L44"],"lines":"L35, L36, L37, L40, L44"},"geometry":{"type":"LineString","coordinates":[[21.229426,52.345822],[21.229569,52.34578]]}},{"type":"Feature","properties":{"mode":"bus","n":6,"arr":["L35","L36","L37","L40","L44","N62"],"lines":"L35, L36, L37, L40, L44, N62"},"geometry":{"type":"LineString","coordinates":[[21.229207,52.345532],[21.229566,52.345616]]}},{"type":"Feature","properties":{"mode":"bus","n":6,"arr":["L35","L37","L40","L44","N62","R8"],"lines":"L35, L37, L40, L44, N62, R8"},"geometry":{"type":"LineString","coordinates":[[21.238808,52.346581],[21.239407,52.346824],[21.239896,52.346825],[21.239919,52.346822],[21.239934,52.346814],[21.239942,52.346801],[21.239953,52.346756],[21.240999,52.345855]]}},{"type":"Feature","properties":{"mode":"bus","n":6,"arr":["L35","L37","L40","L44","N62","R8"],"lines":"L35, L37, L40, L44, N62, R8"},"geometry":{"type":"LineString","coordinates":[[21.238808,52.346581],[21.238653,52.346302],[21.238635,52.346284],[21.238605,52.346274],[21.238537,52.346262],[21.238406,52.346295],[21.238363,52.346335],[21.238383,52.346424],[21.238502,52.346487],[21.238808,52.346581]]}},{"type":"Feature","properties":{"mode":"bus","n":6,"arr":["L35","L36","L37","L40","L44","R8"],"lines":"L35, L36, L37, L40, L44, R8"},"geometry":{"type":"LineString","coordinates":[[21.226975,52.347855],[21.229426,52.345822]]}},{"type":"Feature","properties":{"mode":"bus","n":5,"arr":["L36","L40","L44","N62","R8"],"lines":"L36, L40, L44, N62, R8"},"geometry":{"type":"LineString","coordinates":[[21.237724,52.349106],[21.236264,52.348717],[21.234019,52.347698]]}},{"type":"Feature","properties":{"mode":"bus","n":6,"arr":["L40","L44","L45","L46","Z1","Z3"],"lines":"L40, L44, L45, L46, Z1, Z3"},"geometry":{"type":"LineString","coordinates":[[21.085202,52.305072],[21.085102,52.305155]]}},{"type":"Feature","properties":{"mode":"bus","n":5,"arr":["N11","N16","N21","N61","N71"],"lines":"N11, N16, N21, N61, N71"},"geometry":{"type":"LineString","coordinates":[[21.032411,52.253833],[21.032153,52.253698],[21.030782,52.25311],[21.030506,52.25295]]}},{"type":"Feature","properties":{"mode":"bus","n":5,"arr":["N11","N41","N42","N61","WAK"],"lines":"N11, N41, N42, N61, WAK"},"geometry":{"type":"LineString","coordinates":[[21.00298,52.242595],[21.003692,52.242076],[21.00382,52.241955],[21.004019,52.241679],[21.004082,52.241414],[21.004056,52.24061],[21.004094,52.240222],[21.004187,52.239913],[21.004423,52.239512],[21.004707,52.239237],[21.004911,52.239101],[21.005136,52.238983],[21.005835,52.238698],[21.006384,52.238383],[21.006544,52.23824]]}},{"type":"Feature","properties":{"mode":"bus","n":6,"arr":["N11","N41","N42","N44","N61","WAK"],"lines":"N11, N41, N42, N44, N61, WAK"},"geometry":{"type":"LineString","coordinates":[[21.006544,52.23824],[21.006775,52.237904],[21.008388,52.235192]]}},{"type":"Feature","properties":{"mode":"bus","n":5,"arr":["N11","N41","N45","N61","WAK"],"lines":"N11, N41, N45, N61, WAK"},"geometry":{"type":"LineString","coordinates":[[21.002258,52.233893],[21.002356,52.233767],[21.003227,52.23223]]}},{"type":"Feature","properties":{"mode":"bus","n":10,"arr":["N11","N13","N16","N21","N41","N42","N61","N63","N71","N91"],"lines":"N11, N13, N16, N21, N41, N42, N61, N63, N71, N91"},"geometry":{"type":"LineString","coordinates":[[21.008643,52.235239],[21.007478,52.237192],[21.007391,52.237412],[21.006968,52.23812],[21.006868,52.238224],[21.006744,52.238298]]}},{"type":"Feature","properties":{"mode":"bus","n":5,"arr":["N12","N13","N46","N62","N63"],"lines":"N12, N13, N46, N62, N63"},"geometry":{"type":"LineString","coordinates":[[20.983266,52.253499],[20.984404,52.252198],[20.984812,52.251823],[20.985878,52.250619],[20.990166,52.245675],[20.990709,52.24503],[20.991,52.244633]]}},{"type":"Feature","properties":{"mode":"bus","n":5,"arr":["N12","N13","N46","N62","N63"],"lines":"N12, N13, N46, N62, N63"},"geometry":{"type":"LineString","coordinates":[[20.991334,52.24475],[20.99088,52.245179],[20.985139,52.251785],[20.984692,52.252429],[20.98314,52.254209],[20.983089,52.25432],[20.983102,52.254425]]}},{"type":"Feature","properties":{"mode":"bus","n":5,"arr":["N12","N21","N62","N71","WAK"],"lines":"N12, N21, N62, N71, WAK"},"geometry":{"type":"LineString","coordinates":[[20.997713,52.233245],[20.997724,52.23392],[20.997642,52.234382],[20.997007,52.235951]]}},{"type":"Feature","properties":{"mode":"bus","n":5,"arr":["N32","N35","N38","N85","N88"],"lines":"N32, N35, N38, N85, N88"},"geometry":{"type":"LineString","coordinates":[[21.005573,52.228632],[21.005668,52.228457]]}},{"type":"Feature","properties":{"mode":"bus","n":6,"arr":["N32","N35","N38","N42","N85","N88"],"lines":"N32, N35, N38, N42, N85, N88"},"geometry":{"type":"LineString","coordinates":[[21.008388,52.235192],[21.010835,52.231135],[21.011051,52.230699],[21.011203,52.230284],[21.011225,52.229966]]}},{"type":"Feature","properties":{"mode":"bus","n":7,"arr":["0","13","15","24","25","26","27"],"lines":"0, 13, 15, 24, 25, 26, 27"},"geometry":{"type":"LineString","coordinates":[[20.621456,52.110782],[20.621445,52.110813]]}},{"type":"Feature","properties":{"mode":"bus","n":7,"arr":["0","13","15","24","25","26","27"],"lines":"0, 13, 15, 24, 25, 26, 27"},"geometry":{"type":"LineString","coordinates":[[20.621452,52.115499],[20.622052,52.115358]]}},{"type":"Feature","properties":{"mode":"bus","n":9,"arr":["0","13","15","24","25","26","27","92","93"],"lines":"0, 13, 15, 24, 25, 26, 27, 92, 93"},"geometry":{"type":"LineString","coordinates":[[20.621445,52.110813],[20.620681,52.115492]]}},{"type":"Feature","properties":{"mode":"bus","n":6,"arr":["0","13","15","24","26","27"],"lines":"0, 13, 15, 24, 26, 27"},"geometry":{"type":"LineString","coordinates":[[20.620681,52.115492],[20.621452,52.115499]]}},{"type":"Feature","properties":{"mode":"bus","n":8,"arr":["0","13","15","18","24","25","26","27"],"lines":"0, 13, 15, 18, 24, 25, 26, 27"},"geometry":{"type":"LineString","coordinates":[[20.622052,52.115358],[20.624719,52.114726],[20.625326,52.114554],[20.625962,52.114313],[20.626345,52.114131],[20.626795,52.113872],[20.627223,52.113565],[20.627694,52.113119],[20.629454,52.111099],[20.630161,52.110139]]}},{"type":"Feature","properties":{"mode":"bus","n":8,"arr":["0","13","15","18","24","25","26","27"],"lines":"0, 13, 15, 18, 24, 25, 26, 27"},"geometry":{"type":"LineString","coordinates":[[20.630389,52.109935],[20.630242,52.110091],[20.630189,52.110122],[20.630179,52.110127],[20.630172,52.110129],[20.630168,52.110128],[20.630167,52.110123],[20.630169,52.110115],[20.630245,52.109884]]}},{"type":"Feature","properties":{"mode":"bus","n":13,"arr":["0","13","16","17","18","24","25","26","29","31","45","46","C1"],"lines":"0, 13, 16, 17, 18, 24, 25, 26, 29, 31, 45, 46, C1"},"geometry":{"type":"LineString","coordinates":[[20.624909,52.110286],[20.625676,52.110535],[20.625789,52.110555],[20.625851,52.110537],[20.627426,52.108816],[20.627442,52.108804],[20.62746,52.108798],[20.627481,52.108798],[20.627505,52.108804],[20.629749,52.109648],[20.629897,52.109737],[20.630238,52.109868]]}},{"type":"Feature","properties":{"mode":"bus","n":23,"arr":["0","13","16","17","18","21","22","23","24","25","26","28","29","30","31","32","33","34","45","46","63","82","C1"],"lines":"0, 13, 16, 17, 18, 21, 22, 23, 24, 25, 26, 28, 29, 30, 31, 32, 33, 34, 45, 46, 63, 82, C1"},"geometry":{"type":"LineString","coordinates":[[20.624997,52.107361],[20.624815,52.10789],[20.624802,52.107909],[20.624779,52.107918],[20.624745,52.107919],[20.622932,52.107727],[20.621954,52.107656],[20.620991,52.107711],[20.620958,52.107716],[20.620935,52.107729],[20.620922,52.107749],[20.620564,52.108939],[20.620563,52.10896],[20.620577,52.108978],[20.620604,52.108991],[20.621733,52.109371],[20.621855,52.109497],[20.622583,52.10974],[20.622821,52.109735],[20.623849,52.110073],[20.624194,52.110053],[20.624909,52.110286]]}},{"type":"Feature","properties":{"mode":"bus","n":19,"arr":["0","13","16","17","21","22","23","26","28","29","30","31","32","33","34","46","63","82","C1"],"lines":"0, 13, 16, 17, 21, 22, 23, 26, 28, 29, 30, 31, 32, 33, 34, 46, 63, 82, C1"},"geometry":{"type":"LineString","coordinates":[[20.624997,52.107361],[20.625954,52.104432]]}},{"type":"Feature","properties":{"mode":"bus","n":16,"arr":["13","16","17","21","23","26","28","29","30","31","32","33","34","46","63","C1"],"lines":"13, 16, 17, 21, 23, 26, 28, 29, 30, 31, 32, 33, 34, 46, 63, C1"},"geometry":{"type":"LineString","coordinates":[[20.625959,52.103668],[20.626064,52.104],[20.625954,52.104432]]}},{"type":"Feature","properties":{"mode":"bus","n":7,"arr":["0","17","20","21","22","82","PGM"],"lines":"0, 17, 20, 21, 22, 82, PGM"},"geometry":{"type":"LineString","coordinates":[[20.624294,52.103832],[20.622199,52.104062],[20.621702,52.104069],[20.621394,52.104043],[20.620937,52.103947],[20.619825,52.103577]]}},{"type":"Feature","properties":{"mode":"bus","n":5,"arr":["0","17","20","21","22"],"lines":"0, 17, 20, 21, 22"},"geometry":{"type":"LineString","coordinates":[[20.619825,52.103577],[20.612664,52.101127]]}},{"type":"Feature","properties":{"mode":"bus","n":7,"arr":["0","23","28","31","63","82","PGM"],"lines":"0, 23, 28, 31, 63, 82, PGM"},"geometry":{"type":"LineString","coordinates":[[20.616625,52.099829],[20.617479,52.09984],[20.617505,52.099838],[20.617524,52.099832],[20.617535,52.099821],[20.617539,52.099805],[20.617589,52.098348]]}},{"type":"Feature","properties":{"mode":"bus","n":8,"arr":["0","23","28","29","31","63","82","PGM"],"lines":"0, 23, 28, 29, 31, 63, 82, PGM"},"geometry":{"type":"LineString","coordinates":[[20.617589,52.098348],[20.617641,52.096956]]}},{"type":"Feature","properties":{"mode":"bus","n":10,"arr":["0","13","16","17","20","26","28","29","46","82"],"lines":"0, 13, 16, 17, 20, 26, 28, 29, 46, 82"},"geometry":{"type":"LineString","coordinates":[[20.617641,52.096956],[20.617731,52.095715]]}},{"type":"Feature","properties":{"mode":"bus","n":11,"arr":["0","13","16","17","20","23","26","31","46","63","PGM"],"lines":"0, 13, 16, 17, 20, 23, 26, 31, 46, 63, PGM"},"geometry":{"type":"LineString","coordinates":[[20.619627,52.096981],[20.617641,52.096956]]}},{"type":"Feature","properties":{"mode":"bus","n":14,"arr":["0","13","16","17","20","21","23","26","28","29","31","46","63","PGM"],"lines":"0, 13, 16, 17, 20, 21, 23, 26, 28, 29, 31, 46, 63, PGM"},"geometry":{"type":"LineString","coordinates":[[20.623575,52.097045],[20.619627,52.096981]]}},{"type":"Feature","properties":{"mode":"bus","n":11,"arr":["0","13","16","17","20","21","26","28","29","46","PGM"],"lines":"0, 13, 16, 17, 20, 21, 26, 28, 29, 46, PGM"},"geometry":{"type":"LineString","coordinates":[[20.623247,52.098834],[20.623575,52.097045]]}},{"type":"Feature","properties":{"mode":"bus","n":10,"arr":["0","13","16","17","20","21","26","28","29","46"],"lines":"0, 13, 16, 17, 20, 21, 26, 28, 29, 46"},"geometry":{"type":"LineString","coordinates":[[20.626858,52.100051],[20.62423,52.098873],[20.623247,52.098834]]}},{"type":"Feature","properties":{"mode":"bus","n":11,"arr":["0","13","16","17","20","21","26","28","29","46","C1"],"lines":"0, 13, 16, 17, 20, 21, 26, 28, 29, 46, C1"},"geometry":{"type":"LineString","coordinates":[[20.627608,52.10039],[20.626858,52.100051]]}},{"type":"Feature","properties":{"mode":"bus","n":5,"arr":["0","29","32","33","34"],"lines":"0, 29, 32, 33, 34"},"geometry":{"type":"LineString","coordinates":[[20.644235,52.099873],[20.643494,52.10012]]}},{"type":"Feature","properties":{"mode":"bus","n":5,"arr":["0","17","29","46","C1"],"lines":"0, 17, 29, 46, C1"},"geometry":{"type":"LineString","coordinates":[[20.647401,52.111415],[20.64593,52.112895],[20.645814,52.113029],[20.645437,52.113616],[20.645425,52.113629],[20.645408,52.113636],[20.645388,52.113637],[20.645364,52.113632],[20.644892,52.113478],[20.644867,52.113472],[20.644846,52.113473],[20.644828,52.11348],[20.644812,52.113493],[20.644165,52.114241]]}},{"type":"Feature","properties":{"mode":"bus","n":9,"arr":["0","15","16","17","27","29","45","46","C1"],"lines":"0, 15, 16, 17, 27, 29, 45, 46, C1"},"geometry":{"type":"LineString","coordinates":[[20.639861,52.108577],[20.637283,52.107695],[20.636174,52.107426],[20.633725,52.10702],[20.633596,52.106968],[20.633573,52.106961],[20.633552,52.106961],[20.633534,52.106967],[20.633519,52.10698],[20.633112,52.107444],[20.633091,52.10746],[20.633064,52.107465],[20.633031,52.10746],[20.632612,52.107334],[20.63258,52.107329],[20.632553,52.107334],[20.632533,52.10735],[20.631982,52.108038],[20.630919,52.109252],[20.63063,52.109611],[20.630605,52.109699],[20.630488,52.109839]]}},{"type":"Feature","properties":{"mode":"bus","n":11,"arr":["0","13","16","17","18","24","25","26","29","45","46"],"lines":"0, 13, 16, 17, 18, 24, 25, 26, 29, 45, 46"},"geometry":{"type":"LineString","coordinates":[[20.62606,52.107707],[20.624997,52.107361]]}},{"type":"Feature","properties":{"mode":"bus","n":11,"arr":["0","13","16","17","18","24","25","26","29","45","46"],"lines":"0, 13, 16, 17, 18, 24, 25, 26, 29, 45, 46"},"geometry":{"type":"LineString","coordinates":[[20.625845,52.108177],[20.627455,52.108785]]}},{"type":"Feature","properties":{"mode":"bus","n":22,"arr":["0","13","16","17","18","21","22","23","24","25","26","28","29","30","31","32","33","34","45","46","63","82"],"lines":"0, 13, 16, 17, 18, 21, 22, 23, 24, 25, 26, 28, 29, 30, 31, 32, 33, 34, 45, 46, 63, 82"},"geometry":{"type":"LineString","coordinates":[[20.62606,52.107707],[20.625845,52.108177]]}},{"type":"Feature","properties":{"mode":"bus","n":12,"arr":["0","13","16","17","18","24","25","26","29","31","45","46"],"lines":"0, 13, 16, 17, 18, 24, 25, 26, 29, 31, 45, 46"},"geometry":{"type":"LineString","coordinates":[[20.630323,52.109784],[20.63019,52.109773],[20.629749,52.109648]]}},{"type":"Feature","properties":{"mode":"bus","n":8,"arr":["0","15","16","17","27","29","45","46"],"lines":"0, 15, 16, 17, 27, 29, 45, 46"},"geometry":{"type":"LineString","coordinates":[[20.630341,52.109781],[20.630421,52.109755],[20.63063,52.109611]]}},{"type":"Feature","properties":{"mode":"bus","n":7,"arr":["0","15","16","17","29","45","46"],"lines":"0, 15, 16, 17, 29, 45, 46"},"geometry":{"type":"LineString","coordinates":[[20.636945,52.111682],[20.636614,52.11207]]}},{"type":"Feature","properties":{"mode":"bus","n":8,"arr":["0","13","16","17","20","26","29","46"],"lines":"0, 13, 16, 17, 20, 26, 29, 46"},"geometry":{"type":"LineString","coordinates":[[20.617694,52.096256],[20.616831,52.096227],[20.616798,52.096222],[20.61678,52.096209],[20.616775,52.096189],[20.616807,52.09573]]}},{"type":"Feature","properties":{"mode":"bus","n":6,"arr":["0","20","21","22","82","PGM"],"lines":"0, 20, 21, 22, 82, PGM"},"geometry":{"type":"LineString","coordinates":[[20.625944,52.103602],[20.624435,52.103796],[20.624294,52.103832]]}},{"type":"Feature","properties":{"mode":"bus","n":20,"arr":["0","13","16","17","21","22","23","26","28","29","30","31","32","33","34","46","63","82","C1","PGM"],"lines":"0, 13, 16, 17, 21, 22, 23, 26, 28, 29, 30, 31, 32, 33, 34, 46, 63, 82, C1, PGM"},"geometry":{"type":"LineString","coordinates":[[20.627895,52.103339],[20.626617,52.103531],[20.626468,52.103522],[20.625944,52.103602]]}},{"type":"Feature","properties":{"mode":"bus","n":18,"arr":["0","13","16","17","21","22","23","26","28","29","30","31","32","33","34","46","63","82"],"lines":"0, 13, 16, 17, 21, 22, 23, 26, 28, 29, 30, 31, 32, 33, 34, 46, 63, 82"},"geometry":{"type":"LineString","coordinates":[[20.627895,52.103339],[20.627913,52.103471],[20.62606,52.107707]]}},{"type":"Feature","properties":{"mode":"bus","n":18,"arr":["0","13","16","17","21","22","23","26","28","29","30","31","32","33","34","46","63","82"],"lines":"0, 13, 16, 17, 21, 22, 23, 26, 28, 29, 30, 31, 32, 33, 34, 46, 63, 82"},"geometry":{"type":"LineString","coordinates":[[20.625845,52.108177],[20.624909,52.110286]]}},{"type":"Feature","properties":{"mode":"bus","n":9,"arr":["10","11","12","13","19","40","42","43","49"],"lines":"10, 11, 12, 13, 19, 40, 42, 43, 49"},"geometry":{"type":"LineString","coordinates":[[20.61188,52.188899],[20.61758,52.188803],[20.619134,52.189696],[20.619166,52.189724],[20.619176,52.189757],[20.619165,52.190269],[20.619462,52.192521]]}},{"type":"Feature","properties":{"mode":"bus","n":9,"arr":["10","11","12","13","19","40","42","43","49"],"lines":"10, 11, 12, 13, 19, 40, 42, 43, 49"},"geometry":{"type":"LineString","coordinates":[[20.619177,52.189721],[20.619477,52.189857],[20.621282,52.190014]]}},{"type":"Feature","properties":{"mode":"bus","n":8,"arr":["10","11","12","13","19","40","42","43"],"lines":"10, 11, 12, 13, 19, 40, 42, 43"},"geometry":{"type":"LineString","coordinates":[[20.621282,52.190014],[20.621933,52.190073]]}},{"type":"Feature","properties":{"mode":"bus","n":7,"arr":["10","11","12","19","40","43","49"],"lines":"10, 11, 12, 19, 40, 43, 49"},"geometry":{"type":"LineString","coordinates":[[20.619676,52.194041],[20.620034,52.19599],[20.620032,52.196011],[20.620016,52.196027],[20.619985,52.196037],[20.618869,52.196267],[20.616565,52.196569],[20.614432,52.196762],[20.610248,52.196945]]}},{"type":"Feature","properties":{"mode":"bus","n":6,"arr":["10","11","14","49","92","93"],"lines":"10, 11, 14, 49, 92, 93"},"geometry":{"type":"LineString","coordinates":[[20.6129,52.193691],[20.613109,52.195028],[20.61312,52.195314],[20.612963,52.195436],[20.612856,52.195455],[20.610586,52.195587],[20.610339,52.195632],[20.610269,52.195683],[20.610237,52.195783],[20.610307,52.196435],[20.610248,52.196945]]}},{"type":"Feature","properties":{"mode":"bus","n":5,"arr":["10","11","13","14","49"],"lines":"10, 11, 13, 14, 49"},"geometry":{"type":"LineString","coordinates":[[20.619555,52.193308],[20.617014,52.193438],[20.6129,52.193691]]}},{"type":"Feature","properties":{"mode":"bus","n":11,"arr":["10","11","12","13","19","40","42","43","49","67","77"],"lines":"10, 11, 12, 13, 19, 40, 42, 43, 49, 67, 77"},"geometry":{"type":"LineString","coordinates":[[20.619462,52.192521],[20.619555,52.193308]]}},{"type":"Feature","properties":{"mode":"bus","n":9,"arr":["12","13","19","40","42","43","49","92","93"],"lines":"12, 13, 19, 40, 42, 43, 49, 92, 93"},"geometry":{"type":"LineString","coordinates":[[20.610275,52.187298],[20.611772,52.187322],[20.611805,52.187327],[20.611825,52.187339],[20.611832,52.187359],[20.61188,52.188899]]}},{"type":"Feature","properties":{"mode":"bus","n":7,"arr":["12","14","19","40","43","92","93"],"lines":"12, 14, 19, 40, 43, 92, 93"},"geometry":{"type":"LineString","coordinates":[[20.610248,52.196945],[20.610161,52.197575],[20.610107,52.197704],[20.609984,52.197788],[20.609241,52.198069],[20.609033,52.198188],[20.608984,52.19832],[20.609065,52.198839]]}},{"type":"Feature","properties":{"mode":"bus","n":6,"arr":["12","14","19","43","92","93"],"lines":"12, 14, 19, 43, 92, 93"},"geometry":{"type":"LineString","coordinates":[[20.609065,52.198839],[20.6063,52.198961]]}},{"type":"Feature","properties":{"mode":"bus","n":5,"arr":["12","14","43","92","93"],"lines":"12, 14, 43, 92, 93"},"geometry":{"type":"LineString","coordinates":[[20.6063,52.198961],[20.605786,52.201274],[20.605736,52.201789],[20.605787,52.202379]]}},{"type":"Feature","properties":{"mode":"bus","n":10,"arr":["12","13","14","19","40","42","43","49","67","77"],"lines":"12, 13, 14, 19, 40, 42, 43, 49, 67, 77"},"geometry":{"type":"LineString","coordinates":[[20.619555,52.193308],[20.619676,52.194041]]}},{"type":"Feature","properties":{"mode":"bus","n":11,"arr":["13","16","17","20","21","26","28","29","30","46","C1"],"lines":"13, 16, 17, 20, 21, 26, 28, 29, 30, 46, C1"},"geometry":{"type":"LineString","coordinates":[[20.625828,52.103294],[20.625995,52.10325],[20.626074,52.103183],[20.626245,52.102548],[20.626348,52.102318],[20.627608,52.10039]]}},{"type":"Feature","properties":{"mode":"bus","n":14,"arr":["13","16","17","20","21","23","26","28","29","30","31","46","63","C1"],"lines":"13, 16, 17, 20, 21, 23, 26, 28, 29, 30, 31, 46, 63, C1"},"geometry":{"type":"LineString","coordinates":[[20.625944,52.103602],[20.625977,52.103533],[20.625963,52.103472],[20.625924,52.103373],[20.625828,52.103294]]}},{"type":"Feature","properties":{"mode":"bus","n":6,"arr":["13","15","24","25","26","27"],"lines":"13, 15, 24, 25, 26, 27"},"geometry":{"type":"LineString","coordinates":[[20.621275,52.111885],[20.621096,52.111864],[20.617051,52.110699],[20.617018,52.110694],[20.61699,52.110699],[20.616967,52.110714],[20.615578,52.112069],[20.615554,52.112149],[20.615646,52.112529]]}},{"type":"Feature","properties":{"mode":"bus","n":5,"arr":["13","24","25","26","27"],"lines":"13, 24, 25, 26, 27"},"geometry":{"type":"LineString","coordinates":[[20.616246,52.115256],[20.615723,52.118732],[20.615729,52.118766],[20.615758,52.118794],[20.617126,52.119698],[20.617171,52.119717],[20.617224,52.119721],[20.619995,52.119575]]}},{"type":"Feature","properties":{"mode":"bus","n":6,"arr":["13","24","26","27","92","93"],"lines":"13, 24, 26, 27, 92, 93"},"geometry":{"type":"LineString","coordinates":[[20.619995,52.119575],[20.619897,52.120185]]}},{"type":"Feature","properties":{"mode":"bus","n":5,"arr":["13","24","27","92","93"],"lines":"13, 24, 27, 92, 93"},"geometry":{"type":"LineString","coordinates":[[20.619897,52.120185],[20.61934,52.123577]]}},{"type":"Feature","properties":{"mode":"bus","n":5,"arr":["13","19","49","92","93"],"lines":"13, 19, 49, 92, 93"},"geometry":{"type":"LineString","coordinates":[[20.611831,52.187323],[20.611761,52.185865]]}},{"type":"Feature","properties":{"mode":"bus","n":18,"arr":["13","16","17","20","21","23","26","28","29","30","31","32","33","34","46","63","C1","PGM"],"lines":"13, 16, 17, 20, 21, 23, 26, 28, 29, 30, 31, 32, 33, 34, 46, 63, C1, PGM"},"geometry":{"type":"LineString","coordinates":[[20.625944,52.103602],[20.625959,52.103668]]}},{"type":"Feature","properties":{"mode":"bus","n":15,"arr":["13","16","17","20","21","23","26","28","29","30","31","46","63","C1","PGM"],"lines":"13, 16, 17, 20, 21, 23, 26, 28, 29, 30, 31, 46, 63, C1, PGM"},"geometry":{"type":"LineString","coordinates":[[20.625944,52.103602],[20.625853,52.103485],[20.625828,52.103294]]}},{"type":"Feature","properties":{"mode":"bus","n":5,"arr":["15","23","45","65","66"],"lines":"15, 23, 45, 65, 66"},"geometry":{"type":"LineString","coordinates":[[20.709125,52.136031],[20.716364,52.130086],[20.716483,52.130003],[20.716624,52.129954],[20.71694,52.129934]]}},{"type":"Feature","properties":{"mode":"bus","n":6,"arr":["15","17","18","27","45","46"],"lines":"15, 17, 18, 27, 45, 46"},"geometry":{"type":"LineString","coordinates":[[20.666629,52.122747],[20.66678,52.12273],[20.666878,52.122678],[20.670505,52.119485],[20.671643,52.118522]]}},{"type":"Feature","properties":{"mode":"bus","n":5,"arr":["15","16","17","31","45"],"lines":"15, 16, 17, 31, 45"},"geometry":{"type":"LineString","coordinates":[[20.662181,52.121016],[20.664356,52.120264],[20.664569,52.120209]]}},{"type":"Feature","properties":{"mode":"bus","n":7,"arr":["15","16","17","27","31","45","46"],"lines":"15, 16, 17, 27, 31, 45, 46"},"geometry":{"type":"LineString","coordinates":[[20.664569,52.120209],[20.6647,52.12056],[20.66485,52.12082],[20.664979,52.120997],[20.666047,52.122195],[20.666079,52.122326]]}},{"type":"Feature","properties":{"mode":"bus","n":7,"arr":["15","16","17","18","27","45","46"],"lines":"15, 16, 17, 18, 27, 45, 46"},"geometry":{"type":"LineString","coordinates":[[20.666079,52.122326],[20.666223,52.12239],[20.666458,52.122658],[20.666548,52.122723],[20.666629,52.122747]]}},{"type":"Feature","properties":{"mode":"bus","n":6,"arr":["17","32","33","34","C1","PGM"],"lines":"17, 32, 33, 34, C1, PGM"},"geometry":{"type":"LineString","coordinates":[[20.635105,52.104419],[20.634424,52.104111],[20.633486,52.103731],[20.63178,52.103153],[20.631255,52.103041],[20.630941,52.103003],[20.63037,52.103003],[20.627895,52.103339]]}},{"type":"Feature","properties":{"mode":"bus","n":7,"arr":["21","23","28","29","31","63","PGM"],"lines":"21, 23, 28, 29, 31, 63, PGM"},"geometry":{"type":"LineString","coordinates":[[20.62547,52.102748],[20.624354,52.101196]]}},{"type":"Feature","properties":{"mode":"bus","n":8,"arr":["21","23","28","29","31","63","C1","PGM"],"lines":"21, 23, 28, 29, 31, 63, C1, PGM"},"geometry":{"type":"LineString","coordinates":[[20.625828,52.103294],[20.62547,52.102748]]}},{"type":"Feature","properties":{"mode":"bus","n":6,"arr":["21","23","28","29","31","63"],"lines":"21, 23, 28, 29, 31, 63"},"geometry":{"type":"LineString","coordinates":[[20.624354,52.101196],[20.623282,52.10145]]}},{"type":"Feature","properties":{"mode":"bus","n":5,"arr":["23","31","63","82","PGM"],"lines":"23, 31, 63, 82, PGM"},"geometry":{"type":"LineString","coordinates":[[20.619196,52.102571],[20.618502,52.102038],[20.617812,52.101637],[20.617423,52.101329],[20.617159,52.100971],[20.616602,52.099992],[20.616585,52.099914],[20.616625,52.099829]]}},{"type":"Feature","properties":{"mode":"bus","n":5,"arr":["29","32","33","34","50"],"lines":"29, 32, 33, 34, 50"},"geometry":{"type":"LineString","coordinates":[[20.70193,52.073674],[20.701767,52.073753],[20.700411,52.07478],[20.697131,52.077184],[20.696684,52.07758],[20.696264,52.078122],[20.695214,52.079014],[20.694699,52.079409],[20.692787,52.080699],[20.692284,52.081069],[20.685737,52.08629],[20.68519,52.086637],[20.684681,52.086858],[20.683868,52.087079],[20.680045,52.087898],[20.678202,52.088202],[20.674314,52.088989],[20.674013,52.08911],[20.673519,52.089501],[20.67336,52.089588],[20.672551,52.089837],[20.671898,52.090079],[20.668261,52.091748],[20.667734,52.092026],[20.665095,52.093593],[20.664841,52.093713],[20.664517,52.093807],[20.664195,52.093852],[20.662417,52.093952],[20.661921,52.094013],[20.661506,52.09412],[20.659694,52.094684]]}},{"type":"Feature","properties":{"mode":"bus","n":7,"arr":["30","31","32","51","52","63","83"],"lines":"30, 31, 32, 51, 52, 63, 83"},"geometry":{"type":"LineString","coordinates":[[20.69096,52.03171],[20.691201,52.031874]]}},{"type":"Feature","properties":{"mode":"bus","n":5,"arr":["31","32","51","52","83"],"lines":"31, 32, 51, 52, 83"},"geometry":{"type":"LineString","coordinates":[[20.69096,52.03171],[20.691228,52.031479],[20.691251,52.031347],[20.690672,52.029253]]}},{"type":"Feature","properties":{"mode":"bus","n":7,"arr":["48","60","65","66","77","78","PGM"],"lines":"48, 60, 65, 66, 77, 78, PGM"},"geometry":{"type":"LineString","coordinates":[[20.798068,52.16751],[20.79903,52.167825],[20.799772,52.168033],[20.800158,52.168117]]}},{"type":"Feature","properties":{"mode":"bus","n":6,"arr":["48","60","65","66","77","78"],"lines":"48, 60, 65, 66, 77, 78"},"geometry":{"type":"LineString","coordinates":[[20.800158,52.168117],[20.80023,52.168083],[20.800382,52.167931],[20.80195,52.167138]]}},{"type":"Feature","properties":{"mode":"bus","n":5,"arr":["60","65","66","77","PGM"],"lines":"60, 65, 66, 77, PGM"},"geometry":{"type":"LineString","coordinates":[[20.794715,52.166404],[20.794981,52.166511],[20.798068,52.16751]]}},{"type":"Feature","properties":{"mode":"bus","n":5,"arr":["60","65","66","77","PGM"],"lines":"60, 65, 66, 77, PGM"},"geometry":{"type":"LineString","coordinates":[[20.790256,52.16498],[20.790513,52.165003],[20.790668,52.165045],[20.790818,52.165127],[20.790985,52.165266],[20.791147,52.165348],[20.793251,52.16611],[20.793888,52.16628],[20.794501,52.166352]]}},{"type":"Feature","properties":{"mode":"bus","n":7,"arr":["P04","P05","P06","P10","P11","P12","P13"],"lines":"P04, P05, P06, P10, P11, P12, P13"},"geometry":{"type":"LineString","coordinates":[[21.555229,52.176127],[21.555224,52.176187]]}},{"type":"Feature","properties":{"mode":"bus","n":7,"arr":["P04","P05","P06","P10","P11","P12","P13"],"lines":"P04, P05, P06, P10, P11, P12, P13"},"geometry":{"type":"LineString","coordinates":[[21.5547,52.176138],[21.554693,52.176085]]}},{"type":"Feature","properties":{"mode":"bus","n":5,"arr":["P04","P05","P10","P12","P13"],"lines":"P04, P05, P10, P12, P13"},"geometry":{"type":"LineString","coordinates":[[21.555224,52.176187],[21.555213,52.176337]]}},{"type":"Feature","properties":{"mode":"bus","n":5,"arr":["P04","P05","P10","P12","P13"],"lines":"P04, P05, P10, P12, P13"},"geometry":{"type":"LineString","coordinates":[[21.554737,52.176279],[21.5547,52.176138]]}},{"type":"Feature","properties":{"mode":"bus","n":5,"arr":["P05","P07","P08","P10","P13"],"lines":"P05, P07, P08, P10, P13"},"geometry":{"type":"LineString","coordinates":[[21.561587,52.180453],[21.562407,52.180236],[21.56274,52.180124],[21.563822,52.179678],[21.564071,52.179549],[21.564337,52.179352],[21.564608,52.179078],[21.564963,52.178548],[21.566076,52.177159],[21.566261,52.176967],[21.566446,52.176851],[21.566595,52.176779],[21.566845,52.176716],[21.567897,52.176598],[21.56886,52.176172],[21.569066,52.176103],[21.569556,52.175989]]}},{"type":"Feature","properties":{"mode":"bus","n":5,"arr":["P05","P07","P08","P10","P13"],"lines":"P05, P07, P08, P10, P13"},"geometry":{"type":"LineString","coordinates":[[21.568343,52.176411],[21.568433,52.176493],[21.568444,52.176507],[21.568445,52.17652],[21.568436,52.176532],[21.568417,52.176542],[21.568237,52.176613]]}},{"type":"Feature","properties":{"mode":"bus","n":5,"arr":["R1","R2","R4","R5","R7"],"lines":"R1, R2, R4, R5, R7"},"geometry":{"type":"LineString","coordinates":[[21.169244,52.426692],[21.172046,52.425229],[21.172179,52.425108],[21.172716,52.42426]]}},{"type":"Feature","properties":{"mode":"bus","n":6,"arr":["R1","R2","R4","R5","R7","R31"],"lines":"R1, R2, R4, R5, R7, R31"},"geometry":{"type":"LineString","coordinates":[[21.172716,52.42426],[21.173082,52.423677]]}},{"type":"Feature","properties":{"mode":"bus","n":7,"arr":["R1","R2","R4","R5","R7","R31","R38"],"lines":"R1, R2, R4, R5, R7, R31, R38"},"geometry":{"type":"LineString","coordinates":[[21.175941,52.423892],[21.17561,52.423869],[21.175558,52.423859],[21.175516,52.423837],[21.175447,52.423783],[21.175435,52.423752],[21.175428,52.423743],[21.175416,52.423737],[21.1754,52.423735],[21.17331,52.423662],[21.17314,52.423673],[21.173116,52.423673],[21.173102,52.423668],[21.173097,52.423658],[21.173102,52.423643],[21.173392,52.423157],[21.173455,52.422991],[21.17359,52.421857],[21.173838,52.421197],[21.173803,52.42107]]}},{"type":"Feature","properties":{"mode":"bus","n":7,"arr":["R1","R2","R4","R5","R7","R31","R38"],"lines":"R1, R2, R4, R5, R7, R31, R38"},"geometry":{"type":"LineString","coordinates":[[21.173187,52.423498],[21.173283,52.423611],[21.173392,52.423665]]}},{"type":"Feature","properties":{"mode":"bus","n":7,"arr":["R1","R2","R3","R4","R5","R8","R31"],"lines":"R1, R2, R3, R4, R5, R8, R31"},"geometry":{"type":"LineString","coordinates":[[21.184507,52.419333],[21.184895,52.419168],[21.184913,52.419158],[21.184921,52.419146],[21.184918,52.419134],[21.184904,52.419121],[21.184692,52.418973],[21.184502,52.418786],[21.183581,52.417728],[21.183336,52.4174]]}},{"type":"Feature","properties":{"mode":"bus","n":7,"arr":["R1","R2","R3","R4","R5","R8","R31"],"lines":"R1, R2, R3, R4, R5, R8, R31"},"geometry":{"type":"LineString","coordinates":[[21.185731,52.415552],[21.186963,52.415043]]}},{"type":"Feature","properties":{"mode":"bus","n":6,"arr":["R1","R2","R4","R5","R8","R31"],"lines":"R1, R2, R4, R5, R8, R31"},"geometry":{"type":"LineString","coordinates":[[21.183336,52.4174],[21.182837,52.416803],[21.182828,52.416783],[21.182835,52.416766],[21.18286,52.416753],[21.183604,52.416482],[21.18446,52.416085],[21.185731,52.415552]]}},{"type":"Feature","properties":{"mode":"bus","n":9,"arr":["R1","R2","R3","R4","R5","R7","R8","R9","R31"],"lines":"R1, R2, R3, R4, R5, R7, R8, R9, R31"},"geometry":{"type":"LineString","coordinates":[[21.187803,52.414628],[21.187872,52.414693]]}},{"type":"Feature","properties":{"mode":"tram","n":5,"arr":["1","6","20","28","T"],"lines":"1, 6, 20, 28, T"},"geometry":{"type":"LineString","coordinates":[[21.020477,52.263547],[21.01764,52.263125],[21.017165,52.263035],[21.015309,52.262501],[21.003702,52.259031],[21.002929,52.25884],[21.002209,52.258724]]}},{"type":"Feature","properties":{"mode":"tram","n":7,"arr":["3","4","6","18","28","73","T"],"lines":"3, 4, 6, 18, 28, 73, T"},"geometry":{"type":"LineString","coordinates":[[21.033123,52.256462],[21.033263,52.256341]]}},{"type":"Feature","properties":{"mode":"tram","n":5,"arr":["3","6","28","73","76"],"lines":"3, 6, 28, 73, 76"},"geometry":{"type":"LineString","coordinates":[[21.035133,52.254357],[21.036169,52.25333],[21.037495,52.25215],[21.038642,52.251472],[21.039857,52.250856],[21.041142,52.250153]]}},{"type":"Feature","properties":{"mode":"tram","n":8,"arr":["4","15","16","17","18","36","76","T"],"lines":"4, 15, 16, 17, 18, 36, 76, T"},"geometry":{"type":"LineString","coordinates":[[21.001515,52.244141],[21.003802,52.242349],[21.003929,52.242207],[21.004277,52.24169],[21.004753,52.241212],[21.004847,52.240995],[21.004863,52.240479],[21.004914,52.240211],[21.005109,52.239745],[21.005339,52.239422],[21.00568,52.239076],[21.005995,52.238837],[21.006435,52.238576],[21.006546,52.238467],[21.011393,52.230355],[21.011716,52.229821],[21.01172,52.229817],[21.011727,52.229815],[21.011735,52.229816],[21.011761,52.229821]]}},{"type":"Feature","properties":{"mode":"tram","n":8,"arr":["4","15","16","17","18","36","76","T"],"lines":"4, 15, 16, 17, 18, 36, 76, T"},"geometry":{"type":"LineString","coordinates":[[21.017635,52.220266],[21.016025,52.222997],[21.015898,52.223156],[21.015551,52.223476],[21.011746,52.229846]]}},{"type":"Feature","properties":{"mode":"tram","n":6,"arr":["4","16","17","18","76","T"],"lines":"4, 16, 17, 18, 76, T"},"geometry":{"type":"LineString","coordinates":[[21.017978,52.219686],[21.017635,52.220266]]}},{"type":"Feature","properties":{"mode":"tram","n":9,"arr":["4","10","11","14","16","17","18","76","T"],"lines":"4, 10, 11, 14, 16, 17, 18, 76, T"},"geometry":{"type":"LineString","coordinates":[[21.020731,52.210916],[21.020508,52.211459],[21.020503,52.211683],[21.021427,52.213316],[21.021483,52.213552],[21.021451,52.213788],[21.021389,52.213937],[21.017978,52.219686]]}},{"type":"Feature","properties":{"mode":"tram","n":6,"arr":["4","10","17","18","67","T"],"lines":"4, 10, 17, 18, 67, T"},"geometry":{"type":"LineString","coordinates":[[21.021048,52.210031],[21.021047,52.210153],[21.020853,52.210621]]}},{"type":"Feature","properties":{"mode":"tram","n":5,"arr":["4","10","17","18","T"],"lines":"4, 10, 17, 18, T"},"geometry":{"type":"LineString","coordinates":[[21.020853,52.210621],[21.020804,52.21074]]}},{"type":"Feature","properties":{"mode":"tram","n":6,"arr":["4","11","14","16","76","T"],"lines":"4, 11, 14, 16, 76, T"},"geometry":{"type":"LineString","coordinates":[[21.020995,52.210834],[21.020839,52.210863],[21.020731,52.210916]]}},{"type":"Feature","properties":{"mode":"tram","n":5,"arr":["11","14","16","67","76"],"lines":"11, 14, 16, 67, 76"},"geometry":{"type":"LineString","coordinates":[[21.030573,52.206834],[21.030242,52.206842],[21.029296,52.206968],[21.028812,52.207125],[21.028447,52.207327],[21.025755,52.209351],[21.025378,52.209795],[21.024851,52.210785],[21.024641,52.210994],[21.024348,52.211163],[21.024049,52.211264],[21.023741,52.21132],[21.02345,52.211334],[21.023196,52.211318],[21.02283,52.211253],[21.021056,52.210834]]}},{"type":"Feature","properties":{"mode":"tram","n":6,"arr":["9","15","16","17","36","T"],"lines":"9, 15, 16, 17, 36, T"},"geometry":{"type":"LineString","coordinates":[[21.011746,52.229846],[21.011707,52.229837]]}},{"type":"Feature","properties":{"mode":"tram","n":6,"arr":["10","11","14","15","36","T"],"lines":"10, 11, 14, 15, 36, T"},"geometry":{"type":"LineString","coordinates":[[21.005171,52.220219],[21.017368,52.219904]]}},{"type":"Feature","properties":{"mode":"tram","n":5,"arr":["15","16","17","36","T"],"lines":"15, 16, 17, 36, T"},"geometry":{"type":"LineString","coordinates":[[20.997884,52.253418],[20.999131,52.247911],[20.999375,52.247048],[20.999664,52.24637],[20.99983,52.246101],[21.000983,52.244617],[21.001515,52.244141]]}}]}