{"type":"FeatureCollection","features":[{"type":"Feature","properties":{"id":"c0","lines":"102 125 202","n":3,"tram":0,"op":"mix"},"geometry":{"type":"LineString","coordinates":[[21.044984,52.242008],[21.041902,52.243897],[21.038819,52.243897]]}},{"type":"Feature","properties":{"id":"c1","lines":"102 125 202","n":3,"tram":0,"op":"ZTM Warszawa — buses"},"geometry":{"type":"LineString","coordinates":[[21.044984,52.242008],[21.044984,52.243897],[21.041902,52.245785]]}},{"type":"Feature","properties":{"id":"c3","lines":"102 125 146 147 202","n":5,"tram":0,"op":"ZTM Warszawa — buses"},"geometry":{"type":"LineString","coordinates":[[21.038819,52.243897],[21.041902,52.245785]]}},{"type":"Feature","properties":{"id":"c4","lines":"146 147","n":2,"tram":0,"op":"ZTM Warszawa — buses"},"geometry":{"type":"LineString","coordinates":[[21.038819,52.243897],[21.041902,52.242008]]}},{"type":"Feature","properties":{"id":"c5","lines":"162 N14 N64","n":3,"tram":0,"op":"ZTM Warszawa — buses"},"geometry":{"type":"LineString","coordinates":[[21.038819,52.243897],[21.029572,52.249562]]}},{"type":"Feature","properties":{"id":"c6","lines":"162 N14 N64","n":3,"tram":0,"op":"mix"},"geometry":{"type":"LineString","coordinates":[[21.038819,52.243897],[21.035737,52.243897]]}},{"type":"Feature","properties":{"id":"c7","lines":"102 125 146 147 202","n":5,"tram":0,"op":"ZTM Warszawa — buses"},"geometry":{"type":"LineString","coordinates":[[21.041902,52.245785],[21.041902,52.247674]]}},{"type":"Feature","properties":{"id":"c8","lines":"102 125 135 146 147 202 E-1","n":7,"tram":0,"op":"ZTM Warszawa — buses"},"geometry":{"type":"LineString","coordinates":[[21.041902,52.245785],[21.044984,52.245785]]}},{"type":"Feature","properties":{"id":"c9","lines":"135","n":1,"tram":0,"op":"ZTM Warszawa — buses"},"geometry":{"type":"LineString","coordinates":[[21.041902,52.245785],[21.035737,52.249562]]}},{"type":"Feature","properties":{"id":"c10","lines":"146 147","n":2,"tram":0,"op":"ZTM Warszawa — buses"},"geometry":{"type":"LineString","coordinates":[[21.041902,52.245785],[21.041902,52.242008]]}},{"type":"Feature","properties":{"id":"c13","lines":"102 123 125 135 138 146 147 166 202 509 N02 N03 N21 N71","n":14,"tram":1,"op":"mix"},"geometry":{"type":"LineString","coordinates":[[21.041902,52.247674],[21.044984,52.245785]]}},{"type":"Feature","properties":{"id":"c14","lines":"120 123 169 512 N02 N03 N71","n":7,"tram":1,"op":"mix"},"geometry":{"type":"LineString","coordinates":[[21.041902,52.247674],[21.044984,52.249562]]}},{"type":"Feature","properties":{"id":"c15","lines":"120 135 138 166 169 N02 N03 N21 N71","n":9,"tram":1,"op":"mix"},"geometry":{"type":"LineString","coordinates":[[21.041902,52.247674],[21.038819,52.247674],[21.035737,52.249562]]}},{"type":"Feature","properties":{"id":"c16","lines":"509 512","n":2,"tram":0,"op":"ZTM Warszawa — buses"},"geometry":{"type":"LineString","coordinates":[[21.041902,52.247674],[21.032654,52.25334]]}},{"type":"Feature","properties":{"id":"c17","lines":"102 125 135 146 147 202 N03 N21 N71","n":9,"tram":1,"op":"mix"},"geometry":{"type":"LineString","coordinates":[[21.044984,52.245785],[21.048067,52.245785]]}},{"type":"Feature","properties":{"id":"c18","lines":"123 138 166 509 E-1 N02","n":6,"tram":1,"op":"mix"},"geometry":{"type":"LineString","coordinates":[[21.044984,52.245785],[21.044984,52.24012],[21.048067,52.238231]]}},{"type":"Feature","properties":{"id":"c19","lines":"102 123 146 147 173 202","n":6,"tram":0,"op":"ZTM Warszawa — buses"},"geometry":{"type":"LineString","coordinates":[[21.048067,52.245785],[21.051149,52.247674]]}},{"type":"Feature","properties":{"id":"c20","lines":"102 123 125 135 173 202 N03 N21 N71","n":9,"tram":1,"op":"mix"},"geometry":{"type":"LineString","coordinates":[[21.048067,52.245785],[21.051149,52.243897]]}},{"type":"Feature","properties":{"id":"c21","lines":"102 123 173 202","n":4,"tram":0,"op":"mix"},"geometry":{"type":"LineString","coordinates":[[21.051149,52.247674],[21.054231,52.247674]]}},{"type":"Feature","properties":{"id":"c23","lines":"102","n":1,"tram":0,"op":"mix"},"geometry":{"type":"LineString","coordinates":[[21.054231,52.247674],[21.057314,52.249562],[21.060396,52.249562]]}},{"type":"Feature","properties":{"id":"c24","lines":"102 123 173 202","n":4,"tram":0,"op":"ZTM Warszawa — buses"},"geometry":{"type":"LineString","coordinates":[[21.054231,52.247674],[21.054231,52.245785]]}},{"type":"Feature","properties":{"id":"c26","lines":"102","n":1,"tram":0,"op":"mix"},"geometry":{"type":"LineString","coordinates":[[21.060396,52.249562],[21.063479,52.247674]]}},{"type":"Feature","properties":{"id":"c27","lines":"311","n":1,"tram":0,"op":"ZTM Warszawa — buses"},"geometry":{"type":"LineString","coordinates":[[21.060396,52.249562],[21.060396,52.247674]]}},{"type":"Feature","properties":{"id":"c28","lines":"311","n":1,"tram":0,"op":"ZTM Warszawa — buses"},"geometry":{"type":"LineString","coordinates":[[21.060396,52.249562],[21.060396,52.245785],[21.063479,52.243897]]}},{"type":"Feature","properties":{"id":"c29","lines":"102 123","n":2,"tram":0,"op":"mix"},"geometry":{"type":"LineString","coordinates":[[21.063479,52.247674],[21.066561,52.247674]]}},{"type":"Feature","properties":{"id":"c30","lines":"123","n":1,"tram":0,"op":"ZTM Warszawa — buses"},"geometry":{"type":"LineString","coordinates":[[21.063479,52.247674],[21.060396,52.247674]]}},{"type":"Feature","properties":{"id":"c31","lines":"102 123","n":2,"tram":0,"op":"mix"},"geometry":{"type":"LineString","coordinates":[[21.066561,52.247674],[21.069644,52.245785]]}},{"type":"Feature","properties":{"id":"c33","lines":"102 188 202 523 N21 N71","n":6,"tram":0,"op":"mix"},"geometry":{"type":"LineString","coordinates":[[21.069644,52.245785],[21.072726,52.243897]]}},{"type":"Feature","properties":{"id":"c34","lines":"123","n":1,"tram":0,"op":"ZTM Warszawa — buses"},"geometry":{"type":"LineString","coordinates":[[21.069644,52.245785],[21.069644,52.24012]]}},{"type":"Feature","properties":{"id":"c35","lines":"188 202 523 N21 N71","n":5,"tram":0,"op":"ZTM Warszawa — buses"},"geometry":{"type":"LineString","coordinates":[[21.069644,52.245785],[21.066561,52.243897]]}},{"type":"Feature","properties":{"id":"c36","lines":"102 188 202 523 N21 N71","n":6,"tram":0,"op":"mix"},"geometry":{"type":"LineString","coordinates":[[21.072726,52.243897],[21.078891,52.24012]]}},{"type":"Feature","properties":{"id":"c37","lines":"188 202 523 N21 N71","n":5,"tram":0,"op":"mix"},"geometry":{"type":"LineString","coordinates":[[21.072726,52.243897],[21.066561,52.243897]]}},{"type":"Feature","properties":{"id":"c38","lines":"102 135 523","n":3,"tram":0,"op":"mix"},"geometry":{"type":"LineString","coordinates":[[21.078891,52.24012],[21.078891,52.242008]]}},{"type":"Feature","properties":{"id":"c39","lines":"135 N21 N71","n":3,"tram":0,"op":"ZTM Warszawa — buses"},"geometry":{"type":"LineString","coordinates":[[21.078891,52.24012],[21.075808,52.238231]]}},{"type":"Feature","properties":{"id":"c40","lines":"188 202","n":2,"tram":0,"op":"mix"},"geometry":{"type":"LineString","coordinates":[[21.078891,52.24012],[21.088138,52.234454],[21.088138,52.232565]]}},{"type":"Feature","properties":{"id":"c41","lines":"102 123 173 202","n":4,"tram":0,"op":"ZTM Warszawa — buses"},"geometry":{"type":"LineString","coordinates":[[21.054231,52.245785],[21.051149,52.243897]]}},{"type":"Feature","properties":{"id":"c42","lines":"123","n":1,"tram":0,"op":"ZTM Warszawa — buses"},"geometry":{"type":"LineString","coordinates":[[21.054231,52.245785],[21.057314,52.247674],[21.060396,52.247674]]}},{"type":"Feature","properties":{"id":"c43","lines":"123 173 202","n":3,"tram":0,"op":"ZTM Warszawa — buses"},"geometry":{"type":"LineString","coordinates":[[21.054231,52.245785],[21.057314,52.245785]]}},{"type":"Feature","properties":{"id":"c44","lines":"125 135 N03 N21 N71","n":5,"tram":1,"op":"mix"},"geometry":{"type":"LineString","coordinates":[[21.051149,52.243897],[21.054231,52.243897],[21.057314,52.242008]]}},{"type":"Feature","properties":{"id":"c45","lines":"103 114 156 184 203 755 N01 N02 N41 N44 N46 N58","n":12,"tram":0,"op":"ZTM Warszawa — buses"},"geometry":{"type":"LineString","coordinates":[[20.946347,52.272225],[20.943264,52.274114]]}},{"type":"Feature","properties":{"id":"c46","lines":"103 121 303 755 N41 N46","n":6,"tram":0,"op":"ZTM Warszawa — buses"},"geometry":{"type":"LineString","coordinates":[[20.946347,52.272225],[20.949429,52.274114]]}},{"type":"Feature","properties":{"id":"c47","lines":"114 121 203 N01 N02 N58","n":6,"tram":0,"op":"ZTM Warszawa — buses"},"geometry":{"type":"LineString","coordinates":[[20.946347,52.272225],[20.943264,52.272225],[20.937099,52.268448]]}},{"type":"Feature","properties":{"id":"c48","lines":"156 184 303 N44","n":4,"tram":0,"op":"ZTM Warszawa — buses"},"geometry":{"type":"LineString","coordinates":[[20.946347,52.272225],[20.946347,52.270337]]}},{"type":"Feature","properties":{"id":"c49","lines":"114 150 409 750 755 800 N01 N44 N56","n":9,"tram":1,"op":"mix"},"geometry":{"type":"LineString","coordinates":[[20.943264,52.274114],[20.943264,52.276002]]}},{"type":"Feature","properties":{"id":"c50","lines":"210 250 409 712 N41","n":5,"tram":0,"op":"ZTM Warszawa — buses"},"geometry":{"type":"LineString","coordinates":[[20.943264,52.274114],[20.934017,52.268448]]}},{"type":"Feature","properties":{"id":"c51","lines":"511","n":1,"tram":0,"op":"ZTM Warszawa — buses"},"geometry":{"type":"LineString","coordinates":[[20.943264,52.274114],[20.964841,52.274114],[20.977171,52.281668]]}},{"type":"Feature","properties":{"id":"c52","lines":"409","n":1,"tram":0,"op":"ZTM Warszawa — buses"},"geometry":{"type":"LineString","coordinates":[[20.943264,52.274114],[20.937099,52.270337],[20.937099,52.268448]]}},{"type":"Feature","properties":{"id":"c55","lines":"103 121 181 755 N46","n":5,"tram":0,"op":"ZTM Warszawa — buses"},"geometry":{"type":"LineString","coordinates":[[20.949429,52.274114],[20.952511,52.272225]]}},{"type":"Feature","properties":{"id":"c56","lines":"181 303 755 N41","n":4,"tram":1,"op":"mix"},"geometry":{"type":"LineString","coordinates":[[20.949429,52.274114],[20.949429,52.276002]]}},{"type":"Feature","properties":{"id":"c58","lines":"103 121 181 755 N46","n":5,"tram":1,"op":"mix"},"geometry":{"type":"LineString","coordinates":[[20.952511,52.272225],[20.955594,52.274114],[20.958676,52.274114]]}},{"type":"Feature","properties":{"id":"c59","lines":"103 121 181 755 N46","n":5,"tram":0,"op":"ZTM Warszawa — buses"},"geometry":{"type":"LineString","coordinates":[[20.958676,52.274114],[20.958676,52.272225]]}},{"type":"Feature","properties":{"id":"c61","lines":"103 181 197","n":3,"tram":0,"op":"ZTM Warszawa — buses"},"geometry":{"type":"LineString","coordinates":[[20.958676,52.272225],[20.955594,52.270337]]}},{"type":"Feature","properties":{"id":"c62","lines":"121 181 197 755 N46","n":5,"tram":1,"op":"mix"},"geometry":{"type":"LineString","coordinates":[[20.958676,52.272225],[20.961759,52.270337]]}},{"type":"Feature","properties":{"id":"c63","lines":"103 197","n":2,"tram":0,"op":"ZTM Warszawa — buses"},"geometry":{"type":"LineString","coordinates":[[20.955594,52.270337],[20.952511,52.268448]]}},{"type":"Feature","properties":{"id":"c64","lines":"156","n":1,"tram":0,"op":"ZTM Warszawa — buses"},"geometry":{"type":"LineString","coordinates":[[20.955594,52.270337],[20.958676,52.268448],[20.961759,52.268448]]}},{"type":"Feature","properties":{"id":"c65","lines":"156","n":1,"tram":0,"op":"ZTM Warszawa — buses"},"geometry":{"type":"LineString","coordinates":[[20.955594,52.270337],[20.946347,52.270337]]}},{"type":"Feature","properties":{"id":"c66","lines":"181","n":1,"tram":0,"op":"ZTM Warszawa — buses"},"geometry":{"type":"LineString","coordinates":[[20.955594,52.270337],[20.961759,52.270337]]}},{"type":"Feature","properties":{"id":"c69","lines":"103","n":1,"tram":0,"op":"ZTM Warszawa — buses"},"geometry":{"type":"LineString","coordinates":[[20.952511,52.268448],[20.946347,52.264671]]}},{"type":"Feature","properties":{"id":"c70","lines":"110 112 116 303 N02 N44","n":6,"tram":0,"op":"ZTM Warszawa — buses"},"geometry":{"type":"LineString","coordinates":[[20.952511,52.268448],[20.946347,52.268448]]}},{"type":"Feature","properties":{"id":"c71","lines":"110 112 116 197 303 N02 N44","n":7,"tram":0,"op":"ZTM Warszawa — buses"},"geometry":{"type":"LineString","coordinates":[[20.952511,52.268448],[20.955594,52.268448]]}},{"type":"Feature","properties":{"id":"c72","lines":"110 112 116 303 N02 N44","n":6,"tram":0,"op":"ZTM Warszawa — buses"},"geometry":{"type":"LineString","coordinates":[[20.952511,52.268448],[20.946347,52.268448]]}},{"type":"Feature","properties":{"id":"c73","lines":"103","n":1,"tram":0,"op":"ZTM Warszawa — buses"},"geometry":{"type":"LineString","coordinates":[[20.946347,52.264671],[20.943264,52.262782]]}},{"type":"Feature","properties":{"id":"c74","lines":"103","n":1,"tram":0,"op":"ZTM Warszawa — buses"},"geometry":{"type":"LineString","coordinates":[[20.946347,52.264671],[20.949429,52.262782]]}},{"type":"Feature","properties":{"id":"c75","lines":"114 N41 N91","n":3,"tram":1,"op":"mix"},"geometry":{"type":"LineString","coordinates":[[20.946347,52.264671],[20.943264,52.26656]]}},{"type":"Feature","properties":{"id":"c76","lines":"114 N41 N91","n":3,"tram":1,"op":"mix"},"geometry":{"type":"LineString","coordinates":[[20.946347,52.264671],[20.949429,52.26656],[20.958676,52.26656]]}},{"type":"Feature","properties":{"id":"c77","lines":"114 N41 N91","n":3,"tram":0,"op":"ZTM Warszawa — buses"},"geometry":{"type":"LineString","coordinates":[[20.946347,52.264671],[20.952511,52.264671],[20.955594,52.262782]]}},{"type":"Feature","properties":{"id":"c78","lines":"103 122 180 409","n":4,"tram":0,"op":"ZTM Warszawa — buses"},"geometry":{"type":"LineString","coordinates":[[20.943264,52.262782],[20.949429,52.262782]]}},{"type":"Feature","properties":{"id":"c79","lines":"122 180 409","n":3,"tram":0,"op":"ZTM Warszawa — buses"},"geometry":{"type":"LineString","coordinates":[[20.943264,52.262782],[20.937099,52.262782]]}},{"type":"Feature","properties":{"id":"c80","lines":"103 122 180 197","n":4,"tram":0,"op":"ZTM Warszawa — buses"},"geometry":{"type":"LineString","coordinates":[[20.949429,52.262782],[20.949429,52.260894]]}},{"type":"Feature","properties":{"id":"c81","lines":"197","n":1,"tram":0,"op":"ZTM Warszawa — buses"},"geometry":{"type":"LineString","coordinates":[[20.949429,52.262782],[20.952511,52.264671]]}},{"type":"Feature","properties":{"id":"c82","lines":"197","n":1,"tram":0,"op":"ZTM Warszawa — buses"},"geometry":{"type":"LineString","coordinates":[[20.949429,52.262782],[20.943264,52.259005],[20.943264,52.257117]]}},{"type":"Feature","properties":{"id":"c83","lines":"409","n":1,"tram":0,"op":"ZTM Warszawa — buses"},"geometry":{"type":"LineString","coordinates":[[20.949429,52.262782],[20.952511,52.260894],[20.952511,52.259005]]}},{"type":"Feature","properties":{"id":"c84","lines":"103 122 180","n":3,"tram":0,"op":"ZTM Warszawa — buses"},"geometry":{"type":"LineString","coordinates":[[20.949429,52.260894],[20.952511,52.259005]]}},{"type":"Feature","properties":{"id":"c85","lines":"197","n":1,"tram":0,"op":"ZTM Warszawa — buses"},"geometry":{"type":"LineString","coordinates":[[20.949429,52.260894],[20.943264,52.257117]]}},{"type":"Feature","properties":{"id":"c86","lines":"103 122 180 409","n":4,"tram":0,"op":"ZTM Warszawa — buses"},"geometry":{"type":"LineString","coordinates":[[20.952511,52.259005],[20.958676,52.259005]]}},{"type":"Feature","properties":{"id":"c87","lines":"186 414","n":2,"tram":0,"op":"ZTM Warszawa — buses"},"geometry":{"type":"LineString","coordinates":[[20.952511,52.259005],[20.952511,52.25334]]}},{"type":"Feature","properties":{"id":"c88","lines":"186 414","n":2,"tram":0,"op":"ZTM Warszawa — buses"},"geometry":{"type":"LineString","coordinates":[[20.952511,52.259005],[20.955594,52.259005],[20.961759,52.262782]]}},{"type":"Feature","properties":{"id":"c89","lines":"103 180 409 N41 N91","n":5,"tram":0,"op":"ZTM Warszawa — buses"},"geometry":{"type":"LineString","coordinates":[[20.958676,52.259005],[20.961759,52.257117],[20.964841,52.257117]]}},{"type":"Feature","properties":{"id":"c90","lines":"103 180 221 N41 N91","n":5,"tram":0,"op":"ZTM Warszawa — buses"},"geometry":{"type":"LineString","coordinates":[[20.958676,52.259005],[20.964841,52.259005]]}},{"type":"Feature","properties":{"id":"c91","lines":"122 221 N41 N91","n":4,"tram":0,"op":"ZTM Warszawa — buses"},"geometry":{"type":"LineString","coordinates":[[20.958676,52.259005],[20.961759,52.260894],[20.967924,52.260894]]}},{"type":"Feature","properties":{"id":"c92","lines":"103","n":1,"tram":0,"op":"ZTM Warszawa — buses"},"geometry":{"type":"LineString","coordinates":[[20.964841,52.257117],[20.964841,52.255228]]}},{"type":"Feature","properties":{"id":"c93","lines":"103 180 N41 N91","n":4,"tram":0,"op":"ZTM Warszawa — buses"},"geometry":{"type":"LineString","coordinates":[[20.964841,52.257117],[20.964841,52.259005]]}},{"type":"Feature","properties":{"id":"c94","lines":"180 409 N41 N91","n":4,"tram":0,"op":"ZTM Warszawa — buses"},"geometry":{"type":"LineString","coordinates":[[20.964841,52.257117],[20.974088,52.257117]]}},{"type":"Feature","properties":{"id":"c95","lines":"103","n":1,"tram":0,"op":"mix"},"geometry":{"type":"LineString","coordinates":[[20.964841,52.255228],[20.961759,52.25334]]}},{"type":"Feature","properties":{"id":"c97","lines":"103 106 136","n":3,"tram":0,"op":"ZTM Warszawa — buses"},"geometry":{"type":"LineString","coordinates":[[20.961759,52.25334],[20.961759,52.251451]]}},{"type":"Feature","properties":{"id":"c99","lines":"103 106 136 N45 N95","n":5,"tram":0,"op":"ZTM Warszawa — buses"},"geometry":{"type":"LineString","coordinates":[[20.961759,52.251451],[20.961759,52.243897]]}},{"type":"Feature","properties":{"id":"c100","lines":"N45 N95","n":2,"tram":1,"op":"mix"},"geometry":{"type":"LineString","coordinates":[[20.961759,52.251451],[20.958676,52.25334]]}},{"type":"Feature","properties":{"id":"c101","lines":"N45 N95","n":2,"tram":1,"op":"mix"},"geometry":{"type":"LineString","coordinates":[[20.961759,52.251451],[20.967924,52.247674]]}},{"type":"Feature","properties":{"id":"c102","lines":"103 106 N45 N95","n":4,"tram":0,"op":"ZTM Warszawa — buses"},"geometry":{"type":"LineString","coordinates":[[20.961759,52.243897],[20.961759,52.24012]]}},{"type":"Feature","properties":{"id":"c103","lines":"136 171 190 N42","n":4,"tram":0,"op":"ZTM Warszawa — buses"},"geometry":{"type":"LineString","coordinates":[[20.961759,52.243897],[20.952511,52.243897]]}},{"type":"Feature","properties":{"id":"c104","lines":"171 190 N42","n":3,"tram":0,"op":"ZTM Warszawa — buses"},"geometry":{"type":"LineString","coordinates":[[20.961759,52.243897],[20.967924,52.247674]]}},{"type":"Feature","properties":{"id":"c105","lines":"N42","n":1,"tram":0,"op":"ZTM Warszawa — buses"},"geometry":{"type":"LineString","coordinates":[[20.961759,52.243897],[20.974088,52.243897]]}},{"type":"Feature","properties":{"id":"c106","lines":"103 106 N45 N95","n":4,"tram":0,"op":"ZTM Warszawa — buses"},"geometry":{"type":"LineString","coordinates":[[20.961759,52.24012],[20.961759,52.238231]]}},{"type":"Feature","properties":{"id":"c107","lines":"106","n":1,"tram":1,"op":"mix"},"geometry":{"type":"LineString","coordinates":[[20.961759,52.24012],[20.967924,52.24012],[20.974088,52.243897]]}},{"type":"Feature","properties":{"id":"c108","lines":"N45 N95","n":2,"tram":0,"op":"ZTM Warszawa — buses"},"geometry":{"type":"LineString","coordinates":[[20.961759,52.24012],[20.967924,52.243897],[20.967924,52.247674]]}},{"type":"Feature","properties":{"id":"c112","lines":"103","n":1,"tram":0,"op":"ZTM Warszawa — buses"},"geometry":{"type":"LineString","coordinates":[[20.961759,52.238231],[20.958676,52.236342],[20.958676,52.228788]]}},{"type":"Feature","properties":{"id":"c113","lines":"105 106 178 N45 N95","n":5,"tram":1,"op":"mix"},"geometry":{"type":"LineString","coordinates":[[20.961759,52.238231],[20.980253,52.238231],[20.983336,52.24012]]}},{"type":"Feature","properties":{"id":"c114","lines":"105 178","n":2,"tram":1,"op":"mix"},"geometry":{"type":"LineString","coordinates":[[20.961759,52.238231],[20.949429,52.238231],[20.946347,52.236342]]}},{"type":"Feature","properties":{"id":"c115","lines":"105 178","n":2,"tram":0,"op":"ZTM Warszawa — buses"},"geometry":{"type":"LineString","coordinates":[[20.961759,52.238231],[20.980253,52.238231],[20.983336,52.24012]]}},{"type":"Feature","properties":{"id":"c116","lines":"221","n":1,"tram":0,"op":"ZTM Warszawa — buses"},"geometry":{"type":"LineString","coordinates":[[20.964841,52.259005],[20.971006,52.259005]]}},{"type":"Feature","properties":{"id":"c117","lines":"104 112 134 169 204 226 326 N14 N64","n":9,"tram":0,"op":"ZTM Warszawa — buses"},"geometry":{"type":"LineString","coordinates":[[21.017242,52.272225],[21.020325,52.274114]]}},{"type":"Feature","properties":{"id":"c118","lines":"112 134 176 N02 N64","n":5,"tram":0,"op":"ZTM Warszawa — buses"},"geometry":{"type":"LineString","coordinates":[[21.017242,52.272225],[21.01416,52.272225]]}},{"type":"Feature","properties":{"id":"c119","lines":"169 N02","n":2,"tram":0,"op":"mix"},"geometry":{"type":"LineString","coordinates":[[21.017242,52.272225],[21.02649,52.272225]]}},{"type":"Feature","properties":{"id":"c120","lines":"204 N14 N64","n":3,"tram":1,"op":"mix"},"geometry":{"type":"LineString","coordinates":[[21.017242,52.272225],[21.01416,52.274114]]}},{"type":"Feature","properties":{"id":"c122","lines":"104 134 204 226 326","n":5,"tram":0,"op":"ZTM Warszawa — buses"},"geometry":{"type":"LineString","coordinates":[[21.020325,52.274114],[21.020325,52.276002]]}},{"type":"Feature","properties":{"id":"c123","lines":"112 169 N14 N64","n":4,"tram":0,"op":"ZTM Warszawa — buses"},"geometry":{"type":"LineString","coordinates":[[21.020325,52.274114],[21.02649,52.274114]]}},{"type":"Feature","properties":{"id":"c124","lines":"104 204","n":2,"tram":0,"op":"ZTM Warszawa — buses"},"geometry":{"type":"LineString","coordinates":[[21.020325,52.276002],[21.017242,52.277891]]}},{"type":"Feature","properties":{"id":"c125","lines":"132 134","n":2,"tram":0,"op":"ZTM Warszawa — buses"},"geometry":{"type":"LineString","coordinates":[[21.020325,52.276002],[21.017242,52.274114],[21.01416,52.274114]]}},{"type":"Feature","properties":{"id":"c126","lines":"132 134 226 326","n":4,"tram":0,"op":"ZTM Warszawa — buses"},"geometry":{"type":"LineString","coordinates":[[21.020325,52.276002],[21.02649,52.276002]]}},{"type":"Feature","properties":{"id":"c127","lines":"104 204","n":2,"tram":0,"op":"ZTM Warszawa — buses"},"geometry":{"type":"LineString","coordinates":[[21.017242,52.277891],[21.01416,52.27978]]}},{"type":"Feature","properties":{"id":"c128","lines":"104","n":1,"tram":0,"op":"ZTM Warszawa — buses"},"geometry":{"type":"LineString","coordinates":[[21.017242,52.277891],[21.020325,52.27978]]}},{"type":"Feature","properties":{"id":"c129","lines":"104","n":1,"tram":0,"op":"ZTM Warszawa — buses"},"geometry":{"type":"LineString","coordinates":[[21.01416,52.27978],[21.020325,52.27978]]}},{"type":"Feature","properties":{"id":"c130","lines":"204","n":1,"tram":0,"op":"ZTM Warszawa — buses"},"geometry":{"type":"LineString","coordinates":[[21.01416,52.27978],[21.01416,52.281668]]}},{"type":"Feature","properties":{"id":"c131","lines":"104","n":1,"tram":0,"op":"ZTM Warszawa — buses"},"geometry":{"type":"LineString","coordinates":[[21.020325,52.27978],[21.020325,52.281668]]}},{"type":"Feature","properties":{"id":"c132","lines":"104 204 234 332 N14","n":5,"tram":0,"op":"ZTM Warszawa — buses"},"geometry":{"type":"LineString","coordinates":[[21.020325,52.281668],[21.017242,52.283557]]}},{"type":"Feature","properties":{"id":"c133","lines":"204 234 332 N14","n":4,"tram":0,"op":"ZTM Warszawa — buses"},"geometry":{"type":"LineString","coordinates":[[21.020325,52.281668],[21.02649,52.281668]]}},{"type":"Feature","properties":{"id":"c134","lines":"104 332","n":2,"tram":0,"op":"ZTM Warszawa — buses"},"geometry":{"type":"LineString","coordinates":[[21.017242,52.283557],[21.01416,52.285445]]}},{"type":"Feature","properties":{"id":"c135","lines":"204 234 332 N14","n":4,"tram":0,"op":"ZTM Warszawa — buses"},"geometry":{"type":"LineString","coordinates":[[21.017242,52.283557],[21.01416,52.281668]]}},{"type":"Feature","properties":{"id":"c136","lines":"204 234","n":2,"tram":0,"op":"ZTM Warszawa — buses"},"geometry":{"type":"LineString","coordinates":[[21.017242,52.283557],[21.011078,52.283557]]}},{"type":"Feature","properties":{"id":"c137","lines":"104 314 332 N14","n":4,"tram":0,"op":"ZTM Warszawa — buses"},"geometry":{"type":"LineString","coordinates":[[21.01416,52.285445],[21.01416,52.287334]]}},{"type":"Feature","properties":{"id":"c138","lines":"314 332","n":2,"tram":0,"op":"ZTM Warszawa — buses"},"geometry":{"type":"LineString","coordinates":[[21.01416,52.285445],[21.01416,52.281668]]}},{"type":"Feature","properties":{"id":"c139","lines":"314 N14","n":2,"tram":0,"op":"ZTM Warszawa — buses"},"geometry":{"type":"LineString","coordinates":[[21.01416,52.285445],[21.011078,52.283557]]}},{"type":"Feature","properties":{"id":"c140","lines":"152 314 332","n":3,"tram":0,"op":"ZTM Warszawa — buses"},"geometry":{"type":"LineString","coordinates":[[21.01416,52.287334],[21.020325,52.287334]]}},{"type":"Feature","properties":{"id":"c141","lines":"152","n":1,"tram":0,"op":"ZTM Warszawa — buses"},"geometry":{"type":"LineString","coordinates":[[21.01416,52.287334],[21.004913,52.293],[20.986418,52.293]]}},{"type":"Feature","properties":{"id":"c142","lines":"N14","n":1,"tram":0,"op":"ZTM Warszawa — buses"},"geometry":{"type":"LineString","coordinates":[[21.01416,52.287334],[21.011078,52.289222]]}},{"type":"Feature","properties":{"id":"c143","lines":"106 N91","n":2,"tram":1,"op":"mix"},"geometry":{"type":"LineString","coordinates":[[20.983336,52.24012],[20.983336,52.243897]]}},{"type":"Feature","properties":{"id":"c144","lines":"178 N45 N91 N95","n":4,"tram":1,"op":"mix"},"geometry":{"type":"LineString","coordinates":[[20.983336,52.24012],[20.995665,52.24012],[20.998748,52.242008]]}},{"type":"Feature","properties":{"id":"c147","lines":"105 167 184","n":3,"tram":1,"op":"mix"},"geometry":{"type":"LineString","coordinates":[[20.946347,52.236342],[20.943264,52.236342],[20.937099,52.232565]]}},{"type":"Feature","properties":{"id":"c148","lines":"136 186 414 523 N43","n":5,"tram":0,"op":"ZTM Warszawa — buses"},"geometry":{"type":"LineString","coordinates":[[20.946347,52.236342],[20.946347,52.24012]]}},{"type":"Feature","properties":{"id":"c149","lines":"136 167 178 184 186 414 523 N43","n":8,"tram":0,"op":"ZTM Warszawa — buses"},"geometry":{"type":"LineString","coordinates":[[20.946347,52.236342],[20.946347,52.230677]]}},{"type":"Feature","properties":{"id":"c150","lines":"105","n":1,"tram":0,"op":"ZTM Warszawa — buses"},"geometry":{"type":"LineString","coordinates":[[20.937099,52.232565],[20.92477,52.225011],[20.918605,52.225011]]}},{"type":"Feature","properties":{"id":"c151","lines":"167","n":1,"tram":1,"op":"mix"},"geometry":{"type":"LineString","coordinates":[[20.937099,52.232565],[20.930935,52.232565]]}},{"type":"Feature","properties":{"id":"c152","lines":"184","n":1,"tram":0,"op":"ZTM Warszawa — buses"},"geometry":{"type":"LineString","coordinates":[[20.937099,52.232565],[20.937099,52.236342]]}},{"type":"Feature","properties":{"id":"c153","lines":"105 194 713 716 N42","n":5,"tram":1,"op":"mix"},"geometry":{"type":"LineString","coordinates":[[20.918605,52.225011],[20.91244,52.221234],[20.909358,52.221234]]}},{"type":"Feature","properties":{"id":"c154","lines":"14 194 197 713 716","n":5,"tram":0,"op":"mix"},"geometry":{"type":"LineString","coordinates":[[20.918605,52.225011],[20.918605,52.228788]]}},{"type":"Feature","properties":{"id":"c155","lines":"197 N42","n":2,"tram":1,"op":"mix"},"geometry":{"type":"LineString","coordinates":[[20.918605,52.225011],[20.92477,52.228788]]}},{"type":"Feature","properties":{"id":"c156","lines":"14","n":1,"tram":0,"op":"GPA Grodzisk — buses"},"geometry":{"type":"LineString","coordinates":[[20.918605,52.225011],[20.915522,52.225011],[20.909358,52.221234]]}},{"type":"Feature","properties":{"id":"c157","lines":"14 105 713 716 N42","n":5,"tram":0,"op":"mix"},"geometry":{"type":"LineString","coordinates":[[20.909358,52.221234],[20.903193,52.217457],[20.90011,52.217457]]}},{"type":"Feature","properties":{"id":"c158","lines":"129 189 320 N01 N41","n":5,"tram":1,"op":"mix"},"geometry":{"type":"LineString","coordinates":[[20.909358,52.221234],[20.909358,52.2269]]}},{"type":"Feature","properties":{"id":"c159","lines":"129 189 194 320 N01 N41","n":6,"tram":0,"op":"ZTM Warszawa — buses"},"geometry":{"type":"LineString","coordinates":[[20.909358,52.221234],[20.909358,52.219345],[20.906275,52.217457],[20.906275,52.209902]]}},{"type":"Feature","properties":{"id":"c160","lines":"105 112 177 220 N42 N45","n":6,"tram":0,"op":"ZTM Warszawa — buses"},"geometry":{"type":"LineString","coordinates":[[20.90011,52.217457],[20.90011,52.2269]]}},{"type":"Feature","properties":{"id":"c161","lines":"14 112 713 716","n":4,"tram":0,"op":"mix"},"geometry":{"type":"LineString","coordinates":[[20.90011,52.217457],[20.897028,52.215568],[20.890863,52.215568]]}},{"type":"Feature","properties":{"id":"c162","lines":"177 220","n":2,"tram":0,"op":"ZTM Warszawa — buses"},"geometry":{"type":"LineString","coordinates":[[20.90011,52.217457],[20.90011,52.211791],[20.897028,52.209902]]}},{"type":"Feature","properties":{"id":"c163","lines":"105 122 189 190 220 349 N45","n":7,"tram":0,"op":"ZTM Warszawa — buses"},"geometry":{"type":"LineString","coordinates":[[20.90011,52.2269],[20.90011,52.230677]]}},{"type":"Feature","properties":{"id":"c164","lines":"112 122 177 189 190 249 349 743 N42","n":9,"tram":0,"op":"ZTM Warszawa — buses"},"geometry":{"type":"LineString","coordinates":[[20.90011,52.2269],[20.909358,52.2269]]}},{"type":"Feature","properties":{"id":"c165","lines":"249 743","n":2,"tram":0,"op":"ZTM Warszawa — buses"},"geometry":{"type":"LineString","coordinates":[[20.90011,52.2269],[20.890863,52.2269]]}},{"type":"Feature","properties":{"id":"c166","lines":"105 122 189 190 220 349 N45","n":7,"tram":0,"op":"ZTM Warszawa — buses"},"geometry":{"type":"LineString","coordinates":[[20.90011,52.230677],[20.903193,52.232565],[20.903193,52.238231]]}},{"type":"Feature","properties":{"id":"c167","lines":"349","n":1,"tram":0,"op":"ZTM Warszawa — buses"},"geometry":{"type":"LineString","coordinates":[[20.90011,52.230677],[20.897028,52.232565]]}},{"type":"Feature","properties":{"id":"c168","lines":"149 167 220 N45 N95","n":5,"tram":0,"op":"ZTM Warszawa — buses"},"geometry":{"type":"LineString","coordinates":[[20.903193,52.238231],[20.903193,52.242008],[20.909358,52.245785]]}},{"type":"Feature","properties":{"id":"c169","lines":"149 167 177 349 714 719 729 743 N42","n":9,"tram":1,"op":"mix"},"geometry":{"type":"LineString","coordinates":[[20.903193,52.238231],[20.906275,52.238231]]}},{"type":"Feature","properties":{"id":"c170","lines":"714 719 729 N95","n":4,"tram":0,"op":"ZTM Warszawa — buses"},"geometry":{"type":"LineString","coordinates":[[20.903193,52.238231],[20.897028,52.238231]]}},{"type":"Feature","properties":{"id":"c171","lines":"106 118","n":2,"tram":0,"op":"ZTM Warszawa — buses"},"geometry":{"type":"LineString","coordinates":[[21.020325,52.251451],[21.020325,52.249562]]}},{"type":"Feature","properties":{"id":"c172","lines":"106 118 N16","n":3,"tram":0,"op":"ZTM Warszawa — buses"},"geometry":{"type":"LineString","coordinates":[[21.020325,52.251451],[21.02649,52.247674],[21.02649,52.245785]]}},{"type":"Feature","properties":{"id":"c173","lines":"185","n":1,"tram":0,"op":"ZTM Warszawa — buses"},"geometry":{"type":"LineString","coordinates":[[21.020325,52.251451],[21.017242,52.25334],[21.017242,52.255228]]}},{"type":"Feature","properties":{"id":"c174","lines":"185","n":1,"tram":0,"op":"ZTM Warszawa — buses"},"geometry":{"type":"LineString","coordinates":[[21.020325,52.251451],[21.023407,52.251451],[21.035737,52.243897]]}},{"type":"Feature","properties":{"id":"c175","lines":"N16","n":1,"tram":0,"op":"ZTM Warszawa — buses"},"geometry":{"type":"LineString","coordinates":[[21.020325,52.251451],[21.023407,52.25334]]}},{"type":"Feature","properties":{"id":"c176","lines":"106 118","n":2,"tram":0,"op":"ZTM Warszawa — buses"},"geometry":{"type":"LineString","coordinates":[[21.020325,52.249562],[21.02649,52.245785]]}},{"type":"Feature","properties":{"id":"c177","lines":"106 118 127 N16","n":4,"tram":0,"op":"ZTM Warszawa — buses"},"geometry":{"type":"LineString","coordinates":[[21.02649,52.245785],[21.029572,52.243897]]}},{"type":"Feature","properties":{"id":"c178","lines":"127","n":1,"tram":0,"op":"ZTM Warszawa — buses"},"geometry":{"type":"LineString","coordinates":[[21.02649,52.245785],[21.02649,52.243897]]}},{"type":"Feature","properties":{"id":"c179","lines":"106 118 127 N16","n":4,"tram":0,"op":"ZTM Warszawa — buses"},"geometry":{"type":"LineString","coordinates":[[21.029572,52.243897],[21.032654,52.242008]]}},{"type":"Feature","properties":{"id":"c180","lines":"118 127","n":2,"tram":0,"op":"ZTM Warszawa — buses"},"geometry":{"type":"LineString","coordinates":[[21.029572,52.243897],[21.035737,52.243897]]}},{"type":"Feature","properties":{"id":"c181","lines":"127","n":1,"tram":0,"op":"ZTM Warszawa — buses"},"geometry":{"type":"LineString","coordinates":[[21.029572,52.243897],[21.02649,52.243897]]}},{"type":"Feature","properties":{"id":"c182","lines":"106 N16","n":2,"tram":0,"op":"ZTM Warszawa — buses"},"geometry":{"type":"LineString","coordinates":[[21.032654,52.242008],[21.035737,52.24012]]}},{"type":"Feature","properties":{"id":"c183","lines":"118 127","n":2,"tram":0,"op":"ZTM Warszawa — buses"},"geometry":{"type":"LineString","coordinates":[[21.032654,52.242008],[21.035737,52.24012],[21.038819,52.24012]]}},{"type":"Feature","properties":{"id":"c184","lines":"106 N14 N16 N64","n":4,"tram":0,"op":"ZTM Warszawa — buses"},"geometry":{"type":"LineString","coordinates":[[21.035737,52.24012],[21.02649,52.24012]]}},{"type":"Feature","properties":{"id":"c185","lines":"162 N14 N64","n":3,"tram":0,"op":"ZTM Warszawa — buses"},"geometry":{"type":"LineString","coordinates":[[21.035737,52.24012],[21.035737,52.243897]]}},{"type":"Feature","properties":{"id":"c186","lines":"162","n":1,"tram":0,"op":"ZTM Warszawa — buses"},"geometry":{"type":"LineString","coordinates":[[21.035737,52.24012],[21.035737,52.236342],[21.038819,52.234454]]}},{"type":"Feature","properties":{"id":"c187","lines":"106 178 N44","n":3,"tram":0,"op":"ZTM Warszawa — buses"},"geometry":{"type":"LineString","coordinates":[[21.02649,52.24012],[21.023407,52.242008],[21.023407,52.245785]]}},{"type":"Feature","properties":{"id":"c188","lines":"106 111 116 180 503","n":5,"tram":0,"op":"ZTM Warszawa — buses"},"geometry":{"type":"LineString","coordinates":[[21.02649,52.24012],[21.020325,52.243897]]}},{"type":"Feature","properties":{"id":"c189","lines":"106 111 116 180","n":4,"tram":0,"op":"ZTM Warszawa — buses"},"geometry":{"type":"LineString","coordinates":[[21.02649,52.24012],[21.020325,52.24012]]}},{"type":"Feature","properties":{"id":"c190","lines":"111 116 180 503","n":4,"tram":0,"op":"ZTM Warszawa — buses"},"geometry":{"type":"LineString","coordinates":[[21.02649,52.24012],[21.029572,52.24012]]}},{"type":"Feature","properties":{"id":"c191","lines":"178 N14 N16 N44 N64","n":5,"tram":0,"op":"mix"},"geometry":{"type":"LineString","coordinates":[[21.02649,52.24012],[21.017242,52.24012],[21.01416,52.242008]]}},{"type":"Feature","properties":{"id":"c193","lines":"106","n":1,"tram":0,"op":"ZTM Warszawa — buses"},"geometry":{"type":"LineString","coordinates":[[21.023407,52.245785],[21.017242,52.245785]]}},{"type":"Feature","properties":{"id":"c194","lines":"111","n":1,"tram":0,"op":"ZTM Warszawa — buses"},"geometry":{"type":"LineString","coordinates":[[21.023407,52.245785],[21.017242,52.249562],[21.01416,52.249562]]}},{"type":"Feature","properties":{"id":"c195","lines":"111 116 128 175 180 503 E-2","n":7,"tram":0,"op":"ZTM Warszawa — buses"},"geometry":{"type":"LineString","coordinates":[[21.023407,52.245785],[21.023407,52.243897],[21.029572,52.24012]]}},{"type":"Feature","properties":{"id":"c196","lines":"111 128 175","n":3,"tram":0,"op":"ZTM Warszawa — buses"},"geometry":{"type":"LineString","coordinates":[[21.023407,52.245785],[21.020325,52.245785],[21.017242,52.247674]]}},{"type":"Feature","properties":{"id":"c197","lines":"116 128 175 178 180 N44","n":6,"tram":0,"op":"ZTM Warszawa — buses"},"geometry":{"type":"LineString","coordinates":[[21.023407,52.245785],[21.023407,52.247674],[21.017242,52.251451]]}},{"type":"Feature","properties":{"id":"c198","lines":"503 E-2","n":2,"tram":0,"op":"ZTM Warszawa — buses"},"geometry":{"type":"LineString","coordinates":[[21.023407,52.245785],[21.023407,52.247674],[21.017242,52.251451]]}},{"type":"Feature","properties":{"id":"c199","lines":"106 107 128 175 N44","n":5,"tram":0,"op":"ZTM Warszawa — buses"},"geometry":{"type":"LineString","coordinates":[[21.017242,52.245785],[21.01416,52.245785]]}},{"type":"Feature","properties":{"id":"c200","lines":"106 107","n":2,"tram":0,"op":"ZTM Warszawa — buses"},"geometry":{"type":"LineString","coordinates":[[21.017242,52.245785],[21.020325,52.243897]]}},{"type":"Feature","properties":{"id":"c201","lines":"128 175 N44","n":3,"tram":0,"op":"ZTM Warszawa — buses"},"geometry":{"type":"LineString","coordinates":[[21.017242,52.245785],[21.017242,52.247674]]}},{"type":"Feature","properties":{"id":"c202","lines":"128 175","n":2,"tram":0,"op":"ZTM Warszawa — buses"},"geometry":{"type":"LineString","coordinates":[[21.017242,52.245785],[21.01416,52.243897],[21.01416,52.242008]]}},{"type":"Feature","properties":{"id":"c203","lines":"106","n":1,"tram":0,"op":"ZTM Warszawa — buses"},"geometry":{"type":"LineString","coordinates":[[21.01416,52.245785],[21.004913,52.245785]]}},{"type":"Feature","properties":{"id":"c204","lines":"107 171 N11 N13 N16 N21 N41 N42 N61 N63 N71 N91","n":12,"tram":1,"op":"mix"},"geometry":{"type":"LineString","coordinates":[[21.01416,52.245785],[21.007995,52.249562]]}},{"type":"Feature","properties":{"id":"c205","lines":"128 171 175 N11 N13 N16 N21 N41 N42 N44 N61 N63 N71 N91","n":14,"tram":1,"op":"mix"},"geometry":{"type":"LineString","coordinates":[[21.01416,52.245785],[21.01416,52.242008]]}},{"type":"Feature","properties":{"id":"c206","lines":"106","n":1,"tram":0,"op":"ZTM Warszawa — buses"},"geometry":{"type":"LineString","coordinates":[[21.004913,52.245785],[20.995665,52.245785]]}},{"type":"Feature","properties":{"id":"c207","lines":"106","n":1,"tram":0,"op":"ZTM Warszawa — buses"},"geometry":{"type":"LineString","coordinates":[[21.004913,52.245785],[21.004913,52.242008]]}},{"type":"Feature","properties":{"id":"c208","lines":"106","n":1,"tram":0,"op":"ZTM Warszawa — buses"},"geometry":{"type":"LineString","coordinates":[[20.995665,52.245785],[20.992583,52.243897],[20.983336,52.243897]]}},{"type":"Feature","properties":{"id":"c209","lines":"106 157","n":2,"tram":0,"op":"ZTM Warszawa — buses"},"geometry":{"type":"LineString","coordinates":[[20.995665,52.245785],[20.989501,52.249562]]}},{"type":"Feature","properties":{"id":"c210","lines":"106 157","n":2,"tram":0,"op":"ZTM Warszawa — buses"},"geometry":{"type":"LineString","coordinates":[[20.995665,52.245785],[20.995665,52.243897],[20.998748,52.242008]]}},{"type":"Feature","properties":{"id":"c211","lines":"100 N91","n":2,"tram":1,"op":"mix"},"geometry":{"type":"LineString","coordinates":[[20.983336,52.243897],[20.980253,52.245785]]}},{"type":"Feature","properties":{"id":"c212","lines":"100","n":1,"tram":0,"op":"ZTM Warszawa — buses"},"geometry":{"type":"LineString","coordinates":[[20.983336,52.243897],[20.989501,52.243897],[20.992583,52.242008],[20.998748,52.242008]]}},{"type":"Feature","properties":{"id":"c213","lines":"106 107 111 116 180","n":5,"tram":0,"op":"ZTM Warszawa — buses"},"geometry":{"type":"LineString","coordinates":[[21.020325,52.243897],[21.020325,52.24012]]}},{"type":"Feature","properties":{"id":"c214","lines":"107 503","n":2,"tram":0,"op":"ZTM Warszawa — buses"},"geometry":{"type":"LineString","coordinates":[[21.020325,52.243897],[21.01416,52.247674],[21.01416,52.249562]]}},{"type":"Feature","properties":{"id":"c215","lines":"107 111 116 180","n":4,"tram":0,"op":"ZTM Warszawa — buses"},"geometry":{"type":"LineString","coordinates":[[21.020325,52.243897],[21.020325,52.245785],[21.017242,52.247674]]}},{"type":"Feature","properties":{"id":"c216","lines":"106 N42","n":2,"tram":1,"op":"mix"},"geometry":{"type":"LineString","coordinates":[[20.974088,52.243897],[20.977171,52.243897],[20.980253,52.245785]]}},{"type":"Feature","properties":{"id":"c217","lines":"N42","n":1,"tram":1,"op":"mix"},"geometry":{"type":"LineString","coordinates":[[20.974088,52.243897],[20.967924,52.247674]]}},{"type":"Feature","properties":{"id":"c218","lines":"106 171 190 N42","n":4,"tram":1,"op":"mix"},"geometry":{"type":"LineString","coordinates":[[20.980253,52.245785],[20.986418,52.249562],[20.989501,52.249562]]}},{"type":"Feature","properties":{"id":"c219","lines":"171 190","n":2,"tram":0,"op":"ZTM Warszawa — buses"},"geometry":{"type":"LineString","coordinates":[[20.980253,52.245785],[20.971006,52.245785],[20.967924,52.247674]]}},{"type":"Feature","properties":{"id":"c220","lines":"N91","n":1,"tram":0,"op":"ZTM Warszawa — buses"},"geometry":{"type":"LineString","coordinates":[[20.980253,52.245785],[20.980253,52.249562],[20.977171,52.251451],[20.977171,52.25334]]}},{"type":"Feature","properties":{"id":"c221","lines":"100","n":1,"tram":0,"op":"ZTM Warszawa — buses"},"geometry":{"type":"LineString","coordinates":[[20.980253,52.245785],[20.980253,52.25334]]}},{"type":"Feature","properties":{"id":"c223","lines":"157","n":1,"tram":0,"op":"ZTM Warszawa — buses"},"geometry":{"type":"LineString","coordinates":[[20.989501,52.249562],[20.989501,52.251451]]}},{"type":"Feature","properties":{"id":"c224","lines":"171 190 N42","n":3,"tram":1,"op":"mix"},"geometry":{"type":"LineString","coordinates":[[20.989501,52.249562],[20.998748,52.249562]]}},{"type":"Feature","properties":{"id":"c225","lines":"100 106 178 N45 N91 N95","n":6,"tram":1,"op":"mix"},"geometry":{"type":"LineString","coordinates":[[20.998748,52.242008],[21.004913,52.242008]]}},{"type":"Feature","properties":{"id":"c226","lines":"157","n":1,"tram":0,"op":"ZTM Warszawa — buses"},"geometry":{"type":"LineString","coordinates":[[20.998748,52.242008],[20.998748,52.232565]]}},{"type":"Feature","properties":{"id":"c227","lines":"160 N12 N13 N21 N46 N62 N63 N71","n":8,"tram":1,"op":"mix"},"geometry":{"type":"LineString","coordinates":[[21.004913,52.242008],[20.998748,52.245785],[20.998748,52.249562]]}},{"type":"Feature","properties":{"id":"c228","lines":"100 160 174 N12 N13 N14 N16 N21 N44 N45 N46 N62 N63 N64 N71 N91 N95","n":17,"tram":1,"op":"mix"},"geometry":{"type":"LineString","coordinates":[[21.004913,52.242008],[21.004913,52.238231],[21.011078,52.234454]]}},{"type":"Feature","properties":{"id":"c229","lines":"160 N12 N45 N46 N62","n":5,"tram":0,"op":"ZTM Warszawa — buses"},"geometry":{"type":"LineString","coordinates":[[21.004913,52.242008],[21.007995,52.24012],[21.011078,52.24012]]}},{"type":"Feature","properties":{"id":"c230","lines":"178 N14 N16 N44 N64","n":5,"tram":0,"op":"mix"},"geometry":{"type":"LineString","coordinates":[[21.004913,52.242008],[21.01416,52.242008]]}},{"type":"Feature","properties":{"id":"c231","lines":"107","n":1,"tram":0,"op":"ZTM Warszawa — buses"},"geometry":{"type":"LineString","coordinates":[[21.020325,52.24012],[21.02649,52.236342]]}},{"type":"Feature","properties":{"id":"c232","lines":"107 111 180 N41 N91","n":5,"tram":0,"op":"ZTM Warszawa — buses"},"geometry":{"type":"LineString","coordinates":[[20.986418,52.25334],[20.980253,52.25334]]}},{"type":"Feature","properties":{"id":"c233","lines":"107 157","n":2,"tram":0,"op":"ZTM Warszawa — buses"},"geometry":{"type":"LineString","coordinates":[[20.986418,52.25334],[20.989501,52.251451]]}},{"type":"Feature","properties":{"id":"c234","lines":"111 180 N41 N91","n":4,"tram":0,"op":"ZTM Warszawa — buses"},"geometry":{"type":"LineString","coordinates":[[20.986418,52.25334],[20.992583,52.25334]]}},{"type":"Feature","properties":{"id":"c235","lines":"157","n":1,"tram":0,"op":"ZTM Warszawa — buses"},"geometry":{"type":"LineString","coordinates":[[20.986418,52.25334],[20.986418,52.257117]]}},{"type":"Feature","properties":{"id":"c236","lines":"107","n":1,"tram":0,"op":"ZTM Warszawa — buses"},"geometry":{"type":"LineString","coordinates":[[20.980253,52.25334],[20.983336,52.251451],[20.989501,52.251451]]}},{"type":"Feature","properties":{"id":"c237","lines":"180 N41 N91","n":3,"tram":0,"op":"ZTM Warszawa — buses"},"geometry":{"type":"LineString","coordinates":[[20.980253,52.25334],[20.977171,52.25334]]}},{"type":"Feature","properties":{"id":"c238","lines":"180 N41","n":2,"tram":0,"op":"ZTM Warszawa — buses"},"geometry":{"type":"LineString","coordinates":[[20.980253,52.25334],[20.980253,52.255228]]}},{"type":"Feature","properties":{"id":"c239","lines":"100","n":1,"tram":0,"op":"ZTM Warszawa — buses"},"geometry":{"type":"LineString","coordinates":[[20.980253,52.25334],[20.983336,52.255228],[20.995665,52.255228]]}},{"type":"Feature","properties":{"id":"c240","lines":"107","n":1,"tram":0,"op":"ZTM Warszawa — buses"},"geometry":{"type":"LineString","coordinates":[[20.989501,52.251451],[20.995665,52.251451]]}},{"type":"Feature","properties":{"id":"c241","lines":"107","n":1,"tram":0,"op":"ZTM Warszawa — buses"},"geometry":{"type":"LineString","coordinates":[[20.995665,52.251451],[20.998748,52.25334]]}},{"type":"Feature","properties":{"id":"c242","lines":"N12 N13 N46 N62 N63","n":5,"tram":1,"op":"mix"},"geometry":{"type":"LineString","coordinates":[[20.995665,52.251451],[20.992583,52.25334]]}},{"type":"Feature","properties":{"id":"c243","lines":"N12 N13 N46 N62 N63","n":5,"tram":1,"op":"mix"},"geometry":{"type":"LineString","coordinates":[[20.995665,52.251451],[20.998748,52.249562]]}},{"type":"Feature","properties":{"id":"c244","lines":"107 111 N41 N91","n":4,"tram":0,"op":"ZTM Warszawa — buses"},"geometry":{"type":"LineString","coordinates":[[20.998748,52.25334],[21.00183,52.251451]]}},{"type":"Feature","properties":{"id":"c245","lines":"111 N41 N91","n":3,"tram":0,"op":"ZTM Warszawa — buses"},"geometry":{"type":"LineString","coordinates":[[20.998748,52.25334],[20.995665,52.255228]]}},{"type":"Feature","properties":{"id":"c246","lines":"107 111 E-2 N41 N91","n":5,"tram":1,"op":"mix"},"geometry":{"type":"LineString","coordinates":[[21.00183,52.251451],[21.004913,52.249562],[21.007995,52.249562]]}},{"type":"Feature","properties":{"id":"c247","lines":"111 N41","n":2,"tram":1,"op":"mix"},"geometry":{"type":"LineString","coordinates":[[21.00183,52.251451],[21.00183,52.25334],[20.998748,52.255228]]}},{"type":"Feature","properties":{"id":"c248","lines":"160 190 N21 N71","n":4,"tram":1,"op":"mix"},"geometry":{"type":"LineString","coordinates":[[21.00183,52.251451],[21.004913,52.25334],[21.01416,52.25334]]}},{"type":"Feature","properties":{"id":"c249","lines":"160 190 N21 N71","n":4,"tram":1,"op":"mix"},"geometry":{"type":"LineString","coordinates":[[21.00183,52.251451],[20.998748,52.249562]]}},{"type":"Feature","properties":{"id":"c250","lines":"E-2","n":1,"tram":0,"op":"ZTM Warszawa — buses"},"geometry":{"type":"LineString","coordinates":[[21.00183,52.251451],[21.017242,52.251451]]}},{"type":"Feature","properties":{"id":"c252","lines":"107 111 518","n":3,"tram":0,"op":"ZTM Warszawa — buses"},"geometry":{"type":"LineString","coordinates":[[21.007995,52.249562],[21.01416,52.249562]]}},{"type":"Feature","properties":{"id":"c253","lines":"171 N13 N42 N63","n":4,"tram":0,"op":"ZTM Warszawa — buses"},"geometry":{"type":"LineString","coordinates":[[21.007995,52.249562],[20.998748,52.249562]]}},{"type":"Feature","properties":{"id":"c254","lines":"518","n":1,"tram":0,"op":"ZTM Warszawa — buses"},"geometry":{"type":"LineString","coordinates":[[21.007995,52.249562],[21.007995,52.251451]]}},{"type":"Feature","properties":{"id":"c255","lines":"E-2","n":1,"tram":0,"op":"ZTM Warszawa — buses"},"geometry":{"type":"LineString","coordinates":[[21.007995,52.249562],[21.01416,52.249562],[21.017242,52.251451]]}},{"type":"Feature","properties":{"id":"c256","lines":"N11 N16 N21 N61 N71","n":5,"tram":0,"op":"ZTM Warszawa — buses"},"geometry":{"type":"LineString","coordinates":[[21.007995,52.249562],[21.01416,52.25334]]}},{"type":"Feature","properties":{"id":"c257","lines":"107 111 116 128 175 180 N44","n":7,"tram":0,"op":"ZTM Warszawa — buses"},"geometry":{"type":"LineString","coordinates":[[21.01416,52.249562],[21.017242,52.247674]]}},{"type":"Feature","properties":{"id":"c258","lines":"116 180 503 518 N44","n":5,"tram":0,"op":"ZTM Warszawa — buses"},"geometry":{"type":"LineString","coordinates":[[21.01416,52.249562],[21.01416,52.251451]]}},{"type":"Feature","properties":{"id":"c259","lines":"503","n":1,"tram":0,"op":"ZTM Warszawa — buses"},"geometry":{"type":"LineString","coordinates":[[21.01416,52.249562],[21.007995,52.25334]]}},{"type":"Feature","properties":{"id":"c260","lines":"107","n":1,"tram":0,"op":"ZTM Warszawa — buses"},"geometry":{"type":"LineString","coordinates":[[21.02649,52.236342],[21.02649,52.234454],[21.035737,52.228788]]}},{"type":"Feature","properties":{"id":"c261","lines":"117 127 128 131 158 171 175 517 N22 N24 N33 N72 N83","n":13,"tram":1,"op":"mix"},"geometry":{"type":"LineString","coordinates":[[21.02649,52.236342],[21.023407,52.234454],[21.020325,52.234454]]}},{"type":"Feature","properties":{"id":"c262","lines":"117 158 N22 N24 N72","n":5,"tram":1,"op":"mix"},"geometry":{"type":"LineString","coordinates":[[21.02649,52.236342],[21.032654,52.236342]]}},{"type":"Feature","properties":{"id":"c263","lines":"127 131 171 517 N33 N83","n":6,"tram":0,"op":"ZTM Warszawa — buses"},"geometry":{"type":"LineString","coordinates":[[21.02649,52.236342],[21.032654,52.232565],[21.035737,52.232565]]}},{"type":"Feature","properties":{"id":"c264","lines":"128 175","n":2,"tram":0,"op":"ZTM Warszawa — buses"},"geometry":{"type":"LineString","coordinates":[[21.02649,52.236342],[21.029572,52.238231]]}},{"type":"Feature","properties":{"id":"c265","lines":"107 118 159","n":3,"tram":0,"op":"ZTM Warszawa — buses"},"geometry":{"type":"LineString","coordinates":[[21.035737,52.228788],[21.041902,52.228788]]}},{"type":"Feature","properties":{"id":"c266","lines":"118","n":1,"tram":0,"op":"ZTM Warszawa — buses"},"geometry":{"type":"LineString","coordinates":[[21.035737,52.228788],[21.035737,52.232565]]}},{"type":"Feature","properties":{"id":"c267","lines":"118 159","n":2,"tram":0,"op":"ZTM Warszawa — buses"},"geometry":{"type":"LineString","coordinates":[[21.035737,52.228788],[21.032654,52.2269]]}},{"type":"Feature","properties":{"id":"c268","lines":"107 159","n":2,"tram":0,"op":"ZTM Warszawa — buses"},"geometry":{"type":"LineString","coordinates":[[21.041902,52.228788],[21.048067,52.225011]]}},{"type":"Feature","properties":{"id":"c269","lines":"116 166 180","n":3,"tram":0,"op":"ZTM Warszawa — buses"},"geometry":{"type":"LineString","coordinates":[[21.041902,52.228788],[21.041902,52.223122]]}},{"type":"Feature","properties":{"id":"c270","lines":"116 118 166 180","n":4,"tram":0,"op":"ZTM Warszawa — buses"},"geometry":{"type":"LineString","coordinates":[[21.041902,52.228788],[21.035737,52.232565]]}},{"type":"Feature","properties":{"id":"c271","lines":"107 159 187 N33 N83","n":5,"tram":0,"op":"ZTM Warszawa — buses"},"geometry":{"type":"LineString","coordinates":[[21.048067,52.225011],[21.054231,52.221234],[21.054231,52.219345]]}},{"type":"Feature","properties":{"id":"c272","lines":"107 131 159 187 N33 N83","n":6,"tram":0,"op":"ZTM Warszawa — buses"},"geometry":{"type":"LineString","coordinates":[[21.048067,52.225011],[21.051149,52.225011]]}},{"type":"Feature","properties":{"id":"c273","lines":"108 131 162 171 N33 N83","n":6,"tram":0,"op":"ZTM Warszawa — buses"},"geometry":{"type":"LineString","coordinates":[[21.048067,52.225011],[21.048067,52.228788],[21.044984,52.230677]]}},{"type":"Feature","properties":{"id":"c274","lines":"108 162","n":2,"tram":0,"op":"ZTM Warszawa — buses"},"geometry":{"type":"LineString","coordinates":[[21.048067,52.225011],[21.048067,52.219345]]}},{"type":"Feature","properties":{"id":"c275","lines":"138 143 151 171 182 188 411 502 514 520 523 525 N25","n":13,"tram":0,"op":"ZTM Warszawa — buses"},"geometry":{"type":"LineString","coordinates":[[21.048067,52.225011],[21.051149,52.2269]]}},{"type":"Feature","properties":{"id":"c276","lines":"138 143 151 182 187 188 411 502 514 520 523 525 N25","n":13,"tram":0,"op":"ZTM Warszawa — buses"},"geometry":{"type":"LineString","coordinates":[[21.048067,52.225011],[21.044984,52.223122],[21.041902,52.223122]]}},{"type":"Feature","properties":{"id":"c277","lines":"107 131 141 159 185 187 N33 N83","n":8,"tram":0,"op":"ZTM Warszawa — buses"},"geometry":{"type":"LineString","coordinates":[[21.054231,52.219345],[21.054231,52.215568]]}},{"type":"Feature","properties":{"id":"c278","lines":"107 131 141 159 185 187 N33 N83","n":8,"tram":0,"op":"ZTM Warszawa — buses"},"geometry":{"type":"LineString","coordinates":[[21.054231,52.219345],[21.051149,52.221234],[21.051149,52.225011]]}},{"type":"Feature","properties":{"id":"c279","lines":"107 108 131 141 159 162 185 187 N33 N83","n":10,"tram":0,"op":"ZTM Warszawa — buses"},"geometry":{"type":"LineString","coordinates":[[21.054231,52.215568],[21.054231,52.211791]]}},{"type":"Feature","properties":{"id":"c280","lines":"108 162","n":2,"tram":0,"op":"ZTM Warszawa — buses"},"geometry":{"type":"LineString","coordinates":[[21.054231,52.215568],[21.048067,52.219345]]}},{"type":"Feature","properties":{"id":"c281","lines":"108 162","n":2,"tram":0,"op":"ZTM Warszawa — buses"},"geometry":{"type":"LineString","coordinates":[[21.054231,52.215568],[21.048067,52.219345]]}},{"type":"Feature","properties":{"id":"c282","lines":"107 131 141 159 162 167 185 187 N33 N83","n":10,"tram":0,"op":"ZTM Warszawa — buses"},"geometry":{"type":"LineString","coordinates":[[21.054231,52.211791],[21.054231,52.206125]]}},{"type":"Feature","properties":{"id":"c283","lines":"108 167","n":2,"tram":0,"op":"ZTM Warszawa — buses"},"geometry":{"type":"LineString","coordinates":[[21.054231,52.211791],[21.069644,52.211791]]}},{"type":"Feature","properties":{"id":"c284","lines":"107 131 141 162 180 185 187 N31 N33 N81 N83","n":11,"tram":0,"op":"ZTM Warszawa — buses"},"geometry":{"type":"LineString","coordinates":[[21.054231,52.206125],[21.054231,52.20046]]}},{"type":"Feature","properties":{"id":"c285","lines":"159 168","n":2,"tram":0,"op":"ZTM Warszawa — buses"},"geometry":{"type":"LineString","coordinates":[[21.054231,52.206125],[21.066561,52.206125]]}},{"type":"Feature","properties":{"id":"c286","lines":"167 168 180 N31 N81","n":5,"tram":0,"op":"ZTM Warszawa — buses"},"geometry":{"type":"LineString","coordinates":[[21.054231,52.206125],[21.044984,52.206125]]}},{"type":"Feature","properties":{"id":"c288","lines":"107","n":1,"tram":0,"op":"ZTM Warszawa — buses"},"geometry":{"type":"LineString","coordinates":[[21.054231,52.20046],[21.051149,52.198571]]}},{"type":"Feature","properties":{"id":"c289","lines":"131 162 180 185 187 N33 N83","n":7,"tram":0,"op":"ZTM Warszawa — buses"},"geometry":{"type":"LineString","coordinates":[[21.054231,52.20046],[21.054231,52.194794]]}},{"type":"Feature","properties":{"id":"c290","lines":"131 162 180 185 187 N33 N83","n":7,"tram":0,"op":"ZTM Warszawa — buses"},"geometry":{"type":"LineString","coordinates":[[21.054231,52.20046],[21.054231,52.196682]]}},{"type":"Feature","properties":{"id":"c291","lines":"141 N31 N81","n":3,"tram":0,"op":"ZTM Warszawa — buses"},"geometry":{"type":"LineString","coordinates":[[21.054231,52.20046],[21.048067,52.20046]]}},{"type":"Feature","properties":{"id":"c292","lines":"107 119","n":2,"tram":0,"op":"ZTM Warszawa — buses"},"geometry":{"type":"LineString","coordinates":[[21.051149,52.198571],[21.048067,52.196682]]}},{"type":"Feature","properties":{"id":"c293","lines":"119","n":1,"tram":0,"op":"ZTM Warszawa — buses"},"geometry":{"type":"LineString","coordinates":[[21.051149,52.198571],[21.048067,52.20046]]}},{"type":"Feature","properties":{"id":"c294","lines":"107 119","n":2,"tram":0,"op":"ZTM Warszawa — buses"},"geometry":{"type":"LineString","coordinates":[[21.048067,52.196682],[21.051149,52.194794]]}},{"type":"Feature","properties":{"id":"c295","lines":"107","n":1,"tram":0,"op":"ZTM Warszawa — buses"},"geometry":{"type":"LineString","coordinates":[[21.048067,52.196682],[21.048067,52.191017],[21.051149,52.189128]]}},{"type":"Feature","properties":{"id":"c296","lines":"107 148 N03","n":3,"tram":0,"op":"ZTM Warszawa — buses"},"geometry":{"type":"LineString","coordinates":[[21.051149,52.194794],[21.051149,52.189128]]}},{"type":"Feature","properties":{"id":"c297","lines":"119 148 N03","n":3,"tram":0,"op":"ZTM Warszawa — buses"},"geometry":{"type":"LineString","coordinates":[[21.051149,52.194794],[21.054231,52.196682]]}},{"type":"Feature","properties":{"id":"c298","lines":"107 166 402 503","n":4,"tram":0,"op":"ZTM Warszawa — buses"},"geometry":{"type":"LineString","coordinates":[[21.051149,52.189128],[21.041902,52.183462],[21.041902,52.181574]]}},{"type":"Feature","properties":{"id":"c299","lines":"116 166 172 N31 N81","n":5,"tram":0,"op":"ZTM Warszawa — buses"},"geometry":{"type":"LineString","coordinates":[[21.051149,52.189128],[21.048067,52.191017]]}},{"type":"Feature","properties":{"id":"c300","lines":"116 148 172 N03 N31 N81","n":6,"tram":0,"op":"ZTM Warszawa — buses"},"geometry":{"type":"LineString","coordinates":[[21.051149,52.189128],[21.048067,52.187239]]}},{"type":"Feature","properties":{"id":"c301","lines":"116 166 172 503 N31 N81","n":6,"tram":0,"op":"ZTM Warszawa — buses"},"geometry":{"type":"LineString","coordinates":[[21.051149,52.189128],[21.051149,52.191017],[21.044984,52.194794]]}},{"type":"Feature","properties":{"id":"c302","lines":"402","n":1,"tram":0,"op":"ZTM Warszawa — buses"},"geometry":{"type":"LineString","coordinates":[[21.051149,52.189128],[21.054231,52.191017],[21.054231,52.196682]]}},{"type":"Feature","properties":{"id":"c303","lines":"107 166","n":2,"tram":0,"op":"ZTM Warszawa — buses"},"geometry":{"type":"LineString","coordinates":[[21.041902,52.181574],[21.041902,52.175908]]}},{"type":"Feature","properties":{"id":"c304","lines":"402 503","n":2,"tram":0,"op":"ZTM Warszawa — buses"},"geometry":{"type":"LineString","coordinates":[[21.041902,52.181574],[21.041902,52.175908]]}},{"type":"Feature","properties":{"id":"c305","lines":"107 163 164 217 251","n":5,"tram":0,"op":"ZTM Warszawa — buses"},"geometry":{"type":"LineString","coordinates":[[21.041902,52.175908],[21.035737,52.175908]]}},{"type":"Feature","properties":{"id":"c306","lines":"148 166 185 189 317 402 503 N03 N33 N50 N83","n":11,"tram":0,"op":"ZTM Warszawa — buses"},"geometry":{"type":"LineString","coordinates":[[21.041902,52.175908],[21.041902,52.174019],[21.038819,52.172131]]}},{"type":"Feature","properties":{"id":"c307","lines":"148 163 185 189 519 N03 N33 N83","n":8,"tram":0,"op":"ZTM Warszawa — buses"},"geometry":{"type":"LineString","coordinates":[[21.041902,52.175908],[21.044984,52.177797]]}},{"type":"Feature","properties":{"id":"c308","lines":"164 217 251 317 N50","n":5,"tram":0,"op":"ZTM Warszawa — buses"},"geometry":{"type":"LineString","coordinates":[[21.041902,52.175908],[21.057314,52.175908]]}},{"type":"Feature","properties":{"id":"c309","lines":"164 217 251","n":3,"tram":0,"op":"ZTM Warszawa — buses"},"geometry":{"type":"LineString","coordinates":[[21.041902,52.175908],[21.035737,52.175908]]}},{"type":"Feature","properties":{"id":"c310","lines":"519","n":1,"tram":0,"op":"ZTM Warszawa — buses"},"geometry":{"type":"LineString","coordinates":[[21.041902,52.175908],[21.029572,52.175908]]}},{"type":"Feature","properties":{"id":"c311","lines":"107 163 164 217 251","n":5,"tram":0,"op":"ZTM Warszawa — buses"},"geometry":{"type":"LineString","coordinates":[[21.035737,52.175908],[21.029572,52.175908]]}},{"type":"Feature","properties":{"id":"c312","lines":"107 163 164 217 251 519 N50","n":7,"tram":0,"op":"ZTM Warszawa — buses"},"geometry":{"type":"LineString","coordinates":[[21.029572,52.175908],[21.02649,52.177797]]}},{"type":"Feature","properties":{"id":"c313","lines":"N50","n":1,"tram":0,"op":"ZTM Warszawa — buses"},"geometry":{"type":"LineString","coordinates":[[21.029572,52.175908],[21.02649,52.174019],[21.02649,52.172131]]}},{"type":"Feature","properties":{"id":"c314","lines":"130 N37","n":2,"tram":1,"op":"mix"},"geometry":{"type":"LineString","coordinates":[[21.02649,52.177797],[21.032654,52.181574]]}},{"type":"Feature","properties":{"id":"c315","lines":"165 218","n":2,"tram":0,"op":"ZTM Warszawa — buses"},"geometry":{"type":"LineString","coordinates":[[21.02649,52.177797],[21.023407,52.175908],[21.020325,52.175908]]}},{"type":"Feature","properties":{"id":"c316","lines":"300 331 709 727 739 N37","n":6,"tram":0,"op":"ZTM Warszawa — buses"},"geometry":{"type":"LineString","coordinates":[[21.02649,52.177797],[21.020325,52.174019],[21.020325,52.170242]]}},{"type":"Feature","properties":{"id":"c317","lines":"401","n":1,"tram":0,"op":"mix"},"geometry":{"type":"LineString","coordinates":[[21.02649,52.177797],[21.02649,52.172131]]}},{"type":"Feature","properties":{"id":"c319","lines":"128 175","n":2,"tram":0,"op":"ZTM Warszawa — buses"},"geometry":{"type":"LineString","coordinates":[[21.017242,52.247674],[21.017242,52.251451]]}},{"type":"Feature","properties":{"id":"c320","lines":"131 141 185","n":3,"tram":0,"op":"ZTM Warszawa — buses"},"geometry":{"type":"LineString","coordinates":[[21.051149,52.225011],[21.051149,52.2269]]}},{"type":"Feature","properties":{"id":"c321","lines":"141","n":1,"tram":0,"op":"ZTM Warszawa — buses"},"geometry":{"type":"LineString","coordinates":[[21.051149,52.225011],[21.054231,52.2269],[21.054231,52.228788]]}},{"type":"Feature","properties":{"id":"c322","lines":"100 108 118 127 131 166 171 N33 N83","n":9,"tram":0,"op":"ZTM Warszawa — buses"},"geometry":{"type":"LineString","coordinates":[[21.035737,52.232565],[21.038819,52.234454]]}},{"type":"Feature","properties":{"id":"c323","lines":"116 180 503 E-2","n":4,"tram":0,"op":"ZTM Warszawa — buses"},"geometry":{"type":"LineString","coordinates":[[21.035737,52.232565],[21.029572,52.236342],[21.029572,52.238231]]}},{"type":"Feature","properties":{"id":"c324","lines":"100 116 166 180 503 E-2","n":6,"tram":0,"op":"ZTM Warszawa — buses"},"geometry":{"type":"LineString","coordinates":[[21.035737,52.232565],[21.035737,52.2269],[21.041902,52.223122]]}},{"type":"Feature","properties":{"id":"c325","lines":"118 127 166","n":3,"tram":0,"op":"ZTM Warszawa — buses"},"geometry":{"type":"LineString","coordinates":[[21.035737,52.232565],[21.038819,52.232565],[21.041902,52.234454]]}},{"type":"Feature","properties":{"id":"c326","lines":"108 131 162 171 N33 N83","n":6,"tram":0,"op":"ZTM Warszawa — buses"},"geometry":{"type":"LineString","coordinates":[[21.038819,52.234454],[21.044984,52.230677]]}},{"type":"Feature","properties":{"id":"c327","lines":"118 127 166","n":3,"tram":0,"op":"ZTM Warszawa — buses"},"geometry":{"type":"LineString","coordinates":[[21.038819,52.234454],[21.041902,52.234454]]}},{"type":"Feature","properties":{"id":"c328","lines":"100","n":1,"tram":0,"op":"ZTM Warszawa — buses"},"geometry":{"type":"LineString","coordinates":[[21.038819,52.234454],[21.035737,52.236342],[21.035737,52.243897]]}},{"type":"Feature","properties":{"id":"c329","lines":"131 171","n":2,"tram":0,"op":"ZTM Warszawa — buses"},"geometry":{"type":"LineString","coordinates":[[21.044984,52.230677],[21.051149,52.2269]]}},{"type":"Feature","properties":{"id":"c330","lines":"108","n":1,"tram":0,"op":"ZTM Warszawa — buses"},"geometry":{"type":"LineString","coordinates":[[21.069644,52.211791],[21.069644,52.204237]]}},{"type":"Feature","properties":{"id":"c331","lines":"167","n":1,"tram":0,"op":"ZTM Warszawa — buses"},"geometry":{"type":"LineString","coordinates":[[21.069644,52.211791],[21.072726,52.209902]]}},{"type":"Feature","properties":{"id":"c332","lines":"108","n":1,"tram":0,"op":"ZTM Warszawa — buses"},"geometry":{"type":"LineString","coordinates":[[21.069644,52.204237],[21.069644,52.20046]]}},{"type":"Feature","properties":{"id":"c333","lines":"108","n":1,"tram":0,"op":"ZTM Warszawa — buses"},"geometry":{"type":"LineString","coordinates":[[21.069644,52.204237],[21.069644,52.20046]]}},{"type":"Feature","properties":{"id":"c334","lines":"108","n":1,"tram":0,"op":"ZTM Warszawa — buses"},"geometry":{"type":"LineString","coordinates":[[21.069644,52.20046],[21.075808,52.196682],[21.075808,52.194794]]}},{"type":"Feature","properties":{"id":"c335","lines":"108 130 162","n":3,"tram":0,"op":"ZTM Warszawa — buses"},"geometry":{"type":"LineString","coordinates":[[21.075808,52.194794],[21.069644,52.194794],[21.066561,52.192905],[21.060396,52.192905]]}},{"type":"Feature","properties":{"id":"c336","lines":"108 131 180 185 187 N33 N83","n":7,"tram":0,"op":"ZTM Warszawa — buses"},"geometry":{"type":"LineString","coordinates":[[21.060396,52.192905],[21.060396,52.187239]]}},{"type":"Feature","properties":{"id":"c337","lines":"108","n":1,"tram":0,"op":"ZTM Warszawa — buses"},"geometry":{"type":"LineString","coordinates":[[21.060396,52.192905],[21.057314,52.191017]]}},{"type":"Feature","properties":{"id":"c338","lines":"130","n":1,"tram":0,"op":"ZTM Warszawa — buses"},"geometry":{"type":"LineString","coordinates":[[21.060396,52.192905],[21.051149,52.192905],[21.048067,52.191017]]}},{"type":"Feature","properties":{"id":"c339","lines":"131 162 180 185 187 N33 N83","n":7,"tram":0,"op":"ZTM Warszawa — buses"},"geometry":{"type":"LineString","coordinates":[[21.060396,52.192905],[21.054231,52.196682]]}},{"type":"Feature","properties":{"id":"c340","lines":"162","n":1,"tram":0,"op":"ZTM Warszawa — buses"},"geometry":{"type":"LineString","coordinates":[[21.060396,52.192905],[21.057314,52.194794],[21.054231,52.194794]]}},{"type":"Feature","properties":{"id":"c341","lines":"108 163 172 185 187 189 N33 N83","n":8,"tram":0,"op":"ZTM Warszawa — buses"},"geometry":{"type":"LineString","coordinates":[[21.060396,52.187239],[21.054231,52.183462],[21.051149,52.183462]]}},{"type":"Feature","properties":{"id":"c342","lines":"108 131 180 185 187 N33 N83","n":7,"tram":0,"op":"ZTM Warszawa — buses"},"geometry":{"type":"LineString","coordinates":[[21.060396,52.187239],[21.057314,52.189128],[21.057314,52.191017]]}},{"type":"Feature","properties":{"id":"c343","lines":"131 163 172 180 189","n":5,"tram":0,"op":"ZTM Warszawa — buses"},"geometry":{"type":"LineString","coordinates":[[21.060396,52.187239],[21.063479,52.185351]]}},{"type":"Feature","properties":{"id":"c344","lines":"108 148 163 185 187 189 519 N03 N33 N83","n":10,"tram":0,"op":"ZTM Warszawa — buses"},"geometry":{"type":"LineString","coordinates":[[21.051149,52.183462],[21.044984,52.179685],[21.044984,52.177797]]}},{"type":"Feature","properties":{"id":"c345","lines":"116 148 172 E-2 N03 N31 N81","n":7,"tram":1,"op":"mix"},"geometry":{"type":"LineString","coordinates":[[21.051149,52.183462],[21.048067,52.185351],[21.048067,52.187239]]}},{"type":"Feature","properties":{"id":"c346","lines":"116 519 E-2 N31 N81","n":5,"tram":0,"op":"ZTM Warszawa — buses"},"geometry":{"type":"LineString","coordinates":[[21.051149,52.183462],[21.054231,52.181574]]}},{"type":"Feature","properties":{"id":"c349","lines":"131 180 185 187 N33 N83","n":6,"tram":0,"op":"ZTM Warszawa — buses"},"geometry":{"type":"LineString","coordinates":[[21.057314,52.191017],[21.054231,52.192905],[21.054231,52.194794]]}},{"type":"Feature","properties":{"id":"c350","lines":"1 110","n":2,"tram":0,"op":"mix"},"geometry":{"type":"LineString","coordinates":[[20.927852,52.281668],[20.92477,52.27978]]}},{"type":"Feature","properties":{"id":"c351","lines":"1","n":1,"tram":0,"op":"KM Łomianki"},"geometry":{"type":"LineString","coordinates":[[20.927852,52.281668],[20.927852,52.285445],[20.930935,52.287334]]}},{"type":"Feature","properties":{"id":"c352","lines":"1","n":1,"tram":0,"op":"KM Łomianki"},"geometry":{"type":"LineString","coordinates":[[20.927852,52.281668],[20.927852,52.27978]]}},{"type":"Feature","properties":{"id":"c353","lines":"97 110","n":2,"tram":0,"op":"mix"},"geometry":{"type":"LineString","coordinates":[[20.92477,52.27978],[20.918605,52.27978]]}},{"type":"Feature","properties":{"id":"c354","lines":"97","n":1,"tram":0,"op":"GPA Grodzisk — buses"},"geometry":{"type":"LineString","coordinates":[[20.92477,52.27978],[20.92477,52.283557],[20.930935,52.287334]]}},{"type":"Feature","properties":{"id":"c355","lines":"97","n":1,"tram":0,"op":"GPA Grodzisk — buses"},"geometry":{"type":"LineString","coordinates":[[20.92477,52.27978],[20.930935,52.283557],[20.930935,52.287334]]}},{"type":"Feature","properties":{"id":"c356","lines":"1","n":1,"tram":0,"op":"KM Łomianki"},"geometry":{"type":"LineString","coordinates":[[20.92477,52.27978],[20.921687,52.281668],[20.918605,52.281668]]}},{"type":"Feature","properties":{"id":"c357","lines":"1","n":1,"tram":0,"op":"KM Łomianki"},"geometry":{"type":"LineString","coordinates":[[20.92477,52.27978],[20.927852,52.27978]]}},{"type":"Feature","properties":{"id":"c358","lines":"1","n":1,"tram":0,"op":"KM Łomianki"},"geometry":{"type":"LineString","coordinates":[[20.92477,52.27978],[20.921687,52.27978],[20.918605,52.281668]]}},{"type":"Feature","properties":{"id":"c359","lines":"97 110 250","n":3,"tram":0,"op":"mix"},"geometry":{"type":"LineString","coordinates":[[20.918605,52.27978],[20.915522,52.277891]]}},{"type":"Feature","properties":{"id":"c360","lines":"250","n":1,"tram":0,"op":"ZTM Warszawa — buses"},"geometry":{"type":"LineString","coordinates":[[20.918605,52.27978],[20.918605,52.281668]]}},{"type":"Feature","properties":{"id":"c361","lines":"110","n":1,"tram":0,"op":"ZTM Warszawa — buses"},"geometry":{"type":"LineString","coordinates":[[20.915522,52.277891],[20.915522,52.276002]]}},{"type":"Feature","properties":{"id":"c362","lines":"97 110 250","n":3,"tram":0,"op":"mix"},"geometry":{"type":"LineString","coordinates":[[20.915522,52.277891],[20.91244,52.276002],[20.91244,52.274114]]}},{"type":"Feature","properties":{"id":"c363","lines":"110 N91","n":2,"tram":0,"op":"ZTM Warszawa — buses"},"geometry":{"type":"LineString","coordinates":[[20.915522,52.276002],[20.918605,52.274114],[20.921687,52.274114]]}},{"type":"Feature","properties":{"id":"c364","lines":"110 N91","n":2,"tram":0,"op":"ZTM Warszawa — buses"},"geometry":{"type":"LineString","coordinates":[[20.915522,52.276002],[20.91244,52.274114]]}},{"type":"Feature","properties":{"id":"c365","lines":"409","n":1,"tram":0,"op":"ZTM Warszawa — buses"},"geometry":{"type":"LineString","coordinates":[[20.921687,52.274114],[20.91244,52.274114]]}},{"type":"Feature","properties":{"id":"c366","lines":"97 110 250 409 N91","n":5,"tram":0,"op":"mix"},"geometry":{"type":"LineString","coordinates":[[20.91244,52.274114],[20.91244,52.272225]]}},{"type":"Feature","properties":{"id":"c367","lines":"97 110 N91","n":3,"tram":0,"op":"mix"},"geometry":{"type":"LineString","coordinates":[[20.91244,52.272225],[20.906275,52.268448]]}},{"type":"Feature","properties":{"id":"c368","lines":"250","n":1,"tram":0,"op":"ZTM Warszawa — buses"},"geometry":{"type":"LineString","coordinates":[[20.91244,52.272225],[20.915522,52.270337],[20.918605,52.270337]]}},{"type":"Feature","properties":{"id":"c369","lines":"409","n":1,"tram":0,"op":"ZTM Warszawa — buses"},"geometry":{"type":"LineString","coordinates":[[20.91244,52.272225],[20.915522,52.272225],[20.918605,52.270337]]}},{"type":"Feature","properties":{"id":"c370","lines":"110 N91","n":2,"tram":0,"op":"ZTM Warszawa — buses"},"geometry":{"type":"LineString","coordinates":[[20.906275,52.268448],[20.909358,52.26656]]}},{"type":"Feature","properties":{"id":"c371","lines":"N91","n":1,"tram":0,"op":"ZTM Warszawa — buses"},"geometry":{"type":"LineString","coordinates":[[20.906275,52.268448],[20.906275,52.262782]]}},{"type":"Feature","properties":{"id":"c372","lines":"97","n":1,"tram":0,"op":"GPA Grodzisk — buses"},"geometry":{"type":"LineString","coordinates":[[20.906275,52.268448],[20.903193,52.268448],[20.897028,52.264671]]}},{"type":"Feature","properties":{"id":"c373","lines":"110 210 712 N58 N91","n":5,"tram":0,"op":"ZTM Warszawa — buses"},"geometry":{"type":"LineString","coordinates":[[20.909358,52.26656],[20.92477,52.26656],[20.927852,52.268448]]}},{"type":"Feature","properties":{"id":"c374","lines":"210 N58","n":2,"tram":0,"op":"ZTM Warszawa — buses"},"geometry":{"type":"LineString","coordinates":[[20.909358,52.26656],[20.903193,52.26656],[20.90011,52.264671],[20.897028,52.264671]]}},{"type":"Feature","properties":{"id":"c375","lines":"712 N91","n":2,"tram":0,"op":"ZTM Warszawa — buses"},"geometry":{"type":"LineString","coordinates":[[20.909358,52.26656],[20.909358,52.264671],[20.906275,52.262782]]}},{"type":"Feature","properties":{"id":"c376","lines":"110 210 250 712 N58 N91","n":6,"tram":0,"op":"ZTM Warszawa — buses"},"geometry":{"type":"LineString","coordinates":[[20.927852,52.268448],[20.934017,52.268448]]}},{"type":"Feature","properties":{"id":"c377","lines":"250","n":1,"tram":0,"op":"ZTM Warszawa — buses"},"geometry":{"type":"LineString","coordinates":[[20.927852,52.268448],[20.92477,52.270337],[20.92477,52.272225]]}},{"type":"Feature","properties":{"id":"c378","lines":"110 409 N41 N58 N91","n":5,"tram":1,"op":"mix"},"geometry":{"type":"LineString","coordinates":[[20.934017,52.268448],[20.937099,52.268448]]}},{"type":"Feature","properties":{"id":"c379","lines":"110 116 N01 N41 N43 N91","n":6,"tram":1,"op":"mix"},"geometry":{"type":"LineString","coordinates":[[20.937099,52.268448],[20.940182,52.268448]]}},{"type":"Feature","properties":{"id":"c380","lines":"114 116 121 203 409 N02 N43","n":7,"tram":0,"op":"ZTM Warszawa — buses"},"geometry":{"type":"LineString","coordinates":[[20.937099,52.268448],[20.930935,52.264671]]}},{"type":"Feature","properties":{"id":"c381","lines":"110 116 N01 N41 N43 N91","n":6,"tram":0,"op":"ZTM Warszawa — buses"},"geometry":{"type":"LineString","coordinates":[[20.940182,52.268448],[20.946347,52.268448]]}},{"type":"Feature","properties":{"id":"c383","lines":"112 184 N01 N02 N41 N43 N91","n":7,"tram":0,"op":"ZTM Warszawa — buses"},"geometry":{"type":"LineString","coordinates":[[20.946347,52.268448],[20.943264,52.26656]]}},{"type":"Feature","properties":{"id":"c384","lines":"184 303 N44","n":3,"tram":0,"op":"ZTM Warszawa — buses"},"geometry":{"type":"LineString","coordinates":[[20.946347,52.268448],[20.946347,52.270337]]}},{"type":"Feature","properties":{"id":"c385","lines":"110 112 116 N02 N44","n":5,"tram":0,"op":"ZTM Warszawa — buses"},"geometry":{"type":"LineString","coordinates":[[20.955594,52.268448],[20.961759,52.268448]]}},{"type":"Feature","properties":{"id":"c386","lines":"197 303","n":2,"tram":0,"op":"ZTM Warszawa — buses"},"geometry":{"type":"LineString","coordinates":[[20.955594,52.268448],[20.952511,52.26656],[20.952511,52.264671]]}},{"type":"Feature","properties":{"id":"c387","lines":"110 112 116 156 N02 N44","n":6,"tram":1,"op":"mix"},"geometry":{"type":"LineString","coordinates":[[20.961759,52.268448],[20.967924,52.268448]]}},{"type":"Feature","properties":{"id":"c388","lines":"112 156 N02","n":3,"tram":0,"op":"ZTM Warszawa — buses"},"geometry":{"type":"LineString","coordinates":[[20.961759,52.268448],[20.967924,52.272225],[20.980253,52.272225]]}},{"type":"Feature","properties":{"id":"c389","lines":"755","n":1,"tram":1,"op":"mix"},"geometry":{"type":"LineString","coordinates":[[20.961759,52.268448],[20.961759,52.270337]]}},{"type":"Feature","properties":{"id":"c391","lines":"110 116 132 134 326 518 705 735 N13 N44 N63","n":11,"tram":1,"op":"mix"},"geometry":{"type":"LineString","coordinates":[[20.967924,52.268448],[20.971006,52.26656]]}},{"type":"Feature","properties":{"id":"c392","lines":"112 132 134 156 186 326 414 518 705 735 N02 N13 N63","n":13,"tram":0,"op":"ZTM Warszawa — buses"},"geometry":{"type":"LineString","coordinates":[[20.967924,52.268448],[20.974088,52.272225],[20.980253,52.272225]]}},{"type":"Feature","properties":{"id":"c393","lines":"186 414","n":2,"tram":0,"op":"ZTM Warszawa — buses"},"geometry":{"type":"LineString","coordinates":[[20.967924,52.268448],[20.967924,52.26656],[20.961759,52.262782]]}},{"type":"Feature","properties":{"id":"c394","lines":"116 N44","n":2,"tram":1,"op":"mix"},"geometry":{"type":"LineString","coordinates":[[20.971006,52.26656],[20.986418,52.26656]]}},{"type":"Feature","properties":{"id":"c395","lines":"121","n":1,"tram":0,"op":"ZTM Warszawa — buses"},"geometry":{"type":"LineString","coordinates":[[20.971006,52.26656],[20.971006,52.272225]]}},{"type":"Feature","properties":{"id":"c396","lines":"518","n":1,"tram":1,"op":"mix"},"geometry":{"type":"LineString","coordinates":[[20.971006,52.26656],[20.986418,52.26656]]}},{"type":"Feature","properties":{"id":"c397","lines":"N13 N63","n":2,"tram":1,"op":"mix"},"geometry":{"type":"LineString","coordinates":[[20.971006,52.26656],[20.977171,52.262782]]}},{"type":"Feature","properties":{"id":"c398","lines":"N13 N63","n":2,"tram":0,"op":"ZTM Warszawa — buses"},"geometry":{"type":"LineString","coordinates":[[20.971006,52.26656],[20.980253,52.272225]]}},{"type":"Feature","properties":{"id":"c399","lines":"111 180 N41 N91","n":4,"tram":0,"op":"ZTM Warszawa — buses"},"geometry":{"type":"LineString","coordinates":[[20.992583,52.25334],[20.995665,52.255228]]}},{"type":"Feature","properties":{"id":"c400","lines":"N12 N13 N46 N62 N63","n":5,"tram":1,"op":"mix"},"geometry":{"type":"LineString","coordinates":[[20.992583,52.25334],[20.986418,52.257117]]}},{"type":"Feature","properties":{"id":"c401","lines":"100 111 180 N41","n":4,"tram":0,"op":"ZTM Warszawa — buses"},"geometry":{"type":"LineString","coordinates":[[20.995665,52.255228],[20.998748,52.255228]]}},{"type":"Feature","properties":{"id":"c402","lines":"100 180","n":2,"tram":0,"op":"ZTM Warszawa — buses"},"geometry":{"type":"LineString","coordinates":[[20.998748,52.255228],[21.00183,52.255228],[21.004913,52.25334]]}},{"type":"Feature","properties":{"id":"c404","lines":"111 116 128 175 180 503 E-2","n":7,"tram":0,"op":"ZTM Warszawa — buses"},"geometry":{"type":"LineString","coordinates":[[21.029572,52.24012],[21.029572,52.238231]]}},{"type":"Feature","properties":{"id":"c405","lines":"111","n":1,"tram":0,"op":"ZTM Warszawa — buses"},"geometry":{"type":"LineString","coordinates":[[21.029572,52.238231],[21.032654,52.236342]]}},{"type":"Feature","properties":{"id":"c406","lines":"111 117 158 N22 N24 N72","n":6,"tram":0,"op":"mix"},"geometry":{"type":"LineString","coordinates":[[21.032654,52.236342],[21.035737,52.238231],[21.038819,52.238231]]}},{"type":"Feature","properties":{"id":"c407","lines":"507 521","n":2,"tram":1,"op":"mix"},"geometry":{"type":"LineString","coordinates":[[21.032654,52.236342],[21.035737,52.238231],[21.044984,52.238231]]}},{"type":"Feature","properties":{"id":"c408","lines":"507 521","n":2,"tram":0,"op":"mix"},"geometry":{"type":"LineString","coordinates":[[21.032654,52.236342],[21.023407,52.236342],[21.020325,52.234454]]}},{"type":"Feature","properties":{"id":"c409","lines":"111 117 158 N22 N24 N72","n":6,"tram":0,"op":"ZTM Warszawa — buses"},"geometry":{"type":"LineString","coordinates":[[21.038819,52.238231],[21.044984,52.238231]]}},{"type":"Feature","properties":{"id":"c411","lines":"111 117 158 507 521 N22 N24 N72","n":8,"tram":1,"op":"mix"},"geometry":{"type":"LineString","coordinates":[[21.044984,52.238231],[21.048067,52.238231]]}},{"type":"Feature","properties":{"id":"c412","lines":"185","n":1,"tram":0,"op":"ZTM Warszawa — buses"},"geometry":{"type":"LineString","coordinates":[[21.044984,52.238231],[21.035737,52.243897]]}},{"type":"Feature","properties":{"id":"c413","lines":"185","n":1,"tram":0,"op":"ZTM Warszawa — buses"},"geometry":{"type":"LineString","coordinates":[[21.044984,52.238231],[21.044984,52.230677],[21.051149,52.2269]]}},{"type":"Feature","properties":{"id":"c414","lines":"111 123 507 509 N02 N22 N72","n":7,"tram":0,"op":"ZTM Warszawa — buses"},"geometry":{"type":"LineString","coordinates":[[21.048067,52.238231],[21.051149,52.238231],[21.054231,52.236342]]}},{"type":"Feature","properties":{"id":"c415","lines":"117 138 146 147 E-1","n":5,"tram":0,"op":"ZTM Warszawa — buses"},"geometry":{"type":"LineString","coordinates":[[21.048067,52.238231],[21.051149,52.236342],[21.051149,52.234454]]}},{"type":"Feature","properties":{"id":"c416","lines":"146 147","n":2,"tram":0,"op":"ZTM Warszawa — buses"},"geometry":{"type":"LineString","coordinates":[[21.048067,52.238231],[21.041902,52.242008]]}},{"type":"Feature","properties":{"id":"c417","lines":"158 521 N24","n":3,"tram":0,"op":"ZTM Warszawa — buses"},"geometry":{"type":"LineString","coordinates":[[21.048067,52.238231],[21.054231,52.238231]]}},{"type":"Feature","properties":{"id":"c418","lines":"166","n":1,"tram":0,"op":"ZTM Warszawa — buses"},"geometry":{"type":"LineString","coordinates":[[21.048067,52.238231],[21.041902,52.234454]]}},{"type":"Feature","properties":{"id":"c420","lines":"111 123 N02 N22 N72","n":5,"tram":0,"op":"ZTM Warszawa — buses"},"geometry":{"type":"LineString","coordinates":[[21.054231,52.236342],[21.060396,52.232565]]}},{"type":"Feature","properties":{"id":"c421","lines":"507 509","n":2,"tram":0,"op":"ZTM Warszawa — buses"},"geometry":{"type":"LineString","coordinates":[[21.054231,52.236342],[21.060396,52.232565]]}},{"type":"Feature","properties":{"id":"c422","lines":"111 123","n":2,"tram":0,"op":"ZTM Warszawa — buses"},"geometry":{"type":"LineString","coordinates":[[21.060396,52.232565],[21.060396,52.228788]]}},{"type":"Feature","properties":{"id":"c423","lines":"147","n":1,"tram":0,"op":"ZTM Warszawa — buses"},"geometry":{"type":"LineString","coordinates":[[21.060396,52.232565],[21.054231,52.232565]]}},{"type":"Feature","properties":{"id":"c424","lines":"147 507 509 N02 N22 N72","n":6,"tram":0,"op":"ZTM Warszawa — buses"},"geometry":{"type":"LineString","coordinates":[[21.060396,52.232565],[21.060396,52.228788]]}},{"type":"Feature","properties":{"id":"c425","lines":"111 123 147 N02 N22 N72","n":6,"tram":0,"op":"ZTM Warszawa — buses"},"geometry":{"type":"LineString","coordinates":[[21.060396,52.228788],[21.060396,52.2269],[21.063479,52.225011]]}},{"type":"Feature","properties":{"id":"c426","lines":"111 123 147 411 507 509 E-1 N02 N22 N72","n":10,"tram":0,"op":"ZTM Warszawa — buses"},"geometry":{"type":"LineString","coordinates":[[21.060396,52.228788],[21.066561,52.225011]]}},{"type":"Feature","properties":{"id":"c427","lines":"141 143 151 182 188 411 502 514 520 523 525 N25","n":12,"tram":0,"op":"ZTM Warszawa — buses"},"geometry":{"type":"LineString","coordinates":[[21.060396,52.228788],[21.054231,52.228788]]}},{"type":"Feature","properties":{"id":"c428","lines":"141 143 151 182 188 502 514 520 523 525 N25","n":11,"tram":0,"op":"ZTM Warszawa — buses"},"geometry":{"type":"LineString","coordinates":[[21.060396,52.228788],[21.063479,52.230677]]}},{"type":"Feature","properties":{"id":"c429","lines":"E-1","n":1,"tram":0,"op":"ZTM Warszawa — buses"},"geometry":{"type":"LineString","coordinates":[[21.060396,52.228788],[21.057314,52.230677],[21.051149,52.230677]]}},{"type":"Feature","properties":{"id":"c430","lines":"111 117 123 147 N02 N22 N72","n":7,"tram":0,"op":"ZTM Warszawa — buses"},"geometry":{"type":"LineString","coordinates":[[21.063479,52.225011],[21.066561,52.225011]]}},{"type":"Feature","properties":{"id":"c431","lines":"117","n":1,"tram":0,"op":"ZTM Warszawa — buses"},"geometry":{"type":"LineString","coordinates":[[21.063479,52.225011],[21.057314,52.225011]]}},{"type":"Feature","properties":{"id":"c432","lines":"111 117 123 147 411 507 509 E-1 N02 N22 N72","n":11,"tram":0,"op":"ZTM Warszawa — buses"},"geometry":{"type":"LineString","coordinates":[[21.066561,52.225011],[21.069644,52.225011]]}},{"type":"Feature","properties":{"id":"c433","lines":"111 311","n":2,"tram":0,"op":"ZTM Warszawa — buses"},"geometry":{"type":"LineString","coordinates":[[21.069644,52.225011],[21.075808,52.225011]]}},{"type":"Feature","properties":{"id":"c434","lines":"117 123 311 N22 N72","n":5,"tram":0,"op":"ZTM Warszawa — buses"},"geometry":{"type":"LineString","coordinates":[[21.069644,52.225011],[21.075808,52.221234]]}},{"type":"Feature","properties":{"id":"c435","lines":"147 411 507 509 E-1 N02","n":6,"tram":0,"op":"ZTM Warszawa — buses"},"geometry":{"type":"LineString","coordinates":[[21.069644,52.225011],[21.072726,52.223122],[21.075808,52.223122]]}},{"type":"Feature","properties":{"id":"c436","lines":"111 123 213 509 N02 N22 N72","n":7,"tram":0,"op":"ZTM Warszawa — buses"},"geometry":{"type":"LineString","coordinates":[[21.075808,52.225011],[21.081973,52.221234]]}},{"type":"Feature","properties":{"id":"c437","lines":"123 148 168 225 311 N02 N03","n":7,"tram":0,"op":"ZTM Warszawa — buses"},"geometry":{"type":"LineString","coordinates":[[21.075808,52.225011],[21.075808,52.2269]]}},{"type":"Feature","properties":{"id":"c438","lines":"148 168 213 225 509 N03 N22 N72","n":8,"tram":0,"op":"ZTM Warszawa — buses"},"geometry":{"type":"LineString","coordinates":[[21.075808,52.225011],[21.075808,52.223122]]}},{"type":"Feature","properties":{"id":"c439","lines":"311","n":1,"tram":0,"op":"ZTM Warszawa — buses"},"geometry":{"type":"LineString","coordinates":[[21.075808,52.225011],[21.078891,52.2269]]}},{"type":"Feature","properties":{"id":"c440","lines":"117 123 219 311","n":4,"tram":0,"op":"ZTM Warszawa — buses"},"geometry":{"type":"LineString","coordinates":[[21.081973,52.221234],[21.075808,52.221234]]}},{"type":"Feature","properties":{"id":"c441","lines":"148 402 N03 N72","n":4,"tram":0,"op":"ZTM Warszawa — buses"},"geometry":{"type":"LineString","coordinates":[[21.081973,52.221234],[21.081973,52.219345],[21.078891,52.217457]]}},{"type":"Feature","properties":{"id":"c442","lines":"148 219 225 411 507 E-1 N02 N03","n":8,"tram":0,"op":"ZTM Warszawa — buses"},"geometry":{"type":"LineString","coordinates":[[21.081973,52.221234],[21.078891,52.221234],[21.075808,52.223122]]}},{"type":"Feature","properties":{"id":"c443","lines":"219 411","n":2,"tram":0,"op":"ZTM Warszawa — buses"},"geometry":{"type":"LineString","coordinates":[[21.081973,52.221234],[21.088138,52.217457],[21.088138,52.21368]]}},{"type":"Feature","properties":{"id":"c444","lines":"402 N22","n":2,"tram":0,"op":"ZTM Warszawa — buses"},"geometry":{"type":"LineString","coordinates":[[21.081973,52.221234],[21.088138,52.225011],[21.088138,52.228788]]}},{"type":"Feature","properties":{"id":"c445","lines":"N72","n":1,"tram":0,"op":"ZTM Warszawa — buses"},"geometry":{"type":"LineString","coordinates":[[21.081973,52.221234],[21.081973,52.21368]]}},{"type":"Feature","properties":{"id":"c446","lines":"112 184 201 220 N01 N41 N43","n":7,"tram":1,"op":"mix"},"geometry":{"type":"LineString","coordinates":[[20.930935,52.259005],[20.927852,52.259005],[20.92477,52.257117]]}},{"type":"Feature","properties":{"id":"c447","lines":"112 122 171 184 N01 N41 N43","n":7,"tram":1,"op":"mix"},"geometry":{"type":"LineString","coordinates":[[20.930935,52.259005],[20.937099,52.262782]]}},{"type":"Feature","properties":{"id":"c448","lines":"122 171 201 220","n":4,"tram":0,"op":"ZTM Warszawa — buses"},"geometry":{"type":"LineString","coordinates":[[20.930935,52.259005],[20.92477,52.255228],[20.92477,52.25334]]}},{"type":"Feature","properties":{"id":"c449","lines":"201","n":1,"tram":0,"op":"ZTM Warszawa — buses"},"geometry":{"type":"LineString","coordinates":[[20.930935,52.259005],[20.934017,52.257117]]}},{"type":"Feature","properties":{"id":"c450","lines":"201","n":1,"tram":0,"op":"ZTM Warszawa — buses"},"geometry":{"type":"LineString","coordinates":[[20.930935,52.259005],[20.934017,52.257117]]}},{"type":"Feature","properties":{"id":"c451","lines":"112 184 201 N01 N41 N43","n":6,"tram":1,"op":"mix"},"geometry":{"type":"LineString","coordinates":[[20.92477,52.257117],[20.92477,52.25334]]}},{"type":"Feature","properties":{"id":"c452","lines":"112 114 184 N01 N02 N41 N43","n":7,"tram":1,"op":"mix"},"geometry":{"type":"LineString","coordinates":[[20.937099,52.262782],[20.943264,52.26656]]}},{"type":"Feature","properties":{"id":"c453","lines":"114 171 180 N02 N43","n":5,"tram":0,"op":"ZTM Warszawa — buses"},"geometry":{"type":"LineString","coordinates":[[20.937099,52.262782],[20.930935,52.262782]]}},{"type":"Feature","properties":{"id":"c454","lines":"409","n":1,"tram":0,"op":"ZTM Warszawa — buses"},"geometry":{"type":"LineString","coordinates":[[20.937099,52.262782],[20.930935,52.262782]]}},{"type":"Feature","properties":{"id":"c455","lines":"112 132 134 156 414 N02","n":6,"tram":0,"op":"ZTM Warszawa — buses"},"geometry":{"type":"LineString","coordinates":[[20.980253,52.272225],[20.983336,52.274114],[20.998748,52.274114]]}},{"type":"Feature","properties":{"id":"c456","lines":"157 181 185 N46","n":4,"tram":0,"op":"ZTM Warszawa — buses"},"geometry":{"type":"LineString","coordinates":[[20.980253,52.272225],[20.983336,52.270337]]}},{"type":"Feature","properties":{"id":"c457","lines":"157 181 185 N46","n":4,"tram":0,"op":"ZTM Warszawa — buses"},"geometry":{"type":"LineString","coordinates":[[20.980253,52.272225],[20.971006,52.272225]]}},{"type":"Feature","properties":{"id":"c458","lines":"186 326 705 735 N13 N63","n":6,"tram":0,"op":"ZTM Warszawa — buses"},"geometry":{"type":"LineString","coordinates":[[20.980253,52.272225],[20.989501,52.277891]]}},{"type":"Feature","properties":{"id":"c459","lines":"186 326 705 735 N13 N63","n":6,"tram":0,"op":"ZTM Warszawa — buses"},"geometry":{"type":"LineString","coordinates":[[20.980253,52.272225],[20.986418,52.276002],[20.995665,52.276002]]}},{"type":"Feature","properties":{"id":"c460","lines":"518","n":1,"tram":0,"op":"ZTM Warszawa — buses"},"geometry":{"type":"LineString","coordinates":[[20.980253,52.272225],[20.980253,52.274114],[20.986418,52.277891],[20.986418,52.27978]]}},{"type":"Feature","properties":{"id":"c461","lines":"112 114 132 134 145 156 414 N02","n":8,"tram":0,"op":"ZTM Warszawa — buses"},"geometry":{"type":"LineString","coordinates":[[20.998748,52.274114],[21.00183,52.274114],[21.004913,52.276002]]}},{"type":"Feature","properties":{"id":"c462","lines":"114","n":1,"tram":0,"op":"ZTM Warszawa — buses"},"geometry":{"type":"LineString","coordinates":[[20.998748,52.274114],[20.992583,52.270337]]}},{"type":"Feature","properties":{"id":"c463","lines":"211 516 723 731 736","n":5,"tram":0,"op":"ZTM Warszawa — buses"},"geometry":{"type":"LineString","coordinates":[[20.998748,52.274114],[20.998748,52.276002]]}},{"type":"Feature","properties":{"id":"c464","lines":"211 509 516 723 731 736 N03","n":7,"tram":0,"op":"ZTM Warszawa — buses"},"geometry":{"type":"LineString","coordinates":[[20.998748,52.274114],[20.995665,52.276002]]}},{"type":"Feature","properties":{"id":"c465","lines":"509 N03","n":2,"tram":1,"op":"mix"},"geometry":{"type":"LineString","coordinates":[[20.998748,52.274114],[21.004913,52.270337]]}},{"type":"Feature","properties":{"id":"c466","lines":"112 114 134 145 156 414 N02","n":7,"tram":0,"op":"mix"},"geometry":{"type":"LineString","coordinates":[[21.004913,52.276002],[21.011078,52.272225],[21.01416,52.272225]]}},{"type":"Feature","properties":{"id":"c467","lines":"112 114 134 145 156 N02","n":6,"tram":0,"op":"ZTM Warszawa — buses"},"geometry":{"type":"LineString","coordinates":[[21.004913,52.276002],[21.011078,52.272225]]}},{"type":"Feature","properties":{"id":"c468","lines":"132 134","n":2,"tram":0,"op":"ZTM Warszawa — buses"},"geometry":{"type":"LineString","coordinates":[[21.004913,52.276002],[21.007995,52.274114],[21.01416,52.274114]]}},{"type":"Feature","properties":{"id":"c470","lines":"112 114 126 134 145 156 176 N02 N64","n":9,"tram":0,"op":"ZTM Warszawa — buses"},"geometry":{"type":"LineString","coordinates":[[21.01416,52.272225],[21.011078,52.272225]]}},{"type":"Feature","properties":{"id":"c471","lines":"114 126 145 156 414","n":5,"tram":0,"op":"mix"},"geometry":{"type":"LineString","coordinates":[[21.01416,52.272225],[21.017242,52.270337]]}},{"type":"Feature","properties":{"id":"c472","lines":"112 114 199 245 409 414 500 N14 N64","n":9,"tram":0,"op":"ZTM Warszawa — buses"},"geometry":{"type":"LineString","coordinates":[[21.02649,52.274114],[21.02649,52.272225]]}},{"type":"Feature","properties":{"id":"c473","lines":"114 169 199 245 409 414 500","n":7,"tram":0,"op":"ZTM Warszawa — buses"},"geometry":{"type":"LineString","coordinates":[[21.02649,52.274114],[21.029572,52.276002]]}},{"type":"Feature","properties":{"id":"c474","lines":"112 126 145 156 169 199 212 245 409 500 N02","n":11,"tram":0,"op":"mix"},"geometry":{"type":"LineString","coordinates":[[21.02649,52.272225],[21.032654,52.272225]]}},{"type":"Feature","properties":{"id":"c475","lines":"114 126 145 156 212 414 N14 N64","n":8,"tram":0,"op":"ZTM Warszawa — buses"},"geometry":{"type":"LineString","coordinates":[[21.02649,52.272225],[21.02649,52.270337]]}},{"type":"Feature","properties":{"id":"c476","lines":"112 126 212 240 256 527 R9","n":7,"tram":0,"op":"mix"},"geometry":{"type":"LineString","coordinates":[[21.032654,52.272225],[21.035737,52.274114]]}},{"type":"Feature","properties":{"id":"c477","lines":"120 156 160 169 409 500 N02 N11","n":8,"tram":0,"op":"ZTM Warszawa — buses"},"geometry":{"type":"LineString","coordinates":[[21.032654,52.272225],[21.032654,52.270337]]}},{"type":"Feature","properties":{"id":"c478","lines":"120 160 240 256 N11","n":5,"tram":0,"op":"ZTM Warszawa — buses"},"geometry":{"type":"LineString","coordinates":[[21.032654,52.272225],[21.032654,52.274114]]}},{"type":"Feature","properties":{"id":"c479","lines":"145 199 245","n":3,"tram":0,"op":"ZTM Warszawa — buses"},"geometry":{"type":"LineString","coordinates":[[21.032654,52.272225],[21.041902,52.272225],[21.044984,52.270337]]}},{"type":"Feature","properties":{"id":"c481","lines":"112 120 126 160 212 240 256 527 N11 R9","n":10,"tram":0,"op":"mix"},"geometry":{"type":"LineString","coordinates":[[21.035737,52.274114],[21.035737,52.276002]]}},{"type":"Feature","properties":{"id":"c482","lines":"120 160 240 256 N11","n":5,"tram":0,"op":"ZTM Warszawa — buses"},"geometry":{"type":"LineString","coordinates":[[21.035737,52.274114],[21.032654,52.274114]]}},{"type":"Feature","properties":{"id":"c483","lines":"112 R9","n":2,"tram":0,"op":"mix"},"geometry":{"type":"LineString","coordinates":[[21.035737,52.276002],[21.041902,52.276002],[21.044984,52.277891]]}},{"type":"Feature","properties":{"id":"c484","lines":"112 N11","n":2,"tram":0,"op":"ZTM Warszawa — buses"},"geometry":{"type":"LineString","coordinates":[[21.035737,52.276002],[21.038819,52.277891]]}},{"type":"Feature","properties":{"id":"c485","lines":"120 160 240 256 527 N11 R9","n":7,"tram":0,"op":"mix"},"geometry":{"type":"LineString","coordinates":[[21.035737,52.276002],[21.035737,52.277891]]}},{"type":"Feature","properties":{"id":"c486","lines":"120 160 N11","n":3,"tram":0,"op":"ZTM Warszawa — buses"},"geometry":{"type":"LineString","coordinates":[[21.035737,52.276002],[21.032654,52.274114]]}},{"type":"Feature","properties":{"id":"c487","lines":"112","n":1,"tram":0,"op":"ZTM Warszawa — buses"},"geometry":{"type":"LineString","coordinates":[[21.044984,52.277891],[21.048067,52.276002]]}},{"type":"Feature","properties":{"id":"c488","lines":"112 R9","n":2,"tram":0,"op":"mix"},"geometry":{"type":"LineString","coordinates":[[21.044984,52.277891],[21.048067,52.277891],[21.051149,52.276002]]}},{"type":"Feature","properties":{"id":"c489","lines":"112","n":1,"tram":0,"op":"ZTM Warszawa — buses"},"geometry":{"type":"LineString","coordinates":[[21.044984,52.277891],[21.038819,52.277891]]}},{"type":"Feature","properties":{"id":"c490","lines":"112 190 L40 L44 L45 L46 Z1 Z3","n":8,"tram":0,"op":"mix"},"geometry":{"type":"LineString","coordinates":[[21.048067,52.276002],[21.051149,52.274114]]}},{"type":"Feature","properties":{"id":"c491","lines":"190","n":1,"tram":0,"op":"ZTM Warszawa — buses"},"geometry":{"type":"LineString","coordinates":[[21.048067,52.276002],[21.048067,52.274114],[21.051149,52.272225]]}},{"type":"Feature","properties":{"id":"c492","lines":"14 713 716","n":3,"tram":0,"op":"mix"},"geometry":{"type":"LineString","coordinates":[[20.890863,52.215568],[20.887781,52.215568]]}},{"type":"Feature","properties":{"id":"c493","lines":"112 122 129 177 190 249 349 743 N01 N42","n":10,"tram":1,"op":"mix"},"geometry":{"type":"LineString","coordinates":[[20.909358,52.2269],[20.91244,52.228788],[20.91244,52.232565]]}},{"type":"Feature","properties":{"id":"c494","lines":"129","n":1,"tram":0,"op":"ZTM Warszawa — buses"},"geometry":{"type":"LineString","coordinates":[[20.909358,52.2269],[20.909358,52.228788],[20.915522,52.232565]]}},{"type":"Feature","properties":{"id":"c495","lines":"320 N41","n":2,"tram":1,"op":"mix"},"geometry":{"type":"LineString","coordinates":[[20.909358,52.2269],[20.909358,52.234454],[20.91244,52.236342]]}},{"type":"Feature","properties":{"id":"c496","lines":"112 122 177 190 249 349 743 N01 N42","n":9,"tram":1,"op":"mix"},"geometry":{"type":"LineString","coordinates":[[20.91244,52.232565],[20.91244,52.236342]]}},{"type":"Feature","properties":{"id":"c497","lines":"129","n":1,"tram":0,"op":"ZTM Warszawa — buses"},"geometry":{"type":"LineString","coordinates":[[20.91244,52.232565],[20.915522,52.232565]]}},{"type":"Feature","properties":{"id":"c498","lines":"112 122 177 190 249 320 349 743 N01 N41 N42","n":11,"tram":1,"op":"mix"},"geometry":{"type":"LineString","coordinates":[[20.91244,52.236342],[20.91244,52.24012]]}},{"type":"Feature","properties":{"id":"c499","lines":"112 122 167 171 320 523 N01 N41 N43","n":9,"tram":1,"op":"mix"},"geometry":{"type":"LineString","coordinates":[[20.91244,52.24012],[20.91244,52.242008]]}},{"type":"Feature","properties":{"id":"c500","lines":"149 167 177 349 714 719 729 743 N42","n":9,"tram":1,"op":"mix"},"geometry":{"type":"LineString","coordinates":[[20.91244,52.24012],[20.909358,52.24012],[20.906275,52.238231]]}},{"type":"Feature","properties":{"id":"c501","lines":"167 171 190 249 523 N43","n":6,"tram":0,"op":"ZTM Warszawa — buses"},"geometry":{"type":"LineString","coordinates":[[20.91244,52.24012],[20.918605,52.243897]]}},{"type":"Feature","properties":{"id":"c503","lines":"112 122 167 171 N01 N43","n":6,"tram":1,"op":"mix"},"geometry":{"type":"LineString","coordinates":[[20.91244,52.242008],[20.915522,52.243897],[20.915522,52.247674]]}},{"type":"Feature","properties":{"id":"c504","lines":"320 523 N41","n":3,"tram":0,"op":"ZTM Warszawa — buses"},"geometry":{"type":"LineString","coordinates":[[20.91244,52.242008],[20.918605,52.245785],[20.918605,52.249562]]}},{"type":"Feature","properties":{"id":"c505","lines":"112 122 167 171 N01 N43","n":6,"tram":1,"op":"mix"},"geometry":{"type":"LineString","coordinates":[[20.915522,52.247674],[20.918605,52.249562]]}},{"type":"Feature","properties":{"id":"c508","lines":"112 N43","n":2,"tram":0,"op":"ZTM Warszawa — buses"},"geometry":{"type":"LineString","coordinates":[[20.918605,52.249562],[20.92477,52.25334]]}},{"type":"Feature","properties":{"id":"c509","lines":"122 171 220 N01 N45 N95","n":6,"tram":1,"op":"mix"},"geometry":{"type":"LineString","coordinates":[[20.918605,52.249562],[20.92477,52.249562]]}},{"type":"Feature","properties":{"id":"c510","lines":"167 220 320 523 N45 N95","n":6,"tram":0,"op":"ZTM Warszawa — buses"},"geometry":{"type":"LineString","coordinates":[[20.918605,52.249562],[20.915522,52.251451],[20.909358,52.251451]]}},{"type":"Feature","properties":{"id":"c511","lines":"N41","n":1,"tram":1,"op":"mix"},"geometry":{"type":"LineString","coordinates":[[20.918605,52.249562],[20.92477,52.25334]]}},{"type":"Feature","properties":{"id":"c512","lines":"122 171 184 220 N01","n":5,"tram":0,"op":"ZTM Warszawa — buses"},"geometry":{"type":"LineString","coordinates":[[20.92477,52.25334],[20.92477,52.249562]]}},{"type":"Feature","properties":{"id":"c513","lines":"112 140 340 738 L40 L44 L45 L46 N61","n":9,"tram":0,"op":"ZTM Warszawa — buses"},"geometry":{"type":"LineString","coordinates":[[21.051149,52.274114],[21.051149,52.276002]]}},{"type":"Feature","properties":{"id":"c514","lines":"140 190 340 738 N61","n":5,"tram":0,"op":"ZTM Warszawa — buses"},"geometry":{"type":"LineString","coordinates":[[21.051149,52.274114],[21.051149,52.270337]]}},{"type":"Feature","properties":{"id":"c515","lines":"140 340 738 N61","n":4,"tram":0,"op":"ZTM Warszawa — buses"},"geometry":{"type":"LineString","coordinates":[[21.051149,52.274114],[21.051149,52.272225]]}},{"type":"Feature","properties":{"id":"c516","lines":"Z1 Z3","n":2,"tram":0,"op":"Ząbki"},"geometry":{"type":"LineString","coordinates":[[21.051149,52.274114],[21.057314,52.274114],[21.060396,52.272225]]}},{"type":"Feature","properties":{"id":"c517","lines":"Z1 Z3","n":2,"tram":0,"op":"Ząbki"},"geometry":{"type":"LineString","coordinates":[[21.051149,52.274114],[21.054231,52.276002],[21.060396,52.276002]]}},{"type":"Feature","properties":{"id":"c518","lines":"140 340 738 L40 L44 L45 L46 N61 R9","n":9,"tram":0,"op":"mix"},"geometry":{"type":"LineString","coordinates":[[21.051149,52.276002],[21.054231,52.277891]]}},{"type":"Feature","properties":{"id":"c519","lines":"132 134 226 326 N11","n":5,"tram":0,"op":"ZTM Warszawa — buses"},"geometry":{"type":"LineString","coordinates":[[21.038819,52.277891],[21.029572,52.277891],[21.02649,52.276002]]}},{"type":"Feature","properties":{"id":"c520","lines":"132","n":1,"tram":0,"op":"ZTM Warszawa — buses"},"geometry":{"type":"LineString","coordinates":[[21.038819,52.277891],[21.035737,52.277891]]}},{"type":"Feature","properties":{"id":"c521","lines":"126 176 N64","n":3,"tram":0,"op":"mix"},"geometry":{"type":"LineString","coordinates":[[21.011078,52.272225],[21.007995,52.272225],[21.00183,52.276002]]}},{"type":"Feature","properties":{"id":"c522","lines":"114 N41","n":2,"tram":0,"op":"ZTM Warszawa — buses"},"geometry":{"type":"LineString","coordinates":[[20.940182,52.281668],[20.937099,52.27978],[20.934017,52.27978]]}},{"type":"Feature","properties":{"id":"c523","lines":"114 150 750 755 800 N41 N56","n":7,"tram":0,"op":"ZTM Warszawa — buses"},"geometry":{"type":"LineString","coordinates":[[20.940182,52.281668],[20.943264,52.27978]]}},{"type":"Feature","properties":{"id":"c524","lines":"150 750 755 N56","n":4,"tram":0,"op":"ZTM Warszawa — buses"},"geometry":{"type":"LineString","coordinates":[[20.940182,52.281668],[20.934017,52.285445]]}},{"type":"Feature","properties":{"id":"c525","lines":"800","n":1,"tram":0,"op":"ZTM Warszawa — buses"},"geometry":{"type":"LineString","coordinates":[[20.940182,52.281668],[20.937099,52.283557],[20.878533,52.283557]]}},{"type":"Feature","properties":{"id":"c526","lines":"114 N41","n":2,"tram":0,"op":"ZTM Warszawa — buses"},"geometry":{"type":"LineString","coordinates":[[20.934017,52.27978],[20.934017,52.277891]]}},{"type":"Feature","properties":{"id":"c527","lines":"114 150 181 303 409 750 755 800 N41 N56","n":10,"tram":0,"op":"ZTM Warszawa — buses"},"geometry":{"type":"LineString","coordinates":[[20.943264,52.27978],[20.946347,52.277891]]}},{"type":"Feature","properties":{"id":"c528","lines":"114 181 303 409 N41","n":5,"tram":0,"op":"ZTM Warszawa — buses"},"geometry":{"type":"LineString","coordinates":[[20.943264,52.27978],[20.940182,52.277891],[20.934017,52.277891]]}},{"type":"Feature","properties":{"id":"c529","lines":"114 150 409 750 755 800 N01 N44 N56","n":9,"tram":0,"op":"ZTM Warszawa — buses"},"geometry":{"type":"LineString","coordinates":[[20.946347,52.277891],[20.943264,52.276002]]}},{"type":"Feature","properties":{"id":"c530","lines":"181 303 755 N41","n":4,"tram":0,"op":"ZTM Warszawa — buses"},"geometry":{"type":"LineString","coordinates":[[20.946347,52.277891],[20.949429,52.276002]]}},{"type":"Feature","properties":{"id":"c531","lines":"N01","n":1,"tram":0,"op":"ZTM Warszawa — buses"},"geometry":{"type":"LineString","coordinates":[[20.946347,52.277891],[20.958676,52.277891],[20.961759,52.27978]]}},{"type":"Feature","properties":{"id":"c534","lines":"114 116 121 409 N02 N43","n":6,"tram":0,"op":"ZTM Warszawa — buses"},"geometry":{"type":"LineString","coordinates":[[20.930935,52.264671],[20.930935,52.262782]]}},{"type":"Feature","properties":{"id":"c535","lines":"203","n":1,"tram":0,"op":"ZTM Warszawa — buses"},"geometry":{"type":"LineString","coordinates":[[20.930935,52.264671],[20.921687,52.264671],[20.918605,52.262782]]}},{"type":"Feature","properties":{"id":"c536","lines":"114 303 N41 N91","n":4,"tram":0,"op":"ZTM Warszawa — buses"},"geometry":{"type":"LineString","coordinates":[[20.958676,52.26656],[20.964841,52.262782]]}},{"type":"Feature","properties":{"id":"c537","lines":"303","n":1,"tram":0,"op":"ZTM Warszawa — buses"},"geometry":{"type":"LineString","coordinates":[[20.958676,52.26656],[20.955594,52.26656],[20.952511,52.264671]]}},{"type":"Feature","properties":{"id":"c539","lines":"114 303 N41 N91","n":4,"tram":1,"op":"mix"},"geometry":{"type":"LineString","coordinates":[[20.964841,52.262782],[20.971006,52.262782]]}},{"type":"Feature","properties":{"id":"c540","lines":"114 303 N41 N91","n":4,"tram":1,"op":"mix"},"geometry":{"type":"LineString","coordinates":[[20.964841,52.262782],[20.961759,52.262782]]}},{"type":"Feature","properties":{"id":"c541","lines":"114 122 303","n":3,"tram":0,"op":"ZTM Warszawa — buses"},"geometry":{"type":"LineString","coordinates":[[20.971006,52.262782],[20.977171,52.262782]]}},{"type":"Feature","properties":{"id":"c542","lines":"122 N41 N91","n":3,"tram":0,"op":"ZTM Warszawa — buses"},"geometry":{"type":"LineString","coordinates":[[20.971006,52.262782],[20.967924,52.260894]]}},{"type":"Feature","properties":{"id":"c544","lines":"114 122 303 N46","n":4,"tram":0,"op":"ZTM Warszawa — buses"},"geometry":{"type":"LineString","coordinates":[[20.977171,52.262782],[20.980253,52.264671]]}},{"type":"Feature","properties":{"id":"c545","lines":"N13 N46 N63","n":3,"tram":1,"op":"mix"},"geometry":{"type":"LineString","coordinates":[[20.977171,52.262782],[20.980253,52.260894]]}},{"type":"Feature","properties":{"id":"c546","lines":"114 122 303 N46","n":4,"tram":0,"op":"ZTM Warszawa — buses"},"geometry":{"type":"LineString","coordinates":[[20.980253,52.264671],[20.983336,52.264671],[20.986418,52.26656]]}},{"type":"Feature","properties":{"id":"c547","lines":"N46","n":1,"tram":0,"op":"ZTM Warszawa — buses"},"geometry":{"type":"LineString","coordinates":[[20.980253,52.264671],[20.980253,52.260894]]}},{"type":"Feature","properties":{"id":"c548","lines":"114 185","n":2,"tram":0,"op":"ZTM Warszawa — buses"},"geometry":{"type":"LineString","coordinates":[[20.986418,52.26656],[20.992583,52.26656]]}},{"type":"Feature","properties":{"id":"c549","lines":"116 157 518 N44","n":4,"tram":1,"op":"mix"},"geometry":{"type":"LineString","coordinates":[[20.986418,52.26656],[20.995665,52.260894]]}},{"type":"Feature","properties":{"id":"c550","lines":"122 157 181 185 N46","n":5,"tram":1,"op":"mix"},"geometry":{"type":"LineString","coordinates":[[20.986418,52.26656],[20.986418,52.268448]]}},{"type":"Feature","properties":{"id":"c551","lines":"114 185","n":2,"tram":0,"op":"ZTM Warszawa — buses"},"geometry":{"type":"LineString","coordinates":[[20.992583,52.26656],[20.998748,52.26656]]}},{"type":"Feature","properties":{"id":"c552","lines":"114","n":1,"tram":0,"op":"ZTM Warszawa — buses"},"geometry":{"type":"LineString","coordinates":[[20.992583,52.26656],[20.992583,52.270337]]}},{"type":"Feature","properties":{"id":"c553","lines":"114","n":1,"tram":0,"op":"ZTM Warszawa — buses"},"geometry":{"type":"LineString","coordinates":[[20.998748,52.26656],[20.992583,52.270337]]}},{"type":"Feature","properties":{"id":"c554","lines":"185","n":1,"tram":0,"op":"ZTM Warszawa — buses"},"geometry":{"type":"LineString","coordinates":[[20.998748,52.26656],[21.004913,52.262782],[21.007995,52.262782]]}},{"type":"Feature","properties":{"id":"c555","lines":"114 126 145 156 414 N14 N64","n":7,"tram":0,"op":"ZTM Warszawa — buses"},"geometry":{"type":"LineString","coordinates":[[21.017242,52.270337],[21.020325,52.270337]]}},{"type":"Feature","properties":{"id":"c556","lines":"N14 N64","n":2,"tram":0,"op":"mix"},"geometry":{"type":"LineString","coordinates":[[21.017242,52.270337],[21.020325,52.268448]]}},{"type":"Feature","properties":{"id":"c557","lines":"114 126 145 156 N14 N64","n":6,"tram":0,"op":"ZTM Warszawa — buses"},"geometry":{"type":"LineString","coordinates":[[21.020325,52.270337],[21.02649,52.270337]]}},{"type":"Feature","properties":{"id":"c558","lines":"414","n":1,"tram":0,"op":"ZTM Warszawa — buses"},"geometry":{"type":"LineString","coordinates":[[21.020325,52.270337],[21.02649,52.270337]]}},{"type":"Feature","properties":{"id":"c560","lines":"212","n":1,"tram":0,"op":"ZTM Warszawa — buses"},"geometry":{"type":"LineString","coordinates":[[21.02649,52.270337],[21.029572,52.268448],[21.032654,52.268448]]}},{"type":"Feature","properties":{"id":"c561","lines":"114 303 N41 N91","n":4,"tram":0,"op":"ZTM Warszawa — buses"},"geometry":{"type":"LineString","coordinates":[[20.961759,52.262782],[20.955594,52.262782]]}},{"type":"Feature","properties":{"id":"c562","lines":"303","n":1,"tram":0,"op":"ZTM Warszawa — buses"},"geometry":{"type":"LineString","coordinates":[[20.955594,52.262782],[20.952511,52.264671]]}},{"type":"Feature","properties":{"id":"c563","lines":"181 303","n":2,"tram":0,"op":"ZTM Warszawa — buses"},"geometry":{"type":"LineString","coordinates":[[20.934017,52.277891],[20.930935,52.276002]]}},{"type":"Feature","properties":{"id":"c564","lines":"409","n":1,"tram":0,"op":"ZTM Warszawa — buses"},"geometry":{"type":"LineString","coordinates":[[20.934017,52.277891],[20.930935,52.276002]]}},{"type":"Feature","properties":{"id":"c565","lines":"115","n":1,"tram":0,"op":"ZTM Warszawa — buses"},"geometry":{"type":"LineString","coordinates":[[21.097385,52.25334],[21.10355,52.249562],[21.10355,52.245785]]}},{"type":"Feature","properties":{"id":"c566","lines":"153","n":1,"tram":0,"op":"ZTM Warszawa — buses"},"geometry":{"type":"LineString","coordinates":[[21.097385,52.25334],[21.097385,52.257117]]}},{"type":"Feature","properties":{"id":"c567","lines":"153 225","n":2,"tram":0,"op":"ZTM Warszawa — buses"},"geometry":{"type":"LineString","coordinates":[[21.097385,52.25334],[21.091221,52.249562]]}},{"type":"Feature","properties":{"id":"c568","lines":"115 143 153 199 N24","n":5,"tram":0,"op":"ZTM Warszawa — buses"},"geometry":{"type":"LineString","coordinates":[[21.10355,52.245785],[21.100468,52.243897]]}},{"type":"Feature","properties":{"id":"c569","lines":"143 153 N24","n":3,"tram":0,"op":"ZTM Warszawa — buses"},"geometry":{"type":"LineString","coordinates":[[21.10355,52.245785],[21.112797,52.24012]]}},{"type":"Feature","properties":{"id":"c570","lines":"199","n":1,"tram":0,"op":"ZTM Warszawa — buses"},"geometry":{"type":"LineString","coordinates":[[21.10355,52.245785],[21.106633,52.247674]]}},{"type":"Feature","properties":{"id":"c571","lines":"115 143 153","n":3,"tram":0,"op":"ZTM Warszawa — buses"},"geometry":{"type":"LineString","coordinates":[[21.100468,52.243897],[21.097385,52.242008]]}},{"type":"Feature","properties":{"id":"c572","lines":"199 N24","n":2,"tram":0,"op":"ZTM Warszawa — buses"},"geometry":{"type":"LineString","coordinates":[[21.100468,52.243897],[21.097385,52.243897]]}},{"type":"Feature","properties":{"id":"c573","lines":"199 N24","n":2,"tram":0,"op":"ZTM Warszawa — buses"},"geometry":{"type":"LineString","coordinates":[[21.100468,52.243897],[21.094303,52.247674]]}},{"type":"Feature","properties":{"id":"c574","lines":"115 143 153 225","n":4,"tram":0,"op":"ZTM Warszawa — buses"},"geometry":{"type":"LineString","coordinates":[[21.097385,52.242008],[21.094303,52.242008]]}},{"type":"Feature","properties":{"id":"c575","lines":"153 225","n":2,"tram":0,"op":"ZTM Warszawa — buses"},"geometry":{"type":"LineString","coordinates":[[21.097385,52.242008],[21.097385,52.243897]]}},{"type":"Feature","properties":{"id":"c576","lines":"153 225 Z2M Z4M","n":4,"tram":0,"op":"mix"},"geometry":{"type":"LineString","coordinates":[[21.097385,52.242008],[21.097385,52.245785],[21.094303,52.247674]]}},{"type":"Feature","properties":{"id":"c577","lines":"Z2M Z4M","n":2,"tram":0,"op":"Ząbki"},"geometry":{"type":"LineString","coordinates":[[21.097385,52.242008],[21.094303,52.242008]]}},{"type":"Feature","properties":{"id":"c578","lines":"115 143","n":2,"tram":0,"op":"ZTM Warszawa — buses"},"geometry":{"type":"LineString","coordinates":[[21.094303,52.242008],[21.094303,52.24012]]}},{"type":"Feature","properties":{"id":"c579","lines":"143 225 Z2M Z4M","n":4,"tram":0,"op":"mix"},"geometry":{"type":"LineString","coordinates":[[21.094303,52.242008],[21.088138,52.245785]]}},{"type":"Feature","properties":{"id":"c580","lines":"115 183 514 N71","n":4,"tram":0,"op":"ZTM Warszawa — buses"},"geometry":{"type":"LineString","coordinates":[[21.094303,52.24012],[21.097385,52.238231]]}},{"type":"Feature","properties":{"id":"c581","lines":"115 183 514 N21","n":4,"tram":0,"op":"ZTM Warszawa — buses"},"geometry":{"type":"LineString","coordinates":[[21.094303,52.24012],[21.097385,52.238231]]}},{"type":"Feature","properties":{"id":"c582","lines":"143 183 514 N21","n":4,"tram":0,"op":"ZTM Warszawa — buses"},"geometry":{"type":"LineString","coordinates":[[21.094303,52.24012],[21.091221,52.238231],[21.091221,52.236342]]}},{"type":"Feature","properties":{"id":"c583","lines":"183 514 N71","n":3,"tram":0,"op":"ZTM Warszawa — buses"},"geometry":{"type":"LineString","coordinates":[[21.094303,52.24012],[21.094303,52.238231]]}},{"type":"Feature","properties":{"id":"c584","lines":"115 183 514 N21 N71","n":5,"tram":0,"op":"mix"},"geometry":{"type":"LineString","coordinates":[[21.097385,52.238231],[21.100468,52.238231]]}},{"type":"Feature","properties":{"id":"c586","lines":"115 183 514 N71","n":4,"tram":0,"op":"ZTM Warszawa — buses"},"geometry":{"type":"LineString","coordinates":[[21.100468,52.238231],[21.10355,52.236342]]}},{"type":"Feature","properties":{"id":"c587","lines":"115 183 514 N21","n":4,"tram":0,"op":"mix"},"geometry":{"type":"LineString","coordinates":[[21.100468,52.238231],[21.10355,52.238231],[21.106633,52.236342]]}},{"type":"Feature","properties":{"id":"c588","lines":"115 514 N71","n":3,"tram":0,"op":"ZTM Warszawa — buses"},"geometry":{"type":"LineString","coordinates":[[21.10355,52.236342],[21.106633,52.236342]]}},{"type":"Feature","properties":{"id":"c589","lines":"183","n":1,"tram":0,"op":"ZTM Warszawa — buses"},"geometry":{"type":"LineString","coordinates":[[21.10355,52.236342],[21.10355,52.234454]]}},{"type":"Feature","properties":{"id":"c590","lines":"115 183 514 N21 N71","n":5,"tram":0,"op":"mix"},"geometry":{"type":"LineString","coordinates":[[21.106633,52.236342],[21.109715,52.234454],[21.109715,52.232565]]}},{"type":"Feature","properties":{"id":"c591","lines":"183","n":1,"tram":0,"op":"ZTM Warszawa — buses"},"geometry":{"type":"LineString","coordinates":[[21.106633,52.236342],[21.10355,52.234454]]}},{"type":"Feature","properties":{"id":"c592","lines":"115 173 N21 N71","n":4,"tram":0,"op":"ZTM Warszawa — buses"},"geometry":{"type":"LineString","coordinates":[[21.109715,52.232565],[21.106633,52.230677]]}},{"type":"Feature","properties":{"id":"c593","lines":"173 514 N21 N71","n":4,"tram":0,"op":"mix"},"geometry":{"type":"LineString","coordinates":[[21.109715,52.232565],[21.112797,52.232565]]}},{"type":"Feature","properties":{"id":"c594","lines":"115 173 402 520 N02 N25 N71","n":7,"tram":0,"op":"ZTM Warszawa — buses"},"geometry":{"type":"LineString","coordinates":[[21.106633,52.230677],[21.100468,52.230677]]}},{"type":"Feature","properties":{"id":"c595","lines":"115 173 305 402 520 N02 N21 N25","n":8,"tram":0,"op":"ZTM Warszawa — buses"},"geometry":{"type":"LineString","coordinates":[[21.106633,52.230677],[21.100468,52.230677]]}},{"type":"Feature","properties":{"id":"c596","lines":"115 305 N25","n":3,"tram":0,"op":"ZTM Warszawa — buses"},"geometry":{"type":"LineString","coordinates":[[21.106633,52.230677],[21.106633,52.2269]]}},{"type":"Feature","properties":{"id":"c597","lines":"115 173 305 402 520 N02 N21 N25 N71","n":9,"tram":0,"op":"ZTM Warszawa — buses"},"geometry":{"type":"LineString","coordinates":[[21.100468,52.230677],[21.097385,52.228788]]}},{"type":"Feature","properties":{"id":"c598","lines":"173 402 520 N02 N21 N25 N71","n":7,"tram":0,"op":"ZTM Warszawa — buses"},"geometry":{"type":"LineString","coordinates":[[21.097385,52.228788],[21.088138,52.234454]]}},{"type":"Feature","properties":{"id":"c599","lines":"305","n":1,"tram":0,"op":"ZTM Warszawa — buses"},"geometry":{"type":"LineString","coordinates":[[21.097385,52.228788],[21.097385,52.2269],[21.091221,52.223122]]}},{"type":"Feature","properties":{"id":"c600","lines":"115 305 N25","n":3,"tram":0,"op":"ZTM Warszawa — buses"},"geometry":{"type":"LineString","coordinates":[[21.106633,52.2269],[21.106633,52.221234]]}},{"type":"Feature","properties":{"id":"c601","lines":"115 N25","n":2,"tram":0,"op":"ZTM Warszawa — buses"},"geometry":{"type":"LineString","coordinates":[[21.106633,52.2269],[21.106633,52.221234]]}},{"type":"Feature","properties":{"id":"c602","lines":"115 125 305 525 N25","n":5,"tram":0,"op":"ZTM Warszawa — buses"},"geometry":{"type":"LineString","coordinates":[[21.106633,52.221234],[21.106633,52.217457]]}},{"type":"Feature","properties":{"id":"c603","lines":"125 305 411 502 525 704 720 722 730","n":9,"tram":0,"op":"ZTM Warszawa — buses"},"geometry":{"type":"LineString","coordinates":[[21.106633,52.221234],[21.100468,52.221234]]}},{"type":"Feature","properties":{"id":"c604","lines":"305","n":1,"tram":0,"op":"ZTM Warszawa — buses"},"geometry":{"type":"LineString","coordinates":[[21.106633,52.221234],[21.106633,52.217457]]}},{"type":"Feature","properties":{"id":"c605","lines":"411 502","n":2,"tram":0,"op":"ZTM Warszawa — buses"},"geometry":{"type":"LineString","coordinates":[[21.106633,52.221234],[21.11588,52.221234]]}},{"type":"Feature","properties":{"id":"c606","lines":"704 720 722 730","n":4,"tram":0,"op":"ZTM Warszawa — buses"},"geometry":{"type":"LineString","coordinates":[[21.106633,52.221234],[21.11588,52.221234]]}},{"type":"Feature","properties":{"id":"c607","lines":"115 125 525 N25","n":4,"tram":0,"op":"ZTM Warszawa — buses"},"geometry":{"type":"LineString","coordinates":[[21.106633,52.217457],[21.106633,52.208014]]}},{"type":"Feature","properties":{"id":"c608","lines":"115 119 147 319","n":4,"tram":0,"op":"ZTM Warszawa — buses"},"geometry":{"type":"LineString","coordinates":[[21.106633,52.208014],[21.10355,52.206125]]}},{"type":"Feature","properties":{"id":"c609","lines":"119 125 147 319 525 N25","n":6,"tram":0,"op":"ZTM Warszawa — buses"},"geometry":{"type":"LineString","coordinates":[[21.106633,52.208014],[21.109715,52.208014]]}},{"type":"Feature","properties":{"id":"c610","lines":"115","n":1,"tram":0,"op":"ZTM Warszawa — buses"},"geometry":{"type":"LineString","coordinates":[[21.10355,52.206125],[21.106633,52.204237]]}},{"type":"Feature","properties":{"id":"c611","lines":"119 213 219 521 N22","n":5,"tram":0,"op":"mix"},"geometry":{"type":"LineString","coordinates":[[21.10355,52.206125],[21.10355,52.211791]]}},{"type":"Feature","properties":{"id":"c612","lines":"147 305","n":2,"tram":0,"op":"ZTM Warszawa — buses"},"geometry":{"type":"LineString","coordinates":[[21.10355,52.206125],[21.100468,52.206125],[21.091221,52.20046]]}},{"type":"Feature","properties":{"id":"c613","lines":"213 219","n":2,"tram":0,"op":"ZTM Warszawa — buses"},"geometry":{"type":"LineString","coordinates":[[21.10355,52.206125],[21.10355,52.196682],[21.106633,52.194794]]}},{"type":"Feature","properties":{"id":"c614","lines":"319 521 N22","n":3,"tram":0,"op":"ZTM Warszawa — buses"},"geometry":{"type":"LineString","coordinates":[[21.10355,52.206125],[21.10355,52.202348],[21.106633,52.20046]]}},{"type":"Feature","properties":{"id":"c616","lines":"115","n":1,"tram":0,"op":"mix"},"geometry":{"type":"LineString","coordinates":[[21.106633,52.204237],[21.109715,52.202348]]}},{"type":"Feature","properties":{"id":"c617","lines":"115","n":1,"tram":0,"op":"ZTM Warszawa — buses"},"geometry":{"type":"LineString","coordinates":[[21.109715,52.202348],[21.106633,52.20046]]}},{"type":"Feature","properties":{"id":"c618","lines":"115","n":1,"tram":0,"op":"mix"},"geometry":{"type":"LineString","coordinates":[[21.109715,52.202348],[21.109715,52.198571]]}},{"type":"Feature","properties":{"id":"c619","lines":"115 319 521 N22","n":4,"tram":0,"op":"ZTM Warszawa — buses"},"geometry":{"type":"LineString","coordinates":[[21.106633,52.20046],[21.109715,52.198571]]}},{"type":"Feature","properties":{"id":"c620","lines":"115 319 521 N22","n":4,"tram":0,"op":"mix"},"geometry":{"type":"LineString","coordinates":[[21.109715,52.198571],[21.109715,52.194794]]}},{"type":"Feature","properties":{"id":"c621","lines":"115 319 521 N22","n":4,"tram":0,"op":"mix"},"geometry":{"type":"LineString","coordinates":[[21.109715,52.194794],[21.109715,52.189128]]}},{"type":"Feature","properties":{"id":"c622","lines":"219","n":1,"tram":0,"op":"ZTM Warszawa — buses"},"geometry":{"type":"LineString","coordinates":[[21.109715,52.194794],[21.106633,52.194794]]}},{"type":"Feature","properties":{"id":"c624","lines":"115 319 521 N22","n":4,"tram":0,"op":"ZTM Warszawa — buses"},"geometry":{"type":"LineString","coordinates":[[21.109715,52.189128],[21.112797,52.187239]]}},{"type":"Feature","properties":{"id":"c626","lines":"115 142 N22","n":3,"tram":0,"op":"ZTM Warszawa — buses"},"geometry":{"type":"LineString","coordinates":[[21.112797,52.187239],[21.11588,52.185351]]}},{"type":"Feature","properties":{"id":"c627","lines":"115 142 213 521 N22","n":5,"tram":0,"op":"mix"},"geometry":{"type":"LineString","coordinates":[[21.112797,52.187239],[21.112797,52.185351]]}},{"type":"Feature","properties":{"id":"c628","lines":"142 213 319","n":3,"tram":0,"op":"ZTM Warszawa — buses"},"geometry":{"type":"LineString","coordinates":[[21.112797,52.187239],[21.10355,52.187239]]}},{"type":"Feature","properties":{"id":"c629","lines":"115 142 161 N22","n":4,"tram":0,"op":"ZTM Warszawa — buses"},"geometry":{"type":"LineString","coordinates":[[21.11588,52.185351],[21.118962,52.183462]]}},{"type":"Feature","properties":{"id":"c630","lines":"161","n":1,"tram":0,"op":"ZTM Warszawa — buses"},"geometry":{"type":"LineString","coordinates":[[21.11588,52.185351],[21.112797,52.185351]]}},{"type":"Feature","properties":{"id":"c631","lines":"115 142 161","n":3,"tram":0,"op":"ZTM Warszawa — buses"},"geometry":{"type":"LineString","coordinates":[[21.118962,52.183462],[21.118962,52.179685]]}},{"type":"Feature","properties":{"id":"c632","lines":"115 142 161 N22","n":4,"tram":0,"op":"ZTM Warszawa — buses"},"geometry":{"type":"LineString","coordinates":[[21.118962,52.183462],[21.11588,52.183462],[21.112797,52.185351]]}},{"type":"Feature","properties":{"id":"c633","lines":"N22","n":1,"tram":0,"op":"ZTM Warszawa — buses"},"geometry":{"type":"LineString","coordinates":[[21.118962,52.183462],[21.122045,52.185351]]}},{"type":"Feature","properties":{"id":"c634","lines":"115 142 161","n":3,"tram":0,"op":"ZTM Warszawa — buses"},"geometry":{"type":"LineString","coordinates":[[21.118962,52.179685],[21.122045,52.181574]]}},{"type":"Feature","properties":{"id":"c635","lines":"115 142 161","n":3,"tram":0,"op":"ZTM Warszawa — buses"},"geometry":{"type":"LineString","coordinates":[[21.118962,52.179685],[21.122045,52.181574]]}},{"type":"Feature","properties":{"id":"c636","lines":"115 142 161","n":3,"tram":0,"op":"ZTM Warszawa — buses"},"geometry":{"type":"LineString","coordinates":[[21.122045,52.181574],[21.122045,52.185351]]}},{"type":"Feature","properties":{"id":"c637","lines":"115 142 161","n":3,"tram":0,"op":"ZTM Warszawa — buses"},"geometry":{"type":"LineString","coordinates":[[21.122045,52.181574],[21.122045,52.185351]]}},{"type":"Feature","properties":{"id":"c638","lines":"115 142 161 N22","n":4,"tram":0,"op":"ZTM Warszawa — buses"},"geometry":{"type":"LineString","coordinates":[[21.122045,52.185351],[21.122045,52.189128]]}},{"type":"Feature","properties":{"id":"c639","lines":"115 142 N22","n":3,"tram":0,"op":"ZTM Warszawa — buses"},"geometry":{"type":"LineString","coordinates":[[21.122045,52.189128],[21.12821,52.189128]]}},{"type":"Feature","properties":{"id":"c640","lines":"161","n":1,"tram":0,"op":"ZTM Warszawa — buses"},"geometry":{"type":"LineString","coordinates":[[21.122045,52.189128],[21.122045,52.196682]]}},{"type":"Feature","properties":{"id":"c641","lines":"161 213 521 N22","n":4,"tram":0,"op":"mix"},"geometry":{"type":"LineString","coordinates":[[21.112797,52.185351],[21.112797,52.181574]]}},{"type":"Feature","properties":{"id":"c642","lines":"116 157 518 N44","n":4,"tram":1,"op":"mix"},"geometry":{"type":"LineString","coordinates":[[20.995665,52.260894],[20.995665,52.259005],[20.998748,52.257117]]}},{"type":"Feature","properties":{"id":"c643","lines":"409 500 N12 N62","n":4,"tram":1,"op":"mix"},"geometry":{"type":"LineString","coordinates":[[20.995665,52.260894],[20.992583,52.259005],[20.986418,52.259005]]}},{"type":"Feature","properties":{"id":"c644","lines":"409 500 N12 N62","n":4,"tram":1,"op":"mix"},"geometry":{"type":"LineString","coordinates":[[20.995665,52.260894],[21.004913,52.260894]]}},{"type":"Feature","properties":{"id":"c647","lines":"116 178 503 518 N44","n":5,"tram":0,"op":"ZTM Warszawa — buses"},"geometry":{"type":"LineString","coordinates":[[20.998748,52.257117],[21.00183,52.257117],[21.007995,52.25334]]}},{"type":"Feature","properties":{"id":"c648","lines":"116 178 N44","n":3,"tram":0,"op":"ZTM Warszawa — buses"},"geometry":{"type":"LineString","coordinates":[[20.998748,52.257117],[21.00183,52.257117],[21.007995,52.25334]]}},{"type":"Feature","properties":{"id":"c649","lines":"157","n":1,"tram":0,"op":"ZTM Warszawa — buses"},"geometry":{"type":"LineString","coordinates":[[20.998748,52.257117],[20.992583,52.257117]]}},{"type":"Feature","properties":{"id":"c650","lines":"178 503","n":2,"tram":0,"op":"ZTM Warszawa — buses"},"geometry":{"type":"LineString","coordinates":[[20.998748,52.257117],[21.004913,52.257117],[21.007995,52.259005]]}},{"type":"Feature","properties":{"id":"c651","lines":"100 178 503","n":3,"tram":0,"op":"ZTM Warszawa — buses"},"geometry":{"type":"LineString","coordinates":[[20.998748,52.257117],[21.004913,52.260894]]}},{"type":"Feature","properties":{"id":"c652","lines":"100","n":1,"tram":0,"op":"ZTM Warszawa — buses"},"geometry":{"type":"LineString","coordinates":[[20.998748,52.257117],[21.004913,52.25334]]}},{"type":"Feature","properties":{"id":"c655","lines":"116 178 180 503 518 N44","n":6,"tram":0,"op":"ZTM Warszawa — buses"},"geometry":{"type":"LineString","coordinates":[[21.007995,52.25334],[21.011078,52.25334],[21.01416,52.251451]]}},{"type":"Feature","properties":{"id":"c656","lines":"180","n":1,"tram":0,"op":"ZTM Warszawa — buses"},"geometry":{"type":"LineString","coordinates":[[21.007995,52.25334],[21.004913,52.25334]]}},{"type":"Feature","properties":{"id":"c657","lines":"503","n":1,"tram":0,"op":"ZTM Warszawa — buses"},"geometry":{"type":"LineString","coordinates":[[21.007995,52.25334],[21.01416,52.25334],[21.017242,52.251451]]}},{"type":"Feature","properties":{"id":"c658","lines":"116 178 180 N44","n":4,"tram":0,"op":"ZTM Warszawa — buses"},"geometry":{"type":"LineString","coordinates":[[21.01416,52.251451],[21.017242,52.251451]]}},{"type":"Feature","properties":{"id":"c659","lines":"518","n":1,"tram":0,"op":"ZTM Warszawa — buses"},"geometry":{"type":"LineString","coordinates":[[21.01416,52.251451],[21.007995,52.251451]]}},{"type":"Feature","properties":{"id":"c660","lines":"100 116 166 180 503 E-2","n":6,"tram":0,"op":"ZTM Warszawa — buses"},"geometry":{"type":"LineString","coordinates":[[21.041902,52.223122],[21.041902,52.215568],[21.044984,52.21368]]}},{"type":"Feature","properties":{"id":"c661","lines":"138 143 151 182 187 188 411 502 514 520 523 525 N25","n":13,"tram":0,"op":"ZTM Warszawa — buses"},"geometry":{"type":"LineString","coordinates":[[21.041902,52.223122],[21.038819,52.221234]]}},{"type":"Feature","properties":{"id":"c662","lines":"116 166 180 503 E-2","n":5,"tram":0,"op":"ZTM Warszawa — buses"},"geometry":{"type":"LineString","coordinates":[[21.044984,52.21368],[21.044984,52.206125]]}},{"type":"Feature","properties":{"id":"c663","lines":"100","n":1,"tram":0,"op":"ZTM Warszawa — buses"},"geometry":{"type":"LineString","coordinates":[[21.044984,52.21368],[21.044984,52.217457],[21.035737,52.223122]]}},{"type":"Feature","properties":{"id":"c664","lines":"116 166 503 E-2","n":4,"tram":1,"op":"mix"},"geometry":{"type":"LineString","coordinates":[[21.044984,52.206125],[21.044984,52.20046]]}},{"type":"Feature","properties":{"id":"c665","lines":"167 168 N31 N81","n":4,"tram":0,"op":"ZTM Warszawa — buses"},"geometry":{"type":"LineString","coordinates":[[21.044984,52.206125],[21.044984,52.209902],[21.038819,52.21368],[21.038819,52.215568]]}},{"type":"Feature","properties":{"id":"c666","lines":"167 168 N31 N81","n":4,"tram":1,"op":"mix"},"geometry":{"type":"LineString","coordinates":[[21.044984,52.206125],[21.038819,52.209902]]}},{"type":"Feature","properties":{"id":"c668","lines":"116 166 172 503 E-2 N31 N81","n":7,"tram":1,"op":"mix"},"geometry":{"type":"LineString","coordinates":[[21.044984,52.20046],[21.044984,52.194794]]}},{"type":"Feature","properties":{"id":"c669","lines":"119 141 172","n":3,"tram":0,"op":"ZTM Warszawa — buses"},"geometry":{"type":"LineString","coordinates":[[21.044984,52.20046],[21.041902,52.198571]]}},{"type":"Feature","properties":{"id":"c670","lines":"119 141 N31 N81","n":4,"tram":0,"op":"ZTM Warszawa — buses"},"geometry":{"type":"LineString","coordinates":[[21.044984,52.20046],[21.048067,52.20046]]}},{"type":"Feature","properties":{"id":"c671","lines":"116 166 172 N31 N81","n":5,"tram":1,"op":"mix"},"geometry":{"type":"LineString","coordinates":[[21.044984,52.194794],[21.044984,52.192905],[21.048067,52.191017]]}},{"type":"Feature","properties":{"id":"c672","lines":"E-2","n":1,"tram":0,"op":"ZTM Warszawa — buses"},"geometry":{"type":"LineString","coordinates":[[21.044984,52.194794],[21.048067,52.192905],[21.048067,52.187239]]}},{"type":"Feature","properties":{"id":"c673","lines":"130","n":1,"tram":0,"op":"ZTM Warszawa — buses"},"geometry":{"type":"LineString","coordinates":[[21.048067,52.191017],[21.044984,52.189128]]}},{"type":"Feature","properties":{"id":"c675","lines":"116 519 E-2 N31 N81","n":5,"tram":0,"op":"ZTM Warszawa — buses"},"geometry":{"type":"LineString","coordinates":[[21.054231,52.181574],[21.057314,52.179685],[21.057314,52.175908]]}},{"type":"Feature","properties":{"id":"c676","lines":"116 519 E-2 N31 N81","n":5,"tram":1,"op":"mix"},"geometry":{"type":"LineString","coordinates":[[21.054231,52.181574],[21.054231,52.177797],[21.057314,52.175908]]}},{"type":"Feature","properties":{"id":"c677","lines":"116 164 251 317 519 E-2 N31 N50","n":8,"tram":0,"op":"ZTM Warszawa — buses"},"geometry":{"type":"LineString","coordinates":[[21.057314,52.175908],[21.063479,52.175908]]}},{"type":"Feature","properties":{"id":"c678","lines":"217 N81","n":2,"tram":1,"op":"mix"},"geometry":{"type":"LineString","coordinates":[[21.057314,52.175908],[21.057314,52.168354]]}},{"type":"Feature","properties":{"id":"c679","lines":"131 180 N31","n":3,"tram":0,"op":"ZTM Warszawa — buses"},"geometry":{"type":"LineString","coordinates":[[21.063479,52.175908],[21.063479,52.183462]]}},{"type":"Feature","properties":{"id":"c680","lines":"164 251 263 519 N31 N50","n":6,"tram":0,"op":"ZTM Warszawa — buses"},"geometry":{"type":"LineString","coordinates":[[21.063479,52.175908],[21.063479,52.170242]]}},{"type":"Feature","properties":{"id":"c681","lines":"117 160 521 N11 N12 N13 N14 N16 N21 N32 N35 N38 N41 N44 N45 N46 N61 N62 N63 N64 N71 N85 N88 N91","n":24,"tram":0,"op":"mix"},"geometry":{"type":"LineString","coordinates":[[21.011078,52.24012],[21.011078,52.234454]]}},{"type":"Feature","properties":{"id":"c682","lines":"N11 N13 N14 N16 N21 N32 N35 N38 N41 N44 N61 N63 N64 N71 N85 N88 N91","n":17,"tram":0,"op":"mix"},"geometry":{"type":"LineString","coordinates":[[21.011078,52.24012],[21.01416,52.242008]]}},{"type":"Feature","properties":{"id":"c683","lines":"117 127 128 131 158 175 507 517 520 521 525 N22 N24 N25 N31 N32 N33 N35 N37 N38 N42 N72 N81 N83 N85 N88","n":26,"tram":1,"op":"mix"},"geometry":{"type":"LineString","coordinates":[[21.011078,52.234454],[21.020325,52.234454]]}},{"type":"Feature","properties":{"id":"c684","lines":"127 128 158 175 N32 N35 N38 N43 N85 N88","n":10,"tram":1,"op":"mix"},"geometry":{"type":"LineString","coordinates":[[21.011078,52.234454],[21.007995,52.232565],[20.998748,52.232565]]}},{"type":"Feature","properties":{"id":"c685","lines":"174 N34 N36 N86","n":4,"tram":0,"op":"ZTM Warszawa — buses"},"geometry":{"type":"LineString","coordinates":[[21.011078,52.234454],[21.011078,52.225011],[21.01416,52.223122]]}},{"type":"Feature","properties":{"id":"c686","lines":"504 517","n":2,"tram":0,"op":"ZTM Warszawa — buses"},"geometry":{"type":"LineString","coordinates":[[21.011078,52.234454],[20.998748,52.234454],[20.992583,52.230677]]}},{"type":"Feature","properties":{"id":"c687","lines":"100","n":1,"tram":0,"op":"ZTM Warszawa — buses"},"geometry":{"type":"LineString","coordinates":[[21.011078,52.234454],[21.020325,52.228788]]}},{"type":"Feature","properties":{"id":"c690","lines":"128 171 175 N32 N35 N38 N42 N85 N88","n":9,"tram":1,"op":"mix"},"geometry":{"type":"LineString","coordinates":[[21.020325,52.234454],[21.020325,52.238231],[21.01416,52.242008]]}},{"type":"Feature","properties":{"id":"c691","lines":"520 525 N25 N31 N37 N81","n":6,"tram":1,"op":"mix"},"geometry":{"type":"LineString","coordinates":[[21.020325,52.234454],[21.032654,52.2269]]}},{"type":"Feature","properties":{"id":"c693","lines":"117 138 146 147","n":4,"tram":0,"op":"ZTM Warszawa — buses"},"geometry":{"type":"LineString","coordinates":[[21.051149,52.234454],[21.054231,52.232565]]}},{"type":"Feature","properties":{"id":"c694","lines":"138 E-1","n":2,"tram":0,"op":"ZTM Warszawa — buses"},"geometry":{"type":"LineString","coordinates":[[21.051149,52.234454],[21.051149,52.230677]]}},{"type":"Feature","properties":{"id":"c695","lines":"117 146","n":2,"tram":0,"op":"ZTM Warszawa — buses"},"geometry":{"type":"LineString","coordinates":[[21.054231,52.232565],[21.054231,52.2269],[21.057314,52.225011]]}},{"type":"Feature","properties":{"id":"c696","lines":"138","n":1,"tram":0,"op":"ZTM Warszawa — buses"},"geometry":{"type":"LineString","coordinates":[[21.054231,52.232565],[21.051149,52.230677]]}},{"type":"Feature","properties":{"id":"c697","lines":"146","n":1,"tram":0,"op":"ZTM Warszawa — buses"},"geometry":{"type":"LineString","coordinates":[[21.057314,52.225011],[21.069644,52.217457],[21.078891,52.217457]]}},{"type":"Feature","properties":{"id":"c698","lines":"147 168 213 219 N22 N72","n":6,"tram":0,"op":"ZTM Warszawa — buses"},"geometry":{"type":"LineString","coordinates":[[21.075808,52.221234],[21.075808,52.223122]]}},{"type":"Feature","properties":{"id":"c699","lines":"147 213","n":2,"tram":0,"op":"ZTM Warszawa — buses"},"geometry":{"type":"LineString","coordinates":[[21.075808,52.221234],[21.078891,52.219345],[21.078891,52.217457]]}},{"type":"Feature","properties":{"id":"c700","lines":"168","n":1,"tram":0,"op":"ZTM Warszawa — buses"},"geometry":{"type":"LineString","coordinates":[[21.075808,52.221234],[21.075808,52.211791],[21.072726,52.209902]]}},{"type":"Feature","properties":{"id":"c701","lines":"118 127","n":2,"tram":0,"op":"ZTM Warszawa — buses"},"geometry":{"type":"LineString","coordinates":[[21.038819,52.24012],[21.041902,52.238231],[21.041902,52.234454]]}},{"type":"Feature","properties":{"id":"c702","lines":"118 127","n":2,"tram":0,"op":"mix"},"geometry":{"type":"LineString","coordinates":[[21.038819,52.24012],[21.035737,52.242008],[21.035737,52.243897]]}},{"type":"Feature","properties":{"id":"c703","lines":"118 151 411 502 514 520 525 N25 N31 N37 N81","n":11,"tram":1,"op":"mix"},"geometry":{"type":"LineString","coordinates":[[21.032654,52.2269],[21.032654,52.221234]]}},{"type":"Feature","properties":{"id":"c704","lines":"159","n":1,"tram":0,"op":"ZTM Warszawa — buses"},"geometry":{"type":"LineString","coordinates":[[21.032654,52.2269],[21.023407,52.2269],[21.020325,52.228788]]}},{"type":"Feature","properties":{"id":"c705","lines":"N37","n":1,"tram":1,"op":"mix"},"geometry":{"type":"LineString","coordinates":[[21.032654,52.2269],[21.032654,52.225011],[21.035737,52.223122]]}},{"type":"Feature","properties":{"id":"c706","lines":"118 N31 N37 N81","n":4,"tram":0,"op":"ZTM Warszawa — buses"},"geometry":{"type":"LineString","coordinates":[[21.032654,52.221234],[21.032654,52.219345],[21.035737,52.217457]]}},{"type":"Feature","properties":{"id":"c707","lines":"118 N31 N81","n":3,"tram":0,"op":"ZTM Warszawa — buses"},"geometry":{"type":"LineString","coordinates":[[21.032654,52.221234],[21.032654,52.219345],[21.038819,52.215568]]}},{"type":"Feature","properties":{"id":"c708","lines":"143 151 182 187 188 411 502 514 520 523 525 N25","n":12,"tram":0,"op":"ZTM Warszawa — buses"},"geometry":{"type":"LineString","coordinates":[[21.032654,52.221234],[21.038819,52.221234]]}},{"type":"Feature","properties":{"id":"c709","lines":"143 182 187 188 523","n":5,"tram":0,"op":"mix"},"geometry":{"type":"LineString","coordinates":[[21.032654,52.221234],[21.029572,52.219345],[21.01416,52.219345]]}},{"type":"Feature","properties":{"id":"c713","lines":"118 138 N37","n":3,"tram":0,"op":"ZTM Warszawa — buses"},"geometry":{"type":"LineString","coordinates":[[21.035737,52.217457],[21.038819,52.215568]]}},{"type":"Feature","properties":{"id":"c714","lines":"138","n":1,"tram":0,"op":"ZTM Warszawa — buses"},"geometry":{"type":"LineString","coordinates":[[21.035737,52.217457],[21.038819,52.219345],[21.038819,52.221234]]}},{"type":"Feature","properties":{"id":"c715","lines":"N31 N81","n":2,"tram":0,"op":"ZTM Warszawa — buses"},"geometry":{"type":"LineString","coordinates":[[21.035737,52.217457],[21.035737,52.211791],[21.038819,52.209902]]}},{"type":"Feature","properties":{"id":"c716","lines":"118 119 138 N37","n":4,"tram":1,"op":"mix"},"geometry":{"type":"LineString","coordinates":[[21.038819,52.215568],[21.041902,52.21368],[21.041902,52.206125]]}},{"type":"Feature","properties":{"id":"c717","lines":"119 138 167 168","n":4,"tram":0,"op":"ZTM Warszawa — buses"},"geometry":{"type":"LineString","coordinates":[[21.038819,52.215568],[21.032654,52.211791],[21.02649,52.211791]]}},{"type":"Feature","properties":{"id":"c718","lines":"N37","n":1,"tram":0,"op":"ZTM Warszawa — buses"},"geometry":{"type":"LineString","coordinates":[[21.038819,52.215568],[21.038819,52.221234],[21.035737,52.223122]]}},{"type":"Feature","properties":{"id":"c722","lines":"118 119 138 N37","n":4,"tram":1,"op":"mix"},"geometry":{"type":"LineString","coordinates":[[21.041902,52.206125],[21.035737,52.202348]]}},{"type":"Feature","properties":{"id":"c724","lines":"118 119 N37","n":3,"tram":1,"op":"mix"},"geometry":{"type":"LineString","coordinates":[[21.035737,52.202348],[21.035737,52.198571]]}},{"type":"Feature","properties":{"id":"c725","lines":"138","n":1,"tram":0,"op":"ZTM Warszawa — buses"},"geometry":{"type":"LineString","coordinates":[[21.035737,52.202348],[21.032654,52.202348],[21.02649,52.198571]]}},{"type":"Feature","properties":{"id":"c727","lines":"118 N37","n":2,"tram":1,"op":"mix"},"geometry":{"type":"LineString","coordinates":[[21.035737,52.198571],[21.035737,52.192905]]}},{"type":"Feature","properties":{"id":"c728","lines":"119","n":1,"tram":0,"op":"ZTM Warszawa — buses"},"geometry":{"type":"LineString","coordinates":[[21.035737,52.198571],[21.041902,52.198571]]}},{"type":"Feature","properties":{"id":"c729","lines":"118 N37","n":2,"tram":1,"op":"mix"},"geometry":{"type":"LineString","coordinates":[[21.035737,52.192905],[21.032654,52.191017],[21.032654,52.187239]]}},{"type":"Feature","properties":{"id":"c730","lines":"141 172","n":2,"tram":0,"op":"ZTM Warszawa — buses"},"geometry":{"type":"LineString","coordinates":[[21.035737,52.192905],[21.02649,52.192905],[21.023407,52.191017]]}},{"type":"Feature","properties":{"id":"c731","lines":"141 172","n":2,"tram":0,"op":"ZTM Warszawa — buses"},"geometry":{"type":"LineString","coordinates":[[21.035737,52.192905],[21.041902,52.196682],[21.041902,52.198571]]}},{"type":"Feature","properties":{"id":"c732","lines":"118","n":1,"tram":0,"op":"ZTM Warszawa — buses"},"geometry":{"type":"LineString","coordinates":[[21.032654,52.187239],[21.023407,52.187239]]}},{"type":"Feature","properties":{"id":"c733","lines":"N37","n":1,"tram":1,"op":"mix"},"geometry":{"type":"LineString","coordinates":[[21.032654,52.187239],[21.032654,52.185351]]}},{"type":"Feature","properties":{"id":"c734","lines":"118","n":1,"tram":0,"op":"ZTM Warszawa — buses"},"geometry":{"type":"LineString","coordinates":[[21.023407,52.187239],[21.017242,52.183462]]}},{"type":"Feature","properties":{"id":"c735","lines":"174 N36 N86","n":3,"tram":0,"op":"ZTM Warszawa — buses"},"geometry":{"type":"LineString","coordinates":[[21.023407,52.187239],[21.023407,52.191017]]}},{"type":"Feature","properties":{"id":"c736","lines":"174 N36 N86","n":3,"tram":0,"op":"ZTM Warszawa — buses"},"geometry":{"type":"LineString","coordinates":[[21.023407,52.187239],[21.023407,52.185351],[21.02649,52.183462]]}},{"type":"Feature","properties":{"id":"c737","lines":"118 218 228 308 N36 N86","n":6,"tram":1,"op":"mix"},"geometry":{"type":"LineString","coordinates":[[21.017242,52.183462],[21.011078,52.183462]]}},{"type":"Feature","properties":{"id":"c738","lines":"218 228 308 N36 N86","n":5,"tram":1,"op":"mix"},"geometry":{"type":"LineString","coordinates":[[21.017242,52.183462],[21.02649,52.183462]]}},{"type":"Feature","properties":{"id":"c739","lines":"118 136 168 218 228 308 N33 N36 N86","n":9,"tram":0,"op":"ZTM Warszawa — buses"},"geometry":{"type":"LineString","coordinates":[[21.011078,52.183462],[21.007995,52.183462],[21.00183,52.179685]]}},{"type":"Feature","properties":{"id":"c740","lines":"136 138 N01 N33 N34 N36","n":6,"tram":1,"op":"mix"},"geometry":{"type":"LineString","coordinates":[[21.011078,52.183462],[21.011078,52.177797]]}},{"type":"Feature","properties":{"id":"c741","lines":"138 168 N01 N34","n":4,"tram":0,"op":"ZTM Warszawa — buses"},"geometry":{"type":"LineString","coordinates":[[21.011078,52.183462],[21.011078,52.189128]]}},{"type":"Feature","properties":{"id":"c743","lines":"118 168","n":2,"tram":0,"op":"ZTM Warszawa — buses"},"geometry":{"type":"LineString","coordinates":[[21.00183,52.179685],[21.00183,52.183462]]}},{"type":"Feature","properties":{"id":"c744","lines":"136 218 228 308 N33 N36 N86","n":7,"tram":0,"op":"ZTM Warszawa — buses"},"geometry":{"type":"LineString","coordinates":[[21.00183,52.179685],[20.998748,52.177797]]}},{"type":"Feature","properties":{"id":"c745","lines":"118 168","n":2,"tram":0,"op":"ZTM Warszawa — buses"},"geometry":{"type":"LineString","coordinates":[[21.00183,52.183462],[21.00183,52.187239]]}},{"type":"Feature","properties":{"id":"c746","lines":"185","n":1,"tram":0,"op":"ZTM Warszawa — buses"},"geometry":{"type":"LineString","coordinates":[[21.035737,52.243897],[21.017242,52.255228]]}},{"type":"Feature","properties":{"id":"c747","lines":"100","n":1,"tram":0,"op":"ZTM Warszawa — buses"},"geometry":{"type":"LineString","coordinates":[[21.035737,52.243897],[21.035737,52.245785],[21.029572,52.249562]]}},{"type":"Feature","properties":{"id":"c748","lines":"119","n":1,"tram":0,"op":"ZTM Warszawa — buses"},"geometry":{"type":"LineString","coordinates":[[21.017242,52.196682],[21.017242,52.198571],[21.011078,52.202348]]}},{"type":"Feature","properties":{"id":"c749","lines":"119 138 168 174","n":4,"tram":0,"op":"ZTM Warszawa — buses"},"geometry":{"type":"LineString","coordinates":[[21.017242,52.196682],[21.011078,52.196682]]}},{"type":"Feature","properties":{"id":"c750","lines":"138 168 174","n":3,"tram":0,"op":"ZTM Warszawa — buses"},"geometry":{"type":"LineString","coordinates":[[21.017242,52.196682],[21.020325,52.198571],[21.02649,52.198571]]}},{"type":"Feature","properties":{"id":"c751","lines":"119 174 N34","n":3,"tram":1,"op":"mix"},"geometry":{"type":"LineString","coordinates":[[21.011078,52.202348],[21.011078,52.196682]]}},{"type":"Feature","properties":{"id":"c752","lines":"119 N34","n":2,"tram":0,"op":"ZTM Warszawa — buses"},"geometry":{"type":"LineString","coordinates":[[21.011078,52.202348],[21.020325,52.208014]]}},{"type":"Feature","properties":{"id":"c753","lines":"119 174 N34","n":3,"tram":0,"op":"ZTM Warszawa — buses"},"geometry":{"type":"LineString","coordinates":[[21.011078,52.202348],[21.020325,52.208014]]}},{"type":"Feature","properties":{"id":"c755","lines":"138 168 N34","n":3,"tram":1,"op":"mix"},"geometry":{"type":"LineString","coordinates":[[21.011078,52.196682],[21.011078,52.189128]]}},{"type":"Feature","properties":{"id":"c756","lines":"119 138 167 168","n":4,"tram":0,"op":"ZTM Warszawa — buses"},"geometry":{"type":"LineString","coordinates":[[21.020325,52.208014],[21.02649,52.211791]]}},{"type":"Feature","properties":{"id":"c757","lines":"138 168 174 N36 N86","n":5,"tram":0,"op":"ZTM Warszawa — buses"},"geometry":{"type":"LineString","coordinates":[[21.020325,52.208014],[21.02649,52.204237],[21.02649,52.198571]]}},{"type":"Feature","properties":{"id":"c758","lines":"167 174 N34 N36 N86","n":5,"tram":1,"op":"mix"},"geometry":{"type":"LineString","coordinates":[[21.020325,52.208014],[21.01416,52.211791],[21.01416,52.219345]]}},{"type":"Feature","properties":{"id":"c762","lines":"167 168","n":2,"tram":0,"op":"ZTM Warszawa — buses"},"geometry":{"type":"LineString","coordinates":[[21.02649,52.211791],[21.029572,52.209902],[21.038819,52.209902]]}},{"type":"Feature","properties":{"id":"c763","lines":"119 148 402 N03","n":4,"tram":0,"op":"ZTM Warszawa — buses"},"geometry":{"type":"LineString","coordinates":[[21.054231,52.196682],[21.054231,52.198571],[21.066561,52.206125]]}},{"type":"Feature","properties":{"id":"c764","lines":"119 148 168 402 N03","n":5,"tram":0,"op":"ZTM Warszawa — buses"},"geometry":{"type":"LineString","coordinates":[[21.066561,52.206125],[21.072726,52.209902]]}},{"type":"Feature","properties":{"id":"c765","lines":"119","n":1,"tram":0,"op":"ZTM Warszawa — buses"},"geometry":{"type":"LineString","coordinates":[[21.072726,52.209902],[21.075808,52.209902],[21.081973,52.21368]]}},{"type":"Feature","properties":{"id":"c766","lines":"119 148 402 N03","n":4,"tram":0,"op":"ZTM Warszawa — buses"},"geometry":{"type":"LineString","coordinates":[[21.072726,52.209902],[21.072726,52.21368],[21.078891,52.217457]]}},{"type":"Feature","properties":{"id":"c767","lines":"119 146 147 213 N72","n":5,"tram":0,"op":"ZTM Warszawa — buses"},"geometry":{"type":"LineString","coordinates":[[21.081973,52.21368],[21.085056,52.211791]]}},{"type":"Feature","properties":{"id":"c768","lines":"119 146 147 213 N72","n":5,"tram":0,"op":"ZTM Warszawa — buses"},"geometry":{"type":"LineString","coordinates":[[21.081973,52.21368],[21.078891,52.215568],[21.078891,52.217457]]}},{"type":"Feature","properties":{"id":"c769","lines":"119 146 147 N72","n":4,"tram":0,"op":"ZTM Warszawa — buses"},"geometry":{"type":"LineString","coordinates":[[21.085056,52.211791],[21.085056,52.204237]]}},{"type":"Feature","properties":{"id":"c770","lines":"213","n":1,"tram":0,"op":"ZTM Warszawa — buses"},"geometry":{"type":"LineString","coordinates":[[21.085056,52.211791],[21.088138,52.21368]]}},{"type":"Feature","properties":{"id":"c771","lines":"213","n":1,"tram":0,"op":"ZTM Warszawa — buses"},"geometry":{"type":"LineString","coordinates":[[21.085056,52.211791],[21.088138,52.21368]]}},{"type":"Feature","properties":{"id":"c772","lines":"119 147 N72","n":3,"tram":0,"op":"ZTM Warszawa — buses"},"geometry":{"type":"LineString","coordinates":[[21.085056,52.204237],[21.091221,52.204237]]}},{"type":"Feature","properties":{"id":"c773","lines":"146","n":1,"tram":0,"op":"ZTM Warszawa — buses"},"geometry":{"type":"LineString","coordinates":[[21.085056,52.204237],[21.085056,52.191017]]}},{"type":"Feature","properties":{"id":"c774","lines":"119 142 305 702","n":4,"tram":0,"op":"ZTM Warszawa — buses"},"geometry":{"type":"LineString","coordinates":[[21.091221,52.204237],[21.091221,52.21368]]}},{"type":"Feature","properties":{"id":"c775","lines":"142 147 305 702 N72","n":5,"tram":0,"op":"ZTM Warszawa — buses"},"geometry":{"type":"LineString","coordinates":[[21.091221,52.204237],[21.091221,52.20046]]}},{"type":"Feature","properties":{"id":"c776","lines":"119 213 219 N22","n":4,"tram":0,"op":"ZTM Warszawa — buses"},"geometry":{"type":"LineString","coordinates":[[21.091221,52.21368],[21.100468,52.21368]]}},{"type":"Feature","properties":{"id":"c777","lines":"142 305 411 702 N22","n":5,"tram":0,"op":"ZTM Warszawa — buses"},"geometry":{"type":"LineString","coordinates":[[21.091221,52.21368],[21.091221,52.219345]]}},{"type":"Feature","properties":{"id":"c778","lines":"213 219 411","n":3,"tram":0,"op":"ZTM Warszawa — buses"},"geometry":{"type":"LineString","coordinates":[[21.091221,52.21368],[21.088138,52.21368]]}},{"type":"Feature","properties":{"id":"c779","lines":"119 213 219 521 N22","n":5,"tram":0,"op":"ZTM Warszawa — buses"},"geometry":{"type":"LineString","coordinates":[[21.100468,52.21368],[21.10355,52.211791]]}},{"type":"Feature","properties":{"id":"c780","lines":"521","n":1,"tram":0,"op":"mix"},"geometry":{"type":"LineString","coordinates":[[21.100468,52.21368],[21.097385,52.215568],[21.097385,52.217457]]}},{"type":"Feature","properties":{"id":"c782","lines":"119 147","n":2,"tram":0,"op":"ZTM Warszawa — buses"},"geometry":{"type":"LineString","coordinates":[[21.109715,52.208014],[21.11588,52.211791]]}},{"type":"Feature","properties":{"id":"c783","lines":"125 319 525 N25","n":4,"tram":0,"op":"ZTM Warszawa — buses"},"geometry":{"type":"LineString","coordinates":[[21.109715,52.208014],[21.118962,52.208014]]}},{"type":"Feature","properties":{"id":"c784","lines":"147","n":1,"tram":0,"op":"ZTM Warszawa — buses"},"geometry":{"type":"LineString","coordinates":[[21.11588,52.211791],[21.118962,52.21368]]}},{"type":"Feature","properties":{"id":"c785","lines":"156","n":1,"tram":0,"op":"ZTM Warszawa — buses"},"geometry":{"type":"LineString","coordinates":[[21.044984,52.249562],[21.048067,52.249562],[21.054231,52.25334]]}},{"type":"Feature","properties":{"id":"c789","lines":"120 135 162 166 169 170 338 N02 N03 N14 N16 N21 N64 N71","n":14,"tram":1,"op":"mix"},"geometry":{"type":"LineString","coordinates":[[21.035737,52.249562],[21.035737,52.251451],[21.032654,52.25334]]}},{"type":"Feature","properties":{"id":"c790","lines":"138 170 338 N16","n":4,"tram":0,"op":"ZTM Warszawa — buses"},"geometry":{"type":"LineString","coordinates":[[21.035737,52.249562],[21.041902,52.249562]]}},{"type":"Feature","properties":{"id":"c791","lines":"162 N14 N64","n":3,"tram":0,"op":"ZTM Warszawa — buses"},"geometry":{"type":"LineString","coordinates":[[21.035737,52.249562],[21.032654,52.249562]]}},{"type":"Feature","properties":{"id":"c792","lines":"120 135 160 190 N02 N03 N11 N61","n":8,"tram":0,"op":"ZTM Warszawa — buses"},"geometry":{"type":"LineString","coordinates":[[21.032654,52.25334],[21.038819,52.257117]]}},{"type":"Feature","properties":{"id":"c793","lines":"160 190 N11 N16 N21 N61 N71","n":7,"tram":1,"op":"mix"},"geometry":{"type":"LineString","coordinates":[[21.032654,52.25334],[21.023407,52.25334]]}},{"type":"Feature","properties":{"id":"c794","lines":"162 166 169 170 338 N03","n":6,"tram":1,"op":"mix"},"geometry":{"type":"LineString","coordinates":[[21.032654,52.25334],[21.032654,52.255228]]}},{"type":"Feature","properties":{"id":"c795","lines":"162 N14 N64","n":3,"tram":0,"op":"ZTM Warszawa — buses"},"geometry":{"type":"LineString","coordinates":[[21.032654,52.25334],[21.032654,52.249562]]}},{"type":"Feature","properties":{"id":"c796","lines":"170 338 N16","n":3,"tram":0,"op":"ZTM Warszawa — buses"},"geometry":{"type":"LineString","coordinates":[[21.032654,52.25334],[21.035737,52.25334],[21.041902,52.249562]]}},{"type":"Feature","properties":{"id":"c797","lines":"509 N14 N64","n":3,"tram":0,"op":"ZTM Warszawa — buses"},"geometry":{"type":"LineString","coordinates":[[21.032654,52.25334],[21.02649,52.257117]]}},{"type":"Feature","properties":{"id":"c798","lines":"512","n":1,"tram":0,"op":"mix"},"geometry":{"type":"LineString","coordinates":[[21.032654,52.25334],[21.038819,52.257117]]}},{"type":"Feature","properties":{"id":"c799","lines":"N03","n":1,"tram":0,"op":"ZTM Warszawa — buses"},"geometry":{"type":"LineString","coordinates":[[21.032654,52.25334],[21.035737,52.255228],[21.035737,52.257117]]}},{"type":"Feature","properties":{"id":"c800","lines":"100 N14 N64","n":3,"tram":1,"op":"mix"},"geometry":{"type":"LineString","coordinates":[[21.032654,52.25334],[21.029572,52.25334],[21.02649,52.255228]]}},{"type":"Feature","properties":{"id":"c801","lines":"100","n":1,"tram":0,"op":"ZTM Warszawa — buses"},"geometry":{"type":"LineString","coordinates":[[21.032654,52.25334],[21.029572,52.251451],[21.029572,52.249562]]}},{"type":"Feature","properties":{"id":"c803","lines":"120 160 190 512 N02 N11 N61","n":7,"tram":0,"op":"ZTM Warszawa — buses"},"geometry":{"type":"LineString","coordinates":[[21.038819,52.257117],[21.048067,52.257117]]}},{"type":"Feature","properties":{"id":"c804","lines":"120 160 190 N02 N11 N61","n":6,"tram":0,"op":"ZTM Warszawa — buses"},"geometry":{"type":"LineString","coordinates":[[21.038819,52.257117],[21.041902,52.255228],[21.044984,52.255228]]}},{"type":"Feature","properties":{"id":"c805","lines":"135 N14 N64","n":3,"tram":0,"op":"mix"},"geometry":{"type":"LineString","coordinates":[[21.038819,52.257117],[21.032654,52.260894]]}},{"type":"Feature","properties":{"id":"c806","lines":"N02 N03 N14 N61 N64","n":5,"tram":0,"op":"mix"},"geometry":{"type":"LineString","coordinates":[[21.038819,52.257117],[21.041902,52.259005]]}},{"type":"Feature","properties":{"id":"c807","lines":"N03 N14 N64","n":3,"tram":0,"op":"ZTM Warszawa — buses"},"geometry":{"type":"LineString","coordinates":[[21.038819,52.257117],[21.035737,52.257117]]}},{"type":"Feature","properties":{"id":"c809","lines":"120 160 190 N02 N11 N61","n":6,"tram":0,"op":"ZTM Warszawa — buses"},"geometry":{"type":"LineString","coordinates":[[21.048067,52.257117],[21.044984,52.259005]]}},{"type":"Feature","properties":{"id":"c810","lines":"120 160 190 N02 N11 N61","n":6,"tram":0,"op":"ZTM Warszawa — buses"},"geometry":{"type":"LineString","coordinates":[[21.048067,52.257117],[21.044984,52.255228]]}},{"type":"Feature","properties":{"id":"c811","lines":"512","n":1,"tram":0,"op":"ZTM Warszawa — buses"},"geometry":{"type":"LineString","coordinates":[[21.048067,52.257117],[21.048067,52.260894]]}},{"type":"Feature","properties":{"id":"c812","lines":"120 156 160 356 N02","n":5,"tram":0,"op":"ZTM Warszawa — buses"},"geometry":{"type":"LineString","coordinates":[[21.044984,52.259005],[21.041902,52.260894]]}},{"type":"Feature","properties":{"id":"c813","lines":"156 190 356 N11 N61","n":5,"tram":0,"op":"ZTM Warszawa — buses"},"geometry":{"type":"LineString","coordinates":[[21.044984,52.259005],[21.048067,52.260894]]}},{"type":"Feature","properties":{"id":"c814","lines":"120 156 160 212 356 N02 N12 N62","n":8,"tram":0,"op":"ZTM Warszawa — buses"},"geometry":{"type":"LineString","coordinates":[[21.041902,52.260894],[21.038819,52.259005]]}},{"type":"Feature","properties":{"id":"c815","lines":"212 N12 N62","n":3,"tram":0,"op":"ZTM Warszawa — buses"},"geometry":{"type":"LineString","coordinates":[[21.041902,52.260894],[21.038819,52.262782]]}},{"type":"Feature","properties":{"id":"c816","lines":"120 156 160 212 356 N02 N12 N62","n":8,"tram":0,"op":"ZTM Warszawa — buses"},"geometry":{"type":"LineString","coordinates":[[21.038819,52.259005],[21.032654,52.262782]]}},{"type":"Feature","properties":{"id":"c818","lines":"120 156 160 356 N02","n":5,"tram":0,"op":"ZTM Warszawa — buses"},"geometry":{"type":"LineString","coordinates":[[21.032654,52.262782],[21.038819,52.262782]]}},{"type":"Feature","properties":{"id":"c819","lines":"212 N12 N62","n":3,"tram":0,"op":"ZTM Warszawa — buses"},"geometry":{"type":"LineString","coordinates":[[21.032654,52.262782],[21.029572,52.264671]]}},{"type":"Feature","properties":{"id":"c820","lines":"120 156 160 212 356 N02 N12 N62","n":8,"tram":0,"op":"ZTM Warszawa — buses"},"geometry":{"type":"LineString","coordinates":[[21.038819,52.262782],[21.035737,52.264671]]}},{"type":"Feature","properties":{"id":"c821","lines":"120 156 160 N02","n":4,"tram":0,"op":"ZTM Warszawa — buses"},"geometry":{"type":"LineString","coordinates":[[21.035737,52.264671],[21.032654,52.26656],[21.029572,52.26656]]}},{"type":"Feature","properties":{"id":"c822","lines":"140 212 262 340 738 N62 Z2M Z4M","n":8,"tram":0,"op":"mix"},"geometry":{"type":"LineString","coordinates":[[21.035737,52.264671],[21.041902,52.264671],[21.048067,52.260894]]}},{"type":"Feature","properties":{"id":"c824","lines":"120 156 160 169 409 500 N02","n":7,"tram":0,"op":"ZTM Warszawa — buses"},"geometry":{"type":"LineString","coordinates":[[21.029572,52.26656],[21.029572,52.268448],[21.032654,52.270337]]}},{"type":"Feature","properties":{"id":"c825","lines":"169 409 500","n":3,"tram":0,"op":"ZTM Warszawa — buses"},"geometry":{"type":"LineString","coordinates":[[21.029572,52.26656],[21.029572,52.264671]]}},{"type":"Feature","properties":{"id":"c826","lines":"N11","n":1,"tram":0,"op":"ZTM Warszawa — buses"},"geometry":{"type":"LineString","coordinates":[[21.032654,52.270337],[21.032654,52.268448]]}},{"type":"Feature","properties":{"id":"c827","lines":"N11","n":1,"tram":0,"op":"ZTM Warszawa — buses"},"geometry":{"type":"LineString","coordinates":[[21.032654,52.270337],[21.035737,52.268448],[21.035737,52.26656]]}},{"type":"Feature","properties":{"id":"c828","lines":"120 132 240 256 332 R9","n":6,"tram":0,"op":"mix"},"geometry":{"type":"LineString","coordinates":[[21.035737,52.277891],[21.038819,52.27978]]}},{"type":"Feature","properties":{"id":"c829","lines":"120 132 240 256 332 N11","n":6,"tram":0,"op":"ZTM Warszawa — buses"},"geometry":{"type":"LineString","coordinates":[[21.035737,52.277891],[21.038819,52.27978]]}},{"type":"Feature","properties":{"id":"c830","lines":"132 332","n":2,"tram":0,"op":"ZTM Warszawa — buses"},"geometry":{"type":"LineString","coordinates":[[21.035737,52.277891],[21.032654,52.276002],[21.02649,52.276002]]}},{"type":"Feature","properties":{"id":"c831","lines":"160 527","n":2,"tram":0,"op":"ZTM Warszawa — buses"},"geometry":{"type":"LineString","coordinates":[[21.035737,52.277891],[21.035737,52.27978]]}},{"type":"Feature","properties":{"id":"c832","lines":"332","n":1,"tram":0,"op":"ZTM Warszawa — buses"},"geometry":{"type":"LineString","coordinates":[[21.035737,52.277891],[21.02649,52.277891]]}},{"type":"Feature","properties":{"id":"c833","lines":"120 132 240 256 N11 R9","n":6,"tram":0,"op":"mix"},"geometry":{"type":"LineString","coordinates":[[21.038819,52.27978],[21.038819,52.283557]]}},{"type":"Feature","properties":{"id":"c834","lines":"120 132 160 204 527 N11","n":6,"tram":0,"op":"ZTM Warszawa — buses"},"geometry":{"type":"LineString","coordinates":[[21.038819,52.283557],[21.035737,52.285445]]}},{"type":"Feature","properties":{"id":"c835","lines":"204 240 256 R9","n":4,"tram":0,"op":"mix"},"geometry":{"type":"LineString","coordinates":[[21.038819,52.283557],[21.041902,52.281668],[21.048067,52.281668]]}},{"type":"Feature","properties":{"id":"c836","lines":"204 256","n":2,"tram":0,"op":"ZTM Warszawa — buses"},"geometry":{"type":"LineString","coordinates":[[21.038819,52.283557],[21.044984,52.283557]]}},{"type":"Feature","properties":{"id":"c837","lines":"256","n":1,"tram":0,"op":"ZTM Warszawa — buses"},"geometry":{"type":"LineString","coordinates":[[21.038819,52.283557],[21.038819,52.287334]]}},{"type":"Feature","properties":{"id":"c838","lines":"120 234","n":2,"tram":0,"op":"ZTM Warszawa — buses"},"geometry":{"type":"LineString","coordinates":[[21.035737,52.285445],[21.029572,52.289222],[21.02649,52.289222]]}},{"type":"Feature","properties":{"id":"c839","lines":"132 160 234 527","n":4,"tram":0,"op":"ZTM Warszawa — buses"},"geometry":{"type":"LineString","coordinates":[[21.035737,52.285445],[21.032654,52.283557]]}},{"type":"Feature","properties":{"id":"c840","lines":"132 160 204 234 527 N11","n":6,"tram":0,"op":"ZTM Warszawa — buses"},"geometry":{"type":"LineString","coordinates":[[21.035737,52.285445],[21.029572,52.285445]]}},{"type":"Feature","properties":{"id":"c841","lines":"120 134 234 326","n":4,"tram":0,"op":"ZTM Warszawa — buses"},"geometry":{"type":"LineString","coordinates":[[21.02649,52.289222],[21.029572,52.291111]]}},{"type":"Feature","properties":{"id":"c842","lines":"134 326","n":2,"tram":0,"op":"ZTM Warszawa — buses"},"geometry":{"type":"LineString","coordinates":[[21.02649,52.289222],[21.023407,52.289222],[21.020325,52.291111]]}},{"type":"Feature","properties":{"id":"c843","lines":"120 134","n":2,"tram":0,"op":"ZTM Warszawa — buses"},"geometry":{"type":"LineString","coordinates":[[21.029572,52.291111],[21.02649,52.293]]}},{"type":"Feature","properties":{"id":"c844","lines":"134 326","n":2,"tram":0,"op":"ZTM Warszawa — buses"},"geometry":{"type":"LineString","coordinates":[[21.029572,52.291111],[21.020325,52.291111]]}},{"type":"Feature","properties":{"id":"c845","lines":"234 326","n":2,"tram":0,"op":"ZTM Warszawa — buses"},"geometry":{"type":"LineString","coordinates":[[21.029572,52.291111],[21.032654,52.291111]]}},{"type":"Feature","properties":{"id":"c846","lines":"120 226","n":2,"tram":0,"op":"ZTM Warszawa — buses"},"geometry":{"type":"LineString","coordinates":[[21.02649,52.293],[21.017242,52.293]]}},{"type":"Feature","properties":{"id":"c847","lines":"134","n":1,"tram":0,"op":"ZTM Warszawa — buses"},"geometry":{"type":"LineString","coordinates":[[21.02649,52.293],[21.02649,52.294888]]}},{"type":"Feature","properties":{"id":"c848","lines":"120","n":1,"tram":0,"op":"ZTM Warszawa — buses"},"geometry":{"type":"LineString","coordinates":[[21.017242,52.293],[21.01416,52.293]]}},{"type":"Feature","properties":{"id":"c849","lines":"226","n":1,"tram":0,"op":"ZTM Warszawa — buses"},"geometry":{"type":"LineString","coordinates":[[21.017242,52.293],[21.017242,52.291111]]}},{"type":"Feature","properties":{"id":"c850","lines":"120 314 N14","n":3,"tram":0,"op":"ZTM Warszawa — buses"},"geometry":{"type":"LineString","coordinates":[[21.01416,52.293],[21.01416,52.296777]]}},{"type":"Feature","properties":{"id":"c851","lines":"314 N14","n":2,"tram":0,"op":"ZTM Warszawa — buses"},"geometry":{"type":"LineString","coordinates":[[21.01416,52.293],[21.017242,52.291111]]}},{"type":"Feature","properties":{"id":"c852","lines":"120 314 326 N14","n":4,"tram":0,"op":"ZTM Warszawa — buses"},"geometry":{"type":"LineString","coordinates":[[21.01416,52.296777],[21.02649,52.296777]]}},{"type":"Feature","properties":{"id":"c853","lines":"326 N14","n":2,"tram":0,"op":"ZTM Warszawa — buses"},"geometry":{"type":"LineString","coordinates":[[21.01416,52.296777],[21.007995,52.296777]]}},{"type":"Feature","properties":{"id":"c854","lines":"120 134 314 N14","n":4,"tram":0,"op":"ZTM Warszawa — buses"},"geometry":{"type":"LineString","coordinates":[[21.02649,52.296777],[21.032654,52.296777]]}},{"type":"Feature","properties":{"id":"c855","lines":"134 326","n":2,"tram":0,"op":"ZTM Warszawa — buses"},"geometry":{"type":"LineString","coordinates":[[21.02649,52.296777],[21.02649,52.294888]]}},{"type":"Feature","properties":{"id":"c858","lines":"121 181 197 N46","n":4,"tram":0,"op":"ZTM Warszawa — buses"},"geometry":{"type":"LineString","coordinates":[[20.961759,52.270337],[20.967924,52.274114],[20.971006,52.274114]]}},{"type":"Feature","properties":{"id":"c859","lines":"121 157 181 185 N46","n":5,"tram":0,"op":"ZTM Warszawa — buses"},"geometry":{"type":"LineString","coordinates":[[20.971006,52.274114],[20.971006,52.272225]]}},{"type":"Feature","properties":{"id":"c860","lines":"157 185 197","n":3,"tram":0,"op":"ZTM Warszawa — buses"},"geometry":{"type":"LineString","coordinates":[[20.971006,52.274114],[20.974088,52.276002]]}},{"type":"Feature","properties":{"id":"c861","lines":"122","n":1,"tram":0,"op":"ZTM Warszawa — buses"},"geometry":{"type":"LineString","coordinates":[[20.974088,52.276002],[20.977171,52.274114],[20.977171,52.268448]]}},{"type":"Feature","properties":{"id":"c862","lines":"122","n":1,"tram":0,"op":"ZTM Warszawa — buses"},"geometry":{"type":"LineString","coordinates":[[20.977171,52.268448],[20.980253,52.268448],[20.983336,52.270337]]}},{"type":"Feature","properties":{"id":"c863","lines":"122","n":1,"tram":0,"op":"ZTM Warszawa — buses"},"geometry":{"type":"LineString","coordinates":[[20.977171,52.268448],[20.986418,52.268448]]}},{"type":"Feature","properties":{"id":"c864","lines":"122 157 181 185 N46","n":5,"tram":1,"op":"mix"},"geometry":{"type":"LineString","coordinates":[[20.983336,52.270337],[20.986418,52.268448]]}},{"type":"Feature","properties":{"id":"c865","lines":"221","n":1,"tram":0,"op":"ZTM Warszawa — buses"},"geometry":{"type":"LineString","coordinates":[[20.967924,52.260894],[20.971006,52.259005]]}},{"type":"Feature","properties":{"id":"c866","lines":"184 N45 N95","n":3,"tram":1,"op":"mix"},"geometry":{"type":"LineString","coordinates":[[20.92477,52.249562],[20.927852,52.247674]]}},{"type":"Feature","properties":{"id":"c867","lines":"123 173 311","n":3,"tram":0,"op":"ZTM Warszawa — buses"},"geometry":{"type":"LineString","coordinates":[[21.060396,52.247674],[21.057314,52.245785]]}},{"type":"Feature","properties":{"id":"c868","lines":"173","n":1,"tram":0,"op":"ZTM Warszawa — buses"},"geometry":{"type":"LineString","coordinates":[[21.060396,52.247674],[21.063479,52.245785],[21.063479,52.243897]]}},{"type":"Feature","properties":{"id":"c869","lines":"123 125 142 145 173 183 188 521 523 702 704 720 722 730 N03 N24","n":16,"tram":1,"op":"mix"},"geometry":{"type":"LineString","coordinates":[[21.069644,52.24012],[21.066561,52.24012]]}},{"type":"Feature","properties":{"id":"c870","lines":"123 125 141 142 143 145 148 173 183 702 704 720 722 730 N03 N24","n":16,"tram":0,"op":"ZTM Warszawa — buses"},"geometry":{"type":"LineString","coordinates":[[21.069644,52.24012],[21.072726,52.24012]]}},{"type":"Feature","properties":{"id":"c871","lines":"125 N03","n":2,"tram":0,"op":"ZTM Warszawa — buses"},"geometry":{"type":"LineString","coordinates":[[21.069644,52.24012],[21.066561,52.242008],[21.063479,52.242008]]}},{"type":"Feature","properties":{"id":"c872","lines":"141 143 148 188 523","n":5,"tram":0,"op":"ZTM Warszawa — buses"},"geometry":{"type":"LineString","coordinates":[[21.069644,52.24012],[21.069644,52.236342]]}},{"type":"Feature","properties":{"id":"c873","lines":"173","n":1,"tram":0,"op":"ZTM Warszawa — buses"},"geometry":{"type":"LineString","coordinates":[[21.069644,52.24012],[21.069644,52.242008],[21.066561,52.243897]]}},{"type":"Feature","properties":{"id":"c874","lines":"521","n":1,"tram":0,"op":"ZTM Warszawa — buses"},"geometry":{"type":"LineString","coordinates":[[21.069644,52.24012],[21.072726,52.238231],[21.075808,52.238231]]}},{"type":"Feature","properties":{"id":"c875","lines":"521 N24","n":2,"tram":0,"op":"ZTM Warszawa — buses"},"geometry":{"type":"LineString","coordinates":[[21.069644,52.24012],[21.066561,52.238231],[21.063479,52.238231]]}},{"type":"Feature","properties":{"id":"c878","lines":"125 173 188 523 N03","n":5,"tram":0,"op":"ZTM Warszawa — buses"},"geometry":{"type":"LineString","coordinates":[[21.066561,52.24012],[21.063479,52.242008]]}},{"type":"Feature","properties":{"id":"c879","lines":"521 N24","n":2,"tram":1,"op":"mix"},"geometry":{"type":"LineString","coordinates":[[21.066561,52.24012],[21.057314,52.24012]]}},{"type":"Feature","properties":{"id":"c880","lines":"123 125 141 142 143 145 148 173 183 702 704 720 722 730 N03 N24","n":16,"tram":1,"op":"mix"},"geometry":{"type":"LineString","coordinates":[[21.072726,52.24012],[21.075808,52.238231]]}},{"type":"Feature","properties":{"id":"c881","lines":"123 135 141 148 N03","n":5,"tram":0,"op":"ZTM Warszawa — buses"},"geometry":{"type":"LineString","coordinates":[[21.075808,52.238231],[21.075808,52.234454]]}},{"type":"Feature","properties":{"id":"c882","lines":"125 142 143 145 173 183 521 702 704 720 722 730 N21 N24 N71","n":15,"tram":1,"op":"mix"},"geometry":{"type":"LineString","coordinates":[[21.075808,52.238231],[21.078891,52.236342],[21.078891,52.234454]]}},{"type":"Feature","properties":{"id":"c883","lines":"123 135 141 143 148 N03","n":6,"tram":0,"op":"ZTM Warszawa — buses"},"geometry":{"type":"LineString","coordinates":[[21.075808,52.234454],[21.075808,52.232565]]}},{"type":"Feature","properties":{"id":"c884","lines":"143","n":1,"tram":0,"op":"ZTM Warszawa — buses"},"geometry":{"type":"LineString","coordinates":[[21.075808,52.234454],[21.078891,52.234454]]}},{"type":"Feature","properties":{"id":"c885","lines":"123 135 141 143 148 158 182 N03","n":8,"tram":0,"op":"ZTM Warszawa — buses"},"geometry":{"type":"LineString","coordinates":[[21.075808,52.232565],[21.075808,52.230677]]}},{"type":"Feature","properties":{"id":"c886","lines":"141 158 182","n":3,"tram":0,"op":"ZTM Warszawa — buses"},"geometry":{"type":"LineString","coordinates":[[21.075808,52.232565],[21.078891,52.232565]]}},{"type":"Feature","properties":{"id":"c887","lines":"123 148 168 225 N02 N03","n":6,"tram":0,"op":"ZTM Warszawa — buses"},"geometry":{"type":"LineString","coordinates":[[21.075808,52.230677],[21.075808,52.2269]]}},{"type":"Feature","properties":{"id":"c888","lines":"123 135 168 225 N02 N03","n":6,"tram":0,"op":"ZTM Warszawa — buses"},"geometry":{"type":"LineString","coordinates":[[21.075808,52.230677],[21.072726,52.228788]]}},{"type":"Feature","properties":{"id":"c889","lines":"135","n":1,"tram":0,"op":"ZTM Warszawa — buses"},"geometry":{"type":"LineString","coordinates":[[21.075808,52.230677],[21.078891,52.228788],[21.078891,52.2269]]}},{"type":"Feature","properties":{"id":"c890","lines":"141 143 158 182 502 514 520 525 N25","n":9,"tram":0,"op":"ZTM Warszawa — buses"},"geometry":{"type":"LineString","coordinates":[[21.075808,52.230677],[21.069644,52.230677]]}},{"type":"Feature","properties":{"id":"c891","lines":"168 225 502 514 520 525 N02 N25","n":8,"tram":0,"op":"ZTM Warszawa — buses"},"geometry":{"type":"LineString","coordinates":[[21.075808,52.230677],[21.078891,52.230677]]}},{"type":"Feature","properties":{"id":"c892","lines":"123 148 168 225 N02 N03","n":6,"tram":0,"op":"ZTM Warszawa — buses"},"geometry":{"type":"LineString","coordinates":[[21.075808,52.2269],[21.072726,52.228788]]}},{"type":"Feature","properties":{"id":"c893","lines":"311","n":1,"tram":0,"op":"ZTM Warszawa — buses"},"geometry":{"type":"LineString","coordinates":[[21.075808,52.2269],[21.069644,52.2269]]}},{"type":"Feature","properties":{"id":"c894","lines":"135","n":1,"tram":0,"op":"ZTM Warszawa — buses"},"geometry":{"type":"LineString","coordinates":[[21.072726,52.228788],[21.069644,52.2269]]}},{"type":"Feature","properties":{"id":"c895","lines":"148","n":1,"tram":0,"op":"ZTM Warszawa — buses"},"geometry":{"type":"LineString","coordinates":[[21.072726,52.228788],[21.069644,52.230677]]}},{"type":"Feature","properties":{"id":"c896","lines":"173 202","n":2,"tram":0,"op":"mix"},"geometry":{"type":"LineString","coordinates":[[21.057314,52.245785],[21.060396,52.243897],[21.063479,52.243897]]}},{"type":"Feature","properties":{"id":"c897","lines":"311","n":1,"tram":0,"op":"ZTM Warszawa — buses"},"geometry":{"type":"LineString","coordinates":[[21.057314,52.245785],[21.057314,52.242008]]}},{"type":"Feature","properties":{"id":"c898","lines":"62 63 124 220 703 706 707 711 715 721 728 733 83 EXPRESS CHEŁMOŃSKI N88","n":14,"tram":0,"op":"mix"},"geometry":{"type":"LineString","coordinates":[[20.940182,52.172131],[20.937099,52.170242]]}},{"type":"Feature","properties":{"id":"c899","lines":"141 154 317 N38 N88","n":5,"tram":1,"op":"mix"},"geometry":{"type":"LineString","coordinates":[[20.940182,52.172131],[20.943264,52.174019],[20.943264,52.175908]]}},{"type":"Feature","properties":{"id":"c900","lines":"62 63 124 703 706 707 711 715 721 728 733 83 EXPRESS CHEŁMOŃSKI N88","n":13,"tram":0,"op":"mix"},"geometry":{"type":"LineString","coordinates":[[20.937099,52.170242],[20.934017,52.168354]]}},{"type":"Feature","properties":{"id":"c901","lines":"220","n":1,"tram":0,"op":"ZTM Warszawa — buses"},"geometry":{"type":"LineString","coordinates":[[20.937099,52.170242],[20.927852,52.170242],[20.92477,52.172131]]}},{"type":"Feature","properties":{"id":"c902","lines":"220","n":1,"tram":0,"op":"ZTM Warszawa — buses"},"geometry":{"type":"LineString","coordinates":[[20.937099,52.170242],[20.930935,52.170242],[20.927852,52.172131],[20.92477,52.172131]]}},{"type":"Feature","properties":{"id":"c903","lines":"62 63 124 703 706 707 711 715 721 728 83 EXPRESS CHEŁMOŃSKI N88","n":12,"tram":0,"op":"mix"},"geometry":{"type":"LineString","coordinates":[[20.934017,52.168354],[20.934017,52.166465]]}},{"type":"Feature","properties":{"id":"c904","lines":"733","n":1,"tram":0,"op":"ZTM Warszawa — buses"},"geometry":{"type":"LineString","coordinates":[[20.934017,52.168354],[20.921687,52.168354],[20.887781,52.147579]]}},{"type":"Feature","properties":{"id":"c905","lines":"124 N88","n":2,"tram":0,"op":"ZTM Warszawa — buses"},"geometry":{"type":"LineString","coordinates":[[20.934017,52.166465],[20.940182,52.162688],[20.943264,52.162688]]}},{"type":"Feature","properties":{"id":"c906","lines":"62 63 703 706 707 711 715 721 728 83 EXPRESS CHEŁMOŃSKI N88","n":11,"tram":0,"op":"mix"},"geometry":{"type":"LineString","coordinates":[[20.934017,52.166465],[20.930935,52.164577]]}},{"type":"Feature","properties":{"id":"c907","lines":"124 N88","n":2,"tram":0,"op":"ZTM Warszawa — buses"},"geometry":{"type":"LineString","coordinates":[[20.943264,52.162688],[20.946347,52.160799],[20.958676,52.160799]]}},{"type":"Feature","properties":{"id":"c908","lines":"N88","n":1,"tram":0,"op":"ZTM Warszawa — buses"},"geometry":{"type":"LineString","coordinates":[[20.943264,52.162688],[20.940182,52.164577],[20.930935,52.164577]]}},{"type":"Feature","properties":{"id":"c909","lines":"124","n":1,"tram":0,"op":"ZTM Warszawa — buses"},"geometry":{"type":"LineString","coordinates":[[20.958676,52.160799],[20.964841,52.157022]]}},{"type":"Feature","properties":{"id":"c910","lines":"125 411 502 525 704 720 722 730","n":8,"tram":0,"op":"ZTM Warszawa — buses"},"geometry":{"type":"LineString","coordinates":[[21.100468,52.221234],[21.097385,52.223122],[21.091221,52.223122]]}},{"type":"Feature","properties":{"id":"c911","lines":"305","n":1,"tram":0,"op":"ZTM Warszawa — buses"},"geometry":{"type":"LineString","coordinates":[[21.100468,52.221234],[21.094303,52.221234]]}},{"type":"Feature","properties":{"id":"c912","lines":"125 142 702 704 720 722 730 N22","n":8,"tram":0,"op":"ZTM Warszawa — buses"},"geometry":{"type":"LineString","coordinates":[[21.091221,52.223122],[21.091221,52.2269]]}},{"type":"Feature","properties":{"id":"c913","lines":"142 702 N22","n":3,"tram":0,"op":"ZTM Warszawa — buses"},"geometry":{"type":"LineString","coordinates":[[21.091221,52.223122],[21.091221,52.219345]]}},{"type":"Feature","properties":{"id":"c914","lines":"142 305 411 702 N22","n":5,"tram":0,"op":"ZTM Warszawa — buses"},"geometry":{"type":"LineString","coordinates":[[21.091221,52.223122],[21.091221,52.219345]]}},{"type":"Feature","properties":{"id":"c915","lines":"502 521 525","n":3,"tram":0,"op":"mix"},"geometry":{"type":"LineString","coordinates":[[21.091221,52.223122],[21.088138,52.225011],[21.088138,52.228788]]}},{"type":"Feature","properties":{"id":"c916","lines":"521","n":1,"tram":0,"op":"mix"},"geometry":{"type":"LineString","coordinates":[[21.091221,52.223122],[21.097385,52.219345],[21.097385,52.217457]]}},{"type":"Feature","properties":{"id":"c917","lines":"125 142 702 704 720 722 730 N22","n":8,"tram":0,"op":"ZTM Warszawa — buses"},"geometry":{"type":"LineString","coordinates":[[21.091221,52.2269],[21.088138,52.228788]]}},{"type":"Feature","properties":{"id":"c918","lines":"125 142 702 704 720 722 730 N22","n":8,"tram":0,"op":"ZTM Warszawa — buses"},"geometry":{"type":"LineString","coordinates":[[21.091221,52.2269],[21.088138,52.228788]]}},{"type":"Feature","properties":{"id":"c919","lines":"125 142 143 145 173 183 521 702 704 720 722 730 N21 N24 N71","n":15,"tram":0,"op":"ZTM Warszawa — buses"},"geometry":{"type":"LineString","coordinates":[[21.088138,52.228788],[21.085056,52.230677]]}},{"type":"Feature","properties":{"id":"c920","lines":"143 145 173 183 225 402 514 520 N02 N21 N24 N25 N71","n":13,"tram":0,"op":"mix"},"geometry":{"type":"LineString","coordinates":[[21.088138,52.228788],[21.088138,52.232565]]}},{"type":"Feature","properties":{"id":"c921","lines":"225 502 514 520 525 720 722 N02 N21 N24 N25","n":11,"tram":0,"op":"ZTM Warszawa — buses"},"geometry":{"type":"LineString","coordinates":[[21.088138,52.228788],[21.085056,52.228788]]}},{"type":"Feature","properties":{"id":"c922","lines":"125 142 143 145 173 183 702 704 720 722 730 N21 N24 N71","n":14,"tram":1,"op":"mix"},"geometry":{"type":"LineString","coordinates":[[21.085056,52.230677],[21.078891,52.234454]]}},{"type":"Feature","properties":{"id":"c923","lines":"521","n":1,"tram":0,"op":"ZTM Warszawa — buses"},"geometry":{"type":"LineString","coordinates":[[21.085056,52.230677],[21.078891,52.234454]]}},{"type":"Feature","properties":{"id":"c924","lines":"125 135 311 N03 N21 N71","n":6,"tram":1,"op":"mix"},"geometry":{"type":"LineString","coordinates":[[21.063479,52.242008],[21.057314,52.242008]]}},{"type":"Feature","properties":{"id":"c925","lines":"135 188 311 523","n":4,"tram":0,"op":"ZTM Warszawa — buses"},"geometry":{"type":"LineString","coordinates":[[21.063479,52.242008],[21.063479,52.24012],[21.066561,52.238231]]}},{"type":"Feature","properties":{"id":"c926","lines":"135 311","n":2,"tram":0,"op":"ZTM Warszawa — buses"},"geometry":{"type":"LineString","coordinates":[[21.063479,52.242008],[21.063479,52.238231]]}},{"type":"Feature","properties":{"id":"c927","lines":"173 188 311 523 N21 N71","n":6,"tram":0,"op":"ZTM Warszawa — buses"},"geometry":{"type":"LineString","coordinates":[[21.063479,52.242008],[21.063479,52.243897]]}},{"type":"Feature","properties":{"id":"c928","lines":"126 152 186 509 N01 N03","n":6,"tram":1,"op":"mix"},"geometry":{"type":"LineString","coordinates":[[20.964841,52.285445],[20.961759,52.285445],[20.958676,52.283557]]}},{"type":"Feature","properties":{"id":"c929","lines":"126 152 186 211 314 509 518 N03 N13","n":9,"tram":0,"op":"ZTM Warszawa — buses"},"geometry":{"type":"LineString","coordinates":[[20.964841,52.285445],[20.974088,52.285445]]}},{"type":"Feature","properties":{"id":"c930","lines":"211 314 518 N01 N13","n":5,"tram":0,"op":"ZTM Warszawa — buses"},"geometry":{"type":"LineString","coordinates":[[20.964841,52.285445],[20.964841,52.283557]]}},{"type":"Feature","properties":{"id":"c932","lines":"133 186 509 N01 N03 N13 N63","n":7,"tram":1,"op":"mix"},"geometry":{"type":"LineString","coordinates":[[20.958676,52.283557],[20.955594,52.285445]]}},{"type":"Feature","properties":{"id":"c933","lines":"314 518 N13","n":3,"tram":0,"op":"ZTM Warszawa — buses"},"geometry":{"type":"LineString","coordinates":[[20.958676,52.283557],[20.961759,52.281668]]}},{"type":"Feature","properties":{"id":"c934","lines":"516 N63","n":2,"tram":0,"op":"ZTM Warszawa — buses"},"geometry":{"type":"LineString","coordinates":[[20.958676,52.283557],[20.961759,52.283557],[20.967924,52.287334]]}},{"type":"Feature","properties":{"id":"c935","lines":"516 518","n":2,"tram":0,"op":"ZTM Warszawa — buses"},"geometry":{"type":"LineString","coordinates":[[20.958676,52.283557],[20.946347,52.283557],[20.943264,52.285445]]}},{"type":"Feature","properties":{"id":"c936","lines":"126 152 186 314 509 518 N03 N13","n":8,"tram":0,"op":"ZTM Warszawa — buses"},"geometry":{"type":"LineString","coordinates":[[20.974088,52.285445],[20.977171,52.285445]]}},{"type":"Feature","properties":{"id":"c937","lines":"211","n":1,"tram":0,"op":"ZTM Warszawa — buses"},"geometry":{"type":"LineString","coordinates":[[20.974088,52.285445],[20.974088,52.287334]]}},{"type":"Feature","properties":{"id":"c938","lines":"126 186 314 511 723 731 N03 N13 N63","n":9,"tram":0,"op":"ZTM Warszawa — buses"},"geometry":{"type":"LineString","coordinates":[[20.977171,52.285445],[20.977171,52.281668]]}},{"type":"Feature","properties":{"id":"c939","lines":"152 511 723 731","n":4,"tram":0,"op":"ZTM Warszawa — buses"},"geometry":{"type":"LineString","coordinates":[[20.977171,52.285445],[20.977171,52.291111]]}},{"type":"Feature","properties":{"id":"c940","lines":"509 516 518","n":3,"tram":0,"op":"ZTM Warszawa — buses"},"geometry":{"type":"LineString","coordinates":[[20.977171,52.285445],[20.980253,52.283557],[20.980253,52.281668]]}},{"type":"Feature","properties":{"id":"c941","lines":"516 N63","n":2,"tram":0,"op":"ZTM Warszawa — buses"},"geometry":{"type":"LineString","coordinates":[[20.977171,52.285445],[20.974088,52.287334]]}},{"type":"Feature","properties":{"id":"c942","lines":"126 186 314 723 731 N03 N13 N63","n":8,"tram":0,"op":"ZTM Warszawa — buses"},"geometry":{"type":"LineString","coordinates":[[20.977171,52.281668],[20.980253,52.281668]]}},{"type":"Feature","properties":{"id":"c943","lines":"126 186 314 509 516 518 723 731 N03 N13 N63","n":11,"tram":0,"op":"ZTM Warszawa — buses"},"geometry":{"type":"LineString","coordinates":[[20.980253,52.281668],[20.983336,52.281668]]}},{"type":"Feature","properties":{"id":"c944","lines":"126","n":1,"tram":0,"op":"ZTM Warszawa — buses"},"geometry":{"type":"LineString","coordinates":[[20.980253,52.281668],[20.986418,52.285445]]}},{"type":"Feature","properties":{"id":"c945","lines":"126 314 326 705 735 736","n":6,"tram":0,"op":"ZTM Warszawa — buses"},"geometry":{"type":"LineString","coordinates":[[20.983336,52.281668],[20.992583,52.281668],[20.995665,52.283557]]}},{"type":"Feature","properties":{"id":"c946","lines":"186 326 509 516 518 705 723 731 735 736 N03 N13 N63","n":13,"tram":0,"op":"ZTM Warszawa — buses"},"geometry":{"type":"LineString","coordinates":[[20.983336,52.281668],[20.986418,52.27978]]}},{"type":"Feature","properties":{"id":"c947","lines":"126 326 705 735 736 N64","n":6,"tram":0,"op":"ZTM Warszawa — buses"},"geometry":{"type":"LineString","coordinates":[[20.995665,52.283557],[20.998748,52.283557],[21.00183,52.285445]]}},{"type":"Feature","properties":{"id":"c948","lines":"126 176 314 N64","n":4,"tram":0,"op":"ZTM Warszawa — buses"},"geometry":{"type":"LineString","coordinates":[[20.995665,52.283557],[20.995665,52.285445]]}},{"type":"Feature","properties":{"id":"c949","lines":"126 176 314 N64","n":4,"tram":0,"op":"mix"},"geometry":{"type":"LineString","coordinates":[[20.995665,52.283557],[20.995665,52.27978]]}},{"type":"Feature","properties":{"id":"c950","lines":"126 314","n":2,"tram":0,"op":"ZTM Warszawa — buses"},"geometry":{"type":"LineString","coordinates":[[20.995665,52.283557],[20.992583,52.285445]]}},{"type":"Feature","properties":{"id":"c952","lines":"126 N64","n":2,"tram":0,"op":"ZTM Warszawa — buses"},"geometry":{"type":"LineString","coordinates":[[21.00183,52.285445],[21.00183,52.287334]]}},{"type":"Feature","properties":{"id":"c953","lines":"126 N64","n":2,"tram":0,"op":"ZTM Warszawa — buses"},"geometry":{"type":"LineString","coordinates":[[21.00183,52.285445],[20.995665,52.281668],[20.995665,52.27978]]}},{"type":"Feature","properties":{"id":"c954","lines":"326 705 735 736","n":4,"tram":0,"op":"ZTM Warszawa — buses"},"geometry":{"type":"LineString","coordinates":[[21.00183,52.285445],[21.004913,52.285445],[21.011078,52.289222]]}},{"type":"Feature","properties":{"id":"c955","lines":"126 176 314 N64","n":4,"tram":0,"op":"mix"},"geometry":{"type":"LineString","coordinates":[[20.995665,52.285445],[20.992583,52.285445]]}},{"type":"Feature","properties":{"id":"c956","lines":"176 N64","n":2,"tram":0,"op":"mix"},"geometry":{"type":"LineString","coordinates":[[20.992583,52.285445],[20.989501,52.287334]]}},{"type":"Feature","properties":{"id":"c957","lines":"126 176 314 N64","n":4,"tram":0,"op":"mix"},"geometry":{"type":"LineString","coordinates":[[20.995665,52.27978],[20.998748,52.277891]]}},{"type":"Feature","properties":{"id":"c958","lines":"126 176 N64","n":3,"tram":0,"op":"mix"},"geometry":{"type":"LineString","coordinates":[[20.998748,52.277891],[21.00183,52.276002]]}},{"type":"Feature","properties":{"id":"c959","lines":"314","n":1,"tram":0,"op":"ZTM Warszawa — buses"},"geometry":{"type":"LineString","coordinates":[[20.998748,52.277891],[21.00183,52.27978],[21.007995,52.27978]]}},{"type":"Feature","properties":{"id":"c960","lines":"N64","n":1,"tram":0,"op":"ZTM Warszawa — buses"},"geometry":{"type":"LineString","coordinates":[[20.998748,52.277891],[21.01416,52.277891]]}},{"type":"Feature","properties":{"id":"c961","lines":"N64","n":1,"tram":0,"op":"ZTM Warszawa — buses"},"geometry":{"type":"LineString","coordinates":[[21.00183,52.276002],[21.004913,52.277891],[21.01416,52.277891]]}},{"type":"Feature","properties":{"id":"c962","lines":"127 128 157 158 159 175 N32 N35 N38 N43 N85 N88","n":12,"tram":1,"op":"mix"},"geometry":{"type":"LineString","coordinates":[[20.998748,52.232565],[20.995665,52.230677],[20.992583,52.230677]]}},{"type":"Feature","properties":{"id":"c963","lines":"159","n":1,"tram":0,"op":"ZTM Warszawa — buses"},"geometry":{"type":"LineString","coordinates":[[20.998748,52.232565],[21.004913,52.228788]]}},{"type":"Feature","properties":{"id":"c965","lines":"127 158 159","n":3,"tram":0,"op":"mix"},"geometry":{"type":"LineString","coordinates":[[20.992583,52.230677],[20.989501,52.228788],[20.977171,52.228788]]}},{"type":"Feature","properties":{"id":"c966","lines":"127 158 159","n":3,"tram":0,"op":"ZTM Warszawa — buses"},"geometry":{"type":"LineString","coordinates":[[20.992583,52.230677],[20.980253,52.230677],[20.977171,52.228788]]}},{"type":"Feature","properties":{"id":"c967","lines":"128 175 N32","n":3,"tram":0,"op":"ZTM Warszawa — buses"},"geometry":{"type":"LineString","coordinates":[[20.992583,52.230677],[20.995665,52.228788],[20.995665,52.225011]]}},{"type":"Feature","properties":{"id":"c968","lines":"157 517 N35 N38 N43 N85 N88","n":7,"tram":0,"op":"ZTM Warszawa — buses"},"geometry":{"type":"LineString","coordinates":[[20.992583,52.230677],[20.992583,52.228788],[20.986418,52.225011]]}},{"type":"Feature","properties":{"id":"c969","lines":"159","n":1,"tram":0,"op":"ZTM Warszawa — buses"},"geometry":{"type":"LineString","coordinates":[[20.992583,52.230677],[20.995665,52.228788],[21.004913,52.228788]]}},{"type":"Feature","properties":{"id":"c970","lines":"504","n":1,"tram":0,"op":"ZTM Warszawa — buses"},"geometry":{"type":"LineString","coordinates":[[20.992583,52.230677],[20.992583,52.221234],[20.995665,52.219345]]}},{"type":"Feature","properties":{"id":"c973","lines":"127 158 159","n":3,"tram":0,"op":"mix"},"geometry":{"type":"LineString","coordinates":[[20.977171,52.228788],[20.967924,52.223122]]}},{"type":"Feature","properties":{"id":"c974","lines":"127 154 158 159 167 172 182 187 717 817 N35 N85","n":12,"tram":0,"op":"mix"},"geometry":{"type":"LineString","coordinates":[[20.967924,52.223122],[20.964841,52.221234],[20.961759,52.221234]]}},{"type":"Feature","properties":{"id":"c975","lines":"154 167 172 182 187 N35 N85","n":7,"tram":0,"op":"ZTM Warszawa — buses"},"geometry":{"type":"LineString","coordinates":[[20.967924,52.223122],[20.974088,52.219345]]}},{"type":"Feature","properties":{"id":"c976","lines":"127 154 158 159 167 172 182 187 517 717 817 N35 N85","n":13,"tram":0,"op":"mix"},"geometry":{"type":"LineString","coordinates":[[20.961759,52.221234],[20.955594,52.217457]]}},{"type":"Feature","properties":{"id":"c977","lines":"159 172","n":2,"tram":0,"op":"ZTM Warszawa — buses"},"geometry":{"type":"LineString","coordinates":[[20.961759,52.221234],[20.955594,52.221234],[20.946347,52.215568]]}},{"type":"Feature","properties":{"id":"c978","lines":"517 523","n":2,"tram":0,"op":"ZTM Warszawa — buses"},"geometry":{"type":"LineString","coordinates":[[20.961759,52.221234],[20.964841,52.219345],[20.974088,52.219345]]}},{"type":"Feature","properties":{"id":"c979","lines":"523","n":1,"tram":0,"op":"mix"},"geometry":{"type":"LineString","coordinates":[[20.961759,52.221234],[20.958676,52.223122]]}},{"type":"Feature","properties":{"id":"c980","lines":"127 158 159 172 178 187 191 208 517 717 817 N01 N35 N85","n":14,"tram":0,"op":"mix"},"geometry":{"type":"LineString","coordinates":[[20.955594,52.217457],[20.949429,52.217457],[20.940182,52.211791]]}},{"type":"Feature","properties":{"id":"c981","lines":"136 167 178 184 186 414 N43","n":7,"tram":0,"op":"mix"},"geometry":{"type":"LineString","coordinates":[[20.955594,52.217457],[20.952511,52.219345],[20.952511,52.225011]]}},{"type":"Feature","properties":{"id":"c982","lines":"136 184 186 191 208 414 N01 N43","n":8,"tram":0,"op":"ZTM Warszawa — buses"},"geometry":{"type":"LineString","coordinates":[[20.955594,52.217457],[20.961759,52.21368]]}},{"type":"Feature","properties":{"id":"c983","lines":"127 158 178 187 191 208 717 817 N01 N35 N85","n":11,"tram":0,"op":"ZTM Warszawa — buses"},"geometry":{"type":"LineString","coordinates":[[20.940182,52.211791],[20.937099,52.209902],[20.934017,52.209902]]}},{"type":"Feature","properties":{"id":"c984","lines":"158","n":1,"tram":0,"op":"mix"},"geometry":{"type":"LineString","coordinates":[[20.940182,52.211791],[20.934017,52.211791]]}},{"type":"Feature","properties":{"id":"c985","lines":"159 172","n":2,"tram":0,"op":"ZTM Warszawa — buses"},"geometry":{"type":"LineString","coordinates":[[20.940182,52.211791],[20.946347,52.215568]]}},{"type":"Feature","properties":{"id":"c986","lines":"517","n":1,"tram":0,"op":"mix"},"geometry":{"type":"LineString","coordinates":[[20.940182,52.211791],[20.927852,52.204237]]}},{"type":"Feature","properties":{"id":"c987","lines":"127 178 187 191 208 717 817 N01 N35 N85","n":10,"tram":0,"op":"ZTM Warszawa — buses"},"geometry":{"type":"LineString","coordinates":[[20.934017,52.209902],[20.927852,52.206125],[20.927852,52.204237]]}},{"type":"Feature","properties":{"id":"c988","lines":"158","n":1,"tram":0,"op":"ZTM Warszawa — buses"},"geometry":{"type":"LineString","coordinates":[[20.934017,52.209902],[20.934017,52.211791]]}},{"type":"Feature","properties":{"id":"c989","lines":"127 178 187 191 517 717 817 N01 N35 N85","n":10,"tram":0,"op":"mix"},"geometry":{"type":"LineString","coordinates":[[20.927852,52.204237],[20.92477,52.202348],[20.92477,52.196682]]}},{"type":"Feature","properties":{"id":"c990","lines":"208","n":1,"tram":0,"op":"mix"},"geometry":{"type":"LineString","coordinates":[[20.927852,52.204237],[20.934017,52.20046],[20.934017,52.198571]]}},{"type":"Feature","properties":{"id":"c992","lines":"127 178 191 228 N85","n":5,"tram":0,"op":"mix"},"geometry":{"type":"LineString","coordinates":[[20.92477,52.196682],[20.918605,52.20046]]}},{"type":"Feature","properties":{"id":"c993","lines":"187 517 717 817 N01 N35","n":6,"tram":0,"op":"mix"},"geometry":{"type":"LineString","coordinates":[[20.92477,52.196682],[20.918605,52.192905]]}},{"type":"Feature","properties":{"id":"c994","lines":"228","n":1,"tram":0,"op":"ZTM Warszawa — buses"},"geometry":{"type":"LineString","coordinates":[[20.92477,52.196682],[20.927852,52.196682],[20.934017,52.192905]]}},{"type":"Feature","properties":{"id":"c995","lines":"127 228 N85","n":3,"tram":0,"op":"ZTM Warszawa — buses"},"geometry":{"type":"LineString","coordinates":[[20.918605,52.20046],[20.915522,52.202348],[20.915522,52.204237]]}},{"type":"Feature","properties":{"id":"c996","lines":"178 191","n":2,"tram":0,"op":"mix"},"geometry":{"type":"LineString","coordinates":[[20.918605,52.20046],[20.91244,52.204237],[20.909358,52.204237]]}},{"type":"Feature","properties":{"id":"c997","lines":"127 129 228 N85","n":4,"tram":0,"op":"ZTM Warszawa — buses"},"geometry":{"type":"LineString","coordinates":[[20.915522,52.204237],[20.915522,52.208014],[20.91244,52.209902]]}},{"type":"Feature","properties":{"id":"c998","lines":"129","n":1,"tram":0,"op":"ZTM Warszawa — buses"},"geometry":{"type":"LineString","coordinates":[[20.915522,52.204237],[20.909358,52.204237]]}},{"type":"Feature","properties":{"id":"c999","lines":"127 129 228","n":3,"tram":0,"op":"ZTM Warszawa — buses"},"geometry":{"type":"LineString","coordinates":[[20.91244,52.209902],[20.906275,52.209902]]}},{"type":"Feature","properties":{"id":"c1000","lines":"127 228 N85","n":3,"tram":0,"op":"ZTM Warszawa — buses"},"geometry":{"type":"LineString","coordinates":[[20.91244,52.209902],[20.906275,52.206125]]}},{"type":"Feature","properties":{"id":"c1001","lines":"228","n":1,"tram":0,"op":"ZTM Warszawa — buses"},"geometry":{"type":"LineString","coordinates":[[20.91244,52.209902],[20.91244,52.21368]]}},{"type":"Feature","properties":{"id":"c1002","lines":"127 189 194 228 320 N01 N41","n":7,"tram":0,"op":"ZTM Warszawa — buses"},"geometry":{"type":"LineString","coordinates":[[20.906275,52.209902],[20.906275,52.206125]]}},{"type":"Feature","properties":{"id":"c1003","lines":"228","n":1,"tram":0,"op":"ZTM Warszawa — buses"},"geometry":{"type":"LineString","coordinates":[[20.906275,52.209902],[20.91244,52.21368]]}},{"type":"Feature","properties":{"id":"c1004","lines":"127 194 N85","n":3,"tram":0,"op":"ZTM Warszawa — buses"},"geometry":{"type":"LineString","coordinates":[[20.906275,52.206125],[20.90011,52.209902],[20.897028,52.209902]]}},{"type":"Feature","properties":{"id":"c1005","lines":"129 178 191","n":3,"tram":0,"op":"mix"},"geometry":{"type":"LineString","coordinates":[[20.906275,52.206125],[20.909358,52.204237]]}},{"type":"Feature","properties":{"id":"c1006","lines":"129 178 189 191 320 N01 N41","n":7,"tram":0,"op":"ZTM Warszawa — buses"},"geometry":{"type":"LineString","coordinates":[[20.906275,52.206125],[20.906275,52.20046],[20.909358,52.198571]]}},{"type":"Feature","properties":{"id":"c1007","lines":"228","n":1,"tram":0,"op":"mix"},"geometry":{"type":"LineString","coordinates":[[20.906275,52.206125],[20.90011,52.202348],[20.897028,52.202348]]}},{"type":"Feature","properties":{"id":"c1009","lines":"177 194 220 N85","n":4,"tram":0,"op":"ZTM Warszawa — buses"},"geometry":{"type":"LineString","coordinates":[[20.897028,52.209902],[20.893945,52.208014]]}},{"type":"Feature","properties":{"id":"c1010","lines":"128 186 208 414","n":4,"tram":0,"op":"ZTM Warszawa — buses"},"geometry":{"type":"LineString","coordinates":[[20.964841,52.202348],[20.961759,52.202348],[20.955594,52.206125]]}},{"type":"Feature","properties":{"id":"c1011","lines":"128 186","n":2,"tram":0,"op":"ZTM Warszawa — buses"},"geometry":{"type":"LineString","coordinates":[[20.964841,52.202348],[20.971006,52.202348]]}},{"type":"Feature","properties":{"id":"c1012","lines":"128 186","n":2,"tram":0,"op":"ZTM Warszawa — buses"},"geometry":{"type":"LineString","coordinates":[[20.964841,52.202348],[20.967924,52.20046],[20.974088,52.20046]]}},{"type":"Feature","properties":{"id":"c1013","lines":"154","n":1,"tram":0,"op":"ZTM Warszawa — buses"},"geometry":{"type":"LineString","coordinates":[[20.964841,52.202348],[20.967924,52.204237],[20.967924,52.209902]]}},{"type":"Feature","properties":{"id":"c1014","lines":"154 208 414 N38 N88","n":5,"tram":1,"op":"mix"},"geometry":{"type":"LineString","coordinates":[[20.964841,52.202348],[20.961759,52.20046],[20.961759,52.196682]]}},{"type":"Feature","properties":{"id":"c1015","lines":"154","n":1,"tram":0,"op":"ZTM Warszawa — buses"},"geometry":{"type":"LineString","coordinates":[[20.964841,52.202348],[20.961759,52.204237],[20.961759,52.206125]]}},{"type":"Feature","properties":{"id":"c1016","lines":"N38 N88","n":2,"tram":0,"op":"ZTM Warszawa — buses"},"geometry":{"type":"LineString","coordinates":[[20.964841,52.202348],[20.964841,52.204237],[20.974088,52.209902],[20.974088,52.211791]]}},{"type":"Feature","properties":{"id":"c1018","lines":"157","n":1,"tram":0,"op":"ZTM Warszawa — buses"},"geometry":{"type":"LineString","coordinates":[[20.955594,52.206125],[20.961759,52.206125]]}},{"type":"Feature","properties":{"id":"c1019","lines":"157 184 208 414","n":4,"tram":0,"op":"ZTM Warszawa — buses"},"geometry":{"type":"LineString","coordinates":[[20.955594,52.206125],[20.961759,52.209902]]}},{"type":"Feature","properties":{"id":"c1020","lines":"184 208 414","n":3,"tram":0,"op":"ZTM Warszawa — buses"},"geometry":{"type":"LineString","coordinates":[[20.955594,52.206125],[20.955594,52.209902],[20.961759,52.21368]]}},{"type":"Feature","properties":{"id":"c1021","lines":"128","n":1,"tram":0,"op":"ZTM Warszawa — buses"},"geometry":{"type":"LineString","coordinates":[[20.971006,52.202348],[20.971006,52.196682]]}},{"type":"Feature","properties":{"id":"c1022","lines":"186","n":1,"tram":0,"op":"ZTM Warszawa — buses"},"geometry":{"type":"LineString","coordinates":[[20.971006,52.202348],[20.980253,52.208014]]}},{"type":"Feature","properties":{"id":"c1023","lines":"128 172 N01","n":3,"tram":0,"op":"ZTM Warszawa — buses"},"geometry":{"type":"LineString","coordinates":[[20.971006,52.196682],[20.980253,52.196682]]}},{"type":"Feature","properties":{"id":"c1024","lines":"172 N01","n":2,"tram":0,"op":"ZTM Warszawa — buses"},"geometry":{"type":"LineString","coordinates":[[20.971006,52.196682],[20.974088,52.198571],[20.974088,52.20046]]}},{"type":"Feature","properties":{"id":"c1025","lines":"128 N01","n":2,"tram":0,"op":"ZTM Warszawa — buses"},"geometry":{"type":"LineString","coordinates":[[20.980253,52.196682],[20.986418,52.192905],[20.986418,52.191017]]}},{"type":"Feature","properties":{"id":"c1026","lines":"128 172 N01","n":3,"tram":0,"op":"ZTM Warszawa — buses"},"geometry":{"type":"LineString","coordinates":[[20.980253,52.196682],[20.986418,52.196682]]}},{"type":"Feature","properties":{"id":"c1027","lines":"128 172 N01","n":3,"tram":0,"op":"ZTM Warszawa — buses"},"geometry":{"type":"LineString","coordinates":[[20.980253,52.196682],[20.974088,52.20046]]}},{"type":"Feature","properties":{"id":"c1028","lines":"128 136 172 175 188 N01 N32","n":7,"tram":0,"op":"ZTM Warszawa — buses"},"geometry":{"type":"LineString","coordinates":[[20.986418,52.191017],[20.986418,52.196682]]}},{"type":"Feature","properties":{"id":"c1029","lines":"136 141 175 188 N32","n":5,"tram":0,"op":"ZTM Warszawa — buses"},"geometry":{"type":"LineString","coordinates":[[20.986418,52.191017],[20.986418,52.187239]]}},{"type":"Feature","properties":{"id":"c1030","lines":"141 172 N01","n":3,"tram":0,"op":"ZTM Warszawa — buses"},"geometry":{"type":"LineString","coordinates":[[20.986418,52.191017],[20.989501,52.189128],[21.011078,52.189128]]}},{"type":"Feature","properties":{"id":"c1031","lines":"504","n":1,"tram":0,"op":"ZTM Warszawa — buses"},"geometry":{"type":"LineString","coordinates":[[20.986418,52.191017],[20.977171,52.185351],[20.977171,52.181574]]}},{"type":"Feature","properties":{"id":"c1032","lines":"504","n":1,"tram":0,"op":"ZTM Warszawa — buses"},"geometry":{"type":"LineString","coordinates":[[20.986418,52.191017],[20.992583,52.194794],[20.992583,52.202348]]}},{"type":"Feature","properties":{"id":"c1033","lines":"128 136 175 188 N32","n":5,"tram":0,"op":"ZTM Warszawa — buses"},"geometry":{"type":"LineString","coordinates":[[20.986418,52.196682],[20.992583,52.20046],[20.992583,52.202348]]}},{"type":"Feature","properties":{"id":"c1034","lines":"128 136 175 188 504 N32","n":6,"tram":0,"op":"ZTM Warszawa — buses"},"geometry":{"type":"LineString","coordinates":[[20.992583,52.202348],[20.992583,52.209902]]}},{"type":"Feature","properties":{"id":"c1035","lines":"128 175 188 504 N32","n":5,"tram":0,"op":"ZTM Warszawa — buses"},"geometry":{"type":"LineString","coordinates":[[20.992583,52.209902],[20.995665,52.211791],[20.995665,52.219345]]}},{"type":"Feature","properties":{"id":"c1036","lines":"136","n":1,"tram":0,"op":"ZTM Warszawa — buses"},"geometry":{"type":"LineString","coordinates":[[20.992583,52.209902],[20.989501,52.208014],[20.980253,52.208014]]}},{"type":"Feature","properties":{"id":"c1037","lines":"136","n":1,"tram":0,"op":"ZTM Warszawa — buses"},"geometry":{"type":"LineString","coordinates":[[20.992583,52.209902],[20.989501,52.211791],[20.974088,52.211791]]}},{"type":"Feature","properties":{"id":"c1038","lines":"128 175 N32","n":3,"tram":0,"op":"ZTM Warszawa — buses"},"geometry":{"type":"LineString","coordinates":[[20.995665,52.219345],[20.995665,52.225011]]}},{"type":"Feature","properties":{"id":"c1039","lines":"143 167 182 187 188","n":5,"tram":0,"op":"ZTM Warszawa — buses"},"geometry":{"type":"LineString","coordinates":[[20.995665,52.219345],[21.01416,52.219345]]}},{"type":"Feature","properties":{"id":"c1040","lines":"167 182 187 523","n":4,"tram":0,"op":"ZTM Warszawa — buses"},"geometry":{"type":"LineString","coordinates":[[20.995665,52.219345],[20.980253,52.219345]]}},{"type":"Feature","properties":{"id":"c1041","lines":"523","n":1,"tram":0,"op":"ZTM Warszawa — buses"},"geometry":{"type":"LineString","coordinates":[[20.995665,52.219345],[21.01416,52.219345]]}},{"type":"Feature","properties":{"id":"c1044","lines":"172 186 N01","n":3,"tram":0,"op":"ZTM Warszawa — buses"},"geometry":{"type":"LineString","coordinates":[[20.974088,52.20046],[20.980253,52.204237],[20.980253,52.208014]]}},{"type":"Feature","properties":{"id":"c1045","lines":"129 184 197 201 249 N45 N95","n":7,"tram":1,"op":"mix"},"geometry":{"type":"LineString","coordinates":[[20.937099,52.249562],[20.934017,52.249562]]}},{"type":"Feature","properties":{"id":"c1046","lines":"129 201 249 N45 N95","n":5,"tram":1,"op":"mix"},"geometry":{"type":"LineString","coordinates":[[20.937099,52.249562],[20.943264,52.25334]]}},{"type":"Feature","properties":{"id":"c1047","lines":"184 197 201","n":3,"tram":0,"op":"ZTM Warszawa — buses"},"geometry":{"type":"LineString","coordinates":[[20.937099,52.249562],[20.937099,52.243897]]}},{"type":"Feature","properties":{"id":"c1048","lines":"184 N45 N95","n":3,"tram":1,"op":"mix"},"geometry":{"type":"LineString","coordinates":[[20.934017,52.249562],[20.930935,52.247674],[20.927852,52.247674]]}},{"type":"Feature","properties":{"id":"c1049","lines":"197 201","n":2,"tram":0,"op":"ZTM Warszawa — buses"},"geometry":{"type":"LineString","coordinates":[[20.934017,52.249562],[20.934017,52.25334]]}},{"type":"Feature","properties":{"id":"c1050","lines":"129 201 249","n":3,"tram":0,"op":"ZTM Warszawa — buses"},"geometry":{"type":"LineString","coordinates":[[20.943264,52.25334],[20.943264,52.247674],[20.940182,52.245785]]}},{"type":"Feature","properties":{"id":"c1051","lines":"N45 N95","n":2,"tram":1,"op":"mix"},"geometry":{"type":"LineString","coordinates":[[20.943264,52.25334],[20.952511,52.25334]]}},{"type":"Feature","properties":{"id":"c1052","lines":"129 171 184 190 201 249 523 N42 N43","n":9,"tram":0,"op":"ZTM Warszawa — buses"},"geometry":{"type":"LineString","coordinates":[[20.940182,52.245785],[20.937099,52.243897]]}},{"type":"Feature","properties":{"id":"c1053","lines":"171 190 523 N42 N43","n":5,"tram":0,"op":"ZTM Warszawa — buses"},"geometry":{"type":"LineString","coordinates":[[20.940182,52.245785],[20.949429,52.245785],[20.952511,52.243897]]}},{"type":"Feature","properties":{"id":"c1054","lines":"184","n":1,"tram":0,"op":"ZTM Warszawa — buses"},"geometry":{"type":"LineString","coordinates":[[20.940182,52.245785],[20.940182,52.242008]]}},{"type":"Feature","properties":{"id":"c1055","lines":"129 167 190 197 N42","n":5,"tram":0,"op":"ZTM Warszawa — buses"},"geometry":{"type":"LineString","coordinates":[[20.937099,52.243897],[20.930935,52.24012]]}},{"type":"Feature","properties":{"id":"c1056","lines":"167 171 190 249 523 N43","n":6,"tram":0,"op":"ZTM Warszawa — buses"},"geometry":{"type":"LineString","coordinates":[[20.937099,52.243897],[20.927852,52.243897]]}},{"type":"Feature","properties":{"id":"c1057","lines":"184","n":1,"tram":0,"op":"ZTM Warszawa — buses"},"geometry":{"type":"LineString","coordinates":[[20.937099,52.243897],[20.940182,52.242008]]}},{"type":"Feature","properties":{"id":"c1060","lines":"129 190","n":2,"tram":0,"op":"ZTM Warszawa — buses"},"geometry":{"type":"LineString","coordinates":[[20.930935,52.24012],[20.92477,52.236342],[20.921687,52.236342]]}},{"type":"Feature","properties":{"id":"c1061","lines":"167 197 N42","n":3,"tram":0,"op":"ZTM Warszawa — buses"},"geometry":{"type":"LineString","coordinates":[[20.930935,52.24012],[20.930935,52.232565]]}},{"type":"Feature","properties":{"id":"c1062","lines":"129 190","n":2,"tram":0,"op":"ZTM Warszawa — buses"},"geometry":{"type":"LineString","coordinates":[[20.921687,52.236342],[20.918605,52.234454]]}},{"type":"Feature","properties":{"id":"c1063","lines":"129","n":1,"tram":0,"op":"ZTM Warszawa — buses"},"geometry":{"type":"LineString","coordinates":[[20.918605,52.234454],[20.915522,52.232565]]}},{"type":"Feature","properties":{"id":"c1064","lines":"129 178 187 191 N35","n":5,"tram":0,"op":"ZTM Warszawa — buses"},"geometry":{"type":"LineString","coordinates":[[20.909358,52.198571],[20.906275,52.196682]]}},{"type":"Feature","properties":{"id":"c1065","lines":"187 189 N01 N35","n":4,"tram":0,"op":"ZTM Warszawa — buses"},"geometry":{"type":"LineString","coordinates":[[20.909358,52.198571],[20.915522,52.194794]]}},{"type":"Feature","properties":{"id":"c1066","lines":"320 401 517 N41","n":4,"tram":0,"op":"ZTM Warszawa — buses"},"geometry":{"type":"LineString","coordinates":[[20.909358,52.198571],[20.915522,52.194794]]}},{"type":"Feature","properties":{"id":"c1067","lines":"401 517","n":2,"tram":0,"op":"ZTM Warszawa — buses"},"geometry":{"type":"LineString","coordinates":[[20.909358,52.198571],[20.909358,52.194794],[20.906275,52.192905]]}},{"type":"Feature","properties":{"id":"c1068","lines":"129 178 191 N35","n":4,"tram":0,"op":"ZTM Warszawa — buses"},"geometry":{"type":"LineString","coordinates":[[20.906275,52.196682],[20.906275,52.192905]]}},{"type":"Feature","properties":{"id":"c1069","lines":"187","n":1,"tram":0,"op":"ZTM Warszawa — buses"},"geometry":{"type":"LineString","coordinates":[[20.906275,52.196682],[20.90011,52.20046]]}},{"type":"Feature","properties":{"id":"c1070","lines":"129 191 207 401 517 N35","n":6,"tram":0,"op":"ZTM Warszawa — buses"},"geometry":{"type":"LineString","coordinates":[[20.906275,52.192905],[20.903193,52.192905]]}},{"type":"Feature","properties":{"id":"c1071","lines":"178 207","n":2,"tram":0,"op":"ZTM Warszawa — buses"},"geometry":{"type":"LineString","coordinates":[[20.906275,52.192905],[20.906275,52.189128]]}},{"type":"Feature","properties":{"id":"c1072","lines":"129 191 207 220 401 517 N35","n":7,"tram":0,"op":"ZTM Warszawa — buses"},"geometry":{"type":"LineString","coordinates":[[20.903193,52.192905],[20.903193,52.196682]]}},{"type":"Feature","properties":{"id":"c1073","lines":"220","n":1,"tram":0,"op":"ZTM Warszawa — buses"},"geometry":{"type":"LineString","coordinates":[[20.903193,52.192905],[20.90011,52.191017],[20.90011,52.189128]]}},{"type":"Feature","properties":{"id":"c1074","lines":"220","n":1,"tram":0,"op":"ZTM Warszawa — buses"},"geometry":{"type":"LineString","coordinates":[[20.903193,52.192905],[20.903193,52.191017]]}},{"type":"Feature","properties":{"id":"c1075","lines":"129","n":1,"tram":0,"op":"ZTM Warszawa — buses"},"geometry":{"type":"LineString","coordinates":[[20.903193,52.196682],[20.893945,52.196682]]}},{"type":"Feature","properties":{"id":"c1076","lines":"191 207 401 517 N35","n":5,"tram":0,"op":"ZTM Warszawa — buses"},"geometry":{"type":"LineString","coordinates":[[20.903193,52.196682],[20.90011,52.194794]]}},{"type":"Feature","properties":{"id":"c1077","lines":"220","n":1,"tram":0,"op":"ZTM Warszawa — buses"},"geometry":{"type":"LineString","coordinates":[[20.903193,52.196682],[20.90011,52.198571]]}},{"type":"Feature","properties":{"id":"c1078","lines":"129 207","n":2,"tram":0,"op":"ZTM Warszawa — buses"},"geometry":{"type":"LineString","coordinates":[[20.893945,52.196682],[20.893945,52.194794]]}},{"type":"Feature","properties":{"id":"c1079","lines":"187 194","n":2,"tram":0,"op":"mix"},"geometry":{"type":"LineString","coordinates":[[20.893945,52.196682],[20.887781,52.196682]]}},{"type":"Feature","properties":{"id":"c1080","lines":"187 401 N35 N85","n":4,"tram":0,"op":"ZTM Warszawa — buses"},"geometry":{"type":"LineString","coordinates":[[20.893945,52.196682],[20.893945,52.198571],[20.890863,52.20046]]}},{"type":"Feature","properties":{"id":"c1081","lines":"187 207 401","n":3,"tram":0,"op":"ZTM Warszawa — buses"},"geometry":{"type":"LineString","coordinates":[[20.893945,52.196682],[20.897028,52.194794],[20.90011,52.194794]]}},{"type":"Feature","properties":{"id":"c1082","lines":"194","n":1,"tram":0,"op":"mix"},"geometry":{"type":"LineString","coordinates":[[20.893945,52.196682],[20.893945,52.20046],[20.897028,52.202348]]}},{"type":"Feature","properties":{"id":"c1083","lines":"207 N35 N85","n":3,"tram":0,"op":"ZTM Warszawa — buses"},"geometry":{"type":"LineString","coordinates":[[20.893945,52.196682],[20.887781,52.192905]]}},{"type":"Feature","properties":{"id":"c1084","lines":"207","n":1,"tram":0,"op":"ZTM Warszawa — buses"},"geometry":{"type":"LineString","coordinates":[[20.893945,52.196682],[20.893945,52.202348],[20.890863,52.204237]]}},{"type":"Feature","properties":{"id":"c1085","lines":"207","n":1,"tram":0,"op":"ZTM Warszawa — buses"},"geometry":{"type":"LineString","coordinates":[[20.893945,52.196682],[20.893945,52.191017],[20.897028,52.189128]]}},{"type":"Feature","properties":{"id":"c1087","lines":"207 517","n":2,"tram":0,"op":"ZTM Warszawa — buses"},"geometry":{"type":"LineString","coordinates":[[20.893945,52.194794],[20.893945,52.191017],[20.897028,52.189128]]}},{"type":"Feature","properties":{"id":"c1088","lines":"517 N35 N85","n":3,"tram":0,"op":"ZTM Warszawa — buses"},"geometry":{"type":"LineString","coordinates":[[20.893945,52.194794],[20.890863,52.196682],[20.890863,52.20046]]}},{"type":"Feature","properties":{"id":"c1089","lines":"N35 N85","n":2,"tram":0,"op":"ZTM Warszawa — buses"},"geometry":{"type":"LineString","coordinates":[[20.893945,52.194794],[20.890863,52.192905],[20.887781,52.192905]]}},{"type":"Feature","properties":{"id":"c1090","lines":"130","n":1,"tram":0,"op":"ZTM Warszawa — buses"},"geometry":{"type":"LineString","coordinates":[[21.044984,52.189128],[21.032654,52.181574]]}},{"type":"Feature","properties":{"id":"c1091","lines":"130","n":1,"tram":0,"op":"ZTM Warszawa — buses"},"geometry":{"type":"LineString","coordinates":[[21.044984,52.189128],[21.032654,52.181574]]}},{"type":"Feature","properties":{"id":"c1092","lines":"N37","n":1,"tram":1,"op":"mix"},"geometry":{"type":"LineString","coordinates":[[21.032654,52.181574],[21.032654,52.185351]]}},{"type":"Feature","properties":{"id":"c1093","lines":"131 163 180 N31","n":4,"tram":0,"op":"ZTM Warszawa — buses"},"geometry":{"type":"LineString","coordinates":[[21.063479,52.185351],[21.063479,52.183462]]}},{"type":"Feature","properties":{"id":"c1094","lines":"163 N31","n":2,"tram":0,"op":"ZTM Warszawa — buses"},"geometry":{"type":"LineString","coordinates":[[21.063479,52.183462],[21.075808,52.183462]]}},{"type":"Feature","properties":{"id":"c1095","lines":"138","n":1,"tram":0,"op":"ZTM Warszawa — buses"},"geometry":{"type":"LineString","coordinates":[[21.051149,52.2269],[21.051149,52.230677]]}},{"type":"Feature","properties":{"id":"c1096","lines":"138 141 143 151 182 188 411 502 514 520 523 525 N25","n":13,"tram":0,"op":"ZTM Warszawa — buses"},"geometry":{"type":"LineString","coordinates":[[21.051149,52.2269],[21.054231,52.228788]]}},{"type":"Feature","properties":{"id":"c1097","lines":"204 N14","n":2,"tram":1,"op":"mix"},"geometry":{"type":"LineString","coordinates":[[21.01416,52.274114],[21.011078,52.274114],[21.007995,52.276002]]}},{"type":"Feature","properties":{"id":"c1098","lines":"N64","n":1,"tram":1,"op":"mix"},"geometry":{"type":"LineString","coordinates":[[21.01416,52.274114],[21.01416,52.277891]]}},{"type":"Feature","properties":{"id":"c1100","lines":"134 226 326 332 N11","n":5,"tram":0,"op":"ZTM Warszawa — buses"},"geometry":{"type":"LineString","coordinates":[[21.02649,52.276002],[21.02649,52.277891]]}},{"type":"Feature","properties":{"id":"c1101","lines":"132 152 160 234 527 N11","n":6,"tram":0,"op":"ZTM Warszawa — buses"},"geometry":{"type":"LineString","coordinates":[[21.032654,52.283557],[21.032654,52.281668]]}},{"type":"Feature","properties":{"id":"c1102","lines":"132 152 160 234 527 N11","n":6,"tram":0,"op":"ZTM Warszawa — buses"},"geometry":{"type":"LineString","coordinates":[[21.032654,52.283557],[21.029572,52.285445]]}},{"type":"Feature","properties":{"id":"c1103","lines":"132 152 160 527 N11","n":5,"tram":0,"op":"ZTM Warszawa — buses"},"geometry":{"type":"LineString","coordinates":[[21.032654,52.281668],[21.035737,52.27978]]}},{"type":"Feature","properties":{"id":"c1104","lines":"234","n":1,"tram":0,"op":"ZTM Warszawa — buses"},"geometry":{"type":"LineString","coordinates":[[21.032654,52.281668],[21.02649,52.281668]]}},{"type":"Feature","properties":{"id":"c1105","lines":"152 204","n":2,"tram":0,"op":"ZTM Warszawa — buses"},"geometry":{"type":"LineString","coordinates":[[21.029572,52.285445],[21.02649,52.285445]]}},{"type":"Feature","properties":{"id":"c1106","lines":"152","n":1,"tram":0,"op":"ZTM Warszawa — buses"},"geometry":{"type":"LineString","coordinates":[[21.029572,52.285445],[21.023407,52.285445],[21.020325,52.287334]]}},{"type":"Feature","properties":{"id":"c1107","lines":"204 N11","n":2,"tram":0,"op":"ZTM Warszawa — buses"},"geometry":{"type":"LineString","coordinates":[[21.029572,52.285445],[21.02649,52.283557]]}},{"type":"Feature","properties":{"id":"c1108","lines":"133 176 N64","n":3,"tram":0,"op":"ZTM Warszawa — buses"},"geometry":{"type":"LineString","coordinates":[[20.980253,52.298665],[20.980253,52.294888]]}},{"type":"Feature","properties":{"id":"c1109","lines":"133 176 N64","n":3,"tram":0,"op":"ZTM Warszawa — buses"},"geometry":{"type":"LineString","coordinates":[[20.980253,52.298665],[20.980253,52.294888]]}},{"type":"Feature","properties":{"id":"c1110","lines":"133","n":1,"tram":0,"op":"ZTM Warszawa — buses"},"geometry":{"type":"LineString","coordinates":[[20.980253,52.294888],[20.977171,52.294888],[20.971006,52.291111]]}},{"type":"Feature","properties":{"id":"c1111","lines":"176 N64","n":2,"tram":0,"op":"ZTM Warszawa — buses"},"geometry":{"type":"LineString","coordinates":[[20.980253,52.294888],[20.983336,52.294888],[20.986418,52.293]]}},{"type":"Feature","properties":{"id":"c1112","lines":"133 N63","n":2,"tram":0,"op":"ZTM Warszawa — buses"},"geometry":{"type":"LineString","coordinates":[[20.971006,52.291111],[20.967924,52.289222]]}},{"type":"Feature","properties":{"id":"c1113","lines":"511 723 731","n":3,"tram":0,"op":"ZTM Warszawa — buses"},"geometry":{"type":"LineString","coordinates":[[20.971006,52.291111],[20.977171,52.291111]]}},{"type":"Feature","properties":{"id":"c1114","lines":"511","n":1,"tram":0,"op":"ZTM Warszawa — buses"},"geometry":{"type":"LineString","coordinates":[[20.971006,52.291111],[20.967924,52.291111],[20.961759,52.294888]]}},{"type":"Feature","properties":{"id":"c1115","lines":"511","n":1,"tram":0,"op":"ZTM Warszawa — buses"},"geometry":{"type":"LineString","coordinates":[[20.971006,52.291111],[20.964841,52.291111],[20.961759,52.293]]}},{"type":"Feature","properties":{"id":"c1116","lines":"723 731 900 N63","n":4,"tram":0,"op":"ZTM Warszawa — buses"},"geometry":{"type":"LineString","coordinates":[[20.971006,52.291111],[20.967924,52.291111],[20.964841,52.293]]}},{"type":"Feature","properties":{"id":"c1117","lines":"133","n":1,"tram":0,"op":"ZTM Warszawa — buses"},"geometry":{"type":"LineString","coordinates":[[20.967924,52.289222],[20.964841,52.289222],[20.961759,52.287334]]}},{"type":"Feature","properties":{"id":"c1118","lines":"N63","n":1,"tram":0,"op":"ZTM Warszawa — buses"},"geometry":{"type":"LineString","coordinates":[[20.967924,52.289222],[20.958676,52.289222]]}},{"type":"Feature","properties":{"id":"c1119","lines":"133","n":1,"tram":0,"op":"ZTM Warszawa — buses"},"geometry":{"type":"LineString","coordinates":[[20.961759,52.287334],[20.958676,52.285445],[20.955594,52.285445]]}},{"type":"Feature","properties":{"id":"c1120","lines":"211","n":1,"tram":0,"op":"ZTM Warszawa — buses"},"geometry":{"type":"LineString","coordinates":[[20.961759,52.287334],[20.967924,52.287334]]}},{"type":"Feature","properties":{"id":"c1121","lines":"211","n":1,"tram":0,"op":"ZTM Warszawa — buses"},"geometry":{"type":"LineString","coordinates":[[20.961759,52.287334],[20.958676,52.289222]]}},{"type":"Feature","properties":{"id":"c1122","lines":"186 509 N01 N03 N13 N63","n":6,"tram":1,"op":"mix"},"geometry":{"type":"LineString","coordinates":[[20.955594,52.285445],[20.955594,52.287334]]}},{"type":"Feature","properties":{"id":"c1124","lines":"326","n":1,"tram":0,"op":"ZTM Warszawa — buses"},"geometry":{"type":"LineString","coordinates":[[21.02649,52.294888],[21.032654,52.291111]]}},{"type":"Feature","properties":{"id":"c1125","lines":"134 226 314 326","n":4,"tram":0,"op":"ZTM Warszawa — buses"},"geometry":{"type":"LineString","coordinates":[[21.020325,52.291111],[21.020325,52.289222]]}},{"type":"Feature","properties":{"id":"c1126","lines":"134 226 314 326 N14","n":5,"tram":0,"op":"ZTM Warszawa — buses"},"geometry":{"type":"LineString","coordinates":[[21.020325,52.291111],[21.020325,52.289222]]}},{"type":"Feature","properties":{"id":"c1127","lines":"226 314 N14","n":3,"tram":0,"op":"ZTM Warszawa — buses"},"geometry":{"type":"LineString","coordinates":[[21.020325,52.291111],[21.017242,52.291111]]}},{"type":"Feature","properties":{"id":"c1128","lines":"134 226 314 326 N14","n":5,"tram":0,"op":"ZTM Warszawa — buses"},"geometry":{"type":"LineString","coordinates":[[21.020325,52.289222],[21.020325,52.287334]]}},{"type":"Feature","properties":{"id":"c1129","lines":"134 226 326 332 N14","n":5,"tram":0,"op":"ZTM Warszawa — buses"},"geometry":{"type":"LineString","coordinates":[[21.020325,52.287334],[21.02649,52.283557]]}},{"type":"Feature","properties":{"id":"c1130","lines":"152","n":1,"tram":0,"op":"ZTM Warszawa — buses"},"geometry":{"type":"LineString","coordinates":[[21.020325,52.287334],[21.023407,52.285445],[21.02649,52.285445]]}},{"type":"Feature","properties":{"id":"c1131","lines":"134 204 226 326 332","n":5,"tram":0,"op":"ZTM Warszawa — buses"},"geometry":{"type":"LineString","coordinates":[[21.02649,52.283557],[21.02649,52.281668]]}},{"type":"Feature","properties":{"id":"c1132","lines":"134 204 226 326 332 N11 N14","n":7,"tram":0,"op":"ZTM Warszawa — buses"},"geometry":{"type":"LineString","coordinates":[[21.02649,52.283557],[21.02649,52.281668]]}},{"type":"Feature","properties":{"id":"c1133","lines":"204","n":1,"tram":0,"op":"ZTM Warszawa — buses"},"geometry":{"type":"LineString","coordinates":[[21.02649,52.283557],[21.02649,52.285445]]}},{"type":"Feature","properties":{"id":"c1134","lines":"134 226 326 332 N11","n":5,"tram":0,"op":"ZTM Warszawa — buses"},"geometry":{"type":"LineString","coordinates":[[21.02649,52.281668],[21.02649,52.277891]]}},{"type":"Feature","properties":{"id":"c1135","lines":"135 151 311","n":3,"tram":0,"op":"ZTM Warszawa — buses"},"geometry":{"type":"LineString","coordinates":[[21.078891,52.2269],[21.069644,52.2269]]}},{"type":"Feature","properties":{"id":"c1136","lines":"151","n":1,"tram":0,"op":"ZTM Warszawa — buses"},"geometry":{"type":"LineString","coordinates":[[21.078891,52.2269],[21.081973,52.225011]]}},{"type":"Feature","properties":{"id":"c1137","lines":"135 151 311","n":3,"tram":0,"op":"ZTM Warszawa — buses"},"geometry":{"type":"LineString","coordinates":[[21.069644,52.2269],[21.069644,52.230677]]}},{"type":"Feature","properties":{"id":"c1138","lines":"135 148 158 311","n":4,"tram":0,"op":"ZTM Warszawa — buses"},"geometry":{"type":"LineString","coordinates":[[21.069644,52.230677],[21.069644,52.236342]]}},{"type":"Feature","properties":{"id":"c1139","lines":"141 143 151 158 182 502 514 520 525 N25","n":10,"tram":0,"op":"ZTM Warszawa — buses"},"geometry":{"type":"LineString","coordinates":[[21.069644,52.230677],[21.066561,52.232565]]}},{"type":"Feature","properties":{"id":"c1140","lines":"135 188 311 523","n":4,"tram":0,"op":"ZTM Warszawa — buses"},"geometry":{"type":"LineString","coordinates":[[21.069644,52.236342],[21.066561,52.238231]]}},{"type":"Feature","properties":{"id":"c1141","lines":"141 143 188 523","n":4,"tram":0,"op":"ZTM Warszawa — buses"},"geometry":{"type":"LineString","coordinates":[[21.069644,52.236342],[21.069644,52.234454],[21.066561,52.232565]]}},{"type":"Feature","properties":{"id":"c1142","lines":"158","n":1,"tram":0,"op":"ZTM Warszawa — buses"},"geometry":{"type":"LineString","coordinates":[[21.069644,52.236342],[21.066561,52.234454],[21.063479,52.234454]]}},{"type":"Feature","properties":{"id":"c1143","lines":"135 311","n":2,"tram":0,"op":"ZTM Warszawa — buses"},"geometry":{"type":"LineString","coordinates":[[21.066561,52.238231],[21.063479,52.238231]]}},{"type":"Feature","properties":{"id":"c1144","lines":"135 N14 N64","n":3,"tram":0,"op":"ZTM Warszawa — buses"},"geometry":{"type":"LineString","coordinates":[[21.032654,52.260894],[21.02649,52.260894]]}},{"type":"Feature","properties":{"id":"c1145","lines":"N14 N64","n":2,"tram":0,"op":"mix"},"geometry":{"type":"LineString","coordinates":[[21.032654,52.260894],[21.029572,52.262782],[21.02649,52.262782]]}},{"type":"Feature","properties":{"id":"c1146","lines":"135 169 212","n":3,"tram":0,"op":"ZTM Warszawa — buses"},"geometry":{"type":"LineString","coordinates":[[21.02649,52.260894],[21.032654,52.257117]]}},{"type":"Feature","properties":{"id":"c1147","lines":"135","n":1,"tram":0,"op":"ZTM Warszawa — buses"},"geometry":{"type":"LineString","coordinates":[[21.02649,52.260894],[21.023407,52.260894]]}},{"type":"Feature","properties":{"id":"c1148","lines":"169 212 N14 N64","n":4,"tram":0,"op":"ZTM Warszawa — buses"},"geometry":{"type":"LineString","coordinates":[[21.02649,52.260894],[21.02649,52.262782]]}},{"type":"Feature","properties":{"id":"c1149","lines":"135 212","n":2,"tram":0,"op":"ZTM Warszawa — buses"},"geometry":{"type":"LineString","coordinates":[[21.032654,52.257117],[21.02649,52.257117]]}},{"type":"Feature","properties":{"id":"c1150","lines":"169","n":1,"tram":0,"op":"ZTM Warszawa — buses"},"geometry":{"type":"LineString","coordinates":[[21.032654,52.257117],[21.032654,52.255228]]}},{"type":"Feature","properties":{"id":"c1151","lines":"169","n":1,"tram":1,"op":"mix"},"geometry":{"type":"LineString","coordinates":[[21.032654,52.257117],[21.02649,52.260894],[21.02649,52.262782]]}},{"type":"Feature","properties":{"id":"c1152","lines":"169","n":1,"tram":0,"op":"ZTM Warszawa — buses"},"geometry":{"type":"LineString","coordinates":[[21.032654,52.257117],[21.032654,52.255228]]}},{"type":"Feature","properties":{"id":"c1154","lines":"135 212","n":2,"tram":0,"op":"ZTM Warszawa — buses"},"geometry":{"type":"LineString","coordinates":[[21.02649,52.257117],[21.023407,52.259005],[21.023407,52.260894]]}},{"type":"Feature","properties":{"id":"c1155","lines":"162 166 170 338 N03 N14 N64","n":7,"tram":0,"op":"ZTM Warszawa — buses"},"geometry":{"type":"LineString","coordinates":[[21.02649,52.257117],[21.029572,52.255228],[21.032654,52.255228]]}},{"type":"Feature","properties":{"id":"c1156","lines":"170 509 N03","n":3,"tram":1,"op":"mix"},"geometry":{"type":"LineString","coordinates":[[21.02649,52.257117],[21.023407,52.257117],[21.017242,52.260894]]}},{"type":"Feature","properties":{"id":"c1157","lines":"N14 N64","n":2,"tram":1,"op":"mix"},"geometry":{"type":"LineString","coordinates":[[21.02649,52.257117],[21.02649,52.255228]]}},{"type":"Feature","properties":{"id":"c1158","lines":"212 409 500 N12 N62","n":5,"tram":1,"op":"mix"},"geometry":{"type":"LineString","coordinates":[[21.023407,52.260894],[21.02649,52.262782]]}},{"type":"Feature","properties":{"id":"c1159","lines":"409 500 N12 N62","n":4,"tram":1,"op":"mix"},"geometry":{"type":"LineString","coordinates":[[21.023407,52.260894],[21.017242,52.260894]]}},{"type":"Feature","properties":{"id":"c1160","lines":"521 N24","n":2,"tram":0,"op":"ZTM Warszawa — buses"},"geometry":{"type":"LineString","coordinates":[[21.063479,52.238231],[21.060396,52.238231],[21.057314,52.24012]]}},{"type":"Feature","properties":{"id":"c1161","lines":"136 186 414 523 N43","n":5,"tram":0,"op":"ZTM Warszawa — buses"},"geometry":{"type":"LineString","coordinates":[[20.952511,52.243897],[20.946347,52.24012]]}},{"type":"Feature","properties":{"id":"c1162","lines":"186","n":1,"tram":0,"op":"ZTM Warszawa — buses"},"geometry":{"type":"LineString","coordinates":[[20.952511,52.243897],[20.952511,52.25334]]}},{"type":"Feature","properties":{"id":"c1163","lines":"414","n":1,"tram":0,"op":"ZTM Warszawa — buses"},"geometry":{"type":"LineString","coordinates":[[20.952511,52.243897],[20.952511,52.25334]]}},{"type":"Feature","properties":{"id":"c1165","lines":"136 167 178 184 186 414 N43","n":7,"tram":0,"op":"ZTM Warszawa — buses"},"geometry":{"type":"LineString","coordinates":[[20.946347,52.230677],[20.946347,52.228788],[20.952511,52.225011]]}},{"type":"Feature","properties":{"id":"c1166","lines":"523","n":1,"tram":0,"op":"ZTM Warszawa — buses"},"geometry":{"type":"LineString","coordinates":[[20.946347,52.230677],[20.952511,52.2269]]}},{"type":"Feature","properties":{"id":"c1168","lines":"136 186 191 N01 N43","n":5,"tram":0,"op":"ZTM Warszawa — buses"},"geometry":{"type":"LineString","coordinates":[[20.961759,52.21368],[20.971006,52.21368],[20.974088,52.211791]]}},{"type":"Feature","properties":{"id":"c1169","lines":"184 208 414","n":3,"tram":0,"op":"ZTM Warszawa — buses"},"geometry":{"type":"LineString","coordinates":[[20.961759,52.21368],[20.961759,52.209902]]}},{"type":"Feature","properties":{"id":"c1170","lines":"136 172 186 N01","n":4,"tram":1,"op":"mix"},"geometry":{"type":"LineString","coordinates":[[20.974088,52.211791],[20.980253,52.208014]]}},{"type":"Feature","properties":{"id":"c1171","lines":"172","n":1,"tram":0,"op":"ZTM Warszawa — buses"},"geometry":{"type":"LineString","coordinates":[[20.974088,52.211791],[20.967924,52.215568]]}},{"type":"Feature","properties":{"id":"c1172","lines":"191 N38 N43 N88","n":4,"tram":1,"op":"mix"},"geometry":{"type":"LineString","coordinates":[[20.974088,52.211791],[20.980253,52.215568]]}},{"type":"Feature","properties":{"id":"c1173","lines":"136","n":1,"tram":0,"op":"ZTM Warszawa — buses"},"geometry":{"type":"LineString","coordinates":[[20.986418,52.187239],[20.986418,52.179685]]}},{"type":"Feature","properties":{"id":"c1174","lines":"136","n":1,"tram":0,"op":"ZTM Warszawa — buses"},"geometry":{"type":"LineString","coordinates":[[20.986418,52.187239],[20.989501,52.185351],[20.989501,52.183462]]}},{"type":"Feature","properties":{"id":"c1175","lines":"141 175 188 N32","n":4,"tram":0,"op":"ZTM Warszawa — buses"},"geometry":{"type":"LineString","coordinates":[[20.986418,52.187239],[20.977171,52.181574]]}},{"type":"Feature","properties":{"id":"c1176","lines":"141 175 188 N32","n":4,"tram":0,"op":"ZTM Warszawa — buses"},"geometry":{"type":"LineString","coordinates":[[20.986418,52.187239],[20.980253,52.187239]]}},{"type":"Feature","properties":{"id":"c1177","lines":"136 228","n":2,"tram":0,"op":"ZTM Warszawa — buses"},"geometry":{"type":"LineString","coordinates":[[20.986418,52.179685],[20.989501,52.177797]]}},{"type":"Feature","properties":{"id":"c1178","lines":"228","n":1,"tram":0,"op":"ZTM Warszawa — buses"},"geometry":{"type":"LineString","coordinates":[[20.986418,52.179685],[20.983336,52.181574],[20.967924,52.181574]]}},{"type":"Feature","properties":{"id":"c1179","lines":"136 228","n":2,"tram":0,"op":"ZTM Warszawa — buses"},"geometry":{"type":"LineString","coordinates":[[20.989501,52.177797],[20.998748,52.177797]]}},{"type":"Feature","properties":{"id":"c1180","lines":"136 228","n":2,"tram":0,"op":"ZTM Warszawa — buses"},"geometry":{"type":"LineString","coordinates":[[20.989501,52.177797],[20.989501,52.183462]]}},{"type":"Feature","properties":{"id":"c1181","lines":"136 218 308 N33 N36 N86","n":6,"tram":0,"op":"ZTM Warszawa — buses"},"geometry":{"type":"LineString","coordinates":[[20.998748,52.177797],[20.998748,52.175908]]}},{"type":"Feature","properties":{"id":"c1182","lines":"136 138 N01 N33 N34 N36 N86","n":7,"tram":1,"op":"mix"},"geometry":{"type":"LineString","coordinates":[[21.011078,52.177797],[21.011078,52.175908]]}},{"type":"Feature","properties":{"id":"c1183","lines":"136 N36 N86","n":3,"tram":0,"op":"ZTM Warszawa — buses"},"geometry":{"type":"LineString","coordinates":[[21.011078,52.177797],[21.007995,52.177797]]}},{"type":"Feature","properties":{"id":"c1184","lines":"136 138 218 N01 N33 N34","n":6,"tram":1,"op":"mix"},"geometry":{"type":"LineString","coordinates":[[21.011078,52.175908],[21.004913,52.172131]]}},{"type":"Feature","properties":{"id":"c1185","lines":"218","n":1,"tram":0,"op":"ZTM Warszawa — buses"},"geometry":{"type":"LineString","coordinates":[[21.011078,52.175908],[20.995665,52.175908],[20.992583,52.174019]]}},{"type":"Feature","properties":{"id":"c1186","lines":"N33","n":1,"tram":0,"op":"ZTM Warszawa — buses"},"geometry":{"type":"LineString","coordinates":[[21.011078,52.175908],[21.007995,52.177797]]}},{"type":"Feature","properties":{"id":"c1187","lines":"N36 N86","n":2,"tram":0,"op":"ZTM Warszawa — buses"},"geometry":{"type":"LineString","coordinates":[[21.011078,52.175908],[21.017242,52.175908],[21.020325,52.177797]]}},{"type":"Feature","properties":{"id":"c1188","lines":"136 138 165 317 N34","n":5,"tram":0,"op":"ZTM Warszawa — buses"},"geometry":{"type":"LineString","coordinates":[[21.004913,52.172131],[21.004913,52.170242]]}},{"type":"Feature","properties":{"id":"c1189","lines":"165 189 218 317 N01 N33","n":6,"tram":0,"op":"ZTM Warszawa — buses"},"geometry":{"type":"LineString","coordinates":[[21.004913,52.172131],[21.01416,52.172131]]}},{"type":"Feature","properties":{"id":"c1190","lines":"165","n":1,"tram":0,"op":"ZTM Warszawa — buses"},"geometry":{"type":"LineString","coordinates":[[21.004913,52.172131],[20.998748,52.168354],[20.998748,52.166465]]}},{"type":"Feature","properties":{"id":"c1191","lines":"189 401 402 504","n":4,"tram":1,"op":"mix"},"geometry":{"type":"LineString","coordinates":[[21.004913,52.172131],[20.998748,52.172131]]}},{"type":"Feature","properties":{"id":"c1192","lines":"401 402","n":2,"tram":0,"op":"ZTM Warszawa — buses"},"geometry":{"type":"LineString","coordinates":[[21.004913,52.172131],[21.01416,52.172131],[21.017242,52.170242]]}},{"type":"Feature","properties":{"id":"c1193","lines":"504","n":1,"tram":0,"op":"ZTM Warszawa — buses"},"geometry":{"type":"LineString","coordinates":[[21.004913,52.172131],[21.007995,52.170242],[21.007995,52.168354]]}},{"type":"Feature","properties":{"id":"c1194","lines":"136 138 N34","n":3,"tram":0,"op":"ZTM Warszawa — buses"},"geometry":{"type":"LineString","coordinates":[[21.004913,52.170242],[21.007995,52.168354]]}},{"type":"Feature","properties":{"id":"c1195","lines":"138","n":1,"tram":0,"op":"ZTM Warszawa — buses"},"geometry":{"type":"LineString","coordinates":[[21.004913,52.170242],[21.004913,52.166465]]}},{"type":"Feature","properties":{"id":"c1196","lines":"165","n":1,"tram":0,"op":"ZTM Warszawa — buses"},"geometry":{"type":"LineString","coordinates":[[21.004913,52.170242],[20.998748,52.166465]]}},{"type":"Feature","properties":{"id":"c1197","lines":"317","n":1,"tram":0,"op":"ZTM Warszawa — buses"},"geometry":{"type":"LineString","coordinates":[[21.004913,52.170242],[20.986418,52.170242]]}},{"type":"Feature","properties":{"id":"c1198","lines":"136 504 N34","n":3,"tram":0,"op":"ZTM Warszawa — buses"},"geometry":{"type":"LineString","coordinates":[[21.007995,52.168354],[21.011078,52.166465],[21.01416,52.166465]]}},{"type":"Feature","properties":{"id":"c1199","lines":"138","n":1,"tram":0,"op":"ZTM Warszawa — buses"},"geometry":{"type":"LineString","coordinates":[[21.007995,52.168354],[21.004913,52.166465]]}},{"type":"Feature","properties":{"id":"c1200","lines":"136 331 504 709 727 739 N34 N83","n":8,"tram":0,"op":"ZTM Warszawa — buses"},"geometry":{"type":"LineString","coordinates":[[21.01416,52.166465],[21.02649,52.166465]]}},{"type":"Feature","properties":{"id":"c1201","lines":"300 331 709 727 739 N83","n":6,"tram":0,"op":"ZTM Warszawa — buses"},"geometry":{"type":"LineString","coordinates":[[21.01416,52.166465],[21.020325,52.170242]]}},{"type":"Feature","properties":{"id":"c1202","lines":"300","n":1,"tram":0,"op":"ZTM Warszawa — buses"},"geometry":{"type":"LineString","coordinates":[[21.01416,52.166465],[21.007995,52.162688]]}},{"type":"Feature","properties":{"id":"c1203","lines":"136 N01 N03 N34 N37","n":5,"tram":0,"op":"mix"},"geometry":{"type":"LineString","coordinates":[[21.02649,52.166465],[21.02649,52.164577]]}},{"type":"Feature","properties":{"id":"c1204","lines":"331 504 709 727 739 N83","n":6,"tram":0,"op":"ZTM Warszawa — buses"},"geometry":{"type":"LineString","coordinates":[[21.02649,52.166465],[21.023407,52.166465],[21.020325,52.164577]]}},{"type":"Feature","properties":{"id":"c1205","lines":"N01 N37","n":2,"tram":0,"op":"mix"},"geometry":{"type":"LineString","coordinates":[[21.02649,52.166465],[21.02649,52.170242]]}},{"type":"Feature","properties":{"id":"c1206","lines":"N03","n":1,"tram":0,"op":"ZTM Warszawa — buses"},"geometry":{"type":"LineString","coordinates":[[21.02649,52.166465],[21.029572,52.166465],[21.038819,52.172131]]}},{"type":"Feature","properties":{"id":"c1207","lines":"136 179 N34","n":3,"tram":0,"op":"ZTM Warszawa — buses"},"geometry":{"type":"LineString","coordinates":[[21.02649,52.164577],[21.023407,52.162688],[21.017242,52.162688]]}},{"type":"Feature","properties":{"id":"c1208","lines":"136 179 N34","n":3,"tram":0,"op":"ZTM Warszawa — buses"},"geometry":{"type":"LineString","coordinates":[[21.02649,52.164577],[21.020325,52.164577]]}},{"type":"Feature","properties":{"id":"c1209","lines":"179 715 737 N01 N03 N37","n":6,"tram":0,"op":"ZTM Warszawa — buses"},"geometry":{"type":"LineString","coordinates":[[21.02649,52.164577],[21.032654,52.168354],[21.035737,52.168354]]}},{"type":"Feature","properties":{"id":"c1210","lines":"715 737","n":2,"tram":0,"op":"ZTM Warszawa — buses"},"geometry":{"type":"LineString","coordinates":[[21.02649,52.164577],[21.02649,52.162688]]}},{"type":"Feature","properties":{"id":"c1212","lines":"136 179 331 504 709 727 739 N34 N83","n":9,"tram":0,"op":"ZTM Warszawa — buses"},"geometry":{"type":"LineString","coordinates":[[21.017242,52.162688],[21.017242,52.160799]]}},{"type":"Feature","properties":{"id":"c1213","lines":"136 179 331 504 709 727 739 N34 N83","n":9,"tram":0,"op":"ZTM Warszawa — buses"},"geometry":{"type":"LineString","coordinates":[[21.017242,52.162688],[21.020325,52.164577]]}},{"type":"Feature","properties":{"id":"c1214","lines":"136 179 192 N34","n":4,"tram":0,"op":"ZTM Warszawa — buses"},"geometry":{"type":"LineString","coordinates":[[21.017242,52.160799],[21.023407,52.160799]]}},{"type":"Feature","properties":{"id":"c1215","lines":"192 331 504 709 727 739 N83","n":7,"tram":0,"op":"ZTM Warszawa — buses"},"geometry":{"type":"LineString","coordinates":[[21.017242,52.160799],[21.01416,52.160799],[21.011078,52.158911]]}},{"type":"Feature","properties":{"id":"c1216","lines":"136 209 715 737 809 815 N34","n":7,"tram":0,"op":"ZTM Warszawa — buses"},"geometry":{"type":"LineString","coordinates":[[21.023407,52.160799],[21.023407,52.158911]]}},{"type":"Feature","properties":{"id":"c1217","lines":"136 192 209 715 737 809 815 N34","n":8,"tram":0,"op":"ZTM Warszawa — buses"},"geometry":{"type":"LineString","coordinates":[[21.023407,52.160799],[21.017242,52.157022]]}},{"type":"Feature","properties":{"id":"c1218","lines":"179 192 209 715 737 809 815","n":7,"tram":0,"op":"ZTM Warszawa — buses"},"geometry":{"type":"LineString","coordinates":[[21.023407,52.160799],[21.02649,52.162688]]}},{"type":"Feature","properties":{"id":"c1219","lines":"136 163 504","n":3,"tram":0,"op":"ZTM Warszawa — buses"},"geometry":{"type":"LineString","coordinates":[[21.023407,52.158911],[21.032654,52.158911]]}},{"type":"Feature","properties":{"id":"c1220","lines":"136 148 209 715 737 809 815 N34","n":8,"tram":0,"op":"ZTM Warszawa — buses"},"geometry":{"type":"LineString","coordinates":[[21.023407,52.158911],[21.020325,52.157022],[21.017242,52.157022]]}},{"type":"Feature","properties":{"id":"c1221","lines":"148 163 N34","n":3,"tram":0,"op":"ZTM Warszawa — buses"},"geometry":{"type":"LineString","coordinates":[[21.023407,52.158911],[21.02649,52.157022]]}},{"type":"Feature","properties":{"id":"c1222","lines":"179 209 715 737 809 815 N86","n":7,"tram":0,"op":"ZTM Warszawa — buses"},"geometry":{"type":"LineString","coordinates":[[21.023407,52.158911],[21.023407,52.157022],[21.017242,52.153245]]}},{"type":"Feature","properties":{"id":"c1223","lines":"179 N86","n":2,"tram":0,"op":"ZTM Warszawa — buses"},"geometry":{"type":"LineString","coordinates":[[21.023407,52.158911],[21.029572,52.162688]]}},{"type":"Feature","properties":{"id":"c1224","lines":"504","n":1,"tram":0,"op":"ZTM Warszawa — buses"},"geometry":{"type":"LineString","coordinates":[[21.023407,52.158911],[21.011078,52.158911]]}},{"type":"Feature","properties":{"id":"c1225","lines":"136 148 163 179 185 192 319 503","n":8,"tram":0,"op":"ZTM Warszawa — buses"},"geometry":{"type":"LineString","coordinates":[[21.032654,52.158911],[21.035737,52.160799]]}},{"type":"Feature","properties":{"id":"c1226","lines":"148 163 179 185 192 319","n":6,"tram":0,"op":"ZTM Warszawa — buses"},"geometry":{"type":"LineString","coordinates":[[21.032654,52.158911],[21.029572,52.158911],[21.02649,52.157022]]}},{"type":"Feature","properties":{"id":"c1227","lines":"503 504","n":2,"tram":0,"op":"ZTM Warszawa — buses"},"geometry":{"type":"LineString","coordinates":[[21.032654,52.158911],[21.032654,52.155134]]}},{"type":"Feature","properties":{"id":"c1228","lines":"136 148 163 179 185 192 217 229 319 503","n":10,"tram":0,"op":"ZTM Warszawa — buses"},"geometry":{"type":"LineString","coordinates":[[21.035737,52.160799],[21.035737,52.162688]]}},{"type":"Feature","properties":{"id":"c1229","lines":"217 N86","n":2,"tram":0,"op":"mix"},"geometry":{"type":"LineString","coordinates":[[21.035737,52.160799],[21.038819,52.158911]]}},{"type":"Feature","properties":{"id":"c1230","lines":"229 N86","n":2,"tram":0,"op":"ZTM Warszawa — buses"},"geometry":{"type":"LineString","coordinates":[[21.035737,52.160799],[21.032654,52.160799],[21.029572,52.162688]]}},{"type":"Feature","properties":{"id":"c1231","lines":"W1","n":1,"tram":0,"op":"Wieliszew"},"geometry":{"type":"LineString","coordinates":[[21.035737,52.160799],[21.106633,52.160799]]}},{"type":"Feature","properties":{"id":"c1233","lines":"136 163 217","n":3,"tram":0,"op":"ZTM Warszawa — buses"},"geometry":{"type":"LineString","coordinates":[[21.035737,52.162688],[21.038819,52.162688]]}},{"type":"Feature","properties":{"id":"c1234","lines":"148 179 185 229 319 503","n":6,"tram":0,"op":"ZTM Warszawa — buses"},"geometry":{"type":"LineString","coordinates":[[21.035737,52.162688],[21.041902,52.166465]]}},{"type":"Feature","properties":{"id":"c1235","lines":"192","n":1,"tram":0,"op":"ZTM Warszawa — buses"},"geometry":{"type":"LineString","coordinates":[[21.035737,52.162688],[21.032654,52.162688]]}},{"type":"Feature","properties":{"id":"c1236","lines":"136 163 217","n":3,"tram":0,"op":"ZTM Warszawa — buses"},"geometry":{"type":"LineString","coordinates":[[21.038819,52.162688],[21.041902,52.162688]]}},{"type":"Feature","properties":{"id":"c1237","lines":"163 217","n":2,"tram":0,"op":"ZTM Warszawa — buses"},"geometry":{"type":"LineString","coordinates":[[21.038819,52.162688],[21.044984,52.162688],[21.048067,52.164577]]}},{"type":"Feature","properties":{"id":"c1238","lines":"136","n":1,"tram":0,"op":"ZTM Warszawa — buses"},"geometry":{"type":"LineString","coordinates":[[21.041902,52.162688],[21.041902,52.160799],[21.038819,52.158911]]}},{"type":"Feature","properties":{"id":"c1239","lines":"163 217","n":2,"tram":0,"op":"ZTM Warszawa — buses"},"geometry":{"type":"LineString","coordinates":[[21.041902,52.162688],[21.044984,52.164577],[21.048067,52.164577]]}},{"type":"Feature","properties":{"id":"c1240","lines":"192","n":1,"tram":0,"op":"ZTM Warszawa — buses"},"geometry":{"type":"LineString","coordinates":[[21.038819,52.158911],[21.041902,52.157022]]}},{"type":"Feature","properties":{"id":"c1241","lines":"192 503","n":2,"tram":0,"op":"ZTM Warszawa — buses"},"geometry":{"type":"LineString","coordinates":[[21.038819,52.158911],[21.032654,52.155134]]}},{"type":"Feature","properties":{"id":"c1242","lines":"N86","n":1,"tram":0,"op":"mix"},"geometry":{"type":"LineString","coordinates":[[21.038819,52.158911],[21.038819,52.155134]]}},{"type":"Feature","properties":{"id":"c1243","lines":"148","n":1,"tram":0,"op":"ZTM Warszawa — buses"},"geometry":{"type":"LineString","coordinates":[[21.017242,52.157022],[21.01416,52.158911],[21.011078,52.158911]]}},{"type":"Feature","properties":{"id":"c1244","lines":"192","n":1,"tram":0,"op":"ZTM Warszawa — buses"},"geometry":{"type":"LineString","coordinates":[[21.017242,52.157022],[21.007995,52.157022]]}},{"type":"Feature","properties":{"id":"c1245","lines":"136 N33 N36 N86","n":4,"tram":0,"op":"ZTM Warszawa — buses"},"geometry":{"type":"LineString","coordinates":[[21.007995,52.177797],[21.004913,52.175908],[20.998748,52.175908]]}},{"type":"Feature","properties":{"id":"c1246","lines":"218 308","n":2,"tram":0,"op":"ZTM Warszawa — buses"},"geometry":{"type":"LineString","coordinates":[[20.998748,52.175908],[20.995665,52.175908],[20.992583,52.174019]]}},{"type":"Feature","properties":{"id":"c1247","lines":"228","n":1,"tram":0,"op":"ZTM Warszawa — buses"},"geometry":{"type":"LineString","coordinates":[[20.989501,52.183462],[20.986418,52.183462],[20.980253,52.187239]]}},{"type":"Feature","properties":{"id":"c1248","lines":"138 338","n":2,"tram":0,"op":"ZTM Warszawa — buses"},"geometry":{"type":"LineString","coordinates":[[21.072726,52.251451],[21.063479,52.251451],[21.060396,52.25334]]}},{"type":"Feature","properties":{"id":"c1249","lines":"138","n":1,"tram":0,"op":"ZTM Warszawa — buses"},"geometry":{"type":"LineString","coordinates":[[21.060396,52.25334],[21.054231,52.25334]]}},{"type":"Feature","properties":{"id":"c1250","lines":"338","n":1,"tram":0,"op":"ZTM Warszawa — buses"},"geometry":{"type":"LineString","coordinates":[[21.060396,52.25334],[21.054231,52.257117]]}},{"type":"Feature","properties":{"id":"c1251","lines":"138 156","n":2,"tram":0,"op":"ZTM Warszawa — buses"},"geometry":{"type":"LineString","coordinates":[[21.054231,52.25334],[21.051149,52.255228]]}},{"type":"Feature","properties":{"id":"c1252","lines":"138 170 338 N16","n":4,"tram":0,"op":"ZTM Warszawa — buses"},"geometry":{"type":"LineString","coordinates":[[21.051149,52.255228],[21.048067,52.255228],[21.044984,52.25334]]}},{"type":"Feature","properties":{"id":"c1253","lines":"156 170 338 N16","n":4,"tram":0,"op":"ZTM Warszawa — buses"},"geometry":{"type":"LineString","coordinates":[[21.051149,52.255228],[21.054231,52.257117]]}},{"type":"Feature","properties":{"id":"c1254","lines":"138 170 338 N16","n":4,"tram":0,"op":"ZTM Warszawa — buses"},"geometry":{"type":"LineString","coordinates":[[21.044984,52.25334],[21.041902,52.251451],[21.041902,52.249562]]}},{"type":"Feature","properties":{"id":"c1256","lines":"138","n":1,"tram":0,"op":"ZTM Warszawa — buses"},"geometry":{"type":"LineString","coordinates":[[21.051149,52.230677],[21.054231,52.228788]]}},{"type":"Feature","properties":{"id":"c1257","lines":"174 N36 N86","n":3,"tram":0,"op":"ZTM Warszawa — buses"},"geometry":{"type":"LineString","coordinates":[[21.02649,52.198571],[21.02649,52.194794]]}},{"type":"Feature","properties":{"id":"c1258","lines":"141 172","n":2,"tram":0,"op":"ZTM Warszawa — buses"},"geometry":{"type":"LineString","coordinates":[[21.011078,52.189128],[21.01416,52.191017],[21.023407,52.191017]]}},{"type":"Feature","properties":{"id":"c1259","lines":"138 174 193 N36 N86","n":5,"tram":0,"op":"ZTM Warszawa — buses"},"geometry":{"type":"LineString","coordinates":[[21.004913,52.166465],[21.00183,52.164577],[20.995665,52.164577]]}},{"type":"Feature","properties":{"id":"c1260","lines":"174 193 N36 N86","n":4,"tram":0,"op":"ZTM Warszawa — buses"},"geometry":{"type":"LineString","coordinates":[[21.004913,52.166465],[21.011078,52.166465],[21.01416,52.168354]]}},{"type":"Feature","properties":{"id":"c1261","lines":"165 N86","n":2,"tram":0,"op":"ZTM Warszawa — buses"},"geometry":{"type":"LineString","coordinates":[[20.995665,52.164577],[20.992583,52.162688],[20.992583,52.158911]]}},{"type":"Feature","properties":{"id":"c1262","lines":"165","n":1,"tram":0,"op":"ZTM Warszawa — buses"},"geometry":{"type":"LineString","coordinates":[[20.995665,52.164577],[20.998748,52.166465]]}},{"type":"Feature","properties":{"id":"c1263","lines":"139","n":1,"tram":0,"op":"ZTM Warszawa — buses"},"geometry":{"type":"LineString","coordinates":[[21.048067,52.145691],[21.051149,52.147579],[21.060396,52.147579]]}},{"type":"Feature","properties":{"id":"c1264","lines":"139 251 710 742 N50","n":5,"tram":0,"op":"ZTM Warszawa — buses"},"geometry":{"type":"LineString","coordinates":[[21.060396,52.147579],[21.060396,52.151357]]}},{"type":"Feature","properties":{"id":"c1265","lines":"251 710 742 N50","n":4,"tram":0,"op":"ZTM Warszawa — buses"},"geometry":{"type":"LineString","coordinates":[[21.060396,52.147579],[21.060396,52.145691]]}},{"type":"Feature","properties":{"id":"c1266","lines":"139 251 N50","n":3,"tram":0,"op":"ZTM Warszawa — buses"},"geometry":{"type":"LineString","coordinates":[[21.060396,52.151357],[21.063479,52.153245],[21.063479,52.155134]]}},{"type":"Feature","properties":{"id":"c1267","lines":"139 251 710 742 N50","n":5,"tram":0,"op":"ZTM Warszawa — buses"},"geometry":{"type":"LineString","coordinates":[[21.060396,52.151357],[21.057314,52.153245]]}},{"type":"Feature","properties":{"id":"c1268","lines":"139 251 519 N50","n":4,"tram":0,"op":"ZTM Warszawa — buses"},"geometry":{"type":"LineString","coordinates":[[21.063479,52.155134],[21.066561,52.157022]]}},{"type":"Feature","properties":{"id":"c1269","lines":"139 251 519 N50","n":4,"tram":0,"op":"ZTM Warszawa — buses"},"geometry":{"type":"LineString","coordinates":[[21.063479,52.155134],[21.060396,52.155134],[21.057314,52.153245]]}},{"type":"Feature","properties":{"id":"c1270","lines":"139 239 251 519 N50","n":5,"tram":0,"op":"ZTM Warszawa — buses"},"geometry":{"type":"LineString","coordinates":[[21.066561,52.157022],[21.066561,52.158911]]}},{"type":"Feature","properties":{"id":"c1271","lines":"239","n":1,"tram":0,"op":"ZTM Warszawa — buses"},"geometry":{"type":"LineString","coordinates":[[21.066561,52.157022],[21.078891,52.157022]]}},{"type":"Feature","properties":{"id":"c1272","lines":"139 239","n":2,"tram":0,"op":"ZTM Warszawa — buses"},"geometry":{"type":"LineString","coordinates":[[21.066561,52.158911],[21.060396,52.155134],[21.057314,52.155134]]}},{"type":"Feature","properties":{"id":"c1273","lines":"251 519 N50","n":3,"tram":0,"op":"ZTM Warszawa — buses"},"geometry":{"type":"LineString","coordinates":[[21.066561,52.158911],[21.066561,52.168354]]}},{"type":"Feature","properties":{"id":"c1274","lines":"139 239 710 742","n":4,"tram":0,"op":"ZTM Warszawa — buses"},"geometry":{"type":"LineString","coordinates":[[21.057314,52.155134],[21.051149,52.155134]]}},{"type":"Feature","properties":{"id":"c1275","lines":"710 742","n":2,"tram":0,"op":"ZTM Warszawa — buses"},"geometry":{"type":"LineString","coordinates":[[21.057314,52.155134],[21.057314,52.153245]]}},{"type":"Feature","properties":{"id":"c1276","lines":"139 166 192 239 710 742 N37","n":7,"tram":0,"op":"ZTM Warszawa — buses"},"geometry":{"type":"LineString","coordinates":[[21.051149,52.155134],[21.044984,52.151357],[21.041902,52.151357]]}},{"type":"Feature","properties":{"id":"c1277","lines":"166 192 N37","n":3,"tram":0,"op":"ZTM Warszawa — buses"},"geometry":{"type":"LineString","coordinates":[[21.051149,52.155134],[21.048067,52.157022]]}},{"type":"Feature","properties":{"id":"c1278","lines":"139 166 179 192 239 504 N34 N37 N86","n":9,"tram":0,"op":"ZTM Warszawa — buses"},"geometry":{"type":"LineString","coordinates":[[21.041902,52.151357],[21.041902,52.149468]]}},{"type":"Feature","properties":{"id":"c1279","lines":"179 504 N34","n":3,"tram":0,"op":"ZTM Warszawa — buses"},"geometry":{"type":"LineString","coordinates":[[21.041902,52.151357],[21.038819,52.153245],[21.035737,52.153245]]}},{"type":"Feature","properties":{"id":"c1280","lines":"N86","n":1,"tram":0,"op":"ZTM Warszawa — buses"},"geometry":{"type":"LineString","coordinates":[[21.041902,52.151357],[21.041902,52.153245]]}},{"type":"Feature","properties":{"id":"c1282","lines":"166","n":1,"tram":0,"op":"ZTM Warszawa — buses"},"geometry":{"type":"LineString","coordinates":[[21.041902,52.149468],[21.038819,52.147579]]}},{"type":"Feature","properties":{"id":"c1283","lines":"519","n":1,"tram":0,"op":"ZTM Warszawa — buses"},"geometry":{"type":"LineString","coordinates":[[21.057314,52.153245],[21.051149,52.149468]]}},{"type":"Feature","properties":{"id":"c1284","lines":"140 N61","n":2,"tram":0,"op":"ZTM Warszawa — buses"},"geometry":{"type":"LineString","coordinates":[[21.051149,52.293],[21.054231,52.291111],[21.063479,52.291111]]}},{"type":"Feature","properties":{"id":"c1285","lines":"140 738 L44 L45 N61 R9","n":6,"tram":0,"op":"mix"},"geometry":{"type":"LineString","coordinates":[[21.063479,52.291111],[21.063479,52.289222]]}},{"type":"Feature","properties":{"id":"c1286","lines":"140 738 L44 L45 N61","n":5,"tram":0,"op":"ZTM Warszawa — buses"},"geometry":{"type":"LineString","coordinates":[[21.063479,52.291111],[21.063479,52.289222]]}},{"type":"Feature","properties":{"id":"c1287","lines":"738 L44 L45 N61 R9","n":5,"tram":0,"op":"mix"},"geometry":{"type":"LineString","coordinates":[[21.063479,52.291111],[21.066561,52.293]]}},{"type":"Feature","properties":{"id":"c1288","lines":"140 738 L44 L45 N61 R9","n":6,"tram":0,"op":"mix"},"geometry":{"type":"LineString","coordinates":[[21.063479,52.289222],[21.063479,52.285445]]}},{"type":"Feature","properties":{"id":"c1289","lines":"140 240 340 738 N61 R9","n":6,"tram":0,"op":"mix"},"geometry":{"type":"LineString","coordinates":[[21.063479,52.285445],[21.060396,52.283557]]}},{"type":"Feature","properties":{"id":"c1290","lines":"L44 L45","n":2,"tram":0,"op":"ZTM Warszawa — buses"},"geometry":{"type":"LineString","coordinates":[[21.063479,52.285445],[21.060396,52.283557]]}},{"type":"Feature","properties":{"id":"c1291","lines":"140 240 340 738 L44 L45 N61 R9","n":8,"tram":0,"op":"mix"},"geometry":{"type":"LineString","coordinates":[[21.060396,52.283557],[21.060396,52.281668]]}},{"type":"Feature","properties":{"id":"c1292","lines":"140 240 340 738 L45 N61 R9","n":7,"tram":0,"op":"mix"},"geometry":{"type":"LineString","coordinates":[[21.060396,52.281668],[21.057314,52.27978]]}},{"type":"Feature","properties":{"id":"c1293","lines":"L44","n":1,"tram":0,"op":"ZTM Warszawa — buses"},"geometry":{"type":"LineString","coordinates":[[21.060396,52.281668],[21.057314,52.281668]]}},{"type":"Feature","properties":{"id":"c1294","lines":"140 240 340 738 L40 L44 L45 L46 N61 R9","n":10,"tram":0,"op":"mix"},"geometry":{"type":"LineString","coordinates":[[21.057314,52.27978],[21.054231,52.277891]]}},{"type":"Feature","properties":{"id":"c1295","lines":"L40 L46","n":2,"tram":0,"op":"ZTM Warszawa — buses"},"geometry":{"type":"LineString","coordinates":[[21.057314,52.27978],[21.066561,52.27978]]}},{"type":"Feature","properties":{"id":"c1296","lines":"L40","n":1,"tram":0,"op":"ZTM Warszawa — buses"},"geometry":{"type":"LineString","coordinates":[[21.057314,52.27978],[21.063479,52.276002],[21.066561,52.276002]]}},{"type":"Feature","properties":{"id":"c1297","lines":"L44","n":1,"tram":0,"op":"ZTM Warszawa — buses"},"geometry":{"type":"LineString","coordinates":[[21.057314,52.27978],[21.057314,52.281668]]}},{"type":"Feature","properties":{"id":"c1298","lines":"240 R9","n":2,"tram":0,"op":"mix"},"geometry":{"type":"LineString","coordinates":[[21.054231,52.277891],[21.048067,52.281668]]}},{"type":"Feature","properties":{"id":"c1299","lines":"140 190 340 738 N61","n":5,"tram":0,"op":"ZTM Warszawa — buses"},"geometry":{"type":"LineString","coordinates":[[21.051149,52.270337],[21.051149,52.268448]]}},{"type":"Feature","properties":{"id":"c1300","lines":"140 190 340 738 N61","n":5,"tram":0,"op":"ZTM Warszawa — buses"},"geometry":{"type":"LineString","coordinates":[[21.051149,52.270337],[21.051149,52.272225]]}},{"type":"Feature","properties":{"id":"c1301","lines":"140 190 199 340 738 N61 Z4M","n":7,"tram":0,"op":"mix"},"geometry":{"type":"LineString","coordinates":[[21.051149,52.268448],[21.048067,52.26656]]}},{"type":"Feature","properties":{"id":"c1302","lines":"199 Z4M","n":2,"tram":0,"op":"mix"},"geometry":{"type":"LineString","coordinates":[[21.051149,52.268448],[21.054231,52.268448]]}},{"type":"Feature","properties":{"id":"c1303","lines":"140 190 340 512 738 N61 N62 Z2M Z4M","n":9,"tram":0,"op":"mix"},"geometry":{"type":"LineString","coordinates":[[21.048067,52.26656],[21.044984,52.264671]]}},{"type":"Feature","properties":{"id":"c1304","lines":"145 245 N62 Z2M","n":4,"tram":0,"op":"mix"},"geometry":{"type":"LineString","coordinates":[[21.048067,52.26656],[21.051149,52.26656],[21.054231,52.264671]]}},{"type":"Feature","properties":{"id":"c1305","lines":"145 199 245 512","n":4,"tram":0,"op":"ZTM Warszawa — buses"},"geometry":{"type":"LineString","coordinates":[[21.048067,52.26656],[21.044984,52.268448],[21.044984,52.270337]]}},{"type":"Feature","properties":{"id":"c1306","lines":"140 190 262 340 512 738 N61 N62 Z2M Z4M","n":10,"tram":0,"op":"mix"},"geometry":{"type":"LineString","coordinates":[[21.044984,52.264671],[21.044984,52.262782]]}},{"type":"Feature","properties":{"id":"c1307","lines":"262","n":1,"tram":0,"op":"ZTM Warszawa — buses"},"geometry":{"type":"LineString","coordinates":[[21.044984,52.264671],[21.051149,52.260894]]}},{"type":"Feature","properties":{"id":"c1308","lines":"262","n":1,"tram":0,"op":"ZTM Warszawa — buses"},"geometry":{"type":"LineString","coordinates":[[21.044984,52.264671],[21.051149,52.260894]]}},{"type":"Feature","properties":{"id":"c1309","lines":"140 190 212 262 340 512 738 N11 N61 N62 Z2M Z4M","n":12,"tram":0,"op":"mix"},"geometry":{"type":"LineString","coordinates":[[21.044984,52.262782],[21.048067,52.260894]]}},{"type":"Feature","properties":{"id":"c1310","lines":"212 N11","n":2,"tram":0,"op":"ZTM Warszawa — buses"},"geometry":{"type":"LineString","coordinates":[[21.044984,52.262782],[21.038819,52.26656],[21.035737,52.26656]]}},{"type":"Feature","properties":{"id":"c1311","lines":"156 356","n":2,"tram":0,"op":"ZTM Warszawa — buses"},"geometry":{"type":"LineString","coordinates":[[21.048067,52.260894],[21.054231,52.257117]]}},{"type":"Feature","properties":{"id":"c1312","lines":"141 154 317 N38 N88","n":5,"tram":0,"op":"ZTM Warszawa — buses"},"geometry":{"type":"LineString","coordinates":[[20.943264,52.175908],[20.946347,52.177797]]}},{"type":"Feature","properties":{"id":"c1314","lines":"141 N38 N88","n":3,"tram":1,"op":"mix"},"geometry":{"type":"LineString","coordinates":[[20.946347,52.177797],[20.949429,52.179685],[20.949429,52.181574]]}},{"type":"Feature","properties":{"id":"c1315","lines":"154 317","n":2,"tram":0,"op":"ZTM Warszawa — buses"},"geometry":{"type":"LineString","coordinates":[[20.946347,52.177797],[20.952511,52.174019],[20.977171,52.174019]]}},{"type":"Feature","properties":{"id":"c1316","lines":"141 189 401 402","n":4,"tram":0,"op":"ZTM Warszawa — buses"},"geometry":{"type":"LineString","coordinates":[[20.949429,52.181574],[20.952511,52.181574],[20.958676,52.177797]]}},{"type":"Feature","properties":{"id":"c1317","lines":"189 401 402 N38","n":4,"tram":0,"op":"ZTM Warszawa — buses"},"geometry":{"type":"LineString","coordinates":[[20.949429,52.181574],[20.946347,52.183462],[20.937099,52.183462]]}},{"type":"Feature","properties":{"id":"c1318","lines":"N38 N88","n":2,"tram":1,"op":"mix"},"geometry":{"type":"LineString","coordinates":[[20.949429,52.181574],[20.952511,52.183462]]}},{"type":"Feature","properties":{"id":"c1319","lines":"141 189","n":2,"tram":0,"op":"ZTM Warszawa — buses"},"geometry":{"type":"LineString","coordinates":[[20.958676,52.177797],[20.961759,52.175908],[20.977171,52.175908]]}},{"type":"Feature","properties":{"id":"c1320","lines":"141 189 401 402","n":4,"tram":0,"op":"ZTM Warszawa — buses"},"geometry":{"type":"LineString","coordinates":[[20.958676,52.177797],[20.961759,52.175908],[20.977171,52.175908]]}},{"type":"Feature","properties":{"id":"c1321","lines":"141 154 175 188 N32","n":5,"tram":0,"op":"ZTM Warszawa — buses"},"geometry":{"type":"LineString","coordinates":[[20.977171,52.175908],[20.977171,52.181574]]}},{"type":"Feature","properties":{"id":"c1322","lines":"154 175 188 N32","n":4,"tram":0,"op":"ZTM Warszawa — buses"},"geometry":{"type":"LineString","coordinates":[[20.977171,52.175908],[20.977171,52.174019]]}},{"type":"Feature","properties":{"id":"c1323","lines":"189 401 402 504","n":4,"tram":0,"op":"mix"},"geometry":{"type":"LineString","coordinates":[[20.977171,52.175908],[20.983336,52.175908],[20.989501,52.172131]]}},{"type":"Feature","properties":{"id":"c1324","lines":"504","n":1,"tram":0,"op":"mix"},"geometry":{"type":"LineString","coordinates":[[20.977171,52.175908],[20.977171,52.181574]]}},{"type":"Feature","properties":{"id":"c1325","lines":"141 175 188 228 N32","n":5,"tram":0,"op":"mix"},"geometry":{"type":"LineString","coordinates":[[20.977171,52.181574],[20.977171,52.185351],[20.980253,52.187239]]}},{"type":"Feature","properties":{"id":"c1326","lines":"154 228","n":2,"tram":0,"op":"ZTM Warszawa — buses"},"geometry":{"type":"LineString","coordinates":[[20.977171,52.181574],[20.967924,52.181574]]}},{"type":"Feature","properties":{"id":"c1327","lines":"174 N36 N86","n":3,"tram":0,"op":"ZTM Warszawa — buses"},"geometry":{"type":"LineString","coordinates":[[21.023407,52.191017],[21.023407,52.192905],[21.02649,52.194794]]}},{"type":"Feature","properties":{"id":"c1328","lines":"141 143 188 523","n":4,"tram":0,"op":"ZTM Warszawa — buses"},"geometry":{"type":"LineString","coordinates":[[21.063479,52.230677],[21.066561,52.232565]]}},{"type":"Feature","properties":{"id":"c1329","lines":"141 143 151 182 502 514 520 525 N25","n":9,"tram":0,"op":"ZTM Warszawa — buses"},"geometry":{"type":"LineString","coordinates":[[21.063479,52.230677],[21.066561,52.232565]]}},{"type":"Feature","properties":{"id":"c1330","lines":"158","n":1,"tram":0,"op":"ZTM Warszawa — buses"},"geometry":{"type":"LineString","coordinates":[[21.066561,52.232565],[21.063479,52.234454]]}},{"type":"Feature","properties":{"id":"c1331","lines":"168","n":1,"tram":0,"op":"ZTM Warszawa — buses"},"geometry":{"type":"LineString","coordinates":[[21.078891,52.232565],[21.085056,52.228788]]}},{"type":"Feature","properties":{"id":"c1332","lines":"168","n":1,"tram":0,"op":"ZTM Warszawa — buses"},"geometry":{"type":"LineString","coordinates":[[21.078891,52.232565],[21.078891,52.230677]]}},{"type":"Feature","properties":{"id":"c1334","lines":"142 229 319","n":3,"tram":0,"op":"ZTM Warszawa — buses"},"geometry":{"type":"LineString","coordinates":[[21.10355,52.187239],[21.100468,52.187239]]}},{"type":"Feature","properties":{"id":"c1335","lines":"142 229 319","n":3,"tram":0,"op":"ZTM Warszawa — buses"},"geometry":{"type":"LineString","coordinates":[[21.10355,52.187239],[21.100468,52.187239]]}},{"type":"Feature","properties":{"id":"c1336","lines":"213","n":1,"tram":0,"op":"ZTM Warszawa — buses"},"geometry":{"type":"LineString","coordinates":[[21.10355,52.187239],[21.10355,52.192905]]}},{"type":"Feature","properties":{"id":"c1337","lines":"229","n":1,"tram":0,"op":"ZTM Warszawa — buses"},"geometry":{"type":"LineString","coordinates":[[21.10355,52.187239],[21.10355,52.181574]]}},{"type":"Feature","properties":{"id":"c1338","lines":"142 229 319","n":3,"tram":0,"op":"ZTM Warszawa — buses"},"geometry":{"type":"LineString","coordinates":[[21.100468,52.187239],[21.100468,52.185351]]}},{"type":"Feature","properties":{"id":"c1339","lines":"142 229 319","n":3,"tram":0,"op":"ZTM Warszawa — buses"},"geometry":{"type":"LineString","coordinates":[[21.100468,52.185351],[21.097385,52.183462]]}},{"type":"Feature","properties":{"id":"c1340","lines":"142","n":1,"tram":0,"op":"ZTM Warszawa — buses"},"geometry":{"type":"LineString","coordinates":[[21.100468,52.185351],[21.097385,52.185351]]}},{"type":"Feature","properties":{"id":"c1341","lines":"229 319","n":2,"tram":0,"op":"ZTM Warszawa — buses"},"geometry":{"type":"LineString","coordinates":[[21.100468,52.185351],[21.100468,52.183462],[21.097385,52.181574]]}},{"type":"Feature","properties":{"id":"c1342","lines":"142 146 702 N72","n":4,"tram":0,"op":"ZTM Warszawa — buses"},"geometry":{"type":"LineString","coordinates":[[21.097385,52.183462],[21.097385,52.185351]]}},{"type":"Feature","properties":{"id":"c1343","lines":"146 229 319 702 N72","n":5,"tram":0,"op":"ZTM Warszawa — buses"},"geometry":{"type":"LineString","coordinates":[[21.097385,52.183462],[21.097385,52.181574]]}},{"type":"Feature","properties":{"id":"c1344","lines":"142 702 N72","n":3,"tram":0,"op":"ZTM Warszawa — buses"},"geometry":{"type":"LineString","coordinates":[[21.097385,52.185351],[21.097385,52.189128]]}},{"type":"Feature","properties":{"id":"c1345","lines":"146","n":1,"tram":0,"op":"ZTM Warszawa — buses"},"geometry":{"type":"LineString","coordinates":[[21.097385,52.185351],[21.094303,52.185351],[21.088138,52.189128]]}},{"type":"Feature","properties":{"id":"c1346","lines":"146","n":1,"tram":0,"op":"ZTM Warszawa — buses"},"geometry":{"type":"LineString","coordinates":[[21.097385,52.185351],[21.091221,52.189128]]}},{"type":"Feature","properties":{"id":"c1347","lines":"142 702 N72","n":3,"tram":0,"op":"ZTM Warszawa — buses"},"geometry":{"type":"LineString","coordinates":[[21.097385,52.189128],[21.097385,52.191017],[21.091221,52.194794]]}},{"type":"Feature","properties":{"id":"c1348","lines":"142","n":1,"tram":0,"op":"ZTM Warszawa — buses"},"geometry":{"type":"LineString","coordinates":[[21.097385,52.189128],[21.091221,52.189128]]}},{"type":"Feature","properties":{"id":"c1349","lines":"142 702 N72","n":3,"tram":0,"op":"ZTM Warszawa — buses"},"geometry":{"type":"LineString","coordinates":[[21.091221,52.194794],[21.091221,52.20046]]}},{"type":"Feature","properties":{"id":"c1350","lines":"142","n":1,"tram":0,"op":"ZTM Warszawa — buses"},"geometry":{"type":"LineString","coordinates":[[21.091221,52.194794],[21.085056,52.191017]]}},{"type":"Feature","properties":{"id":"c1351","lines":"219","n":1,"tram":0,"op":"ZTM Warszawa — buses"},"geometry":{"type":"LineString","coordinates":[[21.091221,52.194794],[21.100468,52.194794]]}},{"type":"Feature","properties":{"id":"c1352","lines":"305","n":1,"tram":0,"op":"ZTM Warszawa — buses"},"geometry":{"type":"LineString","coordinates":[[21.091221,52.219345],[21.094303,52.221234]]}},{"type":"Feature","properties":{"id":"c1353","lines":"142 146","n":2,"tram":0,"op":"ZTM Warszawa — buses"},"geometry":{"type":"LineString","coordinates":[[21.085056,52.191017],[21.088138,52.189128]]}},{"type":"Feature","properties":{"id":"c1354","lines":"142 146","n":2,"tram":0,"op":"ZTM Warszawa — buses"},"geometry":{"type":"LineString","coordinates":[[21.091221,52.189128],[21.088138,52.189128]]}},{"type":"Feature","properties":{"id":"c1355","lines":"153","n":1,"tram":0,"op":"ZTM Warszawa — buses"},"geometry":{"type":"LineString","coordinates":[[21.112797,52.24012],[21.106633,52.24012]]}},{"type":"Feature","properties":{"id":"c1356","lines":"225","n":1,"tram":0,"op":"ZTM Warszawa — buses"},"geometry":{"type":"LineString","coordinates":[[21.088138,52.245785],[21.085056,52.245785]]}},{"type":"Feature","properties":{"id":"c1357","lines":"Z2M Z4M","n":2,"tram":0,"op":"Ząbki"},"geometry":{"type":"LineString","coordinates":[[21.088138,52.245785],[21.088138,52.25334],[21.085056,52.255228]]}},{"type":"Feature","properties":{"id":"c1358","lines":"143 183 514 N21 N71","n":5,"tram":0,"op":"mix"},"geometry":{"type":"LineString","coordinates":[[21.091221,52.236342],[21.088138,52.234454]]}},{"type":"Feature","properties":{"id":"c1359","lines":"183 514 N71","n":3,"tram":0,"op":"mix"},"geometry":{"type":"LineString","coordinates":[[21.091221,52.236342],[21.094303,52.238231]]}},{"type":"Feature","properties":{"id":"c1360","lines":"143 145 173 183 225 402 514 520 N02 N21 N24 N25 N71","n":13,"tram":0,"op":"mix"},"geometry":{"type":"LineString","coordinates":[[21.088138,52.234454],[21.088138,52.232565]]}},{"type":"Feature","properties":{"id":"c1361","lines":"145 225 N24","n":3,"tram":0,"op":"ZTM Warszawa — buses"},"geometry":{"type":"LineString","coordinates":[[21.088138,52.234454],[21.088138,52.238231]]}},{"type":"Feature","properties":{"id":"c1362","lines":"145 225 N24","n":3,"tram":0,"op":"ZTM Warszawa — buses"},"geometry":{"type":"LineString","coordinates":[[21.088138,52.234454],[21.088138,52.238231]]}},{"type":"Feature","properties":{"id":"c1364","lines":"174 N34 N36 N86","n":4,"tram":1,"op":"mix"},"geometry":{"type":"LineString","coordinates":[[21.01416,52.219345],[21.01416,52.223122]]}},{"type":"Feature","properties":{"id":"c1365","lines":"145 225 N24","n":3,"tram":0,"op":"ZTM Warszawa — buses"},"geometry":{"type":"LineString","coordinates":[[21.088138,52.238231],[21.088138,52.24012],[21.078891,52.245785]]}},{"type":"Feature","properties":{"id":"c1366","lines":"145","n":1,"tram":0,"op":"ZTM Warszawa — buses"},"geometry":{"type":"LineString","coordinates":[[21.078891,52.245785],[21.072726,52.249562],[21.072726,52.255228]]}},{"type":"Feature","properties":{"id":"c1367","lines":"225 N24","n":2,"tram":0,"op":"ZTM Warszawa — buses"},"geometry":{"type":"LineString","coordinates":[[21.078891,52.245785],[21.085056,52.245785]]}},{"type":"Feature","properties":{"id":"c1368","lines":"145 245 N62 Z1 Z2M Z4M","n":6,"tram":0,"op":"mix"},"geometry":{"type":"LineString","coordinates":[[21.072726,52.255228],[21.072726,52.259005],[21.069644,52.260894]]}},{"type":"Feature","properties":{"id":"c1369","lines":"245 N62 Z1 Z2M Z3 Z4M","n":6,"tram":0,"op":"mix"},"geometry":{"type":"LineString","coordinates":[[21.072726,52.255228],[21.075808,52.255228]]}},{"type":"Feature","properties":{"id":"c1370","lines":"Z3","n":1,"tram":0,"op":"Ząbki"},"geometry":{"type":"LineString","coordinates":[[21.072726,52.255228],[21.063479,52.260894],[21.063479,52.264671]]}},{"type":"Feature","properties":{"id":"c1371","lines":"145 245 N62 Z2M","n":4,"tram":0,"op":"mix"},"geometry":{"type":"LineString","coordinates":[[21.069644,52.260894],[21.066561,52.262782]]}},{"type":"Feature","properties":{"id":"c1372","lines":"Z1","n":1,"tram":0,"op":"Ząbki"},"geometry":{"type":"LineString","coordinates":[[21.069644,52.260894],[21.069644,52.262782]]}},{"type":"Feature","properties":{"id":"c1373","lines":"Z4M","n":1,"tram":0,"op":"Ząbki"},"geometry":{"type":"LineString","coordinates":[[21.069644,52.260894],[21.069644,52.262782],[21.066561,52.264671]]}},{"type":"Feature","properties":{"id":"c1374","lines":"Z4M","n":1,"tram":0,"op":"Ząbki"},"geometry":{"type":"LineString","coordinates":[[21.069644,52.260894],[21.069644,52.268448]]}},{"type":"Feature","properties":{"id":"c1375","lines":"145 245 N62 Z2M","n":4,"tram":0,"op":"mix"},"geometry":{"type":"LineString","coordinates":[[21.066561,52.262782],[21.060396,52.262782],[21.057314,52.264671]]}},{"type":"Feature","properties":{"id":"c1376","lines":"N62","n":1,"tram":0,"op":"ZTM Warszawa — buses"},"geometry":{"type":"LineString","coordinates":[[21.066561,52.262782],[21.072726,52.262782]]}},{"type":"Feature","properties":{"id":"c1377","lines":"145 245 262 N62 Z2M","n":5,"tram":0,"op":"mix"},"geometry":{"type":"LineString","coordinates":[[21.057314,52.264671],[21.054231,52.264671]]}},{"type":"Feature","properties":{"id":"c1378","lines":"262","n":1,"tram":0,"op":"ZTM Warszawa — buses"},"geometry":{"type":"LineString","coordinates":[[21.054231,52.264671],[21.054231,52.262782]]}},{"type":"Feature","properties":{"id":"c1379","lines":"262","n":1,"tram":0,"op":"ZTM Warszawa — buses"},"geometry":{"type":"LineString","coordinates":[[21.054231,52.264671],[21.054231,52.262782]]}},{"type":"Feature","properties":{"id":"c1380","lines":"512","n":1,"tram":0,"op":"ZTM Warszawa — buses"},"geometry":{"type":"LineString","coordinates":[[21.044984,52.270337],[21.041902,52.268448]]}},{"type":"Feature","properties":{"id":"c1381","lines":"146 702 N72","n":3,"tram":0,"op":"ZTM Warszawa — buses"},"geometry":{"type":"LineString","coordinates":[[21.097385,52.181574],[21.100468,52.179685]]}},{"type":"Feature","properties":{"id":"c1382","lines":"229 319","n":2,"tram":0,"op":"ZTM Warszawa — buses"},"geometry":{"type":"LineString","coordinates":[[21.097385,52.181574],[21.088138,52.181574],[21.066561,52.168354]]}},{"type":"Feature","properties":{"id":"c1383","lines":"146 213 N72","n":3,"tram":0,"op":"ZTM Warszawa — buses"},"geometry":{"type":"LineString","coordinates":[[21.100468,52.179685],[21.10355,52.181574]]}},{"type":"Feature","properties":{"id":"c1384","lines":"213 702","n":2,"tram":0,"op":"ZTM Warszawa — buses"},"geometry":{"type":"LineString","coordinates":[[21.100468,52.179685],[21.100468,52.174019],[21.10355,52.172131]]}},{"type":"Feature","properties":{"id":"c1385","lines":"146 213 229 N72","n":4,"tram":0,"op":"ZTM Warszawa — buses"},"geometry":{"type":"LineString","coordinates":[[21.10355,52.181574],[21.106633,52.181574]]}},{"type":"Feature","properties":{"id":"c1386","lines":"146 213 229 N72","n":4,"tram":0,"op":"ZTM Warszawa — buses"},"geometry":{"type":"LineString","coordinates":[[21.106633,52.181574],[21.109715,52.181574]]}},{"type":"Feature","properties":{"id":"c1387","lines":"229","n":1,"tram":0,"op":"ZTM Warszawa — buses"},"geometry":{"type":"LineString","coordinates":[[21.106633,52.181574],[21.106633,52.177797],[21.109715,52.175908]]}},{"type":"Feature","properties":{"id":"c1388","lines":"161 213 229 521 N22 N72","n":6,"tram":0,"op":"ZTM Warszawa — buses"},"geometry":{"type":"LineString","coordinates":[[21.109715,52.181574],[21.112797,52.181574]]}},{"type":"Feature","properties":{"id":"c1389","lines":"161","n":1,"tram":0,"op":"ZTM Warszawa — buses"},"geometry":{"type":"LineString","coordinates":[[21.109715,52.181574],[21.109715,52.175908]]}},{"type":"Feature","properties":{"id":"c1390","lines":"147 173 411 502","n":4,"tram":0,"op":"ZTM Warszawa — buses"},"geometry":{"type":"LineString","coordinates":[[21.118962,52.21368],[21.122045,52.215568]]}},{"type":"Feature","properties":{"id":"c1391","lines":"147 173 198 411 502 N21","n":6,"tram":0,"op":"ZTM Warszawa — buses"},"geometry":{"type":"LineString","coordinates":[[21.122045,52.215568],[21.12821,52.215568]]}},{"type":"Feature","properties":{"id":"c1392","lines":"198 N21","n":2,"tram":0,"op":"ZTM Warszawa — buses"},"geometry":{"type":"LineString","coordinates":[[21.122045,52.215568],[21.122045,52.221234]]}},{"type":"Feature","properties":{"id":"c1393","lines":"173","n":1,"tram":0,"op":"ZTM Warszawa — buses"},"geometry":{"type":"LineString","coordinates":[[21.12821,52.215568],[21.12821,52.225011]]}},{"type":"Feature","properties":{"id":"c1394","lines":"411 502 N21","n":3,"tram":0,"op":"ZTM Warszawa — buses"},"geometry":{"type":"LineString","coordinates":[[21.12821,52.215568],[21.125127,52.217457],[21.125127,52.219345]]}},{"type":"Feature","properties":{"id":"c1395","lines":"148 175 188 331 N32","n":5,"tram":0,"op":"ZTM Warszawa — buses"},"geometry":{"type":"LineString","coordinates":[[20.974088,52.166465],[20.971006,52.166465]]}},{"type":"Feature","properties":{"id":"c1396","lines":"148 175 188 331 N32","n":5,"tram":0,"op":"ZTM Warszawa — buses"},"geometry":{"type":"LineString","coordinates":[[20.974088,52.166465],[20.974088,52.164577],[20.971006,52.162688]]}},{"type":"Feature","properties":{"id":"c1397","lines":"148 175 188 331 N32","n":5,"tram":0,"op":"ZTM Warszawa — buses"},"geometry":{"type":"LineString","coordinates":[[20.971006,52.166465],[20.971006,52.162688]]}},{"type":"Feature","properties":{"id":"c1399","lines":"148 331","n":2,"tram":0,"op":"ZTM Warszawa — buses"},"geometry":{"type":"LineString","coordinates":[[20.971006,52.162688],[20.983336,52.162688]]}},{"type":"Feature","properties":{"id":"c1400","lines":"148 175 188 331 N32","n":5,"tram":0,"op":"ZTM Warszawa — buses"},"geometry":{"type":"LineString","coordinates":[[20.971006,52.162688],[20.967924,52.164577],[20.967924,52.168354]]}},{"type":"Feature","properties":{"id":"c1401","lines":"175 188 N32","n":3,"tram":0,"op":"ZTM Warszawa — buses"},"geometry":{"type":"LineString","coordinates":[[20.971006,52.162688],[20.977171,52.166465]]}},{"type":"Feature","properties":{"id":"c1402","lines":"148 331","n":2,"tram":0,"op":"ZTM Warszawa — buses"},"geometry":{"type":"LineString","coordinates":[[20.983336,52.162688],[20.983336,52.160799],[20.986418,52.158911]]}},{"type":"Feature","properties":{"id":"c1403","lines":"148 331","n":2,"tram":0,"op":"mix"},"geometry":{"type":"LineString","coordinates":[[20.983336,52.162688],[20.977171,52.166465]]}},{"type":"Feature","properties":{"id":"c1405","lines":"148 331","n":2,"tram":0,"op":"ZTM Warszawa — buses"},"geometry":{"type":"LineString","coordinates":[[20.986418,52.158911],[20.989501,52.157022],[20.995665,52.157022]]}},{"type":"Feature","properties":{"id":"c1406","lines":"148 331","n":2,"tram":0,"op":"ZTM Warszawa — buses"},"geometry":{"type":"LineString","coordinates":[[20.986418,52.158911],[20.992583,52.158911]]}},{"type":"Feature","properties":{"id":"c1407","lines":"148 165 331 N86","n":4,"tram":0,"op":"ZTM Warszawa — buses"},"geometry":{"type":"LineString","coordinates":[[20.995665,52.157022],[20.998748,52.158911]]}},{"type":"Feature","properties":{"id":"c1408","lines":"165 N86","n":2,"tram":0,"op":"ZTM Warszawa — buses"},"geometry":{"type":"LineString","coordinates":[[20.995665,52.157022],[20.992583,52.158911]]}},{"type":"Feature","properties":{"id":"c1409","lines":"331 N86","n":2,"tram":0,"op":"ZTM Warszawa — buses"},"geometry":{"type":"LineString","coordinates":[[20.995665,52.157022],[20.995665,52.153245]]}},{"type":"Feature","properties":{"id":"c1410","lines":"148 N86","n":2,"tram":0,"op":"ZTM Warszawa — buses"},"geometry":{"type":"LineString","coordinates":[[20.998748,52.158911],[21.004913,52.158911]]}},{"type":"Feature","properties":{"id":"c1411","lines":"148 331","n":2,"tram":0,"op":"ZTM Warszawa — buses"},"geometry":{"type":"LineString","coordinates":[[20.998748,52.158911],[20.992583,52.158911]]}},{"type":"Feature","properties":{"id":"c1412","lines":"165 331 N86","n":3,"tram":0,"op":"ZTM Warszawa — buses"},"geometry":{"type":"LineString","coordinates":[[20.998748,52.158911],[21.00183,52.160799]]}},{"type":"Feature","properties":{"id":"c1413","lines":"148 331 N86","n":3,"tram":0,"op":"ZTM Warszawa — buses"},"geometry":{"type":"LineString","coordinates":[[21.004913,52.158911],[21.011078,52.158911]]}},{"type":"Feature","properties":{"id":"c1414","lines":"331","n":1,"tram":0,"op":"ZTM Warszawa — buses"},"geometry":{"type":"LineString","coordinates":[[21.004913,52.158911],[21.00183,52.160799]]}},{"type":"Feature","properties":{"id":"c1415","lines":"331","n":1,"tram":0,"op":"ZTM Warszawa — buses"},"geometry":{"type":"LineString","coordinates":[[21.004913,52.158911],[21.00183,52.160799]]}},{"type":"Feature","properties":{"id":"c1416","lines":"192","n":1,"tram":0,"op":"ZTM Warszawa — buses"},"geometry":{"type":"LineString","coordinates":[[21.011078,52.158911],[21.007995,52.157022]]}},{"type":"Feature","properties":{"id":"c1417","lines":"709 727 739 N83 N86","n":5,"tram":0,"op":"ZTM Warszawa — buses"},"geometry":{"type":"LineString","coordinates":[[21.011078,52.158911],[21.011078,52.153245]]}},{"type":"Feature","properties":{"id":"c1418","lines":"179","n":1,"tram":0,"op":"ZTM Warszawa — buses"},"geometry":{"type":"LineString","coordinates":[[21.02649,52.157022],[21.020325,52.153245]]}},{"type":"Feature","properties":{"id":"c1419","lines":"185 192 319 N34","n":4,"tram":0,"op":"ZTM Warszawa — buses"},"geometry":{"type":"LineString","coordinates":[[21.02649,52.157022],[21.02649,52.153245]]}},{"type":"Feature","properties":{"id":"c1420","lines":"148","n":1,"tram":0,"op":"ZTM Warszawa — buses"},"geometry":{"type":"LineString","coordinates":[[21.041902,52.166465],[21.041902,52.168354]]}},{"type":"Feature","properties":{"id":"c1421","lines":"166 179 229 319 N37","n":5,"tram":0,"op":"ZTM Warszawa — buses"},"geometry":{"type":"LineString","coordinates":[[21.041902,52.166465],[21.044984,52.166465],[21.048067,52.164577]]}},{"type":"Feature","properties":{"id":"c1422","lines":"166 185 503 N37","n":4,"tram":0,"op":"ZTM Warszawa — buses"},"geometry":{"type":"LineString","coordinates":[[21.041902,52.166465],[21.038819,52.166465]]}},{"type":"Feature","properties":{"id":"c1423","lines":"148 166 193","n":3,"tram":0,"op":"ZTM Warszawa — buses"},"geometry":{"type":"LineString","coordinates":[[21.041902,52.168354],[21.041902,52.170242],[21.038819,52.172131]]}},{"type":"Feature","properties":{"id":"c1424","lines":"166 193","n":2,"tram":0,"op":"ZTM Warszawa — buses"},"geometry":{"type":"LineString","coordinates":[[21.041902,52.168354],[21.038819,52.166465]]}},{"type":"Feature","properties":{"id":"c1425","lines":"185 503","n":2,"tram":0,"op":"ZTM Warszawa — buses"},"geometry":{"type":"LineString","coordinates":[[21.038819,52.172131],[21.035737,52.170242],[21.035737,52.168354]]}},{"type":"Feature","properties":{"id":"c1426","lines":"189 193 317 402 N33 N50 N83","n":7,"tram":0,"op":"ZTM Warszawa — buses"},"geometry":{"type":"LineString","coordinates":[[21.038819,52.172131],[21.035737,52.174019]]}},{"type":"Feature","properties":{"id":"c1427","lines":"331 N86","n":2,"tram":0,"op":"ZTM Warszawa — buses"},"geometry":{"type":"LineString","coordinates":[[20.992583,52.158911],[20.992583,52.155134],[20.995665,52.153245]]}},{"type":"Feature","properties":{"id":"c1428","lines":"148 331","n":2,"tram":0,"op":"ZTM Warszawa — buses"},"geometry":{"type":"LineString","coordinates":[[20.977171,52.166465],[20.974088,52.168354],[20.967924,52.168354]]}},{"type":"Feature","properties":{"id":"c1429","lines":"175 188 N32","n":3,"tram":0,"op":"mix"},"geometry":{"type":"LineString","coordinates":[[20.977171,52.166465],[20.977171,52.172131]]}},{"type":"Feature","properties":{"id":"c1430","lines":"175 188 N32","n":3,"tram":0,"op":"mix"},"geometry":{"type":"LineString","coordinates":[[20.967924,52.168354],[20.974088,52.172131],[20.977171,52.172131]]}},{"type":"Feature","properties":{"id":"c1431","lines":"149 320","n":2,"tram":0,"op":"ZTM Warszawa — buses"},"geometry":{"type":"LineString","coordinates":[[20.90011,52.245785],[20.90011,52.243897],[20.893945,52.24012]]}},{"type":"Feature","properties":{"id":"c1432","lines":"149 320 N95","n":3,"tram":0,"op":"ZTM Warszawa — buses"},"geometry":{"type":"LineString","coordinates":[[20.90011,52.245785],[20.903193,52.247674],[20.909358,52.247674]]}},{"type":"Feature","properties":{"id":"c1433","lines":"149 320 N95","n":3,"tram":0,"op":"ZTM Warszawa — buses"},"geometry":{"type":"LineString","coordinates":[[20.90011,52.245785],[20.897028,52.245785]]}},{"type":"Feature","properties":{"id":"c1434","lines":"149 320 714 729 N95","n":5,"tram":0,"op":"ZTM Warszawa — buses"},"geometry":{"type":"LineString","coordinates":[[20.893945,52.24012],[20.890863,52.242008]]}},{"type":"Feature","properties":{"id":"c1435","lines":"714 729 N95","n":3,"tram":0,"op":"ZTM Warszawa — buses"},"geometry":{"type":"LineString","coordinates":[[20.893945,52.24012],[20.897028,52.238231]]}},{"type":"Feature","properties":{"id":"c1436","lines":"714 729","n":2,"tram":0,"op":"ZTM Warszawa — buses"},"geometry":{"type":"LineString","coordinates":[[20.893945,52.24012],[20.887781,52.24012],[20.884698,52.242008]]}},{"type":"Feature","properties":{"id":"c1437","lines":"149 167 220 N45 N95","n":5,"tram":1,"op":"mix"},"geometry":{"type":"LineString","coordinates":[[20.909358,52.247674],[20.909358,52.245785]]}},{"type":"Feature","properties":{"id":"c1438","lines":"167 220 320 N45 N95","n":5,"tram":1,"op":"mix"},"geometry":{"type":"LineString","coordinates":[[20.909358,52.247674],[20.909358,52.251451]]}},{"type":"Feature","properties":{"id":"c1439","lines":"149 320 N95","n":3,"tram":0,"op":"ZTM Warszawa — buses"},"geometry":{"type":"LineString","coordinates":[[20.897028,52.245785],[20.890863,52.242008]]}},{"type":"Feature","properties":{"id":"c1440","lines":"714 729","n":2,"tram":0,"op":"ZTM Warszawa — buses"},"geometry":{"type":"LineString","coordinates":[[20.890863,52.242008],[20.884698,52.242008]]}},{"type":"Feature","properties":{"id":"c1441","lines":"1 2 3 97 150 N56","n":6,"tram":0,"op":"mix"},"geometry":{"type":"LineString","coordinates":[[20.90011,52.285445],[20.906275,52.289222]]}},{"type":"Feature","properties":{"id":"c1442","lines":"1 2 3 97 150 N56","n":6,"tram":0,"op":"mix"},"geometry":{"type":"LineString","coordinates":[[20.906275,52.289222],[20.918605,52.289222]]}},{"type":"Feature","properties":{"id":"c1443","lines":"150","n":1,"tram":0,"op":"ZTM Warszawa — buses"},"geometry":{"type":"LineString","coordinates":[[20.906275,52.289222],[20.90011,52.293]]}},{"type":"Feature","properties":{"id":"c1444","lines":"1 2 97 150 750 755 N56","n":7,"tram":0,"op":"mix"},"geometry":{"type":"LineString","coordinates":[[20.918605,52.289222],[20.921687,52.289222]]}},{"type":"Feature","properties":{"id":"c1445","lines":"3 750 755","n":3,"tram":0,"op":"mix"},"geometry":{"type":"LineString","coordinates":[[20.918605,52.289222],[20.921687,52.291111],[20.921687,52.293]]}},{"type":"Feature","properties":{"id":"c1446","lines":"1 2 97 150 750 755 N56","n":7,"tram":0,"op":"mix"},"geometry":{"type":"LineString","coordinates":[[20.921687,52.289222],[20.927852,52.289222]]}},{"type":"Feature","properties":{"id":"c1447","lines":"1 97 150 750 755 N56","n":6,"tram":0,"op":"mix"},"geometry":{"type":"LineString","coordinates":[[20.927852,52.289222],[20.930935,52.287334]]}},{"type":"Feature","properties":{"id":"c1448","lines":"2","n":1,"tram":0,"op":"KM Łomianki"},"geometry":{"type":"LineString","coordinates":[[20.927852,52.289222],[20.927852,52.291111]]}},{"type":"Feature","properties":{"id":"c1449","lines":"2","n":1,"tram":0,"op":"KM Łomianki"},"geometry":{"type":"LineString","coordinates":[[20.927852,52.289222],[20.937099,52.294888]]}},{"type":"Feature","properties":{"id":"c1450","lines":"1 150 750 755 N56","n":5,"tram":0,"op":"mix"},"geometry":{"type":"LineString","coordinates":[[20.930935,52.287334],[20.934017,52.285445]]}},{"type":"Feature","properties":{"id":"c1451","lines":"1 150 750 755 N56","n":5,"tram":0,"op":"mix"},"geometry":{"type":"LineString","coordinates":[[20.930935,52.287334],[20.934017,52.285445]]}},{"type":"Feature","properties":{"id":"c1452","lines":"1","n":1,"tram":0,"op":"KM Łomianki"},"geometry":{"type":"LineString","coordinates":[[20.930935,52.287334],[20.927852,52.285445],[20.927852,52.27978]]}},{"type":"Feature","properties":{"id":"c1453","lines":"3 150 750","n":3,"tram":0,"op":"mix"},"geometry":{"type":"LineString","coordinates":[[20.890863,52.287334],[20.90011,52.293]]}},{"type":"Feature","properties":{"id":"c1454","lines":"3 750","n":2,"tram":0,"op":"mix"},"geometry":{"type":"LineString","coordinates":[[20.90011,52.293],[20.90011,52.294888]]}},{"type":"Feature","properties":{"id":"c1455","lines":"152 176 N64","n":3,"tram":0,"op":"ZTM Warszawa — buses"},"geometry":{"type":"LineString","coordinates":[[20.986418,52.293],[20.983336,52.291111]]}},{"type":"Feature","properties":{"id":"c1456","lines":"152","n":1,"tram":0,"op":"ZTM Warszawa — buses"},"geometry":{"type":"LineString","coordinates":[[20.983336,52.291111],[20.977171,52.291111]]}},{"type":"Feature","properties":{"id":"c1457","lines":"176 N64","n":2,"tram":0,"op":"ZTM Warszawa — buses"},"geometry":{"type":"LineString","coordinates":[[20.983336,52.291111],[20.983336,52.289222]]}},{"type":"Feature","properties":{"id":"c1458","lines":"176 N64","n":2,"tram":0,"op":"ZTM Warszawa — buses"},"geometry":{"type":"LineString","coordinates":[[20.983336,52.291111],[20.989501,52.287334]]}},{"type":"Feature","properties":{"id":"c1459","lines":"153 199 225 N24 Z2M Z4M","n":6,"tram":0,"op":"mix"},"geometry":{"type":"LineString","coordinates":[[21.091221,52.249562],[21.094303,52.247674]]}},{"type":"Feature","properties":{"id":"c1460","lines":"199 N24 Z2M Z4M","n":4,"tram":0,"op":"mix"},"geometry":{"type":"LineString","coordinates":[[21.091221,52.249562],[21.085056,52.249562]]}},{"type":"Feature","properties":{"id":"c1461","lines":"153 199 225 N24","n":4,"tram":0,"op":"ZTM Warszawa — buses"},"geometry":{"type":"LineString","coordinates":[[21.094303,52.247674],[21.097385,52.245785],[21.097385,52.243897]]}},{"type":"Feature","properties":{"id":"c1462","lines":"153","n":1,"tram":0,"op":"ZTM Warszawa — buses"},"geometry":{"type":"LineString","coordinates":[[21.106633,52.24012],[21.10355,52.24012]]}},{"type":"Feature","properties":{"id":"c1463","lines":"153","n":1,"tram":0,"op":"ZTM Warszawa — buses"},"geometry":{"type":"LineString","coordinates":[[21.106633,52.24012],[21.10355,52.24012]]}},{"type":"Feature","properties":{"id":"c1464","lines":"154 157 172","n":3,"tram":0,"op":"ZTM Warszawa — buses"},"geometry":{"type":"LineString","coordinates":[[20.974088,52.219345],[20.967924,52.215568]]}},{"type":"Feature","properties":{"id":"c1465","lines":"157 167 182 187 523 N35 N85","n":7,"tram":0,"op":"ZTM Warszawa — buses"},"geometry":{"type":"LineString","coordinates":[[20.974088,52.219345],[20.980253,52.219345]]}},{"type":"Feature","properties":{"id":"c1466","lines":"517","n":1,"tram":0,"op":"ZTM Warszawa — buses"},"geometry":{"type":"LineString","coordinates":[[20.974088,52.219345],[20.983336,52.225011],[20.986418,52.225011]]}},{"type":"Feature","properties":{"id":"c1467","lines":"154 157","n":2,"tram":0,"op":"ZTM Warszawa — buses"},"geometry":{"type":"LineString","coordinates":[[20.967924,52.215568],[20.967924,52.209902]]}},{"type":"Feature","properties":{"id":"c1468","lines":"154 157","n":2,"tram":0,"op":"ZTM Warszawa — buses"},"geometry":{"type":"LineString","coordinates":[[20.967924,52.209902],[20.961759,52.206125]]}},{"type":"Feature","properties":{"id":"c1469","lines":"157","n":1,"tram":0,"op":"ZTM Warszawa — buses"},"geometry":{"type":"LineString","coordinates":[[20.967924,52.209902],[20.961759,52.209902]]}},{"type":"Feature","properties":{"id":"c1470","lines":"154 208 414 N38 N88","n":5,"tram":0,"op":"ZTM Warszawa — buses"},"geometry":{"type":"LineString","coordinates":[[20.961759,52.196682],[20.955594,52.192905]]}},{"type":"Feature","properties":{"id":"c1471","lines":"208","n":1,"tram":0,"op":"ZTM Warszawa — buses"},"geometry":{"type":"LineString","coordinates":[[20.961759,52.196682],[20.949429,52.196682]]}},{"type":"Feature","properties":{"id":"c1473","lines":"154 228 N38 N88","n":4,"tram":0,"op":"ZTM Warszawa — buses"},"geometry":{"type":"LineString","coordinates":[[20.955594,52.192905],[20.952511,52.191017],[20.952511,52.187239]]}},{"type":"Feature","properties":{"id":"c1474","lines":"154 228 414 N38 N88","n":5,"tram":0,"op":"ZTM Warszawa — buses"},"geometry":{"type":"LineString","coordinates":[[20.955594,52.192905],[20.955594,52.189128]]}},{"type":"Feature","properties":{"id":"c1475","lines":"208","n":1,"tram":0,"op":"ZTM Warszawa — buses"},"geometry":{"type":"LineString","coordinates":[[20.955594,52.192905],[20.949429,52.196682]]}},{"type":"Feature","properties":{"id":"c1476","lines":"154 228","n":2,"tram":0,"op":"ZTM Warszawa — buses"},"geometry":{"type":"LineString","coordinates":[[20.952511,52.187239],[20.961759,52.181574],[20.967924,52.181574]]}},{"type":"Feature","properties":{"id":"c1477","lines":"154 228 N38 N88","n":4,"tram":0,"op":"ZTM Warszawa — buses"},"geometry":{"type":"LineString","coordinates":[[20.952511,52.187239],[20.955594,52.189128]]}},{"type":"Feature","properties":{"id":"c1478","lines":"N38 N88","n":2,"tram":0,"op":"ZTM Warszawa — buses"},"geometry":{"type":"LineString","coordinates":[[20.952511,52.187239],[20.952511,52.183462]]}},{"type":"Feature","properties":{"id":"c1479","lines":"175 188 N32","n":3,"tram":0,"op":"mix"},"geometry":{"type":"LineString","coordinates":[[20.977171,52.174019],[20.977171,52.172131]]}},{"type":"Feature","properties":{"id":"c1480","lines":"317","n":1,"tram":0,"op":"mix"},"geometry":{"type":"LineString","coordinates":[[20.977171,52.174019],[20.980253,52.174019],[20.986418,52.170242]]}},{"type":"Feature","properties":{"id":"c1481","lines":"228 414 N88","n":3,"tram":0,"op":"mix"},"geometry":{"type":"LineString","coordinates":[[20.955594,52.189128],[20.940182,52.189128],[20.934017,52.192905]]}},{"type":"Feature","properties":{"id":"c1483","lines":"156 170 356 N16","n":4,"tram":0,"op":"ZTM Warszawa — buses"},"geometry":{"type":"LineString","coordinates":[[21.054231,52.257117],[21.057314,52.257117],[21.060396,52.259005]]}},{"type":"Feature","properties":{"id":"c1484","lines":"156 170 356 N16","n":4,"tram":0,"op":"ZTM Warszawa — buses"},"geometry":{"type":"LineString","coordinates":[[21.060396,52.259005],[21.057314,52.260894]]}},{"type":"Feature","properties":{"id":"c1485","lines":"170","n":1,"tram":0,"op":"ZTM Warszawa — buses"},"geometry":{"type":"LineString","coordinates":[[21.060396,52.259005],[21.063479,52.259005]]}},{"type":"Feature","properties":{"id":"c1486","lines":"170","n":1,"tram":0,"op":"ZTM Warszawa — buses"},"geometry":{"type":"LineString","coordinates":[[21.060396,52.259005],[21.063479,52.259005]]}},{"type":"Feature","properties":{"id":"c1487","lines":"157 N35 N38 N43 N85 N88","n":6,"tram":1,"op":"mix"},"geometry":{"type":"LineString","coordinates":[[20.980253,52.219345],[20.986418,52.223122],[20.986418,52.225011]]}},{"type":"Feature","properties":{"id":"c1488","lines":"N38 N43 N88","n":3,"tram":1,"op":"mix"},"geometry":{"type":"LineString","coordinates":[[20.980253,52.219345],[20.980253,52.215568]]}},{"type":"Feature","properties":{"id":"c1489","lines":"191 N38 N43 N88","n":4,"tram":0,"op":"ZTM Warszawa — buses"},"geometry":{"type":"LineString","coordinates":[[20.986418,52.225011],[20.986418,52.219345],[20.980253,52.215568]]}},{"type":"Feature","properties":{"id":"c1490","lines":"157","n":1,"tram":1,"op":"mix"},"geometry":{"type":"LineString","coordinates":[[20.986418,52.257117],[20.992583,52.257117]]}},{"type":"Feature","properties":{"id":"c1491","lines":"N12 N13 N46 N62 N63","n":5,"tram":1,"op":"mix"},"geometry":{"type":"LineString","coordinates":[[20.986418,52.257117],[20.983336,52.259005]]}},{"type":"Feature","properties":{"id":"c1493","lines":"158 521 N24","n":3,"tram":1,"op":"mix"},"geometry":{"type":"LineString","coordinates":[[21.054231,52.238231],[21.057314,52.24012]]}},{"type":"Feature","properties":{"id":"c1494","lines":"158","n":1,"tram":0,"op":"ZTM Warszawa — buses"},"geometry":{"type":"LineString","coordinates":[[21.057314,52.24012],[21.057314,52.238231],[21.063479,52.234454]]}},{"type":"Feature","properties":{"id":"c1495","lines":"159","n":1,"tram":0,"op":"ZTM Warszawa — buses"},"geometry":{"type":"LineString","coordinates":[[21.020325,52.228788],[21.011078,52.228788]]}},{"type":"Feature","properties":{"id":"c1496","lines":"100","n":1,"tram":0,"op":"ZTM Warszawa — buses"},"geometry":{"type":"LineString","coordinates":[[21.020325,52.228788],[21.02649,52.228788],[21.035737,52.223122]]}},{"type":"Feature","properties":{"id":"c1497","lines":"159","n":1,"tram":0,"op":"ZTM Warszawa — buses"},"geometry":{"type":"LineString","coordinates":[[21.011078,52.228788],[21.004913,52.228788]]}},{"type":"Feature","properties":{"id":"c1498","lines":"159","n":1,"tram":0,"op":"ZTM Warszawa — buses"},"geometry":{"type":"LineString","coordinates":[[21.011078,52.228788],[21.004913,52.228788]]}},{"type":"Feature","properties":{"id":"c1500","lines":"160 190 N11 N16 N21 N61 N71","n":7,"tram":1,"op":"mix"},"geometry":{"type":"LineString","coordinates":[[21.023407,52.25334],[21.01416,52.25334]]}},{"type":"Feature","properties":{"id":"c1501","lines":"161 229","n":2,"tram":0,"op":"ZTM Warszawa — buses"},"geometry":{"type":"LineString","coordinates":[[21.112797,52.174019],[21.112797,52.181574]]}},{"type":"Feature","properties":{"id":"c1502","lines":"161 229","n":2,"tram":0,"op":"ZTM Warszawa — buses"},"geometry":{"type":"LineString","coordinates":[[21.112797,52.174019],[21.109715,52.175908]]}},{"type":"Feature","properties":{"id":"c1503","lines":"N72","n":1,"tram":0,"op":"ZTM Warszawa — buses"},"geometry":{"type":"LineString","coordinates":[[21.112797,52.181574],[21.112797,52.179685],[21.118962,52.175908]]}},{"type":"Feature","properties":{"id":"c1505","lines":"161","n":1,"tram":0,"op":"ZTM Warszawa — buses"},"geometry":{"type":"LineString","coordinates":[[21.122045,52.196682],[21.125127,52.198571]]}},{"type":"Feature","properties":{"id":"c1506","lines":"161","n":1,"tram":0,"op":"ZTM Warszawa — buses"},"geometry":{"type":"LineString","coordinates":[[21.122045,52.196682],[21.11588,52.196682]]}},{"type":"Feature","properties":{"id":"c1507","lines":"N03 N14 N64","n":3,"tram":1,"op":"mix"},"geometry":{"type":"LineString","coordinates":[[21.032654,52.255228],[21.035737,52.257117]]}},{"type":"Feature","properties":{"id":"c1508","lines":"162 N14 N64","n":3,"tram":0,"op":"ZTM Warszawa — buses"},"geometry":{"type":"LineString","coordinates":[[21.032654,52.249562],[21.029572,52.249562]]}},{"type":"Feature","properties":{"id":"c1509","lines":"163 263 N31","n":3,"tram":0,"op":"ZTM Warszawa — buses"},"geometry":{"type":"LineString","coordinates":[[21.075808,52.183462],[21.075808,52.174019]]}},{"type":"Feature","properties":{"id":"c1510","lines":"263","n":1,"tram":0,"op":"ZTM Warszawa — buses"},"geometry":{"type":"LineString","coordinates":[[21.075808,52.183462],[21.075808,52.189128]]}},{"type":"Feature","properties":{"id":"c1511","lines":"163 164 263 N31","n":4,"tram":0,"op":"ZTM Warszawa — buses"},"geometry":{"type":"LineString","coordinates":[[21.075808,52.174019],[21.069644,52.174019],[21.063479,52.170242]]}},{"type":"Feature","properties":{"id":"c1512","lines":"164","n":1,"tram":0,"op":"ZTM Warszawa — buses"},"geometry":{"type":"LineString","coordinates":[[21.075808,52.174019],[21.078891,52.172131]]}},{"type":"Feature","properties":{"id":"c1513","lines":"163 229 319","n":3,"tram":0,"op":"ZTM Warszawa — buses"},"geometry":{"type":"LineString","coordinates":[[21.063479,52.170242],[21.060396,52.168354]]}},{"type":"Feature","properties":{"id":"c1514","lines":"229 251 319 519 N50","n":5,"tram":0,"op":"ZTM Warszawa — buses"},"geometry":{"type":"LineString","coordinates":[[21.063479,52.170242],[21.066561,52.168354]]}},{"type":"Feature","properties":{"id":"c1515","lines":"163 229 319 N81","n":4,"tram":0,"op":"ZTM Warszawa — buses"},"geometry":{"type":"LineString","coordinates":[[21.060396,52.168354],[21.057314,52.168354]]}},{"type":"Feature","properties":{"id":"c1516","lines":"163 217 229 319","n":4,"tram":0,"op":"ZTM Warszawa — buses"},"geometry":{"type":"LineString","coordinates":[[21.057314,52.168354],[21.051149,52.164577],[21.048067,52.164577]]}},{"type":"Feature","properties":{"id":"c1517","lines":"166 179 N37","n":3,"tram":0,"op":"ZTM Warszawa — buses"},"geometry":{"type":"LineString","coordinates":[[21.048067,52.164577],[21.048067,52.158911]]}},{"type":"Feature","properties":{"id":"c1518","lines":"164","n":1,"tram":0,"op":"ZTM Warszawa — buses"},"geometry":{"type":"LineString","coordinates":[[21.078891,52.172131],[21.085056,52.168354]]}},{"type":"Feature","properties":{"id":"c1519","lines":"164","n":1,"tram":0,"op":"ZTM Warszawa — buses"},"geometry":{"type":"LineString","coordinates":[[21.085056,52.168354],[21.085056,52.164577]]}},{"type":"Feature","properties":{"id":"c1520","lines":"165 218","n":2,"tram":0,"op":"ZTM Warszawa — buses"},"geometry":{"type":"LineString","coordinates":[[21.01416,52.172131],[21.020325,52.175908]]}},{"type":"Feature","properties":{"id":"c1521","lines":"189 317 N01 N33","n":4,"tram":0,"op":"ZTM Warszawa — buses"},"geometry":{"type":"LineString","coordinates":[[21.01416,52.172131],[21.017242,52.170242]]}},{"type":"Feature","properties":{"id":"c1522","lines":"174 N36 N86","n":3,"tram":0,"op":"ZTM Warszawa — buses"},"geometry":{"type":"LineString","coordinates":[[21.020325,52.175908],[21.020325,52.177797]]}},{"type":"Feature","properties":{"id":"c1523","lines":"174 N36 N86","n":3,"tram":0,"op":"ZTM Warszawa — buses"},"geometry":{"type":"LineString","coordinates":[[21.020325,52.175908],[21.020325,52.174019],[21.017242,52.172131],[21.017242,52.170242]]}},{"type":"Feature","properties":{"id":"c1524","lines":"166 192","n":2,"tram":0,"op":"ZTM Warszawa — buses"},"geometry":{"type":"LineString","coordinates":[[21.048067,52.157022],[21.041902,52.153245]]}},{"type":"Feature","properties":{"id":"c1525","lines":"N37","n":1,"tram":0,"op":"ZTM Warszawa — buses"},"geometry":{"type":"LineString","coordinates":[[21.048067,52.157022],[21.048067,52.158911]]}},{"type":"Feature","properties":{"id":"c1526","lines":"166 192 N86","n":3,"tram":0,"op":"ZTM Warszawa — buses"},"geometry":{"type":"LineString","coordinates":[[21.041902,52.153245],[21.038819,52.155134]]}},{"type":"Feature","properties":{"id":"c1527","lines":"166 179 192","n":3,"tram":0,"op":"ZTM Warszawa — buses"},"geometry":{"type":"LineString","coordinates":[[21.038819,52.155134],[21.041902,52.157022]]}},{"type":"Feature","properties":{"id":"c1528","lines":"179","n":1,"tram":0,"op":"ZTM Warszawa — buses"},"geometry":{"type":"LineString","coordinates":[[21.038819,52.155134],[21.035737,52.153245]]}},{"type":"Feature","properties":{"id":"c1529","lines":"166 179","n":2,"tram":0,"op":"ZTM Warszawa — buses"},"geometry":{"type":"LineString","coordinates":[[21.041902,52.157022],[21.044984,52.158911],[21.048067,52.158911]]}},{"type":"Feature","properties":{"id":"c1530","lines":"185 503","n":2,"tram":0,"op":"ZTM Warszawa — buses"},"geometry":{"type":"LineString","coordinates":[[21.038819,52.166465],[21.035737,52.168354]]}},{"type":"Feature","properties":{"id":"c1531","lines":"193 N37","n":2,"tram":0,"op":"ZTM Warszawa — buses"},"geometry":{"type":"LineString","coordinates":[[21.038819,52.166465],[21.035737,52.166465],[21.029572,52.162688]]}},{"type":"Feature","properties":{"id":"c1532","lines":"193","n":1,"tram":0,"op":"ZTM Warszawa — buses"},"geometry":{"type":"LineString","coordinates":[[21.038819,52.166465],[21.032654,52.162688]]}},{"type":"Feature","properties":{"id":"c1533","lines":"197 N42","n":2,"tram":1,"op":"mix"},"geometry":{"type":"LineString","coordinates":[[20.930935,52.232565],[20.92477,52.228788]]}},{"type":"Feature","properties":{"id":"c1535","lines":"167 171 190 249 N43","n":5,"tram":0,"op":"ZTM Warszawa — buses"},"geometry":{"type":"LineString","coordinates":[[20.927852,52.243897],[20.918605,52.243897]]}},{"type":"Feature","properties":{"id":"c1536","lines":"167 171 190 249 523 N43","n":6,"tram":0,"op":"ZTM Warszawa — buses"},"geometry":{"type":"LineString","coordinates":[[20.927852,52.243897],[20.918605,52.243897]]}},{"type":"Feature","properties":{"id":"c1537","lines":"167 320","n":2,"tram":0,"op":"ZTM Warszawa — buses"},"geometry":{"type":"LineString","coordinates":[[20.909358,52.251451],[20.906275,52.251451],[20.903193,52.25334]]}},{"type":"Feature","properties":{"id":"c1538","lines":"95 96","n":2,"tram":0,"op":"GPA Grodzisk — buses"},"geometry":{"type":"LineString","coordinates":[[20.909358,52.251451],[20.90011,52.257117]]}},{"type":"Feature","properties":{"id":"c1539","lines":"95 96","n":2,"tram":0,"op":"GPA Grodzisk — buses"},"geometry":{"type":"LineString","coordinates":[[20.909358,52.251451],[20.90011,52.257117]]}},{"type":"Feature","properties":{"id":"c1542","lines":"168 225 502 514 520 525 N02 N25","n":8,"tram":0,"op":"ZTM Warszawa — buses"},"geometry":{"type":"LineString","coordinates":[[21.078891,52.230677],[21.081973,52.228788],[21.085056,52.228788]]}},{"type":"Feature","properties":{"id":"c1543","lines":"169 212 409 500 N12 N62","n":6,"tram":0,"op":"ZTM Warszawa — buses"},"geometry":{"type":"LineString","coordinates":[[21.02649,52.262782],[21.029572,52.264671]]}},{"type":"Feature","properties":{"id":"c1544","lines":"N14 N64","n":2,"tram":1,"op":"mix"},"geometry":{"type":"LineString","coordinates":[[21.02649,52.262782],[21.020325,52.26656]]}},{"type":"Feature","properties":{"id":"c1545","lines":"100 409 500 N12 N62","n":5,"tram":1,"op":"mix"},"geometry":{"type":"LineString","coordinates":[[21.017242,52.260894],[21.01416,52.260894]]}},{"type":"Feature","properties":{"id":"c1546","lines":"509 N03","n":2,"tram":1,"op":"mix"},"geometry":{"type":"LineString","coordinates":[[21.017242,52.260894],[21.017242,52.262782]]}},{"type":"Feature","properties":{"id":"c1547","lines":"100","n":1,"tram":0,"op":"ZTM Warszawa — buses"},"geometry":{"type":"LineString","coordinates":[[21.017242,52.260894],[21.02649,52.255228]]}},{"type":"Feature","properties":{"id":"c1548","lines":"170","n":1,"tram":0,"op":"ZTM Warszawa — buses"},"geometry":{"type":"LineString","coordinates":[[21.063479,52.259005],[21.066561,52.257117]]}},{"type":"Feature","properties":{"id":"c1550","lines":"173","n":1,"tram":0,"op":"ZTM Warszawa — buses"},"geometry":{"type":"LineString","coordinates":[[21.12821,52.225011],[21.125127,52.2269],[21.125127,52.232565]]}},{"type":"Feature","properties":{"id":"c1551","lines":"A2","n":1,"tram":0,"op":"Sulejówek & Wiązowna"},"geometry":{"type":"LineString","coordinates":[[21.12821,52.225011],[21.134374,52.221234]]}},{"type":"Feature","properties":{"id":"c1552","lines":"A2","n":1,"tram":0,"op":"Sulejówek & Wiązowna"},"geometry":{"type":"LineString","coordinates":[[21.12821,52.225011],[21.131292,52.2269]]}},{"type":"Feature","properties":{"id":"c1553","lines":"A2","n":1,"tram":0,"op":"Sulejówek & Wiązowna"},"geometry":{"type":"LineString","coordinates":[[21.12821,52.225011],[21.12821,52.2269],[21.131292,52.228788]]}},{"type":"Feature","properties":{"id":"c1554","lines":"A2","n":1,"tram":0,"op":"Sulejówek & Wiązowna"},"geometry":{"type":"LineString","coordinates":[[21.12821,52.225011],[21.134374,52.225011]]}},{"type":"Feature","properties":{"id":"c1555","lines":"173 514 N71","n":3,"tram":0,"op":"ZTM Warszawa — buses"},"geometry":{"type":"LineString","coordinates":[[21.125127,52.232565],[21.122045,52.234454]]}},{"type":"Feature","properties":{"id":"c1556","lines":"173 198 514 N71","n":4,"tram":0,"op":"ZTM Warszawa — buses"},"geometry":{"type":"LineString","coordinates":[[21.122045,52.234454],[21.118962,52.234454]]}},{"type":"Feature","properties":{"id":"c1557","lines":"198","n":1,"tram":0,"op":"ZTM Warszawa — buses"},"geometry":{"type":"LineString","coordinates":[[21.122045,52.234454],[21.122045,52.236342],[21.118962,52.238231]]}},{"type":"Feature","properties":{"id":"c1558","lines":"173 198 514 N71","n":4,"tram":0,"op":"mix"},"geometry":{"type":"LineString","coordinates":[[21.118962,52.234454],[21.118962,52.232565]]}},{"type":"Feature","properties":{"id":"c1560","lines":"173 198 514 N21 N71","n":5,"tram":0,"op":"mix"},"geometry":{"type":"LineString","coordinates":[[21.118962,52.232565],[21.112797,52.232565]]}},{"type":"Feature","properties":{"id":"c1561","lines":"198 N21","n":2,"tram":0,"op":"ZTM Warszawa — buses"},"geometry":{"type":"LineString","coordinates":[[21.118962,52.232565],[21.118962,52.228788]]}},{"type":"Feature","properties":{"id":"c1562","lines":"198","n":1,"tram":0,"op":"ZTM Warszawa — buses"},"geometry":{"type":"LineString","coordinates":[[21.112797,52.232565],[21.118962,52.228788]]}},{"type":"Feature","properties":{"id":"c1563","lines":"173 188 202 523 N21 N71","n":6,"tram":0,"op":"mix"},"geometry":{"type":"LineString","coordinates":[[21.066561,52.243897],[21.063479,52.243897]]}},{"type":"Feature","properties":{"id":"c1565","lines":"174","n":1,"tram":0,"op":"ZTM Warszawa — buses"},"geometry":{"type":"LineString","coordinates":[[21.02649,52.183462],[21.020325,52.179685],[21.020325,52.177797]]}},{"type":"Feature","properties":{"id":"c1566","lines":"218 228 308","n":3,"tram":0,"op":"ZTM Warszawa — buses"},"geometry":{"type":"LineString","coordinates":[[21.02649,52.183462],[21.029572,52.183462]]}},{"type":"Feature","properties":{"id":"c1568","lines":"174 193 N36 N86","n":4,"tram":0,"op":"ZTM Warszawa — buses"},"geometry":{"type":"LineString","coordinates":[[21.017242,52.170242],[21.01416,52.168354]]}},{"type":"Feature","properties":{"id":"c1569","lines":"174 193 N36 N86","n":4,"tram":0,"op":"ZTM Warszawa — buses"},"geometry":{"type":"LineString","coordinates":[[21.017242,52.170242],[21.01416,52.168354]]}},{"type":"Feature","properties":{"id":"c1570","lines":"189 193 317 401 402 N01 N33","n":7,"tram":0,"op":"ZTM Warszawa — buses"},"geometry":{"type":"LineString","coordinates":[[21.017242,52.170242],[21.020325,52.170242]]}},{"type":"Feature","properties":{"id":"c1571","lines":"176 N64","n":2,"tram":0,"op":"mix"},"geometry":{"type":"LineString","coordinates":[[20.989501,52.287334],[20.986418,52.289222],[20.983336,52.289222]]}},{"type":"Feature","properties":{"id":"c1573","lines":"177 194 207 220 N85","n":5,"tram":0,"op":"ZTM Warszawa — buses"},"geometry":{"type":"LineString","coordinates":[[20.893945,52.208014],[20.893945,52.204237],[20.897028,52.202348]]}},{"type":"Feature","properties":{"id":"c1574","lines":"177 207","n":2,"tram":0,"op":"ZTM Warszawa — buses"},"geometry":{"type":"LineString","coordinates":[[20.893945,52.208014],[20.890863,52.206125],[20.887781,52.206125]]}},{"type":"Feature","properties":{"id":"c1575","lines":"220 N85","n":2,"tram":0,"op":"ZTM Warszawa — buses"},"geometry":{"type":"LineString","coordinates":[[20.897028,52.202348],[20.90011,52.20046]]}},{"type":"Feature","properties":{"id":"c1576","lines":"177","n":1,"tram":0,"op":"ZTM Warszawa — buses"},"geometry":{"type":"LineString","coordinates":[[20.887781,52.206125],[20.884698,52.206125]]}},{"type":"Feature","properties":{"id":"c1577","lines":"207 716","n":2,"tram":0,"op":"ZTM Warszawa — buses"},"geometry":{"type":"LineString","coordinates":[[20.887781,52.206125],[20.890863,52.204237]]}},{"type":"Feature","properties":{"id":"c1578","lines":"716","n":1,"tram":0,"op":"ZTM Warszawa — buses"},"geometry":{"type":"LineString","coordinates":[[20.887781,52.206125],[20.887781,52.215568]]}},{"type":"Feature","properties":{"id":"c1579","lines":"177 194","n":2,"tram":0,"op":"ZTM Warszawa — buses"},"geometry":{"type":"LineString","coordinates":[[20.884698,52.206125],[20.881616,52.204237]]}},{"type":"Feature","properties":{"id":"c1580","lines":"194","n":1,"tram":0,"op":"ZTM Warszawa — buses"},"geometry":{"type":"LineString","coordinates":[[20.884698,52.206125],[20.884698,52.208014],[20.881616,52.209902]]}},{"type":"Feature","properties":{"id":"c1581","lines":"177","n":1,"tram":0,"op":"ZTM Warszawa — buses"},"geometry":{"type":"LineString","coordinates":[[20.881616,52.204237],[20.881616,52.198571],[20.884698,52.196682]]}},{"type":"Feature","properties":{"id":"c1582","lines":"194","n":1,"tram":0,"op":"ZTM Warszawa — buses"},"geometry":{"type":"LineString","coordinates":[[20.881616,52.204237],[20.878533,52.202348],[20.878533,52.20046]]}},{"type":"Feature","properties":{"id":"c1583","lines":"194","n":1,"tram":0,"op":"ZTM Warszawa — buses"},"geometry":{"type":"LineString","coordinates":[[20.881616,52.204237],[20.881616,52.209902]]}},{"type":"Feature","properties":{"id":"c1584","lines":"177 187 194 401 517 716 N35 N85","n":8,"tram":0,"op":"ZTM Warszawa — buses"},"geometry":{"type":"LineString","coordinates":[[20.884698,52.196682],[20.884698,52.194794]]}},{"type":"Feature","properties":{"id":"c1585","lines":"187","n":1,"tram":0,"op":"ZTM Warszawa — buses"},"geometry":{"type":"LineString","coordinates":[[20.884698,52.196682],[20.878533,52.20046]]}},{"type":"Feature","properties":{"id":"c1586","lines":"194","n":1,"tram":0,"op":"ZTM Warszawa — buses"},"geometry":{"type":"LineString","coordinates":[[20.884698,52.196682],[20.887781,52.196682]]}},{"type":"Feature","properties":{"id":"c1587","lines":"401 517 716 N35 N85","n":5,"tram":0,"op":"ZTM Warszawa — buses"},"geometry":{"type":"LineString","coordinates":[[20.884698,52.196682],[20.884698,52.20046]]}},{"type":"Feature","properties":{"id":"c1588","lines":"177 401 517","n":3,"tram":0,"op":"ZTM Warszawa — buses"},"geometry":{"type":"LineString","coordinates":[[20.884698,52.194794],[20.884698,52.192905],[20.878533,52.189128]]}},{"type":"Feature","properties":{"id":"c1589","lines":"177 194 401 517 716 N35 N85","n":7,"tram":0,"op":"ZTM Warszawa — buses"},"geometry":{"type":"LineString","coordinates":[[20.884698,52.194794],[20.881616,52.192905]]}},{"type":"Feature","properties":{"id":"c1590","lines":"187","n":1,"tram":0,"op":"mix"},"geometry":{"type":"LineString","coordinates":[[20.884698,52.194794],[20.887781,52.196682]]}},{"type":"Feature","properties":{"id":"c1591","lines":"194 716 N85","n":3,"tram":0,"op":"mix"},"geometry":{"type":"LineString","coordinates":[[20.884698,52.194794],[20.878533,52.194794]]}},{"type":"Feature","properties":{"id":"c1592","lines":"177 401 517 N35","n":4,"tram":0,"op":"ZTM Warszawa — buses"},"geometry":{"type":"LineString","coordinates":[[20.878533,52.189128],[20.881616,52.191017],[20.881616,52.192905]]}},{"type":"Feature","properties":{"id":"c1593","lines":"187 N35","n":2,"tram":0,"op":"ZTM Warszawa — buses"},"geometry":{"type":"LineString","coordinates":[[20.878533,52.189128],[20.878533,52.194794]]}},{"type":"Feature","properties":{"id":"c1594","lines":"194 716 N85","n":3,"tram":0,"op":"ZTM Warszawa — buses"},"geometry":{"type":"LineString","coordinates":[[20.881616,52.192905],[20.878533,52.194794]]}},{"type":"Feature","properties":{"id":"c1595","lines":"178 207","n":2,"tram":0,"op":"ZTM Warszawa — buses"},"geometry":{"type":"LineString","coordinates":[[20.906275,52.189128],[20.903193,52.191017]]}},{"type":"Feature","properties":{"id":"c1596","lines":"178 207","n":2,"tram":0,"op":"ZTM Warszawa — buses"},"geometry":{"type":"LineString","coordinates":[[20.906275,52.189128],[20.90011,52.189128]]}},{"type":"Feature","properties":{"id":"c1597","lines":"178 207 220","n":3,"tram":0,"op":"ZTM Warszawa — buses"},"geometry":{"type":"LineString","coordinates":[[20.903193,52.191017],[20.90011,52.189128]]}},{"type":"Feature","properties":{"id":"c1598","lines":"178 207 220","n":3,"tram":0,"op":"ZTM Warszawa — buses"},"geometry":{"type":"LineString","coordinates":[[20.90011,52.189128],[20.90011,52.187239]]}},{"type":"Feature","properties":{"id":"c1599","lines":"207 220","n":2,"tram":0,"op":"ZTM Warszawa — buses"},"geometry":{"type":"LineString","coordinates":[[20.90011,52.189128],[20.903193,52.187239],[20.903193,52.185351]]}},{"type":"Feature","properties":{"id":"c1600","lines":"207 220","n":2,"tram":0,"op":"ZTM Warszawa — buses"},"geometry":{"type":"LineString","coordinates":[[20.90011,52.187239],[20.903193,52.185351]]}},{"type":"Feature","properties":{"id":"c1601","lines":"178 503","n":2,"tram":0,"op":"ZTM Warszawa — buses"},"geometry":{"type":"LineString","coordinates":[[21.007995,52.259005],[21.004913,52.260894]]}},{"type":"Feature","properties":{"id":"c1602","lines":"100 409 500 N12 N62","n":5,"tram":0,"op":"mix"},"geometry":{"type":"LineString","coordinates":[[21.004913,52.260894],[21.01416,52.260894]]}},{"type":"Feature","properties":{"id":"c1605","lines":"504 N34","n":2,"tram":0,"op":"ZTM Warszawa — buses"},"geometry":{"type":"LineString","coordinates":[[21.035737,52.153245],[21.032654,52.155134]]}},{"type":"Feature","properties":{"id":"c1606","lines":"179 185","n":2,"tram":0,"op":"ZTM Warszawa — buses"},"geometry":{"type":"LineString","coordinates":[[21.020325,52.153245],[21.017242,52.153245]]}},{"type":"Feature","properties":{"id":"c1607","lines":"185","n":1,"tram":0,"op":"ZTM Warszawa — buses"},"geometry":{"type":"LineString","coordinates":[[21.020325,52.153245],[21.02649,52.153245]]}},{"type":"Feature","properties":{"id":"c1608","lines":"209 715 737 809 815 N86","n":6,"tram":0,"op":"ZTM Warszawa — buses"},"geometry":{"type":"LineString","coordinates":[[21.017242,52.153245],[21.011078,52.153245]]}},{"type":"Feature","properties":{"id":"c1609","lines":"179 192 193 209 809 815 N37","n":7,"tram":0,"op":"ZTM Warszawa — buses"},"geometry":{"type":"LineString","coordinates":[[21.029572,52.162688],[21.02649,52.162688]]}},{"type":"Feature","properties":{"id":"c1610","lines":"192 193","n":2,"tram":0,"op":"ZTM Warszawa — buses"},"geometry":{"type":"LineString","coordinates":[[21.029572,52.162688],[21.032654,52.162688]]}},{"type":"Feature","properties":{"id":"c1611","lines":"193 N37","n":2,"tram":0,"op":"ZTM Warszawa — buses"},"geometry":{"type":"LineString","coordinates":[[21.02649,52.162688],[21.035737,52.168354]]}},{"type":"Feature","properties":{"id":"c1612","lines":"180 N41 N91","n":3,"tram":1,"op":"mix"},"geometry":{"type":"LineString","coordinates":[[20.977171,52.25334],[20.980253,52.255228]]}},{"type":"Feature","properties":{"id":"c1615","lines":"180 N41 N91","n":3,"tram":1,"op":"mix"},"geometry":{"type":"LineString","coordinates":[[20.980253,52.255228],[20.980253,52.257117]]}},{"type":"Feature","properties":{"id":"c1616","lines":"180 409 N41 N91","n":4,"tram":0,"op":"mix"},"geometry":{"type":"LineString","coordinates":[[20.980253,52.257117],[20.974088,52.257117]]}},{"type":"Feature","properties":{"id":"c1617","lines":"409","n":1,"tram":1,"op":"mix"},"geometry":{"type":"LineString","coordinates":[[20.980253,52.257117],[20.983336,52.259005]]}},{"type":"Feature","properties":{"id":"c1618","lines":"409","n":1,"tram":1,"op":"mix"},"geometry":{"type":"LineString","coordinates":[[20.980253,52.257117],[20.983336,52.257117],[20.986418,52.259005]]}},{"type":"Feature","properties":{"id":"c1619","lines":"181 303 409","n":3,"tram":0,"op":"ZTM Warszawa — buses"},"geometry":{"type":"LineString","coordinates":[[20.92477,52.272225],[20.930935,52.276002]]}},{"type":"Feature","properties":{"id":"c1620","lines":"250 409","n":2,"tram":0,"op":"ZTM Warszawa — buses"},"geometry":{"type":"LineString","coordinates":[[20.92477,52.272225],[20.921687,52.272225],[20.918605,52.270337]]}},{"type":"Feature","properties":{"id":"c1622","lines":"184","n":1,"tram":0,"op":"ZTM Warszawa — buses"},"geometry":{"type":"LineString","coordinates":[[20.940182,52.242008],[20.940182,52.238231],[20.937099,52.236342]]}},{"type":"Feature","properties":{"id":"c1623","lines":"185","n":1,"tram":0,"op":"ZTM Warszawa — buses"},"geometry":{"type":"LineString","coordinates":[[21.007995,52.262782],[21.017242,52.257117],[21.017242,52.255228]]}},{"type":"Feature","properties":{"id":"c1625","lines":"192 N34","n":2,"tram":0,"op":"ZTM Warszawa — buses"},"geometry":{"type":"LineString","coordinates":[[21.02649,52.153245],[21.029572,52.153245],[21.032654,52.155134]]}},{"type":"Feature","properties":{"id":"c1626","lines":"N45 N95","n":2,"tram":1,"op":"mix"},"geometry":{"type":"LineString","coordinates":[[20.952511,52.25334],[20.958676,52.25334]]}},{"type":"Feature","properties":{"id":"c1627","lines":"186 211 326 509 516 705 723 731 735 736 N03 N13 N63","n":13,"tram":0,"op":"ZTM Warszawa — buses"},"geometry":{"type":"LineString","coordinates":[[20.989501,52.277891],[20.986418,52.27978]]}},{"type":"Feature","properties":{"id":"c1628","lines":"186 211 326 705 723 731 735 736 N03 N13 N63","n":11,"tram":0,"op":"ZTM Warszawa — buses"},"geometry":{"type":"LineString","coordinates":[[20.989501,52.277891],[20.992583,52.277891],[20.995665,52.276002]]}},{"type":"Feature","properties":{"id":"c1629","lines":"211 509 516 723 731 736 N03","n":7,"tram":0,"op":"ZTM Warszawa — buses"},"geometry":{"type":"LineString","coordinates":[[20.989501,52.277891],[20.992583,52.276002],[20.998748,52.276002]]}},{"type":"Feature","properties":{"id":"c1630","lines":"211","n":1,"tram":0,"op":"ZTM Warszawa — buses"},"geometry":{"type":"LineString","coordinates":[[20.986418,52.27978],[20.980253,52.27978]]}},{"type":"Feature","properties":{"id":"c1631","lines":"509 516","n":2,"tram":0,"op":"ZTM Warszawa — buses"},"geometry":{"type":"LineString","coordinates":[[20.986418,52.27978],[20.992583,52.276002],[20.995665,52.276002]]}},{"type":"Feature","properties":{"id":"c1632","lines":"186 509 N01 N03 N13 N63","n":6,"tram":1,"op":"mix"},"geometry":{"type":"LineString","coordinates":[[20.955594,52.287334],[20.955594,52.289222]]}},{"type":"Feature","properties":{"id":"c1633","lines":"N13","n":1,"tram":0,"op":"ZTM Warszawa — buses"},"geometry":{"type":"LineString","coordinates":[[20.955594,52.287334],[20.946347,52.287334],[20.943264,52.285445]]}},{"type":"Feature","properties":{"id":"c1634","lines":"211 N63","n":2,"tram":0,"op":"ZTM Warszawa — buses"},"geometry":{"type":"LineString","coordinates":[[20.955594,52.289222],[20.958676,52.289222]]}},{"type":"Feature","properties":{"id":"c1635","lines":"211 509 516 N03 N13","n":5,"tram":1,"op":"mix"},"geometry":{"type":"LineString","coordinates":[[20.955594,52.289222],[20.955594,52.291111]]}},{"type":"Feature","properties":{"id":"c1636","lines":"518","n":1,"tram":0,"op":"ZTM Warszawa — buses"},"geometry":{"type":"LineString","coordinates":[[20.955594,52.289222],[20.946347,52.289222],[20.943264,52.287334]]}},{"type":"Feature","properties":{"id":"c1637","lines":"187 194 N35","n":3,"tram":0,"op":"ZTM Warszawa — buses"},"geometry":{"type":"LineString","coordinates":[[20.878533,52.194794],[20.878533,52.20046]]}},{"type":"Feature","properties":{"id":"c1638","lines":"716 N85","n":2,"tram":0,"op":"mix"},"geometry":{"type":"LineString","coordinates":[[20.878533,52.194794],[20.875451,52.192905]]}},{"type":"Feature","properties":{"id":"c1639","lines":"N35","n":1,"tram":0,"op":"ZTM Warszawa — buses"},"geometry":{"type":"LineString","coordinates":[[20.878533,52.20046],[20.884698,52.20046]]}},{"type":"Feature","properties":{"id":"c1640","lines":"401 517 716 N35 N85","n":5,"tram":0,"op":"ZTM Warszawa — buses"},"geometry":{"type":"LineString","coordinates":[[20.890863,52.20046],[20.884698,52.20046]]}},{"type":"Feature","properties":{"id":"c1641","lines":"716","n":1,"tram":0,"op":"ZTM Warszawa — buses"},"geometry":{"type":"LineString","coordinates":[[20.890863,52.20046],[20.890863,52.204237]]}},{"type":"Feature","properties":{"id":"c1642","lines":"187 N85","n":2,"tram":0,"op":"ZTM Warszawa — buses"},"geometry":{"type":"LineString","coordinates":[[20.90011,52.194794],[20.90011,52.198571]]}},{"type":"Feature","properties":{"id":"c1643","lines":"191 517 N35 N85","n":4,"tram":0,"op":"ZTM Warszawa — buses"},"geometry":{"type":"LineString","coordinates":[[20.90011,52.194794],[20.897028,52.192905]]}},{"type":"Feature","properties":{"id":"c1644","lines":"191 517 N35 N85","n":4,"tram":0,"op":"ZTM Warszawa — buses"},"geometry":{"type":"LineString","coordinates":[[20.90011,52.194794],[20.897028,52.192905]]}},{"type":"Feature","properties":{"id":"c1645","lines":"187 220 N85","n":3,"tram":0,"op":"ZTM Warszawa — buses"},"geometry":{"type":"LineString","coordinates":[[20.90011,52.198571],[20.90011,52.20046]]}},{"type":"Feature","properties":{"id":"c1646","lines":"187 189 401 517 N01 N35 N38","n":7,"tram":0,"op":"ZTM Warszawa — buses"},"geometry":{"type":"LineString","coordinates":[[20.915522,52.194794],[20.918605,52.192905]]}},{"type":"Feature","properties":{"id":"c1647","lines":"189 401 N38","n":3,"tram":0,"op":"mix"},"geometry":{"type":"LineString","coordinates":[[20.918605,52.192905],[20.92477,52.189128]]}},{"type":"Feature","properties":{"id":"c1648","lines":"717 817","n":2,"tram":0,"op":"ZTM Warszawa — buses"},"geometry":{"type":"LineString","coordinates":[[20.918605,52.192905],[20.918605,52.191017],[20.909358,52.185351]]}},{"type":"Feature","properties":{"id":"c1649","lines":"189 193 317 N33 N50 N83","n":6,"tram":0,"op":"ZTM Warszawa — buses"},"geometry":{"type":"LineString","coordinates":[[21.035737,52.174019],[21.029572,52.174019]]}},{"type":"Feature","properties":{"id":"c1650","lines":"189 193 317 N33 N50 N83","n":6,"tram":0,"op":"ZTM Warszawa — buses"},"geometry":{"type":"LineString","coordinates":[[21.035737,52.174019],[21.029572,52.174019]]}},{"type":"Feature","properties":{"id":"c1651","lines":"402","n":1,"tram":0,"op":"ZTM Warszawa — buses"},"geometry":{"type":"LineString","coordinates":[[21.035737,52.174019],[21.032654,52.172131],[21.02649,52.172131]]}},{"type":"Feature","properties":{"id":"c1652","lines":"189 193 317 N33 N50 N83","n":6,"tram":0,"op":"ZTM Warszawa — buses"},"geometry":{"type":"LineString","coordinates":[[21.029572,52.174019],[21.02649,52.172131]]}},{"type":"Feature","properties":{"id":"c1653","lines":"189 193 317 401 402 N01 N33 N37 N83","n":9,"tram":0,"op":"ZTM Warszawa — buses"},"geometry":{"type":"LineString","coordinates":[[21.02649,52.172131],[21.023407,52.172131],[21.020325,52.170242]]}},{"type":"Feature","properties":{"id":"c1654","lines":"401 N01 N37","n":3,"tram":0,"op":"mix"},"geometry":{"type":"LineString","coordinates":[[21.02649,52.172131],[21.02649,52.170242]]}},{"type":"Feature","properties":{"id":"c1655","lines":"189 401 402 504","n":4,"tram":0,"op":"ZTM Warszawa — buses"},"geometry":{"type":"LineString","coordinates":[[20.998748,52.172131],[20.989501,52.172131]]}},{"type":"Feature","properties":{"id":"c1656","lines":"189 401 402 504","n":4,"tram":1,"op":"mix"},"geometry":{"type":"LineString","coordinates":[[20.998748,52.172131],[20.989501,52.172131]]}},{"type":"Feature","properties":{"id":"c1658","lines":"189 402","n":2,"tram":0,"op":"ZTM Warszawa — buses"},"geometry":{"type":"LineString","coordinates":[[20.937099,52.183462],[20.934017,52.183462],[20.92477,52.189128]]}},{"type":"Feature","properties":{"id":"c1659","lines":"401 N38","n":2,"tram":0,"op":"ZTM Warszawa — buses"},"geometry":{"type":"LineString","coordinates":[[20.937099,52.183462],[20.927852,52.189128],[20.92477,52.189128]]}},{"type":"Feature","properties":{"id":"c1661","lines":"191 207","n":2,"tram":0,"op":"ZTM Warszawa — buses"},"geometry":{"type":"LineString","coordinates":[[20.887781,52.185351],[20.887781,52.187239]]}},{"type":"Feature","properties":{"id":"c1662","lines":"191","n":1,"tram":0,"op":"ZTM Warszawa — buses"},"geometry":{"type":"LineString","coordinates":[[20.887781,52.187239],[20.890863,52.189128]]}},{"type":"Feature","properties":{"id":"c1663","lines":"207","n":1,"tram":0,"op":"ZTM Warszawa — buses"},"geometry":{"type":"LineString","coordinates":[[20.887781,52.187239],[20.887781,52.191017]]}},{"type":"Feature","properties":{"id":"c1664","lines":"191 N35 N85","n":3,"tram":0,"op":"ZTM Warszawa — buses"},"geometry":{"type":"LineString","coordinates":[[20.890863,52.189128],[20.897028,52.189128]]}},{"type":"Feature","properties":{"id":"c1665","lines":"N35 N85","n":2,"tram":0,"op":"ZTM Warszawa — buses"},"geometry":{"type":"LineString","coordinates":[[20.890863,52.189128],[20.887781,52.191017]]}},{"type":"Feature","properties":{"id":"c1666","lines":"191 517 N35 N85","n":4,"tram":0,"op":"ZTM Warszawa — buses"},"geometry":{"type":"LineString","coordinates":[[20.897028,52.189128],[20.897028,52.192905]]}},{"type":"Feature","properties":{"id":"c1667","lines":"207","n":1,"tram":0,"op":"ZTM Warszawa — buses"},"geometry":{"type":"LineString","coordinates":[[20.897028,52.189128],[20.897028,52.185351]]}},{"type":"Feature","properties":{"id":"c1668","lines":"192","n":1,"tram":0,"op":"ZTM Warszawa — buses"},"geometry":{"type":"LineString","coordinates":[[21.007995,52.157022],[21.00183,52.153245],[21.00183,52.151357]]}},{"type":"Feature","properties":{"id":"c1670","lines":"197","n":1,"tram":0,"op":"ZTM Warszawa — buses"},"geometry":{"type":"LineString","coordinates":[[20.934017,52.25334],[20.937099,52.25334],[20.943264,52.257117]]}},{"type":"Feature","properties":{"id":"c1671","lines":"201","n":1,"tram":0,"op":"ZTM Warszawa — buses"},"geometry":{"type":"LineString","coordinates":[[20.934017,52.25334],[20.934017,52.257117]]}},{"type":"Feature","properties":{"id":"c1672","lines":"198 N21","n":2,"tram":0,"op":"ZTM Warszawa — buses"},"geometry":{"type":"LineString","coordinates":[[21.122045,52.221234],[21.118962,52.223122],[21.118962,52.228788]]}},{"type":"Feature","properties":{"id":"c1673","lines":"411 502 704 720 722 730","n":6,"tram":0,"op":"ZTM Warszawa — buses"},"geometry":{"type":"LineString","coordinates":[[21.122045,52.221234],[21.11588,52.221234]]}},{"type":"Feature","properties":{"id":"c1674","lines":"411 502 704 720 722 730 N21","n":7,"tram":0,"op":"ZTM Warszawa — buses"},"geometry":{"type":"LineString","coordinates":[[21.122045,52.221234],[21.125127,52.219345]]}},{"type":"Feature","properties":{"id":"c1676","lines":"199 Z4M","n":2,"tram":0,"op":"mix"},"geometry":{"type":"LineString","coordinates":[[21.054231,52.268448],[21.057314,52.26656]]}},{"type":"Feature","properties":{"id":"c1677","lines":"Z4M","n":1,"tram":0,"op":"Ząbki"},"geometry":{"type":"LineString","coordinates":[[21.054231,52.268448],[21.060396,52.268448]]}},{"type":"Feature","properties":{"id":"c1678","lines":"199","n":1,"tram":0,"op":"ZTM Warszawa — buses"},"geometry":{"type":"LineString","coordinates":[[21.057314,52.26656],[21.063479,52.26656]]}},{"type":"Feature","properties":{"id":"c1679","lines":"Z4M","n":1,"tram":0,"op":"Ząbki"},"geometry":{"type":"LineString","coordinates":[[21.057314,52.26656],[21.057314,52.270337]]}},{"type":"Feature","properties":{"id":"c1680","lines":"199","n":1,"tram":0,"op":"ZTM Warszawa — buses"},"geometry":{"type":"LineString","coordinates":[[21.063479,52.26656],[21.066561,52.268448],[21.069644,52.268448]]}},{"type":"Feature","properties":{"id":"c1681","lines":"199","n":1,"tram":0,"op":"ZTM Warszawa — buses"},"geometry":{"type":"LineString","coordinates":[[21.063479,52.26656],[21.066561,52.268448],[21.069644,52.268448]]}},{"type":"Feature","properties":{"id":"c1682","lines":"Z1 Z3","n":2,"tram":0,"op":"Ząbki"},"geometry":{"type":"LineString","coordinates":[[21.063479,52.26656],[21.060396,52.268448]]}},{"type":"Feature","properties":{"id":"c1683","lines":"Z1 Z3","n":2,"tram":0,"op":"Ząbki"},"geometry":{"type":"LineString","coordinates":[[21.063479,52.26656],[21.066561,52.26656]]}},{"type":"Feature","properties":{"id":"c1684","lines":"Z1 Z3","n":2,"tram":0,"op":"Ząbki"},"geometry":{"type":"LineString","coordinates":[[21.063479,52.26656],[21.063479,52.264671]]}},{"type":"Feature","properties":{"id":"c1685","lines":"Z1 Z3","n":2,"tram":0,"op":"Ząbki"},"geometry":{"type":"LineString","coordinates":[[21.063479,52.26656],[21.063479,52.270337]]}},{"type":"Feature","properties":{"id":"c1686","lines":"199","n":1,"tram":0,"op":"ZTM Warszawa — buses"},"geometry":{"type":"LineString","coordinates":[[21.069644,52.268448],[21.072726,52.26656]]}},{"type":"Feature","properties":{"id":"c1687","lines":"Z1","n":1,"tram":0,"op":"Ząbki"},"geometry":{"type":"LineString","coordinates":[[21.069644,52.268448],[21.072726,52.26656],[21.072726,52.262782]]}},{"type":"Feature","properties":{"id":"c1688","lines":"Z1","n":1,"tram":0,"op":"Ząbki"},"geometry":{"type":"LineString","coordinates":[[21.069644,52.268448],[21.063479,52.264671]]}},{"type":"Feature","properties":{"id":"c1689","lines":"Z4M","n":1,"tram":0,"op":"Ząbki"},"geometry":{"type":"LineString","coordinates":[[21.069644,52.268448],[21.060396,52.268448]]}},{"type":"Feature","properties":{"id":"c1690","lines":"Z4M","n":1,"tram":0,"op":"Ząbki"},"geometry":{"type":"LineString","coordinates":[[21.069644,52.268448],[21.069644,52.26656],[21.066561,52.264671]]}},{"type":"Feature","properties":{"id":"c1691","lines":"Z4M","n":1,"tram":0,"op":"Ząbki"},"geometry":{"type":"LineString","coordinates":[[21.069644,52.268448],[21.066561,52.270337],[21.063479,52.270337]]}},{"type":"Feature","properties":{"id":"c1692","lines":"199","n":1,"tram":0,"op":"ZTM Warszawa — buses"},"geometry":{"type":"LineString","coordinates":[[21.072726,52.26656],[21.075808,52.26656]]}},{"type":"Feature","properties":{"id":"c1693","lines":"Z1","n":1,"tram":0,"op":"Ząbki"},"geometry":{"type":"LineString","coordinates":[[21.072726,52.26656],[21.066561,52.26656]]}},{"type":"Feature","properties":{"id":"c1694","lines":"Z1","n":1,"tram":0,"op":"Ząbki"},"geometry":{"type":"LineString","coordinates":[[21.072726,52.26656],[21.072726,52.262782]]}},{"type":"Feature","properties":{"id":"c1695","lines":"199","n":1,"tram":0,"op":"ZTM Warszawa — buses"},"geometry":{"type":"LineString","coordinates":[[21.075808,52.26656],[21.078891,52.264671]]}},{"type":"Feature","properties":{"id":"c1696","lines":"199","n":1,"tram":0,"op":"ZTM Warszawa — buses"},"geometry":{"type":"LineString","coordinates":[[21.075808,52.26656],[21.078891,52.264671]]}},{"type":"Feature","properties":{"id":"c1697","lines":"199","n":1,"tram":0,"op":"ZTM Warszawa — buses"},"geometry":{"type":"LineString","coordinates":[[21.078891,52.264671],[21.078891,52.259005]]}},{"type":"Feature","properties":{"id":"c1698","lines":"199 Z1","n":2,"tram":0,"op":"mix"},"geometry":{"type":"LineString","coordinates":[[21.078891,52.259005],[21.081973,52.257117]]}},{"type":"Feature","properties":{"id":"c1699","lines":"245 Z1 Z3","n":3,"tram":0,"op":"mix"},"geometry":{"type":"LineString","coordinates":[[21.078891,52.259005],[21.075808,52.260894]]}},{"type":"Feature","properties":{"id":"c1700","lines":"245 Z3","n":2,"tram":0,"op":"mix"},"geometry":{"type":"LineString","coordinates":[[21.078891,52.259005],[21.078891,52.257117],[21.075808,52.255228]]}},{"type":"Feature","properties":{"id":"c1701","lines":"199 Z1","n":2,"tram":0,"op":"mix"},"geometry":{"type":"LineString","coordinates":[[21.081973,52.257117],[21.085056,52.255228]]}},{"type":"Feature","properties":{"id":"c1702","lines":"199","n":1,"tram":0,"op":"ZTM Warszawa — buses"},"geometry":{"type":"LineString","coordinates":[[21.081973,52.257117],[21.081973,52.251451],[21.085056,52.249562]]}},{"type":"Feature","properties":{"id":"c1703","lines":"199","n":1,"tram":0,"op":"ZTM Warszawa — buses"},"geometry":{"type":"LineString","coordinates":[[21.085056,52.255228],[21.085056,52.249562]]}},{"type":"Feature","properties":{"id":"c1704","lines":"N62 Z1 Z2M Z4M","n":4,"tram":0,"op":"mix"},"geometry":{"type":"LineString","coordinates":[[21.085056,52.255228],[21.081973,52.25334]]}},{"type":"Feature","properties":{"id":"c1705","lines":"N62","n":1,"tram":0,"op":"ZTM Warszawa — buses"},"geometry":{"type":"LineString","coordinates":[[21.085056,52.255228],[21.081973,52.257117],[21.081973,52.264671]]}},{"type":"Feature","properties":{"id":"c1706","lines":"N24","n":1,"tram":0,"op":"ZTM Warszawa — buses"},"geometry":{"type":"LineString","coordinates":[[21.085056,52.249562],[21.085056,52.245785]]}},{"type":"Feature","properties":{"id":"c1707","lines":"Z2M Z4M","n":2,"tram":0,"op":"Ząbki"},"geometry":{"type":"LineString","coordinates":[[21.085056,52.249562],[21.081973,52.251451],[21.081973,52.25334]]}},{"type":"Feature","properties":{"id":"c1708","lines":"234 314 N14","n":3,"tram":0,"op":"ZTM Warszawa — buses"},"geometry":{"type":"LineString","coordinates":[[21.01416,52.281668],[21.011078,52.283557],[21.007995,52.283557]]}},{"type":"Feature","properties":{"id":"c1709","lines":"204 256","n":2,"tram":0,"op":"ZTM Warszawa — buses"},"geometry":{"type":"LineString","coordinates":[[21.048067,52.281668],[21.044984,52.283557]]}},{"type":"Feature","properties":{"id":"c1710","lines":"256","n":1,"tram":0,"op":"ZTM Warszawa — buses"},"geometry":{"type":"LineString","coordinates":[[21.044984,52.283557],[21.038819,52.287334]]}},{"type":"Feature","properties":{"id":"c1711","lines":"204 234 314 N14","n":4,"tram":0,"op":"ZTM Warszawa — buses"},"geometry":{"type":"LineString","coordinates":[[21.011078,52.283557],[21.007995,52.283557]]}},{"type":"Feature","properties":{"id":"c1712","lines":"204 314 N14","n":3,"tram":0,"op":"ZTM Warszawa — buses"},"geometry":{"type":"LineString","coordinates":[[21.007995,52.283557],[21.004913,52.281668]]}},{"type":"Feature","properties":{"id":"c1713","lines":"234 314 N14","n":3,"tram":0,"op":"ZTM Warszawa — buses"},"geometry":{"type":"LineString","coordinates":[[21.007995,52.283557],[21.004913,52.283557],[21.00183,52.281668]]}},{"type":"Feature","properties":{"id":"c1714","lines":"204 314 N14","n":3,"tram":1,"op":"mix"},"geometry":{"type":"LineString","coordinates":[[21.004913,52.281668],[21.007995,52.27978]]}},{"type":"Feature","properties":{"id":"c1715","lines":"N14","n":1,"tram":1,"op":"mix"},"geometry":{"type":"LineString","coordinates":[[21.004913,52.281668],[21.00183,52.281668]]}},{"type":"Feature","properties":{"id":"c1716","lines":"204 N14","n":2,"tram":1,"op":"mix"},"geometry":{"type":"LineString","coordinates":[[21.007995,52.27978],[21.007995,52.276002]]}},{"type":"Feature","properties":{"id":"c1717","lines":"314","n":1,"tram":0,"op":"ZTM Warszawa — buses"},"geometry":{"type":"LineString","coordinates":[[21.007995,52.27978],[21.004913,52.27978],[21.00183,52.281668]]}},{"type":"Feature","properties":{"id":"c1719","lines":"207 N35 N85","n":3,"tram":0,"op":"ZTM Warszawa — buses"},"geometry":{"type":"LineString","coordinates":[[20.887781,52.191017],[20.887781,52.192905]]}},{"type":"Feature","properties":{"id":"c1720","lines":"207","n":1,"tram":0,"op":"ZTM Warszawa — buses"},"geometry":{"type":"LineString","coordinates":[[20.897028,52.185351],[20.903193,52.185351]]}},{"type":"Feature","properties":{"id":"c1721","lines":"207","n":1,"tram":0,"op":"ZTM Warszawa — buses"},"geometry":{"type":"LineString","coordinates":[[20.897028,52.185351],[20.903193,52.185351]]}},{"type":"Feature","properties":{"id":"c1722","lines":"220","n":1,"tram":0,"op":"ZTM Warszawa — buses"},"geometry":{"type":"LineString","coordinates":[[20.903193,52.185351],[20.909358,52.181574],[20.909358,52.179685]]}},{"type":"Feature","properties":{"id":"c1723","lines":"220 717 817","n":3,"tram":0,"op":"ZTM Warszawa — buses"},"geometry":{"type":"LineString","coordinates":[[20.903193,52.185351],[20.909358,52.185351]]}},{"type":"Feature","properties":{"id":"c1724","lines":"717 817","n":2,"tram":0,"op":"ZTM Warszawa — buses"},"geometry":{"type":"LineString","coordinates":[[20.903193,52.185351],[20.897028,52.181574],[20.884698,52.181574]]}},{"type":"Feature","properties":{"id":"c1725","lines":"208","n":1,"tram":0,"op":"ZTM Warszawa — buses"},"geometry":{"type":"LineString","coordinates":[[20.934017,52.198571],[20.937099,52.196682],[20.949429,52.196682]]}},{"type":"Feature","properties":{"id":"c1727","lines":"209 815","n":2,"tram":0,"op":"ZTM Warszawa — buses"},"geometry":{"type":"LineString","coordinates":[[20.983336,52.147579],[20.980253,52.149468]]}},{"type":"Feature","properties":{"id":"c1728","lines":"209 809 815","n":3,"tram":0,"op":"ZTM Warszawa — buses"},"geometry":{"type":"LineString","coordinates":[[20.983336,52.147579],[21.007995,52.147579]]}},{"type":"Feature","properties":{"id":"c1729","lines":"809","n":1,"tram":0,"op":"ZTM Warszawa — buses"},"geometry":{"type":"LineString","coordinates":[[20.983336,52.147579],[20.980253,52.145691]]}},{"type":"Feature","properties":{"id":"c1730","lines":"715 815","n":2,"tram":0,"op":"ZTM Warszawa — buses"},"geometry":{"type":"LineString","coordinates":[[20.980253,52.149468],[20.971006,52.149468]]}},{"type":"Feature","properties":{"id":"c1731","lines":"715","n":1,"tram":0,"op":"ZTM Warszawa — buses"},"geometry":{"type":"LineString","coordinates":[[20.980253,52.149468],[20.980253,52.145691]]}},{"type":"Feature","properties":{"id":"c1732","lines":"209 709 715 727 737 739 809 815 N83","n":9,"tram":0,"op":"ZTM Warszawa — buses"},"geometry":{"type":"LineString","coordinates":[[21.007995,52.147579],[21.011078,52.149468],[21.011078,52.153245]]}},{"type":"Feature","properties":{"id":"c1733","lines":"709 715 727 737 739 N83","n":6,"tram":0,"op":"ZTM Warszawa — buses"},"geometry":{"type":"LineString","coordinates":[[21.007995,52.147579],[21.004913,52.145691],[21.004913,52.141914]]}},{"type":"Feature","properties":{"id":"c1734","lines":"95 210 N58","n":3,"tram":0,"op":"mix"},"geometry":{"type":"LineString","coordinates":[[20.860039,52.26656],[20.863121,52.264671]]}},{"type":"Feature","properties":{"id":"c1735","lines":"210 N58","n":2,"tram":0,"op":"ZTM Warszawa — buses"},"geometry":{"type":"LineString","coordinates":[[20.863121,52.264671],[20.869286,52.264671],[20.872368,52.262782]]}},{"type":"Feature","properties":{"id":"c1736","lines":"95 210 N58","n":3,"tram":0,"op":"mix"},"geometry":{"type":"LineString","coordinates":[[20.863121,52.264671],[20.866204,52.262782]]}},{"type":"Feature","properties":{"id":"c1737","lines":"95","n":1,"tram":0,"op":"GPA Grodzisk — buses"},"geometry":{"type":"LineString","coordinates":[[20.863121,52.264671],[20.866204,52.262782]]}},{"type":"Feature","properties":{"id":"c1738","lines":"95 97 98 210 N58","n":5,"tram":0,"op":"mix"},"geometry":{"type":"LineString","coordinates":[[20.872368,52.262782],[20.878533,52.262782]]}},{"type":"Feature","properties":{"id":"c1739","lines":"98 210 N58","n":3,"tram":0,"op":"mix"},"geometry":{"type":"LineString","coordinates":[[20.872368,52.262782],[20.872368,52.264671],[20.878533,52.268448]]}},{"type":"Feature","properties":{"id":"c1740","lines":"95 210 N58","n":3,"tram":0,"op":"mix"},"geometry":{"type":"LineString","coordinates":[[20.872368,52.262782],[20.866204,52.262782]]}},{"type":"Feature","properties":{"id":"c1741","lines":"97 N58","n":2,"tram":0,"op":"mix"},"geometry":{"type":"LineString","coordinates":[[20.872368,52.262782],[20.869286,52.260894],[20.869286,52.257117]]}},{"type":"Feature","properties":{"id":"c1742","lines":"97 210 N58","n":3,"tram":0,"op":"mix"},"geometry":{"type":"LineString","coordinates":[[20.878533,52.262782],[20.881616,52.264671],[20.897028,52.264671]]}},{"type":"Feature","properties":{"id":"c1743","lines":"95 98","n":2,"tram":0,"op":"GPA Grodzisk — buses"},"geometry":{"type":"LineString","coordinates":[[20.878533,52.262782],[20.878533,52.259005]]}},{"type":"Feature","properties":{"id":"c1744","lines":"95 98","n":2,"tram":0,"op":"GPA Grodzisk — buses"},"geometry":{"type":"LineString","coordinates":[[20.878533,52.262782],[20.881616,52.260894],[20.881616,52.259005]]}},{"type":"Feature","properties":{"id":"c1745","lines":"98 210 N58","n":3,"tram":0,"op":"mix"},"geometry":{"type":"LineString","coordinates":[[20.878533,52.274114],[20.878533,52.268448]]}},{"type":"Feature","properties":{"id":"c1746","lines":"98","n":1,"tram":0,"op":"GPA Grodzisk — buses"},"geometry":{"type":"LineString","coordinates":[[20.878533,52.274114],[20.878533,52.268448]]}},{"type":"Feature","properties":{"id":"c1747","lines":"509 N03","n":2,"tram":0,"op":"ZTM Warszawa — buses"},"geometry":{"type":"LineString","coordinates":[[20.998748,52.276002],[21.004913,52.272225],[21.004913,52.270337]]}},{"type":"Feature","properties":{"id":"c1748","lines":"211","n":1,"tram":0,"op":"ZTM Warszawa — buses"},"geometry":{"type":"LineString","coordinates":[[20.980253,52.27978],[20.974088,52.27978]]}},{"type":"Feature","properties":{"id":"c1749","lines":"211","n":1,"tram":0,"op":"ZTM Warszawa — buses"},"geometry":{"type":"LineString","coordinates":[[20.980253,52.27978],[20.974088,52.27978]]}},{"type":"Feature","properties":{"id":"c1750","lines":"211","n":1,"tram":0,"op":"ZTM Warszawa — buses"},"geometry":{"type":"LineString","coordinates":[[20.974088,52.27978],[20.971006,52.281668]]}},{"type":"Feature","properties":{"id":"c1751","lines":"211","n":1,"tram":0,"op":"ZTM Warszawa — buses"},"geometry":{"type":"LineString","coordinates":[[20.971006,52.281668],[20.967924,52.283557]]}},{"type":"Feature","properties":{"id":"c1752","lines":"211","n":1,"tram":0,"op":"ZTM Warszawa — buses"},"geometry":{"type":"LineString","coordinates":[[20.971006,52.281668],[20.967924,52.27978],[20.961759,52.27978]]}},{"type":"Feature","properties":{"id":"c1753","lines":"211 N01","n":2,"tram":0,"op":"ZTM Warszawa — buses"},"geometry":{"type":"LineString","coordinates":[[20.967924,52.283557],[20.964841,52.283557]]}},{"type":"Feature","properties":{"id":"c1754","lines":"N01","n":1,"tram":1,"op":"mix"},"geometry":{"type":"LineString","coordinates":[[20.967924,52.283557],[20.961759,52.27978]]}},{"type":"Feature","properties":{"id":"c1755","lines":"211 314 518 N13","n":4,"tram":0,"op":"ZTM Warszawa — buses"},"geometry":{"type":"LineString","coordinates":[[20.964841,52.283557],[20.961759,52.281668]]}},{"type":"Feature","properties":{"id":"c1756","lines":"N01","n":1,"tram":0,"op":"ZTM Warszawa — buses"},"geometry":{"type":"LineString","coordinates":[[20.964841,52.283557],[20.964841,52.281668],[20.961759,52.27978]]}},{"type":"Feature","properties":{"id":"c1757","lines":"211 516 N63","n":3,"tram":0,"op":"ZTM Warszawa — buses"},"geometry":{"type":"LineString","coordinates":[[20.974088,52.287334],[20.967924,52.287334]]}},{"type":"Feature","properties":{"id":"c1758","lines":"211 516 N13","n":3,"tram":0,"op":"ZTM Warszawa — buses"},"geometry":{"type":"LineString","coordinates":[[20.955594,52.291111],[20.949429,52.291111]]}},{"type":"Feature","properties":{"id":"c1759","lines":"509 N03","n":2,"tram":1,"op":"mix"},"geometry":{"type":"LineString","coordinates":[[20.955594,52.291111],[20.958676,52.291111],[20.961759,52.293]]}},{"type":"Feature","properties":{"id":"c1760","lines":"211","n":1,"tram":0,"op":"ZTM Warszawa — buses"},"geometry":{"type":"LineString","coordinates":[[20.949429,52.291111],[20.949429,52.293]]}},{"type":"Feature","properties":{"id":"c1761","lines":"516 N13","n":2,"tram":0,"op":"ZTM Warszawa — buses"},"geometry":{"type":"LineString","coordinates":[[20.949429,52.291111],[20.943264,52.287334]]}},{"type":"Feature","properties":{"id":"c1762","lines":"211","n":1,"tram":0,"op":"ZTM Warszawa — buses"},"geometry":{"type":"LineString","coordinates":[[20.949429,52.293],[20.952511,52.294888],[20.955594,52.294888]]}},{"type":"Feature","properties":{"id":"c1763","lines":"511","n":1,"tram":0,"op":"ZTM Warszawa — buses"},"geometry":{"type":"LineString","coordinates":[[20.949429,52.293],[20.958676,52.293],[20.961759,52.294888]]}},{"type":"Feature","properties":{"id":"c1764","lines":"211 723 731 L-7 L49 N63","n":6,"tram":0,"op":"ZTM Warszawa — buses"},"geometry":{"type":"LineString","coordinates":[[20.955594,52.294888],[20.955594,52.296777]]}},{"type":"Feature","properties":{"id":"c1765","lines":"211","n":1,"tram":0,"op":"ZTM Warszawa — buses"},"geometry":{"type":"LineString","coordinates":[[20.955594,52.294888],[20.949429,52.294888]]}},{"type":"Feature","properties":{"id":"c1766","lines":"723 731 L-7 L49 N63","n":5,"tram":0,"op":"ZTM Warszawa — buses"},"geometry":{"type":"LineString","coordinates":[[20.955594,52.294888],[20.961759,52.294888]]}},{"type":"Feature","properties":{"id":"c1767","lines":"211","n":1,"tram":0,"op":"ZTM Warszawa — buses"},"geometry":{"type":"LineString","coordinates":[[20.955594,52.296777],[20.952511,52.296777],[20.949429,52.294888]]}},{"type":"Feature","properties":{"id":"c1768","lines":"723 L-7 N63","n":3,"tram":0,"op":"ZTM Warszawa — buses"},"geometry":{"type":"LineString","coordinates":[[20.955594,52.296777],[20.949429,52.300554]]}},{"type":"Feature","properties":{"id":"c1769","lines":"731 L49","n":2,"tram":0,"op":"ZTM Warszawa — buses"},"geometry":{"type":"LineString","coordinates":[[20.955594,52.296777],[20.955594,52.300554]]}},{"type":"Feature","properties":{"id":"c1770","lines":"211","n":1,"tram":0,"op":"ZTM Warszawa — buses"},"geometry":{"type":"LineString","coordinates":[[20.949429,52.294888],[20.943264,52.291111]]}},{"type":"Feature","properties":{"id":"c1771","lines":"211","n":1,"tram":0,"op":"ZTM Warszawa — buses"},"geometry":{"type":"LineString","coordinates":[[20.961759,52.281668],[20.961759,52.27978]]}},{"type":"Feature","properties":{"id":"c1772","lines":"212 N11","n":2,"tram":0,"op":"ZTM Warszawa — buses"},"geometry":{"type":"LineString","coordinates":[[21.032654,52.268448],[21.035737,52.26656]]}},{"type":"Feature","properties":{"id":"c1773","lines":"702","n":1,"tram":0,"op":"ZTM Warszawa — buses"},"geometry":{"type":"LineString","coordinates":[[21.10355,52.172131],[21.106633,52.170242],[21.106633,52.160799]]}},{"type":"Feature","properties":{"id":"c1774","lines":"213","n":1,"tram":0,"op":"ZTM Warszawa — buses"},"geometry":{"type":"LineString","coordinates":[[21.10355,52.192905],[21.100468,52.194794]]}},{"type":"Feature","properties":{"id":"c1775","lines":"213","n":1,"tram":0,"op":"ZTM Warszawa — buses"},"geometry":{"type":"LineString","coordinates":[[21.10355,52.192905],[21.106633,52.194794]]}},{"type":"Feature","properties":{"id":"c1776","lines":"213 219","n":2,"tram":0,"op":"ZTM Warszawa — buses"},"geometry":{"type":"LineString","coordinates":[[21.100468,52.194794],[21.106633,52.194794]]}},{"type":"Feature","properties":{"id":"c1777","lines":"218 228 308","n":3,"tram":0,"op":"ZTM Warszawa — buses"},"geometry":{"type":"LineString","coordinates":[[21.032654,52.185351],[21.029572,52.183462]]}},{"type":"Feature","properties":{"id":"c1778","lines":"220","n":1,"tram":0,"op":"ZTM Warszawa — buses"},"geometry":{"type":"LineString","coordinates":[[20.92477,52.172131],[20.91244,52.179685],[20.909358,52.179685]]}},{"type":"Feature","properties":{"id":"c1779","lines":"220","n":1,"tram":0,"op":"ZTM Warszawa — buses"},"geometry":{"type":"LineString","coordinates":[[20.909358,52.179685],[20.909358,52.185351]]}},{"type":"Feature","properties":{"id":"c1780","lines":"61","n":1,"tram":0,"op":"GPA Grodzisk — buses"},"geometry":{"type":"LineString","coordinates":[[20.909358,52.179685],[20.897028,52.179685],[20.893945,52.177797]]}},{"type":"Feature","properties":{"id":"c1781","lines":"61","n":1,"tram":0,"op":"GPA Grodzisk — buses"},"geometry":{"type":"LineString","coordinates":[[20.909358,52.179685],[20.906275,52.177797],[20.893945,52.177797]]}},{"type":"Feature","properties":{"id":"c1783","lines":"221","n":1,"tram":0,"op":"ZTM Warszawa — buses"},"geometry":{"type":"LineString","coordinates":[[20.971006,52.259005],[20.974088,52.260894],[20.980253,52.260894]]}},{"type":"Feature","properties":{"id":"c1784","lines":"221","n":1,"tram":0,"op":"ZTM Warszawa — buses"},"geometry":{"type":"LineString","coordinates":[[20.980253,52.260894],[20.989501,52.260894]]}},{"type":"Feature","properties":{"id":"c1785","lines":"N13 N46 N63","n":3,"tram":1,"op":"mix"},"geometry":{"type":"LineString","coordinates":[[20.980253,52.260894],[20.983336,52.259005]]}},{"type":"Feature","properties":{"id":"c1786","lines":"228","n":1,"tram":0,"op":"ZTM Warszawa — buses"},"geometry":{"type":"LineString","coordinates":[[20.91244,52.21368],[20.918605,52.217457]]}},{"type":"Feature","properties":{"id":"c1787","lines":"234","n":1,"tram":0,"op":"ZTM Warszawa — buses"},"geometry":{"type":"LineString","coordinates":[[21.032654,52.291111],[21.038819,52.291111]]}},{"type":"Feature","properties":{"id":"c1788","lines":"239 L16","n":2,"tram":0,"op":"ZTM Warszawa — buses"},"geometry":{"type":"LineString","coordinates":[[21.088138,52.162688],[21.081973,52.158911]]}},{"type":"Feature","properties":{"id":"c1789","lines":"239 L16","n":2,"tram":0,"op":"ZTM Warszawa — buses"},"geometry":{"type":"LineString","coordinates":[[21.081973,52.158911],[21.078891,52.157022]]}},{"type":"Feature","properties":{"id":"c1790","lines":"L16","n":1,"tram":0,"op":"ZTM Warszawa — buses"},"geometry":{"type":"LineString","coordinates":[[21.081973,52.158911],[21.081973,52.155134]]}},{"type":"Feature","properties":{"id":"c1791","lines":"L16","n":1,"tram":0,"op":"ZTM Warszawa — buses"},"geometry":{"type":"LineString","coordinates":[[21.078891,52.157022],[21.081973,52.155134]]}},{"type":"Feature","properties":{"id":"c1792","lines":"245","n":1,"tram":0,"op":"ZTM Warszawa — buses"},"geometry":{"type":"LineString","coordinates":[[21.075808,52.255228],[21.075808,52.260894]]}},{"type":"Feature","properties":{"id":"c1793","lines":"N62 Z1 Z2M Z4M","n":4,"tram":0,"op":"mix"},"geometry":{"type":"LineString","coordinates":[[21.075808,52.255228],[21.078891,52.255228],[21.081973,52.25334]]}},{"type":"Feature","properties":{"id":"c1794","lines":"Z1 Z3","n":2,"tram":0,"op":"Ząbki"},"geometry":{"type":"LineString","coordinates":[[21.075808,52.260894],[21.075808,52.262782]]}},{"type":"Feature","properties":{"id":"c1795","lines":"249","n":1,"tram":0,"op":"ZTM Warszawa — buses"},"geometry":{"type":"LineString","coordinates":[[20.890863,52.2269],[20.890863,52.221234]]}},{"type":"Feature","properties":{"id":"c1796","lines":"743","n":1,"tram":0,"op":"ZTM Warszawa — buses"},"geometry":{"type":"LineString","coordinates":[[20.890863,52.2269],[20.887781,52.2269]]}},{"type":"Feature","properties":{"id":"c1797","lines":"1 250","n":2,"tram":0,"op":"mix"},"geometry":{"type":"LineString","coordinates":[[20.91244,52.287334],[20.91244,52.285445]]}},{"type":"Feature","properties":{"id":"c1798","lines":"1 250","n":2,"tram":0,"op":"mix"},"geometry":{"type":"LineString","coordinates":[[20.91244,52.285445],[20.915522,52.285445],[20.918605,52.283557]]}},{"type":"Feature","properties":{"id":"c1799","lines":"1 250","n":2,"tram":0,"op":"mix"},"geometry":{"type":"LineString","coordinates":[[20.91244,52.285445],[20.915522,52.283557],[20.918605,52.283557]]}},{"type":"Feature","properties":{"id":"c1800","lines":"1 250","n":2,"tram":0,"op":"mix"},"geometry":{"type":"LineString","coordinates":[[20.918605,52.283557],[20.918605,52.281668]]}},{"type":"Feature","properties":{"id":"c1801","lines":"251 710 L15 N50","n":4,"tram":0,"op":"ZTM Warszawa — buses"},"geometry":{"type":"LineString","coordinates":[[21.060396,52.140025],[21.063479,52.141914]]}},{"type":"Feature","properties":{"id":"c1802","lines":"251 710 L15 N50","n":4,"tram":0,"op":"ZTM Warszawa — buses"},"geometry":{"type":"LineString","coordinates":[[21.060396,52.140025],[21.057314,52.138137]]}},{"type":"Feature","properties":{"id":"c1803","lines":"742 L21","n":2,"tram":0,"op":"ZTM Warszawa — buses"},"geometry":{"type":"LineString","coordinates":[[21.060396,52.140025],[21.069644,52.140025],[21.072726,52.138137]]}},{"type":"Feature","properties":{"id":"c1804","lines":"742 L21","n":2,"tram":0,"op":"ZTM Warszawa — buses"},"geometry":{"type":"LineString","coordinates":[[21.060396,52.140025],[21.060396,52.143802]]}},{"type":"Feature","properties":{"id":"c1805","lines":"251 710 L14 L15 N50","n":5,"tram":0,"op":"ZTM Warszawa — buses"},"geometry":{"type":"LineString","coordinates":[[21.063479,52.141914],[21.066561,52.141914],[21.069644,52.143802]]}},{"type":"Feature","properties":{"id":"c1806","lines":"L14","n":1,"tram":0,"op":"ZTM Warszawa — buses"},"geometry":{"type":"LineString","coordinates":[[21.063479,52.141914],[21.060396,52.143802]]}},{"type":"Feature","properties":{"id":"c1807","lines":"251 710 L15 N50","n":4,"tram":0,"op":"ZTM Warszawa — buses"},"geometry":{"type":"LineString","coordinates":[[21.069644,52.143802],[21.066561,52.145691]]}},{"type":"Feature","properties":{"id":"c1808","lines":"L14","n":1,"tram":0,"op":"ZTM Warszawa — buses"},"geometry":{"type":"LineString","coordinates":[[21.069644,52.143802],[21.075808,52.143802],[21.085056,52.149468]]}},{"type":"Feature","properties":{"id":"c1809","lines":"251 710 L21 L55 N50","n":5,"tram":0,"op":"ZTM Warszawa — buses"},"geometry":{"type":"LineString","coordinates":[[21.066561,52.145691],[21.063479,52.143802],[21.060396,52.143802]]}},{"type":"Feature","properties":{"id":"c1810","lines":"L14 L16","n":2,"tram":0,"op":"ZTM Warszawa — buses"},"geometry":{"type":"LineString","coordinates":[[21.066561,52.145691],[21.060396,52.145691]]}},{"type":"Feature","properties":{"id":"c1811","lines":"L14 L15 L16","n":3,"tram":0,"op":"ZTM Warszawa — buses"},"geometry":{"type":"LineString","coordinates":[[21.066561,52.145691],[21.066561,52.147579],[21.069644,52.149468]]}},{"type":"Feature","properties":{"id":"c1812","lines":"251 710 742 L14 L16 N50","n":6,"tram":0,"op":"ZTM Warszawa — buses"},"geometry":{"type":"LineString","coordinates":[[21.060396,52.143802],[21.060396,52.145691]]}},{"type":"Feature","properties":{"id":"c1813","lines":"L16 L55","n":2,"tram":0,"op":"ZTM Warszawa — buses"},"geometry":{"type":"LineString","coordinates":[[21.060396,52.143802],[21.051149,52.138137],[21.048067,52.138137]]}},{"type":"Feature","properties":{"id":"c1814","lines":"251 710 L24","n":3,"tram":0,"op":"ZTM Warszawa — buses"},"geometry":{"type":"LineString","coordinates":[[21.038819,52.132471],[21.041902,52.134359],[21.048067,52.134359]]}},{"type":"Feature","properties":{"id":"c1815","lines":"710 L23 L24 L53","n":4,"tram":0,"op":"ZTM Warszawa — buses"},"geometry":{"type":"LineString","coordinates":[[21.038819,52.132471],[21.035737,52.132471]]}},{"type":"Feature","properties":{"id":"c1816","lines":"251 710 N50","n":3,"tram":0,"op":"ZTM Warszawa — buses"},"geometry":{"type":"LineString","coordinates":[[21.048067,52.134359],[21.051149,52.136248],[21.057314,52.136248]]}},{"type":"Feature","properties":{"id":"c1817","lines":"L16","n":1,"tram":0,"op":"ZTM Warszawa — buses"},"geometry":{"type":"LineString","coordinates":[[21.048067,52.134359],[21.048067,52.138137]]}},{"type":"Feature","properties":{"id":"c1818","lines":"L16 L24","n":2,"tram":0,"op":"ZTM Warszawa — buses"},"geometry":{"type":"LineString","coordinates":[[21.048067,52.134359],[21.048067,52.132471]]}},{"type":"Feature","properties":{"id":"c1819","lines":"251 710","n":2,"tram":0,"op":"ZTM Warszawa — buses"},"geometry":{"type":"LineString","coordinates":[[21.057314,52.136248],[21.057314,52.138137]]}},{"type":"Feature","properties":{"id":"c1820","lines":"710 L15 N50","n":3,"tram":0,"op":"ZTM Warszawa — buses"},"geometry":{"type":"LineString","coordinates":[[21.057314,52.136248],[21.057314,52.138137]]}},{"type":"Feature","properties":{"id":"c1821","lines":"L15","n":1,"tram":0,"op":"ZTM Warszawa — buses"},"geometry":{"type":"LineString","coordinates":[[21.057314,52.136248],[21.057314,52.134359]]}},{"type":"Feature","properties":{"id":"c1822","lines":"L15","n":1,"tram":0,"op":"ZTM Warszawa — buses"},"geometry":{"type":"LineString","coordinates":[[21.057314,52.136248],[21.060396,52.136248]]}},{"type":"Feature","properties":{"id":"c1823","lines":"262","n":1,"tram":0,"op":"ZTM Warszawa — buses"},"geometry":{"type":"LineString","coordinates":[[21.051149,52.260894],[21.054231,52.262782]]}},{"type":"Feature","properties":{"id":"c1824","lines":"326 705 735 736 N14","n":5,"tram":0,"op":"ZTM Warszawa — buses"},"geometry":{"type":"LineString","coordinates":[[21.011078,52.289222],[21.007995,52.291111],[21.007995,52.296777]]}},{"type":"Feature","properties":{"id":"c1825","lines":"705 735 736","n":3,"tram":0,"op":"ZTM Warszawa — buses"},"geometry":{"type":"LineString","coordinates":[[21.007995,52.296777],[21.007995,52.302442]]}},{"type":"Feature","properties":{"id":"c1826","lines":"704 720 722 730","n":4,"tram":0,"op":"ZTM Warszawa — buses"},"geometry":{"type":"LineString","coordinates":[[21.125127,52.219345],[21.12821,52.217457],[21.131292,52.217457]]}},{"type":"Feature","properties":{"id":"c1827","lines":"409 500 N12 N62","n":4,"tram":1,"op":"mix"},"geometry":{"type":"LineString","coordinates":[[20.986418,52.259005],[20.983336,52.259005]]}},{"type":"Feature","properties":{"id":"c1829","lines":"511 723 731 900 L-7 L49 N63","n":7,"tram":0,"op":"ZTM Warszawa — buses"},"geometry":{"type":"LineString","coordinates":[[20.961759,52.293],[20.961759,52.294888]]}},{"type":"Feature","properties":{"id":"c1830","lines":"723 731 900 N63","n":4,"tram":0,"op":"ZTM Warszawa — buses"},"geometry":{"type":"LineString","coordinates":[[20.961759,52.293],[20.964841,52.293]]}},{"type":"Feature","properties":{"id":"c1831","lines":"509 N03","n":2,"tram":1,"op":"mix"},"geometry":{"type":"LineString","coordinates":[[21.004913,52.270337],[21.007995,52.268448]]}},{"type":"Feature","properties":{"id":"c1832","lines":"509 N03","n":2,"tram":0,"op":"ZTM Warszawa — buses"},"geometry":{"type":"LineString","coordinates":[[21.007995,52.268448],[21.017242,52.262782]]}},{"type":"Feature","properties":{"id":"c1834","lines":"723 731 N63","n":3,"tram":0,"op":"ZTM Warszawa — buses"},"geometry":{"type":"LineString","coordinates":[[20.961759,52.294888],[20.964841,52.293]]}},{"type":"Feature","properties":{"id":"c1835","lines":"900","n":1,"tram":0,"op":"ZTM Warszawa — buses"},"geometry":{"type":"LineString","coordinates":[[20.961759,52.294888],[20.964841,52.296777],[20.964841,52.300554]]}},{"type":"Feature","properties":{"id":"c1836","lines":"512","n":1,"tram":0,"op":"ZTM Warszawa — buses"},"geometry":{"type":"LineString","coordinates":[[21.041902,52.268448],[21.038819,52.268448]]}},{"type":"Feature","properties":{"id":"c1837","lines":"516 518 N13","n":3,"tram":0,"op":"ZTM Warszawa — buses"},"geometry":{"type":"LineString","coordinates":[[20.943264,52.285445],[20.943264,52.287334]]}},{"type":"Feature","properties":{"id":"c1839","lines":"523","n":1,"tram":0,"op":"ZTM Warszawa — buses"},"geometry":{"type":"LineString","coordinates":[[20.958676,52.223122],[20.952511,52.2269]]}},{"type":"Feature","properties":{"id":"c1841","lines":"702 N72","n":2,"tram":0,"op":"ZTM Warszawa — buses"},"geometry":{"type":"LineString","coordinates":[[21.125127,52.155134],[21.125127,52.157022],[21.122045,52.158911]]}},{"type":"Feature","properties":{"id":"c1842","lines":"702 M1 M2 M3","n":4,"tram":0,"op":"mix"},"geometry":{"type":"LineString","coordinates":[[21.125127,52.155134],[21.118962,52.155134]]}},{"type":"Feature","properties":{"id":"c1843","lines":"702 M1 M3 N72","n":4,"tram":0,"op":"mix"},"geometry":{"type":"LineString","coordinates":[[21.125127,52.155134],[21.122045,52.153245]]}},{"type":"Feature","properties":{"id":"c1844","lines":"702 M1 N72","n":3,"tram":0,"op":"mix"},"geometry":{"type":"LineString","coordinates":[[21.125127,52.155134],[21.122045,52.157022]]}},{"type":"Feature","properties":{"id":"c1845","lines":"M1 M2 M3","n":3,"tram":0,"op":"Otwock"},"geometry":{"type":"LineString","coordinates":[[21.125127,52.155134],[21.125127,52.157022]]}},{"type":"Feature","properties":{"id":"c1846","lines":"M3","n":1,"tram":0,"op":"Otwock"},"geometry":{"type":"LineString","coordinates":[[21.125127,52.155134],[21.131292,52.158911],[21.131292,52.160799]]}},{"type":"Feature","properties":{"id":"c1847","lines":"702 M1 M2 M3 N72","n":5,"tram":0,"op":"mix"},"geometry":{"type":"LineString","coordinates":[[21.122045,52.158911],[21.122045,52.157022]]}},{"type":"Feature","properties":{"id":"c1848","lines":"M2 N72","n":2,"tram":0,"op":"mix"},"geometry":{"type":"LineString","coordinates":[[21.122045,52.158911],[21.118962,52.160799]]}},{"type":"Feature","properties":{"id":"c1849","lines":"M1 W1","n":2,"tram":0,"op":"mix"},"geometry":{"type":"LineString","coordinates":[[21.122045,52.158911],[21.112797,52.158911]]}},{"type":"Feature","properties":{"id":"c1850","lines":"M1 M2","n":2,"tram":0,"op":"Otwock"},"geometry":{"type":"LineString","coordinates":[[21.122045,52.158911],[21.125127,52.157022]]}},{"type":"Feature","properties":{"id":"c1851","lines":"M3","n":1,"tram":0,"op":"Otwock"},"geometry":{"type":"LineString","coordinates":[[21.122045,52.158911],[21.12821,52.162688],[21.131292,52.162688]]}},{"type":"Feature","properties":{"id":"c1852","lines":"M3","n":1,"tram":0,"op":"Otwock"},"geometry":{"type":"LineString","coordinates":[[21.122045,52.158911],[21.118962,52.157022],[21.118962,52.155134]]}},{"type":"Feature","properties":{"id":"c1853","lines":"M3","n":1,"tram":0,"op":"Otwock"},"geometry":{"type":"LineString","coordinates":[[21.122045,52.158911],[21.12821,52.162688],[21.12821,52.164577]]}},{"type":"Feature","properties":{"id":"c1855","lines":"702 M1","n":2,"tram":0,"op":"mix"},"geometry":{"type":"LineString","coordinates":[[21.118962,52.155134],[21.112797,52.155134]]}},{"type":"Feature","properties":{"id":"c1856","lines":"702 M1 M3","n":3,"tram":0,"op":"mix"},"geometry":{"type":"LineString","coordinates":[[21.118962,52.155134],[21.122045,52.153245]]}},{"type":"Feature","properties":{"id":"c1857","lines":"M2 M3","n":2,"tram":0,"op":"Otwock"},"geometry":{"type":"LineString","coordinates":[[21.118962,52.155134],[21.122045,52.157022]]}},{"type":"Feature","properties":{"id":"c1858","lines":"702","n":1,"tram":0,"op":"ZTM Warszawa — buses"},"geometry":{"type":"LineString","coordinates":[[21.112797,52.155134],[21.112797,52.158911]]}},{"type":"Feature","properties":{"id":"c1859","lines":"702","n":1,"tram":0,"op":"ZTM Warszawa — buses"},"geometry":{"type":"LineString","coordinates":[[21.112797,52.155134],[21.112797,52.158911]]}},{"type":"Feature","properties":{"id":"c1860","lines":"M1","n":1,"tram":0,"op":"Otwock"},"geometry":{"type":"LineString","coordinates":[[21.112797,52.155134],[21.106633,52.155134]]}},{"type":"Feature","properties":{"id":"c1861","lines":"702 M1 W1","n":3,"tram":0,"op":"mix"},"geometry":{"type":"LineString","coordinates":[[21.112797,52.158911],[21.109715,52.160799],[21.106633,52.160799]]}},{"type":"Feature","properties":{"id":"c1862","lines":"M1","n":1,"tram":0,"op":"Otwock"},"geometry":{"type":"LineString","coordinates":[[21.106633,52.160799],[21.11588,52.166465]]}},{"type":"Feature","properties":{"id":"c1863","lines":"M1","n":1,"tram":0,"op":"Otwock"},"geometry":{"type":"LineString","coordinates":[[21.106633,52.160799],[21.11588,52.166465]]}},{"type":"Feature","properties":{"id":"c1864","lines":"N72","n":1,"tram":0,"op":"ZTM Warszawa — buses"},"geometry":{"type":"LineString","coordinates":[[21.122045,52.153245],[21.122045,52.151357],[21.109715,52.143802]]}},{"type":"Feature","properties":{"id":"c1865","lines":"703 721","n":2,"tram":0,"op":"ZTM Warszawa — buses"},"geometry":{"type":"LineString","coordinates":[[20.890863,52.130582],[20.893945,52.132471]]}},{"type":"Feature","properties":{"id":"c1866","lines":"703","n":1,"tram":0,"op":"ZTM Warszawa — buses"},"geometry":{"type":"LineString","coordinates":[[20.893945,52.132471],[20.893945,52.138137],[20.887781,52.141914],[20.887781,52.147579]]}},{"type":"Feature","properties":{"id":"c1867","lines":"721","n":1,"tram":0,"op":"ZTM Warszawa — buses"},"geometry":{"type":"LineString","coordinates":[[20.893945,52.132471],[20.897028,52.132471],[20.90011,52.130582],[20.915522,52.130582]]}},{"type":"Feature","properties":{"id":"c1868","lines":"60 63 703 711","n":4,"tram":0,"op":"mix"},"geometry":{"type":"LineString","coordinates":[[20.887781,52.147579],[20.890863,52.147579]]}},{"type":"Feature","properties":{"id":"c1869","lines":"60 63 65 711 733","n":5,"tram":0,"op":"mix"},"geometry":{"type":"LineString","coordinates":[[20.887781,52.147579],[20.884698,52.147579],[20.881616,52.145691]]}},{"type":"Feature","properties":{"id":"c1870","lines":"711","n":1,"tram":0,"op":"ZTM Warszawa — buses"},"geometry":{"type":"LineString","coordinates":[[20.887781,52.147579],[20.887781,52.151357],[20.878533,52.157022]]}},{"type":"Feature","properties":{"id":"c1871","lines":"60 65 711","n":3,"tram":0,"op":"mix"},"geometry":{"type":"LineString","coordinates":[[20.887781,52.147579],[20.878533,52.153245]]}},{"type":"Feature","properties":{"id":"c1872","lines":"60 65","n":2,"tram":0,"op":"GPA Grodzisk — buses"},"geometry":{"type":"LineString","coordinates":[[20.887781,52.147579],[20.878533,52.153245]]}},{"type":"Feature","properties":{"id":"c1873","lines":"60","n":1,"tram":0,"op":"GPA Grodzisk — buses"},"geometry":{"type":"LineString","coordinates":[[20.887781,52.147579],[20.887781,52.143802]]}},{"type":"Feature","properties":{"id":"c1874","lines":"60","n":1,"tram":0,"op":"GPA Grodzisk — buses"},"geometry":{"type":"LineString","coordinates":[[20.887781,52.147579],[20.887781,52.143802]]}},{"type":"Feature","properties":{"id":"c1875","lines":"65","n":1,"tram":0,"op":"GPA Grodzisk — buses"},"geometry":{"type":"LineString","coordinates":[[20.887781,52.147579],[20.875451,52.155134],[20.866204,52.155134]]}},{"type":"Feature","properties":{"id":"c1876","lines":"65","n":1,"tram":0,"op":"GPA Grodzisk — buses"},"geometry":{"type":"LineString","coordinates":[[20.887781,52.147579],[20.872368,52.157022],[20.866204,52.157022]]}},{"type":"Feature","properties":{"id":"c1877","lines":"60 63 703 711","n":4,"tram":0,"op":"mix"},"geometry":{"type":"LineString","coordinates":[[20.890863,52.147579],[20.893945,52.149468]]}},{"type":"Feature","properties":{"id":"c1878","lines":"63","n":1,"tram":0,"op":"GPA Grodzisk — buses"},"geometry":{"type":"LineString","coordinates":[[20.890863,52.147579],[20.90011,52.147579],[20.91244,52.155134]]}},{"type":"Feature","properties":{"id":"c1879","lines":"703 711","n":2,"tram":0,"op":"ZTM Warszawa — buses"},"geometry":{"type":"LineString","coordinates":[[20.893945,52.149468],[20.90011,52.153245],[20.903193,52.153245]]}},{"type":"Feature","properties":{"id":"c1880","lines":"63","n":1,"tram":0,"op":"GPA Grodzisk — buses"},"geometry":{"type":"LineString","coordinates":[[20.893945,52.149468],[20.903193,52.149468],[20.91244,52.155134]]}},{"type":"Feature","properties":{"id":"c1881","lines":"61 703 711","n":3,"tram":0,"op":"mix"},"geometry":{"type":"LineString","coordinates":[[20.903193,52.153245],[20.909358,52.153245],[20.91244,52.155134]]}},{"type":"Feature","properties":{"id":"c1882","lines":"61","n":1,"tram":0,"op":"GPA Grodzisk — buses"},"geometry":{"type":"LineString","coordinates":[[20.903193,52.153245],[20.903193,52.155134],[20.90011,52.157022]]}},{"type":"Feature","properties":{"id":"c1883","lines":"61","n":1,"tram":0,"op":"GPA Grodzisk — buses"},"geometry":{"type":"LineString","coordinates":[[20.903193,52.153245],[20.897028,52.157022],[20.897028,52.158911]]}},{"type":"Feature","properties":{"id":"c1884","lines":"62 63 703 706 711 83 EXPRESS CHEŁMOŃSKI L-1 N88","n":8,"tram":0,"op":"mix"},"geometry":{"type":"LineString","coordinates":[[20.91244,52.155134],[20.915522,52.157022],[20.918605,52.157022]]}},{"type":"Feature","properties":{"id":"c1885","lines":"L-1","n":1,"tram":0,"op":"ZTM Warszawa — buses"},"geometry":{"type":"LineString","coordinates":[[20.91244,52.155134],[20.921687,52.149468],[20.943264,52.149468]]}},{"type":"Feature","properties":{"id":"c1886","lines":"62","n":1,"tram":0,"op":"GPA Grodzisk — buses"},"geometry":{"type":"LineString","coordinates":[[20.91244,52.155134],[20.906275,52.158911],[20.897028,52.158911]]}},{"type":"Feature","properties":{"id":"c1887","lines":"62","n":1,"tram":0,"op":"GPA Grodzisk — buses"},"geometry":{"type":"LineString","coordinates":[[20.91244,52.155134],[20.909358,52.155134],[20.906275,52.157022],[20.90011,52.157022]]}},{"type":"Feature","properties":{"id":"c1888","lines":"83 EXPRESS CHEŁMOŃSKI","n":1,"tram":0,"op":"GPA Grodzisk — buses"},"geometry":{"type":"LineString","coordinates":[[20.91244,52.155134],[20.869286,52.128694],[20.866204,52.128694]]}},{"type":"Feature","properties":{"id":"c1889","lines":"83 EXPRESS CHEŁMOŃSKI","n":1,"tram":0,"op":"GPA Grodzisk — buses"},"geometry":{"type":"LineString","coordinates":[[20.91244,52.155134],[20.878533,52.134359],[20.860039,52.134359]]}},{"type":"Feature","properties":{"id":"c1890","lines":"62 63 703 706 707 711 721 728 83 EXPRESS CHEŁMOŃSKI N88","n":10,"tram":0,"op":"mix"},"geometry":{"type":"LineString","coordinates":[[20.918605,52.157022],[20.92477,52.160799]]}},{"type":"Feature","properties":{"id":"c1891","lines":"706 L-1 N88","n":3,"tram":0,"op":"ZTM Warszawa — buses"},"geometry":{"type":"LineString","coordinates":[[20.918605,52.157022],[20.921687,52.155134],[20.934017,52.155134]]}},{"type":"Feature","properties":{"id":"c1892","lines":"707 721 728","n":3,"tram":0,"op":"ZTM Warszawa — buses"},"geometry":{"type":"LineString","coordinates":[[20.918605,52.157022],[20.918605,52.141914]]}},{"type":"Feature","properties":{"id":"c1893","lines":"62 63 703 706 707 711 721 728 83 EXPRESS CHEŁMOŃSKI N88","n":10,"tram":0,"op":"mix"},"geometry":{"type":"LineString","coordinates":[[20.92477,52.160799],[20.927852,52.162688]]}},{"type":"Feature","properties":{"id":"c1894","lines":"706 N88","n":2,"tram":0,"op":"ZTM Warszawa — buses"},"geometry":{"type":"LineString","coordinates":[[20.92477,52.160799],[20.934017,52.155134]]}},{"type":"Feature","properties":{"id":"c1895","lines":"62 63 703 706 707 711 715 721 728 83 EXPRESS CHEŁMOŃSKI N88","n":11,"tram":0,"op":"mix"},"geometry":{"type":"LineString","coordinates":[[20.927852,52.162688],[20.930935,52.164577]]}},{"type":"Feature","properties":{"id":"c1896","lines":"715","n":1,"tram":0,"op":"ZTM Warszawa — buses"},"geometry":{"type":"LineString","coordinates":[[20.927852,52.162688],[20.937099,52.162688],[20.958676,52.149468],[20.971006,52.149468]]}},{"type":"Feature","properties":{"id":"c1897","lines":"704","n":1,"tram":0,"op":"ZTM Warszawa — buses"},"geometry":{"type":"LineString","coordinates":[[21.155951,52.215568],[21.140539,52.215568]]}},{"type":"Feature","properties":{"id":"c1898","lines":"704","n":1,"tram":0,"op":"ZTM Warszawa — buses"},"geometry":{"type":"LineString","coordinates":[[21.140539,52.215568],[21.137457,52.217457],[21.131292,52.217457]]}},{"type":"Feature","properties":{"id":"c1899","lines":"W3","n":1,"tram":0,"op":"Wieliszew"},"geometry":{"type":"LineString","coordinates":[[21.140539,52.215568],[21.146704,52.211791],[21.146704,52.209902]]}},{"type":"Feature","properties":{"id":"c1900","lines":"W3","n":1,"tram":0,"op":"Wieliszew"},"geometry":{"type":"LineString","coordinates":[[21.140539,52.215568],[21.137457,52.217457],[21.137457,52.221234]]}},{"type":"Feature","properties":{"id":"c1901","lines":"W3","n":1,"tram":0,"op":"Wieliszew"},"geometry":{"type":"LineString","coordinates":[[21.140539,52.215568],[21.140539,52.223122]]}},{"type":"Feature","properties":{"id":"c1902","lines":"W3","n":1,"tram":0,"op":"Wieliszew"},"geometry":{"type":"LineString","coordinates":[[21.140539,52.215568],[21.140539,52.21368],[21.146704,52.209902]]}},{"type":"Feature","properties":{"id":"c1903","lines":"720 722 730","n":3,"tram":0,"op":"ZTM Warszawa — buses"},"geometry":{"type":"LineString","coordinates":[[21.131292,52.217457],[21.131292,52.209902],[21.134374,52.208014]]}},{"type":"Feature","properties":{"id":"c1904","lines":"705","n":1,"tram":0,"op":"ZTM Warszawa — buses"},"geometry":{"type":"LineString","coordinates":[[21.020325,52.326994],[21.020325,52.321328]]}},{"type":"Feature","properties":{"id":"c1905","lines":"705","n":1,"tram":0,"op":"ZTM Warszawa — buses"},"geometry":{"type":"LineString","coordinates":[[21.020325,52.321328],[21.017242,52.31944]]}},{"type":"Feature","properties":{"id":"c1906","lines":"705","n":1,"tram":0,"op":"ZTM Warszawa — buses"},"geometry":{"type":"LineString","coordinates":[[21.020325,52.321328],[21.023407,52.321328],[21.029572,52.325105]]}},{"type":"Feature","properties":{"id":"c1907","lines":"705","n":1,"tram":0,"op":"ZTM Warszawa — buses"},"geometry":{"type":"LineString","coordinates":[[21.017242,52.31944],[21.017242,52.317551]]}},{"type":"Feature","properties":{"id":"c1908","lines":"705","n":1,"tram":0,"op":"ZTM Warszawa — buses"},"geometry":{"type":"LineString","coordinates":[[21.017242,52.31944],[21.017242,52.317551]]}},{"type":"Feature","properties":{"id":"c1909","lines":"705 L31","n":2,"tram":0,"op":"ZTM Warszawa — buses"},"geometry":{"type":"LineString","coordinates":[[21.017242,52.317551],[21.007995,52.317551]]}},{"type":"Feature","properties":{"id":"c1910","lines":"705 L31","n":2,"tram":0,"op":"ZTM Warszawa — buses"},"geometry":{"type":"LineString","coordinates":[[21.017242,52.317551],[21.007995,52.317551]]}},{"type":"Feature","properties":{"id":"c1911","lines":"L31","n":1,"tram":0,"op":"ZTM Warszawa — buses"},"geometry":{"type":"LineString","coordinates":[[21.017242,52.317551],[21.044984,52.317551]]}},{"type":"Feature","properties":{"id":"c1912","lines":"705 L31","n":2,"tram":0,"op":"ZTM Warszawa — buses"},"geometry":{"type":"LineString","coordinates":[[21.007995,52.317551],[21.004913,52.315662]]}},{"type":"Feature","properties":{"id":"c1913","lines":"705 735 L31","n":3,"tram":0,"op":"ZTM Warszawa — buses"},"geometry":{"type":"LineString","coordinates":[[21.004913,52.315662],[21.007995,52.313774]]}},{"type":"Feature","properties":{"id":"c1914","lines":"735","n":1,"tram":0,"op":"ZTM Warszawa — buses"},"geometry":{"type":"LineString","coordinates":[[21.004913,52.315662],[20.998748,52.31944],[20.998748,52.321328]]}},{"type":"Feature","properties":{"id":"c1915","lines":"705 735","n":2,"tram":0,"op":"ZTM Warszawa — buses"},"geometry":{"type":"LineString","coordinates":[[21.007995,52.313774],[21.007995,52.302442]]}},{"type":"Feature","properties":{"id":"c1916","lines":"L31","n":1,"tram":0,"op":"ZTM Warszawa — buses"},"geometry":{"type":"LineString","coordinates":[[21.007995,52.313774],[21.004913,52.311885]]}},{"type":"Feature","properties":{"id":"c1917","lines":"736 L-8","n":2,"tram":0,"op":"ZTM Warszawa — buses"},"geometry":{"type":"LineString","coordinates":[[21.007995,52.302442],[21.00183,52.30622],[20.998748,52.30622]]}},{"type":"Feature","properties":{"id":"c1918","lines":"L-8","n":1,"tram":0,"op":"ZTM Warszawa — buses"},"geometry":{"type":"LineString","coordinates":[[21.007995,52.302442],[21.023407,52.311885],[21.032654,52.311885]]}},{"type":"Feature","properties":{"id":"c1919","lines":"705 R4","n":2,"tram":0,"op":"mix"},"geometry":{"type":"LineString","coordinates":[[21.048067,52.328882],[21.044984,52.326994],[21.041902,52.326994]]}},{"type":"Feature","properties":{"id":"c1920","lines":"R4","n":1,"tram":0,"op":"Radzymin"},"geometry":{"type":"LineString","coordinates":[[21.048067,52.328882],[21.054231,52.33266],[21.057314,52.33266]]}},{"type":"Feature","properties":{"id":"c1921","lines":"705 R5","n":2,"tram":0,"op":"mix"},"geometry":{"type":"LineString","coordinates":[[21.041902,52.326994],[21.032654,52.326994]]}},{"type":"Feature","properties":{"id":"c1922","lines":"R4 R5","n":2,"tram":0,"op":"Radzymin"},"geometry":{"type":"LineString","coordinates":[[21.041902,52.326994],[21.041902,52.323217]]}},{"type":"Feature","properties":{"id":"c1923","lines":"R5","n":1,"tram":0,"op":"Radzymin"},"geometry":{"type":"LineString","coordinates":[[21.041902,52.326994],[21.048067,52.323217]]}},{"type":"Feature","properties":{"id":"c1924","lines":"705 R5","n":2,"tram":0,"op":"mix"},"geometry":{"type":"LineString","coordinates":[[21.032654,52.326994],[21.029572,52.326994]]}},{"type":"Feature","properties":{"id":"c1925","lines":"R5","n":1,"tram":0,"op":"Radzymin"},"geometry":{"type":"LineString","coordinates":[[21.032654,52.326994],[21.023407,52.33266]]}},{"type":"Feature","properties":{"id":"c1926","lines":"705","n":1,"tram":0,"op":"ZTM Warszawa — buses"},"geometry":{"type":"LineString","coordinates":[[21.029572,52.326994],[21.029572,52.325105]]}},{"type":"Feature","properties":{"id":"c1927","lines":"R5","n":1,"tram":0,"op":"Radzymin"},"geometry":{"type":"LineString","coordinates":[[21.029572,52.326994],[21.029572,52.325105]]}},{"type":"Feature","properties":{"id":"c1928","lines":"R5","n":1,"tram":0,"op":"Radzymin"},"geometry":{"type":"LineString","coordinates":[[21.029572,52.326994],[21.029572,52.325105]]}},{"type":"Feature","properties":{"id":"c1929","lines":"R5","n":1,"tram":0,"op":"Radzymin"},"geometry":{"type":"LineString","coordinates":[[21.029572,52.326994],[21.023407,52.330771],[21.023407,52.33266]]}},{"type":"Feature","properties":{"id":"c1930","lines":"L-1","n":1,"tram":0,"op":"ZTM Warszawa — buses"},"geometry":{"type":"LineString","coordinates":[[20.934017,52.155134],[20.943264,52.149468]]}},{"type":"Feature","properties":{"id":"c1931","lines":"707","n":1,"tram":0,"op":"ZTM Warszawa — buses"},"geometry":{"type":"LineString","coordinates":[[20.918605,52.141914],[20.921687,52.140025],[20.937099,52.140025]]}},{"type":"Feature","properties":{"id":"c1932","lines":"721 728","n":2,"tram":0,"op":"ZTM Warszawa — buses"},"geometry":{"type":"LineString","coordinates":[[20.918605,52.141914],[20.915522,52.140025],[20.915522,52.134359]]}},{"type":"Feature","properties":{"id":"c1933","lines":"707 L-1 L-3 L-4","n":4,"tram":0,"op":"ZTM Warszawa — buses"},"geometry":{"type":"LineString","coordinates":[[20.937099,52.140025],[20.946347,52.134359],[20.949429,52.134359]]}},{"type":"Feature","properties":{"id":"c1934","lines":"L-1 L-3 L-4","n":3,"tram":0,"op":"ZTM Warszawa — buses"},"geometry":{"type":"LineString","coordinates":[[20.937099,52.140025],[20.937099,52.138137],[20.930935,52.134359]]}},{"type":"Feature","properties":{"id":"c1935","lines":"707 L-3","n":2,"tram":0,"op":"ZTM Warszawa — buses"},"geometry":{"type":"LineString","coordinates":[[20.949429,52.134359],[20.952511,52.132471],[20.961759,52.132471]]}},{"type":"Feature","properties":{"id":"c1936","lines":"L-1 L-4","n":2,"tram":0,"op":"ZTM Warszawa — buses"},"geometry":{"type":"LineString","coordinates":[[20.949429,52.134359],[20.955594,52.134359]]}},{"type":"Feature","properties":{"id":"c1937","lines":"L-1","n":1,"tram":0,"op":"ZTM Warszawa — buses"},"geometry":{"type":"LineString","coordinates":[[20.949429,52.134359],[20.949429,52.138137]]}},{"type":"Feature","properties":{"id":"c1938","lines":"707 737 L-3","n":3,"tram":0,"op":"ZTM Warszawa — buses"},"geometry":{"type":"LineString","coordinates":[[20.961759,52.132471],[20.974088,52.132471]]}},{"type":"Feature","properties":{"id":"c1939","lines":"737","n":1,"tram":0,"op":"ZTM Warszawa — buses"},"geometry":{"type":"LineString","coordinates":[[20.961759,52.132471],[20.964841,52.134359]]}},{"type":"Feature","properties":{"id":"c1940","lines":"707 L-3","n":2,"tram":0,"op":"ZTM Warszawa — buses"},"geometry":{"type":"LineString","coordinates":[[20.974088,52.132471],[21.00183,52.132471]]}},{"type":"Feature","properties":{"id":"c1941","lines":"737","n":1,"tram":0,"op":"ZTM Warszawa — buses"},"geometry":{"type":"LineString","coordinates":[[20.974088,52.132471],[20.974088,52.128694]]}},{"type":"Feature","properties":{"id":"c1942","lines":"707 L-3 L39","n":3,"tram":0,"op":"ZTM Warszawa — buses"},"geometry":{"type":"LineString","coordinates":[[21.00183,52.132471],[21.004913,52.130582],[21.004913,52.128694]]}},{"type":"Feature","properties":{"id":"c1943","lines":"707 709 L-3 L39","n":4,"tram":0,"op":"ZTM Warszawa — buses"},"geometry":{"type":"LineString","coordinates":[[21.00183,52.132471],[21.004913,52.130582]]}},{"type":"Feature","properties":{"id":"c1944","lines":"709 727","n":2,"tram":0,"op":"ZTM Warszawa — buses"},"geometry":{"type":"LineString","coordinates":[[21.00183,52.132471],[21.007995,52.132471]]}},{"type":"Feature","properties":{"id":"c1945","lines":"727","n":1,"tram":0,"op":"ZTM Warszawa — buses"},"geometry":{"type":"LineString","coordinates":[[21.00183,52.132471],[21.007995,52.132471],[21.011078,52.130582]]}},{"type":"Feature","properties":{"id":"c1946","lines":"727","n":1,"tram":0,"op":"ZTM Warszawa — buses"},"geometry":{"type":"LineString","coordinates":[[21.00183,52.132471],[21.004913,52.134359]]}},{"type":"Feature","properties":{"id":"c1947","lines":"L39","n":1,"tram":0,"op":"ZTM Warszawa — buses"},"geometry":{"type":"LineString","coordinates":[[21.00183,52.132471],[20.998748,52.130582]]}},{"type":"Feature","properties":{"id":"c1948","lines":"707 710","n":2,"tram":0,"op":"ZTM Warszawa — buses"},"geometry":{"type":"LineString","coordinates":[[21.004913,52.128694],[20.992583,52.128694],[20.989501,52.126805]]}},{"type":"Feature","properties":{"id":"c1949","lines":"709 710 L-2 L-5 L12 L13 L17 L18 L19 L23 L24 L25 L32 L39 L52 L54 L55 N83","n":18,"tram":0,"op":"ZTM Warszawa — buses"},"geometry":{"type":"LineString","coordinates":[[21.004913,52.128694],[21.007995,52.128694]]}},{"type":"Feature","properties":{"id":"c1950","lines":"709 L-3 L23 L24 L25 L54 L55 N83","n":8,"tram":0,"op":"ZTM Warszawa — buses"},"geometry":{"type":"LineString","coordinates":[[21.004913,52.128694],[21.00183,52.126805]]}},{"type":"Feature","properties":{"id":"c1951","lines":"710 L23 L24 L25 L54 L55 N83","n":7,"tram":0,"op":"ZTM Warszawa — buses"},"geometry":{"type":"LineString","coordinates":[[21.004913,52.128694],[21.00183,52.130582],[20.995665,52.130582]]}},{"type":"Feature","properties":{"id":"c1952","lines":"L-2 L-5 L12 L13 L17 L18 L19 L32 L52","n":9,"tram":0,"op":"ZTM Warszawa — buses"},"geometry":{"type":"LineString","coordinates":[[21.004913,52.128694],[21.007995,52.126805]]}},{"type":"Feature","properties":{"id":"c1953","lines":"707 710","n":2,"tram":0,"op":"ZTM Warszawa — buses"},"geometry":{"type":"LineString","coordinates":[[20.989501,52.126805],[20.995665,52.130582]]}},{"type":"Feature","properties":{"id":"c1954","lines":"L-1","n":1,"tram":0,"op":"ZTM Warszawa — buses"},"geometry":{"type":"LineString","coordinates":[[20.989501,52.126805],[20.995665,52.126805],[20.998748,52.128694]]}},{"type":"Feature","properties":{"id":"c1955","lines":"L-1","n":1,"tram":0,"op":"ZTM Warszawa — buses"},"geometry":{"type":"LineString","coordinates":[[20.989501,52.126805],[20.986418,52.128694],[20.974088,52.128694]]}},{"type":"Feature","properties":{"id":"c1956","lines":"L-1","n":1,"tram":0,"op":"ZTM Warszawa — buses"},"geometry":{"type":"LineString","coordinates":[[20.989501,52.126805],[21.00183,52.126805]]}},{"type":"Feature","properties":{"id":"c1957","lines":"707 709","n":2,"tram":0,"op":"ZTM Warszawa — buses"},"geometry":{"type":"LineString","coordinates":[[20.995665,52.130582],[21.004913,52.130582]]}},{"type":"Feature","properties":{"id":"c1958","lines":"709 L23 L24 L25 L54 L55 N83","n":7,"tram":0,"op":"ZTM Warszawa — buses"},"geometry":{"type":"LineString","coordinates":[[20.995665,52.130582],[20.998748,52.128694]]}},{"type":"Feature","properties":{"id":"c1959","lines":"709 L39","n":2,"tram":0,"op":"ZTM Warszawa — buses"},"geometry":{"type":"LineString","coordinates":[[21.004913,52.130582],[21.007995,52.128694]]}},{"type":"Feature","properties":{"id":"c1960","lines":"L-3","n":1,"tram":0,"op":"ZTM Warszawa — buses"},"geometry":{"type":"LineString","coordinates":[[21.004913,52.130582],[21.004913,52.128694],[21.007995,52.126805]]}},{"type":"Feature","properties":{"id":"c1961","lines":"709 L-1 L23 L24 L25 L39 L54 L55 N83","n":9,"tram":0,"op":"ZTM Warszawa — buses"},"geometry":{"type":"LineString","coordinates":[[21.00183,52.124917],[20.998748,52.126805],[20.998748,52.128694]]}},{"type":"Feature","properties":{"id":"c1962","lines":"709 L-1 L-3 L23 L24 L25 L39 L54 L55 N83","n":10,"tram":0,"op":"ZTM Warszawa — buses"},"geometry":{"type":"LineString","coordinates":[[21.00183,52.124917],[21.00183,52.126805]]}},{"type":"Feature","properties":{"id":"c1963","lines":"727 L-2 L-5 L12 L13 L17 L18 L19 L32 L52","n":10,"tram":0,"op":"ZTM Warszawa — buses"},"geometry":{"type":"LineString","coordinates":[[21.00183,52.124917],[20.998748,52.123028]]}},{"type":"Feature","properties":{"id":"c1964","lines":"727 L-2 L-3 L-5 L12 L13 L17 L18 L19 L23 L24 L25 L32 L39 L52 L54 L55","n":17,"tram":0,"op":"ZTM Warszawa — buses"},"geometry":{"type":"LineString","coordinates":[[21.00183,52.124917],[21.007995,52.124917]]}},{"type":"Feature","properties":{"id":"c1966","lines":"L39","n":1,"tram":0,"op":"ZTM Warszawa — buses"},"geometry":{"type":"LineString","coordinates":[[20.998748,52.128694],[20.998748,52.130582]]}},{"type":"Feature","properties":{"id":"c1967","lines":"709 727 L53 N83","n":4,"tram":0,"op":"ZTM Warszawa — buses"},"geometry":{"type":"LineString","coordinates":[[21.007995,52.132471],[21.004913,52.134359]]}},{"type":"Feature","properties":{"id":"c1968","lines":"709 N83","n":2,"tram":0,"op":"ZTM Warszawa — buses"},"geometry":{"type":"LineString","coordinates":[[21.007995,52.132471],[21.011078,52.130582]]}},{"type":"Feature","properties":{"id":"c1969","lines":"L53 N83","n":2,"tram":0,"op":"ZTM Warszawa — buses"},"geometry":{"type":"LineString","coordinates":[[21.007995,52.132471],[21.01416,52.132471],[21.017242,52.130582]]}},{"type":"Feature","properties":{"id":"c1970","lines":"L53","n":1,"tram":0,"op":"ZTM Warszawa — buses"},"geometry":{"type":"LineString","coordinates":[[21.007995,52.132471],[21.011078,52.134359],[21.020325,52.134359]]}},{"type":"Feature","properties":{"id":"c1971","lines":"L53","n":1,"tram":0,"op":"ZTM Warszawa — buses"},"geometry":{"type":"LineString","coordinates":[[21.007995,52.132471],[21.011078,52.134359],[21.020325,52.134359]]}},{"type":"Feature","properties":{"id":"c1972","lines":"709 727 L33 N83","n":4,"tram":0,"op":"ZTM Warszawa — buses"},"geometry":{"type":"LineString","coordinates":[[21.004913,52.134359],[21.004913,52.138137]]}},{"type":"Feature","properties":{"id":"c1973","lines":"L33 L53","n":2,"tram":0,"op":"ZTM Warszawa — buses"},"geometry":{"type":"LineString","coordinates":[[21.004913,52.134359],[21.01416,52.134359]]}},{"type":"Feature","properties":{"id":"c1974","lines":"L33 L53","n":2,"tram":0,"op":"ZTM Warszawa — buses"},"geometry":{"type":"LineString","coordinates":[[21.004913,52.134359],[21.01416,52.134359]]}},{"type":"Feature","properties":{"id":"c1975","lines":"709 727 739 L33 L39 N83","n":6,"tram":0,"op":"ZTM Warszawa — buses"},"geometry":{"type":"LineString","coordinates":[[21.004913,52.138137],[21.004913,52.140025]]}},{"type":"Feature","properties":{"id":"c1976","lines":"739 L39","n":2,"tram":0,"op":"ZTM Warszawa — buses"},"geometry":{"type":"LineString","coordinates":[[21.004913,52.138137],[21.011078,52.138137]]}},{"type":"Feature","properties":{"id":"c1977","lines":"L-4","n":1,"tram":0,"op":"ZTM Warszawa — buses"},"geometry":{"type":"LineString","coordinates":[[21.004913,52.138137],[20.995665,52.138137]]}},{"type":"Feature","properties":{"id":"c1978","lines":"L-4","n":1,"tram":0,"op":"ZTM Warszawa — buses"},"geometry":{"type":"LineString","coordinates":[[21.004913,52.138137],[20.995665,52.138137]]}},{"type":"Feature","properties":{"id":"c1979","lines":"709 727 739 L33 N83","n":5,"tram":0,"op":"ZTM Warszawa — buses"},"geometry":{"type":"LineString","coordinates":[[21.004913,52.140025],[21.004913,52.141914]]}},{"type":"Feature","properties":{"id":"c1980","lines":"715 737 L33","n":3,"tram":0,"op":"ZTM Warszawa — buses"},"geometry":{"type":"LineString","coordinates":[[21.004913,52.141914],[20.992583,52.141914],[20.989501,52.140025]]}},{"type":"Feature","properties":{"id":"c1981","lines":"709 L23 L24 L25 L32 L52 L54 N83","n":8,"tram":0,"op":"ZTM Warszawa — buses"},"geometry":{"type":"LineString","coordinates":[[21.011078,52.130582],[21.007995,52.128694]]}},{"type":"Feature","properties":{"id":"c1982","lines":"727 L-2 L-5 L12 L13 L17 L18 L19 L23 L24 L25 L32 L52 L53 L54","n":15,"tram":0,"op":"ZTM Warszawa — buses"},"geometry":{"type":"LineString","coordinates":[[21.011078,52.130582],[21.01416,52.128694]]}},{"type":"Feature","properties":{"id":"c1983","lines":"L53","n":1,"tram":0,"op":"ZTM Warszawa — buses"},"geometry":{"type":"LineString","coordinates":[[21.011078,52.130582],[21.017242,52.130582]]}},{"type":"Feature","properties":{"id":"c1984","lines":"710 L39 L55 N83","n":4,"tram":0,"op":"ZTM Warszawa — buses"},"geometry":{"type":"LineString","coordinates":[[21.007995,52.128694],[21.011078,52.130582],[21.017242,52.130582]]}},{"type":"Feature","properties":{"id":"c1985","lines":"L-2 L-5 L12 L13 L17 L18 L19 L23 L24 L25 L32 L52 L54","n":13,"tram":0,"op":"ZTM Warszawa — buses"},"geometry":{"type":"LineString","coordinates":[[21.007995,52.128694],[21.011078,52.128694]]}},{"type":"Feature","properties":{"id":"c1986","lines":"L39","n":1,"tram":0,"op":"ZTM Warszawa — buses"},"geometry":{"type":"LineString","coordinates":[[21.00183,52.126805],[21.00183,52.128694],[20.998748,52.130582]]}},{"type":"Feature","properties":{"id":"c1987","lines":"710","n":1,"tram":0,"op":"ZTM Warszawa — buses"},"geometry":{"type":"LineString","coordinates":[[21.017242,52.130582],[21.029572,52.130582]]}},{"type":"Feature","properties":{"id":"c1988","lines":"L39 L53 L55","n":3,"tram":0,"op":"ZTM Warszawa — buses"},"geometry":{"type":"LineString","coordinates":[[21.017242,52.130582],[21.020325,52.130582],[21.023407,52.132471]]}},{"type":"Feature","properties":{"id":"c1989","lines":"L53","n":1,"tram":0,"op":"ZTM Warszawa — buses"},"geometry":{"type":"LineString","coordinates":[[21.017242,52.130582],[21.01416,52.130582],[21.011078,52.128694]]}},{"type":"Feature","properties":{"id":"c1990","lines":"710 L23","n":2,"tram":0,"op":"ZTM Warszawa — buses"},"geometry":{"type":"LineString","coordinates":[[21.029572,52.130582],[21.032654,52.130582],[21.035737,52.132471]]}},{"type":"Feature","properties":{"id":"c1991","lines":"L23","n":1,"tram":0,"op":"ZTM Warszawa — buses"},"geometry":{"type":"LineString","coordinates":[[21.029572,52.130582],[21.02649,52.128694]]}},{"type":"Feature","properties":{"id":"c1992","lines":"L23","n":1,"tram":0,"op":"ZTM Warszawa — buses"},"geometry":{"type":"LineString","coordinates":[[21.029572,52.130582],[21.02649,52.128694]]}},{"type":"Feature","properties":{"id":"c1993","lines":"L53","n":1,"tram":0,"op":"ZTM Warszawa — buses"},"geometry":{"type":"LineString","coordinates":[[21.035737,52.132471],[21.032654,52.134359]]}},{"type":"Feature","properties":{"id":"c1994","lines":"29 63 733","n":3,"tram":0,"op":"mix"},"geometry":{"type":"LineString","coordinates":[[20.881616,52.145691],[20.878533,52.143802]]}},{"type":"Feature","properties":{"id":"c1995","lines":"60 65 711","n":3,"tram":0,"op":"mix"},"geometry":{"type":"LineString","coordinates":[[20.878533,52.157022],[20.878533,52.153245]]}},{"type":"Feature","properties":{"id":"c1996","lines":"60 65","n":2,"tram":0,"op":"GPA Grodzisk — buses"},"geometry":{"type":"LineString","coordinates":[[20.878533,52.157022],[20.866204,52.164577],[20.866204,52.166465]]}},{"type":"Feature","properties":{"id":"c1997","lines":"60 65","n":2,"tram":0,"op":"GPA Grodzisk — buses"},"geometry":{"type":"LineString","coordinates":[[20.878533,52.157022],[20.878533,52.158911],[20.866204,52.166465]]}},{"type":"Feature","properties":{"id":"c1998","lines":"712 N91","n":2,"tram":0,"op":"ZTM Warszawa — buses"},"geometry":{"type":"LineString","coordinates":[[20.906275,52.262782],[20.906275,52.260894]]}},{"type":"Feature","properties":{"id":"c1999","lines":"712","n":1,"tram":0,"op":"ZTM Warszawa — buses"},"geometry":{"type":"LineString","coordinates":[[20.906275,52.260894],[20.90011,52.257117]]}},{"type":"Feature","properties":{"id":"c2000","lines":"95 96 712","n":3,"tram":0,"op":"mix"},"geometry":{"type":"LineString","coordinates":[[20.90011,52.257117],[20.893945,52.257117]]}},{"type":"Feature","properties":{"id":"c2001","lines":"95 96 712","n":3,"tram":0,"op":"mix"},"geometry":{"type":"LineString","coordinates":[[20.893945,52.257117],[20.884698,52.257117]]}},{"type":"Feature","properties":{"id":"c2002","lines":"96 712","n":2,"tram":0,"op":"mix"},"geometry":{"type":"LineString","coordinates":[[20.893945,52.257117],[20.884698,52.257117]]}},{"type":"Feature","properties":{"id":"c2003","lines":"96 712","n":2,"tram":0,"op":"mix"},"geometry":{"type":"LineString","coordinates":[[20.893945,52.257117],[20.887781,52.25334],[20.887781,52.249562]]}},{"type":"Feature","properties":{"id":"c2004","lines":"95","n":1,"tram":0,"op":"GPA Grodzisk — buses"},"geometry":{"type":"LineString","coordinates":[[20.884698,52.257117],[20.881616,52.257117],[20.878533,52.259005]]}},{"type":"Feature","properties":{"id":"c2005","lines":"95","n":1,"tram":0,"op":"GPA Grodzisk — buses"},"geometry":{"type":"LineString","coordinates":[[20.884698,52.257117],[20.881616,52.259005]]}},{"type":"Feature","properties":{"id":"c2006","lines":"712","n":1,"tram":0,"op":"ZTM Warszawa — buses"},"geometry":{"type":"LineString","coordinates":[[20.887781,52.249562],[20.887781,52.245785],[20.878533,52.24012]]}},{"type":"Feature","properties":{"id":"c2007","lines":"96","n":1,"tram":0,"op":"GPA Grodzisk — buses"},"geometry":{"type":"LineString","coordinates":[[20.887781,52.249562],[20.878533,52.243897]]}},{"type":"Feature","properties":{"id":"c2008","lines":"96","n":1,"tram":0,"op":"GPA Grodzisk — buses"},"geometry":{"type":"LineString","coordinates":[[20.887781,52.249562],[20.878533,52.243897]]}},{"type":"Feature","properties":{"id":"c2009","lines":"96 97 98 712","n":4,"tram":0,"op":"mix"},"geometry":{"type":"LineString","coordinates":[[20.878533,52.24012],[20.878533,52.236342]]}},{"type":"Feature","properties":{"id":"c2010","lines":"96 97 98 714","n":4,"tram":0,"op":"mix"},"geometry":{"type":"LineString","coordinates":[[20.878533,52.24012],[20.878533,52.243897]]}},{"type":"Feature","properties":{"id":"c2011","lines":"714 729","n":2,"tram":0,"op":"ZTM Warszawa — buses"},"geometry":{"type":"LineString","coordinates":[[20.878533,52.24012],[20.881616,52.24012],[20.884698,52.242008]]}},{"type":"Feature","properties":{"id":"c2012","lines":"719 729","n":2,"tram":0,"op":"ZTM Warszawa — buses"},"geometry":{"type":"LineString","coordinates":[[20.878533,52.24012],[20.875451,52.238231]]}},{"type":"Feature","properties":{"id":"c2013","lines":"719","n":1,"tram":0,"op":"ZTM Warszawa — buses"},"geometry":{"type":"LineString","coordinates":[[20.878533,52.24012],[20.881616,52.238231],[20.897028,52.238231]]}},{"type":"Feature","properties":{"id":"c2014","lines":"96","n":1,"tram":0,"op":"GPA Grodzisk — buses"},"geometry":{"type":"LineString","coordinates":[[20.878533,52.236342],[20.878533,52.232565],[20.875451,52.230677],[20.875451,52.225011]]}},{"type":"Feature","properties":{"id":"c2015","lines":"96","n":1,"tram":0,"op":"GPA Grodzisk — buses"},"geometry":{"type":"LineString","coordinates":[[20.878533,52.236342],[20.878533,52.232565],[20.875451,52.230677],[20.875451,52.225011]]}},{"type":"Feature","properties":{"id":"c2016","lines":"97","n":1,"tram":0,"op":"GPA Grodzisk — buses"},"geometry":{"type":"LineString","coordinates":[[20.878533,52.236342],[20.875451,52.238231]]}},{"type":"Feature","properties":{"id":"c2017","lines":"713","n":1,"tram":0,"op":"ZTM Warszawa — buses"},"geometry":{"type":"LineString","coordinates":[[20.835379,52.215568],[20.835379,52.211791]]}},{"type":"Feature","properties":{"id":"c2018","lines":"713","n":1,"tram":0,"op":"ZTM Warszawa — buses"},"geometry":{"type":"LineString","coordinates":[[20.835379,52.215568],[20.841544,52.211791]]}},{"type":"Feature","properties":{"id":"c2019","lines":"14 713","n":2,"tram":0,"op":"mix"},"geometry":{"type":"LineString","coordinates":[[20.835379,52.211791],[20.841544,52.211791]]}},{"type":"Feature","properties":{"id":"c2020","lines":"14","n":1,"tram":0,"op":"GPA Grodzisk — buses"},"geometry":{"type":"LineString","coordinates":[[20.835379,52.211791],[20.829215,52.211791]]}},{"type":"Feature","properties":{"id":"c2021","lines":"14","n":1,"tram":0,"op":"GPA Grodzisk — buses"},"geometry":{"type":"LineString","coordinates":[[20.835379,52.211791],[20.829215,52.211791]]}},{"type":"Feature","properties":{"id":"c2022","lines":"14 713","n":2,"tram":0,"op":"mix"},"geometry":{"type":"LineString","coordinates":[[20.841544,52.211791],[20.847709,52.211791]]}},{"type":"Feature","properties":{"id":"c2023","lines":"14 713","n":2,"tram":0,"op":"mix"},"geometry":{"type":"LineString","coordinates":[[20.847709,52.211791],[20.850791,52.209902],[20.856956,52.209902]]}},{"type":"Feature","properties":{"id":"c2024","lines":"713 743","n":2,"tram":0,"op":"ZTM Warszawa — buses"},"geometry":{"type":"LineString","coordinates":[[20.847709,52.211791],[20.850791,52.21368]]}},{"type":"Feature","properties":{"id":"c2025","lines":"743","n":1,"tram":0,"op":"ZTM Warszawa — buses"},"geometry":{"type":"LineString","coordinates":[[20.847709,52.211791],[20.847709,52.217457],[20.850791,52.219345]]}},{"type":"Feature","properties":{"id":"c2026","lines":"14 713","n":2,"tram":0,"op":"mix"},"geometry":{"type":"LineString","coordinates":[[20.856956,52.209902],[20.860039,52.209902]]}},{"type":"Feature","properties":{"id":"c2027","lines":"713","n":1,"tram":0,"op":"ZTM Warszawa — buses"},"geometry":{"type":"LineString","coordinates":[[20.856956,52.209902],[20.850791,52.21368]]}},{"type":"Feature","properties":{"id":"c2028","lines":"14 97 713","n":3,"tram":0,"op":"mix"},"geometry":{"type":"LineString","coordinates":[[20.860039,52.209902],[20.866204,52.209902],[20.869286,52.211791]]}},{"type":"Feature","properties":{"id":"c2029","lines":"743","n":1,"tram":0,"op":"ZTM Warszawa — buses"},"geometry":{"type":"LineString","coordinates":[[20.860039,52.209902],[20.866204,52.21368],[20.866204,52.225011]]}},{"type":"Feature","properties":{"id":"c2030","lines":"97 743","n":2,"tram":0,"op":"mix"},"geometry":{"type":"LineString","coordinates":[[20.860039,52.209902],[20.860039,52.215568]]}},{"type":"Feature","properties":{"id":"c2031","lines":"743","n":1,"tram":0,"op":"ZTM Warszawa — buses"},"geometry":{"type":"LineString","coordinates":[[20.860039,52.209902],[20.856956,52.211791]]}},{"type":"Feature","properties":{"id":"c2032","lines":"97","n":1,"tram":0,"op":"GPA Grodzisk — buses"},"geometry":{"type":"LineString","coordinates":[[20.860039,52.209902],[20.856956,52.211791]]}},{"type":"Feature","properties":{"id":"c2033","lines":"14 97 713","n":3,"tram":0,"op":"mix"},"geometry":{"type":"LineString","coordinates":[[20.869286,52.211791],[20.875451,52.215568],[20.878533,52.215568]]}},{"type":"Feature","properties":{"id":"c2034","lines":"14 713","n":2,"tram":0,"op":"mix"},"geometry":{"type":"LineString","coordinates":[[20.878533,52.215568],[20.887781,52.215568]]}},{"type":"Feature","properties":{"id":"c2035","lines":"97","n":1,"tram":0,"op":"GPA Grodzisk — buses"},"geometry":{"type":"LineString","coordinates":[[20.878533,52.215568],[20.878533,52.21368],[20.872368,52.209902]]}},{"type":"Feature","properties":{"id":"c2036","lines":"97","n":1,"tram":0,"op":"GPA Grodzisk — buses"},"geometry":{"type":"LineString","coordinates":[[20.878533,52.215568],[20.878533,52.21368],[20.872368,52.209902]]}},{"type":"Feature","properties":{"id":"c2037","lines":"743","n":1,"tram":0,"op":"ZTM Warszawa — buses"},"geometry":{"type":"LineString","coordinates":[[20.850791,52.21368],[20.850791,52.219345]]}},{"type":"Feature","properties":{"id":"c2038","lines":"96 714 729","n":3,"tram":0,"op":"mix"},"geometry":{"type":"LineString","coordinates":[[20.853874,52.242008],[20.860039,52.245785]]}},{"type":"Feature","properties":{"id":"c2039","lines":"96 729","n":2,"tram":0,"op":"mix"},"geometry":{"type":"LineString","coordinates":[[20.853874,52.242008],[20.847709,52.238231]]}},{"type":"Feature","properties":{"id":"c2040","lines":"714 729","n":2,"tram":0,"op":"ZTM Warszawa — buses"},"geometry":{"type":"LineString","coordinates":[[20.860039,52.245785],[20.860039,52.247674],[20.869286,52.25334]]}},{"type":"Feature","properties":{"id":"c2041","lines":"96","n":1,"tram":0,"op":"GPA Grodzisk — buses"},"geometry":{"type":"LineString","coordinates":[[20.860039,52.245785],[20.860039,52.24012]]}},{"type":"Feature","properties":{"id":"c2042","lines":"97 714 729","n":3,"tram":0,"op":"mix"},"geometry":{"type":"LineString","coordinates":[[20.869286,52.25334],[20.872368,52.251451]]}},{"type":"Feature","properties":{"id":"c2043","lines":"97","n":1,"tram":0,"op":"GPA Grodzisk — buses"},"geometry":{"type":"LineString","coordinates":[[20.869286,52.25334],[20.869286,52.257117]]}},{"type":"Feature","properties":{"id":"c2044","lines":"97 714","n":2,"tram":0,"op":"mix"},"geometry":{"type":"LineString","coordinates":[[20.872368,52.251451],[20.875451,52.249562]]}},{"type":"Feature","properties":{"id":"c2045","lines":"729","n":1,"tram":0,"op":"ZTM Warszawa — buses"},"geometry":{"type":"LineString","coordinates":[[20.872368,52.251451],[20.866204,52.247674],[20.866204,52.242008]]}},{"type":"Feature","properties":{"id":"c2046","lines":"97 98 714","n":3,"tram":0,"op":"mix"},"geometry":{"type":"LineString","coordinates":[[20.875451,52.249562],[20.878533,52.247674]]}},{"type":"Feature","properties":{"id":"c2047","lines":"98","n":1,"tram":0,"op":"GPA Grodzisk — buses"},"geometry":{"type":"LineString","coordinates":[[20.875451,52.249562],[20.878533,52.251451],[20.878533,52.259005]]}},{"type":"Feature","properties":{"id":"c2048","lines":"97 98 714","n":3,"tram":0,"op":"mix"},"geometry":{"type":"LineString","coordinates":[[20.878533,52.247674],[20.878533,52.243897]]}},{"type":"Feature","properties":{"id":"c2049","lines":"98","n":1,"tram":0,"op":"GPA Grodzisk — buses"},"geometry":{"type":"LineString","coordinates":[[20.878533,52.247674],[20.881616,52.249562],[20.881616,52.259005]]}},{"type":"Feature","properties":{"id":"c2050","lines":"715 815","n":2,"tram":0,"op":"ZTM Warszawa — buses"},"geometry":{"type":"LineString","coordinates":[[20.971006,52.149468],[20.967924,52.147579],[20.958676,52.147579]]}},{"type":"Feature","properties":{"id":"c2051","lines":"715 815","n":2,"tram":0,"op":"ZTM Warszawa — buses"},"geometry":{"type":"LineString","coordinates":[[20.958676,52.147579],[20.955594,52.145691]]}},{"type":"Feature","properties":{"id":"c2052","lines":"715 815","n":2,"tram":0,"op":"ZTM Warszawa — buses"},"geometry":{"type":"LineString","coordinates":[[20.958676,52.147579],[20.955594,52.145691]]}},{"type":"Feature","properties":{"id":"c2053","lines":"715 815","n":2,"tram":0,"op":"ZTM Warszawa — buses"},"geometry":{"type":"LineString","coordinates":[[20.955594,52.145691],[20.952511,52.143802]]}},{"type":"Feature","properties":{"id":"c2054","lines":"715 809","n":2,"tram":0,"op":"ZTM Warszawa — buses"},"geometry":{"type":"LineString","coordinates":[[20.980253,52.145691],[20.980253,52.141914],[20.983336,52.140025]]}},{"type":"Feature","properties":{"id":"c2055","lines":"715 737 809 L33","n":4,"tram":0,"op":"ZTM Warszawa — buses"},"geometry":{"type":"LineString","coordinates":[[20.983336,52.140025],[20.989501,52.140025]]}},{"type":"Feature","properties":{"id":"c2056","lines":"737","n":1,"tram":0,"op":"ZTM Warszawa — buses"},"geometry":{"type":"LineString","coordinates":[[20.983336,52.140025],[20.983336,52.138137],[20.977171,52.134359]]}},{"type":"Feature","properties":{"id":"c2057","lines":"L33","n":1,"tram":0,"op":"ZTM Warszawa — buses"},"geometry":{"type":"LineString","coordinates":[[20.983336,52.140025],[20.971006,52.140025]]}},{"type":"Feature","properties":{"id":"c2058","lines":"62 97 716 717 N85","n":5,"tram":0,"op":"mix"},"geometry":{"type":"LineString","coordinates":[[20.875451,52.196682],[20.869286,52.196682],[20.866204,52.198571]]}},{"type":"Feature","properties":{"id":"c2059","lines":"62 97 716 717 N85","n":5,"tram":0,"op":"mix"},"geometry":{"type":"LineString","coordinates":[[20.875451,52.196682],[20.875451,52.192905]]}},{"type":"Feature","properties":{"id":"c2060","lines":"62 97 716 717 N85","n":5,"tram":0,"op":"mix"},"geometry":{"type":"LineString","coordinates":[[20.875451,52.196682],[20.872368,52.198571]]}},{"type":"Feature","properties":{"id":"c2061","lines":"62 97 716 717 N85","n":5,"tram":0,"op":"mix"},"geometry":{"type":"LineString","coordinates":[[20.866204,52.198571],[20.872368,52.198571]]}},{"type":"Feature","properties":{"id":"c2062","lines":"97","n":1,"tram":0,"op":"GPA Grodzisk — buses"},"geometry":{"type":"LineString","coordinates":[[20.866204,52.198571],[20.866204,52.20046],[20.869286,52.202348],[20.869286,52.206125]]}},{"type":"Feature","properties":{"id":"c2063","lines":"62 97 717 N85","n":4,"tram":0,"op":"mix"},"geometry":{"type":"LineString","coordinates":[[20.875451,52.192905],[20.875451,52.189128],[20.878533,52.187239],[20.878533,52.185351]]}},{"type":"Feature","properties":{"id":"c2065","lines":"97","n":1,"tram":0,"op":"GPA Grodzisk — buses"},"geometry":{"type":"LineString","coordinates":[[20.872368,52.198571],[20.872368,52.204237],[20.869286,52.206125]]}},{"type":"Feature","properties":{"id":"c2066","lines":"717 817","n":2,"tram":0,"op":"ZTM Warszawa — buses"},"geometry":{"type":"LineString","coordinates":[[20.878533,52.185351],[20.884698,52.181574]]}},{"type":"Feature","properties":{"id":"c2067","lines":"717","n":1,"tram":0,"op":"ZTM Warszawa — buses"},"geometry":{"type":"LineString","coordinates":[[20.878533,52.185351],[20.884698,52.181574]]}},{"type":"Feature","properties":{"id":"c2068","lines":"62 97 817 N85","n":4,"tram":0,"op":"mix"},"geometry":{"type":"LineString","coordinates":[[20.878533,52.185351],[20.878533,52.181574]]}},{"type":"Feature","properties":{"id":"c2069","lines":"719","n":1,"tram":0,"op":"ZTM Warszawa — buses"},"geometry":{"type":"LineString","coordinates":[[20.79839,52.232565],[20.807638,52.238231],[20.816885,52.238231]]}},{"type":"Feature","properties":{"id":"c2070","lines":"41 42","n":2,"tram":0,"op":"GPA Grodzisk — buses"},"geometry":{"type":"LineString","coordinates":[[20.79839,52.232565],[20.801473,52.230677],[20.801473,52.223122]]}},{"type":"Feature","properties":{"id":"c2071","lines":"41","n":1,"tram":0,"op":"GPA Grodzisk — buses"},"geometry":{"type":"LineString","coordinates":[[20.79839,52.232565],[20.792225,52.236342]]}},{"type":"Feature","properties":{"id":"c2072","lines":"41","n":1,"tram":0,"op":"GPA Grodzisk — buses"},"geometry":{"type":"LineString","coordinates":[[20.79839,52.232565],[20.789143,52.2269]]}},{"type":"Feature","properties":{"id":"c2073","lines":"42 43 44","n":3,"tram":0,"op":"GPA Grodzisk — buses"},"geometry":{"type":"LineString","coordinates":[[20.79839,52.232565],[20.789143,52.232565]]}},{"type":"Feature","properties":{"id":"c2074","lines":"42","n":1,"tram":0,"op":"GPA Grodzisk — buses"},"geometry":{"type":"LineString","coordinates":[[20.79839,52.232565],[20.804555,52.228788],[20.804555,52.219345]]}},{"type":"Feature","properties":{"id":"c2075","lines":"42 43 44","n":3,"tram":0,"op":"GPA Grodzisk — buses"},"geometry":{"type":"LineString","coordinates":[[20.79839,52.232565],[20.795308,52.230677],[20.786061,52.230677]]}},{"type":"Feature","properties":{"id":"c2076","lines":"43 93","n":2,"tram":0,"op":"GPA Grodzisk — buses"},"geometry":{"type":"LineString","coordinates":[[20.79839,52.232565],[20.79839,52.238231],[20.801473,52.24012]]}},{"type":"Feature","properties":{"id":"c2077","lines":"43 93","n":2,"tram":0,"op":"GPA Grodzisk — buses"},"geometry":{"type":"LineString","coordinates":[[20.79839,52.232565],[20.807638,52.238231],[20.807638,52.243897]]}},{"type":"Feature","properties":{"id":"c2078","lines":"92 93","n":2,"tram":0,"op":"GPA Grodzisk — buses"},"geometry":{"type":"LineString","coordinates":[[20.79839,52.232565],[20.79839,52.230677],[20.801473,52.228788],[20.801473,52.202348]]}},{"type":"Feature","properties":{"id":"c2079","lines":"92","n":1,"tram":0,"op":"GPA Grodzisk — buses"},"geometry":{"type":"LineString","coordinates":[[20.79839,52.232565],[20.795308,52.234454],[20.776813,52.234454]]}},{"type":"Feature","properties":{"id":"c2080","lines":"92 93","n":2,"tram":0,"op":"GPA Grodzisk — buses"},"geometry":{"type":"LineString","coordinates":[[20.79839,52.232565],[20.804555,52.228788],[20.804555,52.20046]]}},{"type":"Feature","properties":{"id":"c2081","lines":"94 719","n":2,"tram":0,"op":"mix"},"geometry":{"type":"LineString","coordinates":[[20.816885,52.238231],[20.82305,52.238231]]}},{"type":"Feature","properties":{"id":"c2082","lines":"94","n":1,"tram":0,"op":"GPA Grodzisk — buses"},"geometry":{"type":"LineString","coordinates":[[20.816885,52.238231],[20.82305,52.238231]]}},{"type":"Feature","properties":{"id":"c2083","lines":"94 719","n":2,"tram":0,"op":"mix"},"geometry":{"type":"LineString","coordinates":[[20.82305,52.238231],[20.832297,52.238231]]}},{"type":"Feature","properties":{"id":"c2084","lines":"94 96","n":2,"tram":0,"op":"GPA Grodzisk — buses"},"geometry":{"type":"LineString","coordinates":[[20.82305,52.238231],[20.82305,52.236342],[20.829215,52.232565]]}},{"type":"Feature","properties":{"id":"c2085","lines":"94","n":1,"tram":0,"op":"GPA Grodzisk — buses"},"geometry":{"type":"LineString","coordinates":[[20.82305,52.238231],[20.832297,52.238231]]}},{"type":"Feature","properties":{"id":"c2086","lines":"94 96","n":2,"tram":0,"op":"GPA Grodzisk — buses"},"geometry":{"type":"LineString","coordinates":[[20.82305,52.238231],[20.826132,52.236342],[20.826132,52.230677]]}},{"type":"Feature","properties":{"id":"c2087","lines":"719","n":1,"tram":0,"op":"ZTM Warszawa — buses"},"geometry":{"type":"LineString","coordinates":[[20.832297,52.238231],[20.838462,52.234454],[20.841544,52.234454]]}},{"type":"Feature","properties":{"id":"c2088","lines":"719 729","n":2,"tram":0,"op":"ZTM Warszawa — buses"},"geometry":{"type":"LineString","coordinates":[[20.841544,52.234454],[20.847709,52.238231]]}},{"type":"Feature","properties":{"id":"c2089","lines":"96 729","n":2,"tram":0,"op":"mix"},"geometry":{"type":"LineString","coordinates":[[20.841544,52.234454],[20.841544,52.238231]]}},{"type":"Feature","properties":{"id":"c2090","lines":"96","n":1,"tram":0,"op":"GPA Grodzisk — buses"},"geometry":{"type":"LineString","coordinates":[[20.841544,52.234454],[20.835379,52.230677],[20.826132,52.230677]]}},{"type":"Feature","properties":{"id":"c2091","lines":"96","n":1,"tram":0,"op":"GPA Grodzisk — buses"},"geometry":{"type":"LineString","coordinates":[[20.841544,52.234454],[20.838462,52.232565],[20.829215,52.232565]]}},{"type":"Feature","properties":{"id":"c2092","lines":"719","n":1,"tram":0,"op":"ZTM Warszawa — buses"},"geometry":{"type":"LineString","coordinates":[[20.847709,52.238231],[20.856956,52.238231],[20.860039,52.24012]]}},{"type":"Feature","properties":{"id":"c2093","lines":"96","n":1,"tram":0,"op":"GPA Grodzisk — buses"},"geometry":{"type":"LineString","coordinates":[[20.847709,52.238231],[20.841544,52.238231]]}},{"type":"Feature","properties":{"id":"c2094","lines":"96","n":1,"tram":0,"op":"GPA Grodzisk — buses"},"geometry":{"type":"LineString","coordinates":[[20.847709,52.238231],[20.841544,52.238231]]}},{"type":"Feature","properties":{"id":"c2095","lines":"96 719","n":2,"tram":0,"op":"mix"},"geometry":{"type":"LineString","coordinates":[[20.860039,52.24012],[20.863121,52.24012]]}},{"type":"Feature","properties":{"id":"c2096","lines":"96 719","n":2,"tram":0,"op":"mix"},"geometry":{"type":"LineString","coordinates":[[20.863121,52.24012],[20.866204,52.242008]]}},{"type":"Feature","properties":{"id":"c2097","lines":"96 719","n":2,"tram":0,"op":"mix"},"geometry":{"type":"LineString","coordinates":[[20.863121,52.24012],[20.869286,52.24012]]}},{"type":"Feature","properties":{"id":"c2098","lines":"719 729","n":2,"tram":0,"op":"ZTM Warszawa — buses"},"geometry":{"type":"LineString","coordinates":[[20.866204,52.242008],[20.869286,52.24012]]}},{"type":"Feature","properties":{"id":"c2099","lines":"96","n":1,"tram":0,"op":"GPA Grodzisk — buses"},"geometry":{"type":"LineString","coordinates":[[20.866204,52.242008],[20.866204,52.234454]]}},{"type":"Feature","properties":{"id":"c2100","lines":"97 719 729","n":3,"tram":0,"op":"mix"},"geometry":{"type":"LineString","coordinates":[[20.869286,52.24012],[20.872368,52.238231]]}},{"type":"Feature","properties":{"id":"c2101","lines":"96 97","n":2,"tram":0,"op":"GPA Grodzisk — buses"},"geometry":{"type":"LineString","coordinates":[[20.869286,52.24012],[20.866204,52.238231],[20.866204,52.234454]]}},{"type":"Feature","properties":{"id":"c2102","lines":"97 719 729","n":3,"tram":0,"op":"mix"},"geometry":{"type":"LineString","coordinates":[[20.872368,52.238231],[20.875451,52.238231]]}},{"type":"Feature","properties":{"id":"c2103","lines":"97","n":1,"tram":0,"op":"GPA Grodzisk — buses"},"geometry":{"type":"LineString","coordinates":[[20.872368,52.238231],[20.866204,52.234454]]}},{"type":"Feature","properties":{"id":"c2104","lines":"720","n":1,"tram":0,"op":"ZTM Warszawa — buses"},"geometry":{"type":"LineString","coordinates":[[21.177528,52.179685],[21.174446,52.181574],[21.162116,52.181574]]}},{"type":"Feature","properties":{"id":"c2105","lines":"720","n":1,"tram":0,"op":"ZTM Warszawa — buses"},"geometry":{"type":"LineString","coordinates":[[21.162116,52.181574],[21.152869,52.181574]]}},{"type":"Feature","properties":{"id":"c2106","lines":"720","n":1,"tram":0,"op":"ZTM Warszawa — buses"},"geometry":{"type":"LineString","coordinates":[[21.162116,52.181574],[21.159034,52.183462]]}},{"type":"Feature","properties":{"id":"c2107","lines":"720","n":1,"tram":0,"op":"ZTM Warszawa — buses"},"geometry":{"type":"LineString","coordinates":[[21.152869,52.181574],[21.149787,52.181574],[21.146704,52.183462]]}},{"type":"Feature","properties":{"id":"c2108","lines":"720","n":1,"tram":0,"op":"ZTM Warszawa — buses"},"geometry":{"type":"LineString","coordinates":[[21.152869,52.181574],[21.152869,52.187239]]}},{"type":"Feature","properties":{"id":"c2109","lines":"720","n":1,"tram":0,"op":"ZTM Warszawa — buses"},"geometry":{"type":"LineString","coordinates":[[21.146704,52.183462],[21.143622,52.183462]]}},{"type":"Feature","properties":{"id":"c2110","lines":"720","n":1,"tram":0,"op":"ZTM Warszawa — buses"},"geometry":{"type":"LineString","coordinates":[[21.146704,52.183462],[21.152869,52.187239]]}},{"type":"Feature","properties":{"id":"c2111","lines":"720","n":1,"tram":0,"op":"ZTM Warszawa — buses"},"geometry":{"type":"LineString","coordinates":[[21.146704,52.183462],[21.143622,52.183462]]}},{"type":"Feature","properties":{"id":"c2112","lines":"720","n":1,"tram":0,"op":"ZTM Warszawa — buses"},"geometry":{"type":"LineString","coordinates":[[21.146704,52.183462],[21.149787,52.183462]]}},{"type":"Feature","properties":{"id":"c2113","lines":"720 722","n":2,"tram":0,"op":"ZTM Warszawa — buses"},"geometry":{"type":"LineString","coordinates":[[21.143622,52.183462],[21.143622,52.189128],[21.140539,52.191017]]}},{"type":"Feature","properties":{"id":"c2114","lines":"722","n":1,"tram":0,"op":"ZTM Warszawa — buses"},"geometry":{"type":"LineString","coordinates":[[21.143622,52.183462],[21.140539,52.183462]]}},{"type":"Feature","properties":{"id":"c2115","lines":"720 722","n":2,"tram":0,"op":"ZTM Warszawa — buses"},"geometry":{"type":"LineString","coordinates":[[21.140539,52.191017],[21.140539,52.194794],[21.137457,52.196682]]}},{"type":"Feature","properties":{"id":"c2116","lines":"720 722","n":2,"tram":0,"op":"ZTM Warszawa — buses"},"geometry":{"type":"LineString","coordinates":[[21.140539,52.191017],[21.140539,52.187239]]}},{"type":"Feature","properties":{"id":"c2117","lines":"720 722","n":2,"tram":0,"op":"ZTM Warszawa — buses"},"geometry":{"type":"LineString","coordinates":[[21.140539,52.191017],[21.137457,52.189128]]}},{"type":"Feature","properties":{"id":"c2118","lines":"720 722 730","n":3,"tram":0,"op":"ZTM Warszawa — buses"},"geometry":{"type":"LineString","coordinates":[[21.137457,52.196682],[21.137457,52.206125],[21.134374,52.208014]]}},{"type":"Feature","properties":{"id":"c2119","lines":"722","n":1,"tram":0,"op":"ZTM Warszawa — buses"},"geometry":{"type":"LineString","coordinates":[[21.137457,52.196682],[21.137457,52.189128]]}},{"type":"Feature","properties":{"id":"c2120","lines":"730","n":1,"tram":0,"op":"ZTM Warszawa — buses"},"geometry":{"type":"LineString","coordinates":[[21.137457,52.196682],[21.143622,52.196682],[21.159034,52.206125]]}},{"type":"Feature","properties":{"id":"c2121","lines":"722","n":1,"tram":0,"op":"ZTM Warszawa — buses"},"geometry":{"type":"LineString","coordinates":[[21.134374,52.208014],[21.12821,52.204237]]}},{"type":"Feature","properties":{"id":"c2122","lines":"720","n":1,"tram":0,"op":"ZTM Warszawa — buses"},"geometry":{"type":"LineString","coordinates":[[21.152869,52.187239],[21.152869,52.192905]]}},{"type":"Feature","properties":{"id":"c2123","lines":"720","n":1,"tram":0,"op":"ZTM Warszawa — buses"},"geometry":{"type":"LineString","coordinates":[[21.152869,52.187239],[21.152869,52.185351],[21.149787,52.183462]]}},{"type":"Feature","properties":{"id":"c2124","lines":"720","n":1,"tram":0,"op":"ZTM Warszawa — buses"},"geometry":{"type":"LineString","coordinates":[[21.152869,52.187239],[21.159034,52.183462]]}},{"type":"Feature","properties":{"id":"c2125","lines":"720 722","n":2,"tram":0,"op":"ZTM Warszawa — buses"},"geometry":{"type":"LineString","coordinates":[[21.140539,52.187239],[21.137457,52.189128]]}},{"type":"Feature","properties":{"id":"c2126","lines":"722","n":1,"tram":0,"op":"ZTM Warszawa — buses"},"geometry":{"type":"LineString","coordinates":[[21.140539,52.187239],[21.140539,52.183462]]}},{"type":"Feature","properties":{"id":"c2127","lines":"720","n":1,"tram":0,"op":"ZTM Warszawa — buses"},"geometry":{"type":"LineString","coordinates":[[21.149787,52.183462],[21.159034,52.183462]]}},{"type":"Feature","properties":{"id":"c2128","lines":"721 728 L-3","n":3,"tram":0,"op":"ZTM Warszawa — buses"},"geometry":{"type":"LineString","coordinates":[[20.915522,52.130582],[20.915522,52.134359]]}},{"type":"Feature","properties":{"id":"c2129","lines":"728 L-3","n":2,"tram":0,"op":"ZTM Warszawa — buses"},"geometry":{"type":"LineString","coordinates":[[20.915522,52.130582],[20.915522,52.124917]]}},{"type":"Feature","properties":{"id":"c2130","lines":"L-3 L-4","n":2,"tram":0,"op":"ZTM Warszawa — buses"},"geometry":{"type":"LineString","coordinates":[[20.915522,52.134359],[20.921687,52.134359]]}},{"type":"Feature","properties":{"id":"c2131","lines":"L-4","n":1,"tram":0,"op":"ZTM Warszawa — buses"},"geometry":{"type":"LineString","coordinates":[[20.915522,52.134359],[20.91244,52.134359],[20.906275,52.138137]]}},{"type":"Feature","properties":{"id":"c2132","lines":"723 L34 N63","n":3,"tram":0,"op":"ZTM Warszawa — buses"},"geometry":{"type":"LineString","coordinates":[[20.943264,52.309997],[20.940182,52.311885]]}},{"type":"Feature","properties":{"id":"c2133","lines":"723 L34","n":2,"tram":0,"op":"ZTM Warszawa — buses"},"geometry":{"type":"LineString","coordinates":[[20.943264,52.309997],[20.943264,52.308108]]}},{"type":"Feature","properties":{"id":"c2134","lines":"N63","n":1,"tram":0,"op":"ZTM Warszawa — buses"},"geometry":{"type":"LineString","coordinates":[[20.943264,52.309997],[20.946347,52.308108]]}},{"type":"Feature","properties":{"id":"c2135","lines":"L34","n":1,"tram":0,"op":"ZTM Warszawa — buses"},"geometry":{"type":"LineString","coordinates":[[20.940182,52.311885],[20.937099,52.311885]]}},{"type":"Feature","properties":{"id":"c2136","lines":"W1","n":1,"tram":0,"op":"Wieliszew"},"geometry":{"type":"LineString","coordinates":[[20.940182,52.311885],[20.937099,52.311885]]}},{"type":"Feature","properties":{"id":"c2137","lines":"W1","n":1,"tram":0,"op":"Wieliszew"},"geometry":{"type":"LineString","coordinates":[[20.940182,52.311885],[20.937099,52.311885]]}},{"type":"Feature","properties":{"id":"c2138","lines":"723 L10 L34","n":3,"tram":0,"op":"ZTM Warszawa — buses"},"geometry":{"type":"LineString","coordinates":[[20.943264,52.308108],[20.943264,52.30622]]}},{"type":"Feature","properties":{"id":"c2139","lines":"L10","n":1,"tram":0,"op":"ZTM Warszawa — buses"},"geometry":{"type":"LineString","coordinates":[[20.943264,52.308108],[20.949429,52.311885]]}},{"type":"Feature","properties":{"id":"c2140","lines":"723","n":1,"tram":0,"op":"ZTM Warszawa — buses"},"geometry":{"type":"LineString","coordinates":[[20.943264,52.30622],[20.946347,52.308108]]}},{"type":"Feature","properties":{"id":"c2141","lines":"L10 L34","n":2,"tram":0,"op":"ZTM Warszawa — buses"},"geometry":{"type":"LineString","coordinates":[[20.943264,52.30622],[20.949429,52.30622]]}},{"type":"Feature","properties":{"id":"c2142","lines":"723 736 N63","n":3,"tram":0,"op":"ZTM Warszawa — buses"},"geometry":{"type":"LineString","coordinates":[[20.946347,52.308108],[20.949429,52.308108]]}},{"type":"Feature","properties":{"id":"c2143","lines":"723 736 N63","n":3,"tram":0,"op":"ZTM Warszawa — buses"},"geometry":{"type":"LineString","coordinates":[[20.949429,52.308108],[20.952511,52.30622]]}},{"type":"Feature","properties":{"id":"c2144","lines":"723 N63","n":2,"tram":0,"op":"ZTM Warszawa — buses"},"geometry":{"type":"LineString","coordinates":[[20.949429,52.308108],[20.949429,52.30622]]}},{"type":"Feature","properties":{"id":"c2145","lines":"736","n":1,"tram":0,"op":"ZTM Warszawa — buses"},"geometry":{"type":"LineString","coordinates":[[20.949429,52.308108],[20.952511,52.308108],[20.955594,52.309997]]}},{"type":"Feature","properties":{"id":"c2146","lines":"723 731 L10 L34 L41 N63","n":6,"tram":0,"op":"ZTM Warszawa — buses"},"geometry":{"type":"LineString","coordinates":[[20.952511,52.30622],[20.949429,52.30622]]}},{"type":"Feature","properties":{"id":"c2147","lines":"731 L-8 L-9 L11","n":4,"tram":0,"op":"ZTM Warszawa — buses"},"geometry":{"type":"LineString","coordinates":[[20.952511,52.30622],[20.961759,52.30622]]}},{"type":"Feature","properties":{"id":"c2148","lines":"736","n":1,"tram":0,"op":"ZTM Warszawa — buses"},"geometry":{"type":"LineString","coordinates":[[20.952511,52.30622],[20.961759,52.311885]]}},{"type":"Feature","properties":{"id":"c2149","lines":"L-8 L-9 L10 L11 L34 L41","n":6,"tram":0,"op":"ZTM Warszawa — buses"},"geometry":{"type":"LineString","coordinates":[[20.952511,52.30622],[20.952511,52.308108],[20.955594,52.309997]]}},{"type":"Feature","properties":{"id":"c2150","lines":"723 731 L41 N63","n":4,"tram":0,"op":"ZTM Warszawa — buses"},"geometry":{"type":"LineString","coordinates":[[20.949429,52.30622],[20.949429,52.304331]]}},{"type":"Feature","properties":{"id":"c2151","lines":"723 N63","n":2,"tram":0,"op":"ZTM Warszawa — buses"},"geometry":{"type":"LineString","coordinates":[[20.949429,52.304331],[20.946347,52.302442]]}},{"type":"Feature","properties":{"id":"c2152","lines":"723 N63","n":2,"tram":0,"op":"ZTM Warszawa — buses"},"geometry":{"type":"LineString","coordinates":[[20.949429,52.304331],[20.946347,52.302442]]}},{"type":"Feature","properties":{"id":"c2153","lines":"731","n":1,"tram":0,"op":"ZTM Warszawa — buses"},"geometry":{"type":"LineString","coordinates":[[20.949429,52.304331],[20.955594,52.300554]]}},{"type":"Feature","properties":{"id":"c2154","lines":"L41","n":1,"tram":0,"op":"ZTM Warszawa — buses"},"geometry":{"type":"LineString","coordinates":[[20.949429,52.304331],[20.955594,52.300554]]}},{"type":"Feature","properties":{"id":"c2155","lines":"723 L-7 L41 L49 N63","n":5,"tram":0,"op":"ZTM Warszawa — buses"},"geometry":{"type":"LineString","coordinates":[[20.946347,52.302442],[20.949429,52.300554]]}},{"type":"Feature","properties":{"id":"c2156","lines":"L-7 L41 L49","n":3,"tram":0,"op":"ZTM Warszawa — buses"},"geometry":{"type":"LineString","coordinates":[[20.946347,52.302442],[20.940182,52.302442],[20.937099,52.304331]]}},{"type":"Feature","properties":{"id":"c2157","lines":"L41 L49","n":2,"tram":0,"op":"ZTM Warszawa — buses"},"geometry":{"type":"LineString","coordinates":[[20.946347,52.302442],[20.949429,52.300554],[20.952511,52.300554]]}},{"type":"Feature","properties":{"id":"c2158","lines":"L41 L49","n":2,"tram":0,"op":"ZTM Warszawa — buses"},"geometry":{"type":"LineString","coordinates":[[20.949429,52.300554],[20.952511,52.300554]]}},{"type":"Feature","properties":{"id":"c2159","lines":"727","n":1,"tram":0,"op":"ZTM Warszawa — buses"},"geometry":{"type":"LineString","coordinates":[[20.952511,52.123028],[20.946347,52.126805]]}},{"type":"Feature","properties":{"id":"c2160","lines":"727","n":1,"tram":0,"op":"ZTM Warszawa — buses"},"geometry":{"type":"LineString","coordinates":[[20.952511,52.123028],[20.955594,52.121139],[20.971006,52.121139]]}},{"type":"Feature","properties":{"id":"c2161","lines":"727","n":1,"tram":0,"op":"ZTM Warszawa — buses"},"geometry":{"type":"LineString","coordinates":[[20.952511,52.123028],[20.946347,52.123028],[20.943264,52.124917]]}},{"type":"Feature","properties":{"id":"c2162","lines":"737 L-1 L-5","n":3,"tram":0,"op":"ZTM Warszawa — buses"},"geometry":{"type":"LineString","coordinates":[[20.946347,52.126805],[20.943264,52.124917]]}},{"type":"Feature","properties":{"id":"c2163","lines":"737 L-1 L-5","n":3,"tram":0,"op":"ZTM Warszawa — buses"},"geometry":{"type":"LineString","coordinates":[[20.946347,52.126805],[20.961759,52.126805]]}},{"type":"Feature","properties":{"id":"c2164","lines":"727","n":1,"tram":0,"op":"ZTM Warszawa — buses"},"geometry":{"type":"LineString","coordinates":[[20.971006,52.121139],[20.967924,52.119251]]}},{"type":"Feature","properties":{"id":"c2165","lines":"727","n":1,"tram":0,"op":"ZTM Warszawa — buses"},"geometry":{"type":"LineString","coordinates":[[20.971006,52.121139],[20.967924,52.119251]]}},{"type":"Feature","properties":{"id":"c2166","lines":"727","n":1,"tram":0,"op":"ZTM Warszawa — buses"},"geometry":{"type":"LineString","coordinates":[[20.967924,52.119251],[20.964841,52.117362]]}},{"type":"Feature","properties":{"id":"c2167","lines":"727 L12","n":2,"tram":0,"op":"ZTM Warszawa — buses"},"geometry":{"type":"LineString","coordinates":[[20.964841,52.117362],[20.967924,52.115474],[20.971006,52.115474]]}},{"type":"Feature","properties":{"id":"c2168","lines":"L12","n":1,"tram":0,"op":"ZTM Warszawa — buses"},"geometry":{"type":"LineString","coordinates":[[20.964841,52.117362],[20.952511,52.117362],[20.949429,52.119251]]}},{"type":"Feature","properties":{"id":"c2169","lines":"727 L-2 L12","n":3,"tram":0,"op":"ZTM Warszawa — buses"},"geometry":{"type":"LineString","coordinates":[[20.971006,52.115474],[20.974088,52.115474],[20.983336,52.121139]]}},{"type":"Feature","properties":{"id":"c2170","lines":"L-2","n":1,"tram":0,"op":"ZTM Warszawa — buses"},"geometry":{"type":"LineString","coordinates":[[20.971006,52.115474],[20.964841,52.111697]]}},{"type":"Feature","properties":{"id":"c2171","lines":"L-2","n":1,"tram":0,"op":"ZTM Warszawa — buses"},"geometry":{"type":"LineString","coordinates":[[20.971006,52.115474],[20.964841,52.111697]]}},{"type":"Feature","properties":{"id":"c2172","lines":"727 L-2 L-5 L12 L13 L17 L18 L32 L52","n":9,"tram":0,"op":"ZTM Warszawa — buses"},"geometry":{"type":"LineString","coordinates":[[20.983336,52.121139],[20.995665,52.121139]]}},{"type":"Feature","properties":{"id":"c2173","lines":"L-5","n":1,"tram":0,"op":"ZTM Warszawa — buses"},"geometry":{"type":"LineString","coordinates":[[20.983336,52.121139],[20.980253,52.121139],[20.974088,52.124917]]}},{"type":"Feature","properties":{"id":"c2174","lines":"L13 L17 L18 L32 L52","n":5,"tram":0,"op":"ZTM Warszawa — buses"},"geometry":{"type":"LineString","coordinates":[[20.983336,52.121139],[20.983336,52.117362]]}},{"type":"Feature","properties":{"id":"c2175","lines":"727 L-2 L-5 L12 L13 L17 L18 L19 L52","n":9,"tram":0,"op":"ZTM Warszawa — buses"},"geometry":{"type":"LineString","coordinates":[[20.995665,52.121139],[20.998748,52.123028]]}},{"type":"Feature","properties":{"id":"c2176","lines":"L19","n":1,"tram":0,"op":"ZTM Warszawa — buses"},"geometry":{"type":"LineString","coordinates":[[20.995665,52.121139],[20.995665,52.119251]]}},{"type":"Feature","properties":{"id":"c2177","lines":"L32","n":1,"tram":0,"op":"ZTM Warszawa — buses"},"geometry":{"type":"LineString","coordinates":[[20.995665,52.121139],[20.995665,52.123028]]}},{"type":"Feature","properties":{"id":"c2178","lines":"L32","n":1,"tram":0,"op":"ZTM Warszawa — buses"},"geometry":{"type":"LineString","coordinates":[[20.998748,52.123028],[20.995665,52.123028]]}},{"type":"Feature","properties":{"id":"c2179","lines":"L32","n":1,"tram":0,"op":"ZTM Warszawa — buses"},"geometry":{"type":"LineString","coordinates":[[20.998748,52.123028],[20.995665,52.123028]]}},{"type":"Feature","properties":{"id":"c2180","lines":"727 L23 L24 L25 L39","n":5,"tram":0,"op":"ZTM Warszawa — buses"},"geometry":{"type":"LineString","coordinates":[[21.007995,52.124917],[21.011078,52.124917],[21.01416,52.126805]]}},{"type":"Feature","properties":{"id":"c2181","lines":"727 L-2 L-5 L12 L13 L17 L18 L19","n":8,"tram":0,"op":"ZTM Warszawa — buses"},"geometry":{"type":"LineString","coordinates":[[21.007995,52.124917],[21.01416,52.128694]]}},{"type":"Feature","properties":{"id":"c2182","lines":"L-2 L-3 L-5 L12 L13 L17 L18 L19 L32 L52","n":10,"tram":0,"op":"ZTM Warszawa — buses"},"geometry":{"type":"LineString","coordinates":[[21.007995,52.124917],[21.007995,52.126805]]}},{"type":"Feature","properties":{"id":"c2183","lines":"L23 L24 L25 L39 L54 L55","n":6,"tram":0,"op":"ZTM Warszawa — buses"},"geometry":{"type":"LineString","coordinates":[[21.007995,52.124917],[21.007995,52.123028]]}},{"type":"Feature","properties":{"id":"c2184","lines":"L54","n":1,"tram":0,"op":"ZTM Warszawa — buses"},"geometry":{"type":"LineString","coordinates":[[21.007995,52.124917],[21.01416,52.124917]]}},{"type":"Feature","properties":{"id":"c2185","lines":"727","n":1,"tram":0,"op":"ZTM Warszawa — buses"},"geometry":{"type":"LineString","coordinates":[[21.01416,52.126805],[21.01416,52.128694]]}},{"type":"Feature","properties":{"id":"c2186","lines":"L23 L24 L25 L39","n":4,"tram":0,"op":"ZTM Warszawa — buses"},"geometry":{"type":"LineString","coordinates":[[21.01416,52.126805],[21.01416,52.124917]]}},{"type":"Feature","properties":{"id":"c2187","lines":"L-2 L-5 L12 L13 L17 L18 L19 L23 L24 L25 L32 L52 L53 L54","n":14,"tram":0,"op":"ZTM Warszawa — buses"},"geometry":{"type":"LineString","coordinates":[[21.01416,52.128694],[21.011078,52.128694]]}},{"type":"Feature","properties":{"id":"c2188","lines":"727 737","n":2,"tram":0,"op":"ZTM Warszawa — buses"},"geometry":{"type":"LineString","coordinates":[[20.930935,52.124917],[20.943264,52.124917]]}},{"type":"Feature","properties":{"id":"c2189","lines":"L-1 L-5","n":2,"tram":0,"op":"ZTM Warszawa — buses"},"geometry":{"type":"LineString","coordinates":[[20.930935,52.124917],[20.930935,52.123028],[20.937099,52.119251]]}},{"type":"Feature","properties":{"id":"c2190","lines":"L-1 L-4","n":2,"tram":0,"op":"ZTM Warszawa — buses"},"geometry":{"type":"LineString","coordinates":[[20.930935,52.124917],[20.930935,52.128694]]}},{"type":"Feature","properties":{"id":"c2191","lines":"L-1 L-5","n":2,"tram":0,"op":"ZTM Warszawa — buses"},"geometry":{"type":"LineString","coordinates":[[20.930935,52.124917],[20.937099,52.121139]]}},{"type":"Feature","properties":{"id":"c2192","lines":"L-4","n":1,"tram":0,"op":"ZTM Warszawa — buses"},"geometry":{"type":"LineString","coordinates":[[20.930935,52.124917],[20.927852,52.123028],[20.915522,52.123028]]}},{"type":"Feature","properties":{"id":"c2193","lines":"L-4","n":1,"tram":0,"op":"ZTM Warszawa — buses"},"geometry":{"type":"LineString","coordinates":[[20.930935,52.124917],[20.915522,52.124917]]}},{"type":"Feature","properties":{"id":"c2194","lines":"L-1 L-5","n":2,"tram":0,"op":"ZTM Warszawa — buses"},"geometry":{"type":"LineString","coordinates":[[20.943264,52.124917],[20.940182,52.123028]]}},{"type":"Feature","properties":{"id":"c2195","lines":"728 L-2 L12","n":3,"tram":0,"op":"ZTM Warszawa — buses"},"geometry":{"type":"LineString","coordinates":[[20.958676,52.106031],[20.952511,52.109808],[20.937099,52.109808]]}},{"type":"Feature","properties":{"id":"c2196","lines":"L-2","n":1,"tram":0,"op":"ZTM Warszawa — buses"},"geometry":{"type":"LineString","coordinates":[[20.958676,52.106031],[20.964841,52.109808],[20.964841,52.111697]]}},{"type":"Feature","properties":{"id":"c2197","lines":"728 L-2","n":2,"tram":0,"op":"ZTM Warszawa — buses"},"geometry":{"type":"LineString","coordinates":[[20.937099,52.109808],[20.930935,52.113585]]}},{"type":"Feature","properties":{"id":"c2198","lines":"L12","n":1,"tram":0,"op":"ZTM Warszawa — buses"},"geometry":{"type":"LineString","coordinates":[[20.937099,52.109808],[20.943264,52.113585],[20.943264,52.115474]]}},{"type":"Feature","properties":{"id":"c2199","lines":"728","n":1,"tram":0,"op":"ZTM Warszawa — buses"},"geometry":{"type":"LineString","coordinates":[[20.930935,52.113585],[20.930935,52.115474],[20.927852,52.117362]]}},{"type":"Feature","properties":{"id":"c2200","lines":"728 L-3","n":2,"tram":0,"op":"ZTM Warszawa — buses"},"geometry":{"type":"LineString","coordinates":[[20.927852,52.117362],[20.92477,52.119251]]}},{"type":"Feature","properties":{"id":"c2201","lines":"L-3","n":1,"tram":0,"op":"ZTM Warszawa — buses"},"geometry":{"type":"LineString","coordinates":[[20.927852,52.117362],[20.921687,52.117362]]}},{"type":"Feature","properties":{"id":"c2202","lines":"728 L-3","n":2,"tram":0,"op":"ZTM Warszawa — buses"},"geometry":{"type":"LineString","coordinates":[[20.92477,52.119251],[20.921687,52.119251],[20.915522,52.123028]]}},{"type":"Feature","properties":{"id":"c2203","lines":"L-3","n":1,"tram":0,"op":"ZTM Warszawa — buses"},"geometry":{"type":"LineString","coordinates":[[20.92477,52.119251],[20.921687,52.117362]]}},{"type":"Feature","properties":{"id":"c2204","lines":"728 L-3 L-4","n":3,"tram":0,"op":"ZTM Warszawa — buses"},"geometry":{"type":"LineString","coordinates":[[20.915522,52.123028],[20.915522,52.124917]]}},{"type":"Feature","properties":{"id":"c2205","lines":"729","n":1,"tram":0,"op":"ZTM Warszawa — buses"},"geometry":{"type":"LineString","coordinates":[[20.835379,52.249562],[20.844627,52.249562]]}},{"type":"Feature","properties":{"id":"c2206","lines":"729","n":1,"tram":0,"op":"ZTM Warszawa — buses"},"geometry":{"type":"LineString","coordinates":[[20.844627,52.249562],[20.844627,52.245785]]}},{"type":"Feature","properties":{"id":"c2207","lines":"729","n":1,"tram":0,"op":"ZTM Warszawa — buses"},"geometry":{"type":"LineString","coordinates":[[20.844627,52.249562],[20.844627,52.245785]]}},{"type":"Feature","properties":{"id":"c2208","lines":"729","n":1,"tram":0,"op":"ZTM Warszawa — buses"},"geometry":{"type":"LineString","coordinates":[[20.844627,52.245785],[20.841544,52.243897],[20.841544,52.238231]]}},{"type":"Feature","properties":{"id":"c2209","lines":"731 L10","n":2,"tram":0,"op":"ZTM Warszawa — buses"},"geometry":{"type":"LineString","coordinates":[[20.949429,52.315662],[20.949429,52.313774]]}},{"type":"Feature","properties":{"id":"c2210","lines":"731 L10","n":2,"tram":0,"op":"ZTM Warszawa — buses"},"geometry":{"type":"LineString","coordinates":[[20.949429,52.315662],[20.958676,52.315662]]}},{"type":"Feature","properties":{"id":"c2211","lines":"731 L10","n":2,"tram":0,"op":"ZTM Warszawa — buses"},"geometry":{"type":"LineString","coordinates":[[20.949429,52.313774],[20.949429,52.311885]]}},{"type":"Feature","properties":{"id":"c2212","lines":"731","n":1,"tram":0,"op":"ZTM Warszawa — buses"},"geometry":{"type":"LineString","coordinates":[[20.949429,52.313774],[20.952511,52.311885]]}},{"type":"Feature","properties":{"id":"c2213","lines":"731","n":1,"tram":0,"op":"ZTM Warszawa — buses"},"geometry":{"type":"LineString","coordinates":[[20.949429,52.311885],[20.952511,52.311885]]}},{"type":"Feature","properties":{"id":"c2214","lines":"731","n":1,"tram":0,"op":"ZTM Warszawa — buses"},"geometry":{"type":"LineString","coordinates":[[20.952511,52.311885],[20.955594,52.313774],[20.961759,52.313774]]}},{"type":"Feature","properties":{"id":"c2215","lines":"731","n":1,"tram":0,"op":"mix"},"geometry":{"type":"LineString","coordinates":[[20.961759,52.313774],[20.967924,52.309997],[20.971006,52.309997]]}},{"type":"Feature","properties":{"id":"c2217","lines":"731 L-8 L-9 L11","n":4,"tram":0,"op":"ZTM Warszawa — buses"},"geometry":{"type":"LineString","coordinates":[[20.971006,52.309997],[20.967924,52.308108]]}},{"type":"Feature","properties":{"id":"c2218","lines":"L-8","n":1,"tram":0,"op":"ZTM Warszawa — buses"},"geometry":{"type":"LineString","coordinates":[[20.971006,52.309997],[20.974088,52.308108],[20.980253,52.308108]]}},{"type":"Feature","properties":{"id":"c2219","lines":"L-8 L-9 L11","n":3,"tram":0,"op":"mix"},"geometry":{"type":"LineString","coordinates":[[20.971006,52.309997],[20.974088,52.309997]]}},{"type":"Feature","properties":{"id":"c2220","lines":"731 736 L-8 L-9 L11","n":5,"tram":0,"op":"ZTM Warszawa — buses"},"geometry":{"type":"LineString","coordinates":[[20.967924,52.308108],[20.964841,52.30622],[20.961759,52.30622]]}},{"type":"Feature","properties":{"id":"c2221","lines":"736","n":1,"tram":0,"op":"ZTM Warszawa — buses"},"geometry":{"type":"LineString","coordinates":[[20.967924,52.308108],[20.958676,52.308108]]}},{"type":"Feature","properties":{"id":"c2222","lines":"736","n":1,"tram":0,"op":"ZTM Warszawa — buses"},"geometry":{"type":"LineString","coordinates":[[20.967924,52.308108],[20.971006,52.30622]]}},{"type":"Feature","properties":{"id":"c2223","lines":"736","n":1,"tram":0,"op":"ZTM Warszawa — buses"},"geometry":{"type":"LineString","coordinates":[[20.967924,52.308108],[20.971006,52.30622]]}},{"type":"Feature","properties":{"id":"c2224","lines":"736","n":1,"tram":0,"op":"ZTM Warszawa — buses"},"geometry":{"type":"LineString","coordinates":[[20.961759,52.30622],[20.958676,52.308108]]}},{"type":"Feature","properties":{"id":"c2225","lines":"L41 L49","n":2,"tram":0,"op":"ZTM Warszawa — buses"},"geometry":{"type":"LineString","coordinates":[[20.955594,52.300554],[20.952511,52.300554]]}},{"type":"Feature","properties":{"id":"c2226","lines":"L10","n":1,"tram":0,"op":"ZTM Warszawa — buses"},"geometry":{"type":"LineString","coordinates":[[20.958676,52.315662],[20.964841,52.315662]]}},{"type":"Feature","properties":{"id":"c2227","lines":"733","n":1,"tram":0,"op":"ZTM Warszawa — buses"},"geometry":{"type":"LineString","coordinates":[[20.869286,52.132471],[20.875451,52.136248]]}},{"type":"Feature","properties":{"id":"c2228","lines":"733","n":1,"tram":0,"op":"ZTM Warszawa — buses"},"geometry":{"type":"LineString","coordinates":[[20.869286,52.132471],[20.875451,52.136248]]}},{"type":"Feature","properties":{"id":"c2229","lines":"733","n":1,"tram":0,"op":"ZTM Warszawa — buses"},"geometry":{"type":"LineString","coordinates":[[20.869286,52.132471],[20.866204,52.134359]]}},{"type":"Feature","properties":{"id":"c2230","lines":"733","n":1,"tram":0,"op":"ZTM Warszawa — buses"},"geometry":{"type":"LineString","coordinates":[[20.875451,52.136248],[20.875451,52.138137]]}},{"type":"Feature","properties":{"id":"c2231","lines":"733","n":1,"tram":0,"op":"ZTM Warszawa — buses"},"geometry":{"type":"LineString","coordinates":[[20.875451,52.138137],[20.875451,52.140025],[20.872368,52.141914]]}},{"type":"Feature","properties":{"id":"c2232","lines":"733","n":1,"tram":0,"op":"ZTM Warszawa — buses"},"geometry":{"type":"LineString","coordinates":[[20.875451,52.138137],[20.878533,52.140025]]}},{"type":"Feature","properties":{"id":"c2233","lines":"733","n":1,"tram":0,"op":"ZTM Warszawa — buses"},"geometry":{"type":"LineString","coordinates":[[20.872368,52.141914],[20.872368,52.138137]]}},{"type":"Feature","properties":{"id":"c2234","lines":"23 29","n":2,"tram":0,"op":"GPA Grodzisk — buses"},"geometry":{"type":"LineString","coordinates":[[20.872368,52.141914],[20.866204,52.145691],[20.850791,52.145691]]}},{"type":"Feature","properties":{"id":"c2235","lines":"23","n":1,"tram":0,"op":"GPA Grodzisk — buses"},"geometry":{"type":"LineString","coordinates":[[20.872368,52.141914],[20.872368,52.143802],[20.866204,52.147579]]}},{"type":"Feature","properties":{"id":"c2236","lines":"23","n":1,"tram":0,"op":"GPA Grodzisk — buses"},"geometry":{"type":"LineString","coordinates":[[20.872368,52.141914],[20.872368,52.143802],[20.866204,52.147579]]}},{"type":"Feature","properties":{"id":"c2237","lines":"23 29","n":2,"tram":0,"op":"GPA Grodzisk — buses"},"geometry":{"type":"LineString","coordinates":[[20.872368,52.141914],[20.863121,52.147579],[20.850791,52.147579]]}},{"type":"Feature","properties":{"id":"c2238","lines":"29","n":1,"tram":0,"op":"GPA Grodzisk — buses"},"geometry":{"type":"LineString","coordinates":[[20.872368,52.141914],[20.875451,52.143802],[20.878533,52.143802]]}},{"type":"Feature","properties":{"id":"c2239","lines":"29","n":1,"tram":0,"op":"GPA Grodzisk — buses"},"geometry":{"type":"LineString","coordinates":[[20.872368,52.141914],[20.875451,52.143802],[20.878533,52.143802]]}},{"type":"Feature","properties":{"id":"c2240","lines":"63 733","n":2,"tram":0,"op":"mix"},"geometry":{"type":"LineString","coordinates":[[20.872368,52.138137],[20.875451,52.140025],[20.878533,52.140025]]}},{"type":"Feature","properties":{"id":"c2241","lines":"63 733","n":2,"tram":0,"op":"mix"},"geometry":{"type":"LineString","coordinates":[[20.872368,52.138137],[20.869286,52.136248]]}},{"type":"Feature","properties":{"id":"c2242","lines":"63","n":1,"tram":0,"op":"GPA Grodzisk — buses"},"geometry":{"type":"LineString","coordinates":[[20.872368,52.138137],[20.869286,52.136248]]}},{"type":"Feature","properties":{"id":"c2243","lines":"63 733","n":2,"tram":0,"op":"mix"},"geometry":{"type":"LineString","coordinates":[[20.878533,52.140025],[20.878533,52.143802]]}},{"type":"Feature","properties":{"id":"c2244","lines":"63 733","n":2,"tram":0,"op":"mix"},"geometry":{"type":"LineString","coordinates":[[20.869286,52.136248],[20.866204,52.134359]]}},{"type":"Feature","properties":{"id":"c2245","lines":"63","n":1,"tram":0,"op":"GPA Grodzisk — buses"},"geometry":{"type":"LineString","coordinates":[[20.866204,52.134359],[20.863121,52.136248]]}},{"type":"Feature","properties":{"id":"c2246","lines":"736","n":1,"tram":0,"op":"ZTM Warszawa — buses"},"geometry":{"type":"LineString","coordinates":[[20.961759,52.311885],[20.961759,52.309997],[20.958676,52.308108]]}},{"type":"Feature","properties":{"id":"c2247","lines":"736 L-8 L-9 L10 L11 L34 L41","n":7,"tram":0,"op":"ZTM Warszawa — buses"},"geometry":{"type":"LineString","coordinates":[[20.961759,52.311885],[20.961759,52.309997],[20.958676,52.308108]]}},{"type":"Feature","properties":{"id":"c2248","lines":"736","n":1,"tram":0,"op":"ZTM Warszawa — buses"},"geometry":{"type":"LineString","coordinates":[[20.961759,52.311885],[20.958676,52.311885],[20.955594,52.309997]]}},{"type":"Feature","properties":{"id":"c2249","lines":"L-8 L-9 L10 L11 L34 L41","n":6,"tram":0,"op":"ZTM Warszawa — buses"},"geometry":{"type":"LineString","coordinates":[[20.961759,52.311885],[20.958676,52.311885],[20.955594,52.309997]]}},{"type":"Feature","properties":{"id":"c2250","lines":"L-8 L-9 L10 L11 L34 L41","n":6,"tram":0,"op":"ZTM Warszawa — buses"},"geometry":{"type":"LineString","coordinates":[[20.958676,52.308108],[20.955594,52.309997]]}},{"type":"Feature","properties":{"id":"c2251","lines":"736","n":1,"tram":0,"op":"ZTM Warszawa — buses"},"geometry":{"type":"LineString","coordinates":[[20.971006,52.30622],[20.998748,52.30622]]}},{"type":"Feature","properties":{"id":"c2252","lines":"L-8","n":1,"tram":0,"op":"ZTM Warszawa — buses"},"geometry":{"type":"LineString","coordinates":[[20.998748,52.30622],[20.995665,52.308108],[20.980253,52.308108]]}},{"type":"Feature","properties":{"id":"c2253","lines":"737 L-1 L-5","n":3,"tram":0,"op":"ZTM Warszawa — buses"},"geometry":{"type":"LineString","coordinates":[[20.961759,52.126805],[20.971006,52.126805]]}},{"type":"Feature","properties":{"id":"c2254","lines":"L-5","n":1,"tram":0,"op":"ZTM Warszawa — buses"},"geometry":{"type":"LineString","coordinates":[[20.961759,52.126805],[20.964841,52.124917],[20.974088,52.124917]]}},{"type":"Feature","properties":{"id":"c2255","lines":"737 L-1","n":2,"tram":0,"op":"ZTM Warszawa — buses"},"geometry":{"type":"LineString","coordinates":[[20.971006,52.126805],[20.974088,52.128694]]}},{"type":"Feature","properties":{"id":"c2256","lines":"L-5","n":1,"tram":0,"op":"ZTM Warszawa — buses"},"geometry":{"type":"LineString","coordinates":[[20.971006,52.126805],[20.974088,52.124917]]}},{"type":"Feature","properties":{"id":"c2257","lines":"737 L-4","n":2,"tram":0,"op":"ZTM Warszawa — buses"},"geometry":{"type":"LineString","coordinates":[[20.964841,52.134359],[20.977171,52.134359]]}},{"type":"Feature","properties":{"id":"c2258","lines":"L-4","n":1,"tram":0,"op":"ZTM Warszawa — buses"},"geometry":{"type":"LineString","coordinates":[[20.964841,52.134359],[20.955594,52.134359]]}},{"type":"Feature","properties":{"id":"c2259","lines":"L-4","n":1,"tram":0,"op":"ZTM Warszawa — buses"},"geometry":{"type":"LineString","coordinates":[[20.977171,52.134359],[20.986418,52.134359]]}},{"type":"Feature","properties":{"id":"c2260","lines":"738 R4 R5 R8 R9","n":5,"tram":0,"op":"mix"},"geometry":{"type":"LineString","coordinates":[[21.085056,52.300554],[21.081973,52.302442],[21.081973,52.30622]]}},{"type":"Feature","properties":{"id":"c2261","lines":"R8","n":1,"tram":0,"op":"Radzymin"},"geometry":{"type":"LineString","coordinates":[[21.085056,52.300554],[21.085056,52.296777]]}},{"type":"Feature","properties":{"id":"c2262","lines":"R9","n":1,"tram":0,"op":"Radzymin"},"geometry":{"type":"LineString","coordinates":[[21.085056,52.300554],[21.072726,52.300554]]}},{"type":"Feature","properties":{"id":"c2263","lines":"R9","n":1,"tram":0,"op":"Radzymin"},"geometry":{"type":"LineString","coordinates":[[21.085056,52.300554],[21.072726,52.300554]]}},{"type":"Feature","properties":{"id":"c2264","lines":"738 N61 R9","n":3,"tram":0,"op":"mix"},"geometry":{"type":"LineString","coordinates":[[21.081973,52.30622],[21.075808,52.302442]]}},{"type":"Feature","properties":{"id":"c2265","lines":"N61 R9","n":2,"tram":0,"op":"mix"},"geometry":{"type":"LineString","coordinates":[[21.081973,52.30622],[21.075808,52.302442]]}},{"type":"Feature","properties":{"id":"c2266","lines":"R1 R2 R3 R31 R4 R5 R8","n":7,"tram":0,"op":"Radzymin"},"geometry":{"type":"LineString","coordinates":[[21.081973,52.30622],[21.081973,52.308108],[21.078891,52.309997]]}},{"type":"Feature","properties":{"id":"c2267","lines":"R1","n":1,"tram":0,"op":"Radzymin"},"geometry":{"type":"LineString","coordinates":[[21.081973,52.30622],[21.091221,52.300554]]}},{"type":"Feature","properties":{"id":"c2268","lines":"R1","n":1,"tram":0,"op":"Radzymin"},"geometry":{"type":"LineString","coordinates":[[21.081973,52.30622],[21.091221,52.300554]]}},{"type":"Feature","properties":{"id":"c2269","lines":"738 N61 R38 R7 R9","n":5,"tram":0,"op":"mix"},"geometry":{"type":"LineString","coordinates":[[21.075808,52.302442],[21.072726,52.300554]]}},{"type":"Feature","properties":{"id":"c2270","lines":"R38 R7","n":2,"tram":0,"op":"Radzymin"},"geometry":{"type":"LineString","coordinates":[[21.075808,52.302442],[21.072726,52.304331]]}},{"type":"Feature","properties":{"id":"c2271","lines":"R38 R7","n":2,"tram":0,"op":"Radzymin"},"geometry":{"type":"LineString","coordinates":[[21.075808,52.302442],[21.075808,52.308108]]}},{"type":"Feature","properties":{"id":"c2272","lines":"738 N61 R38 R9","n":4,"tram":0,"op":"mix"},"geometry":{"type":"LineString","coordinates":[[21.072726,52.300554],[21.072726,52.298665],[21.069644,52.296777]]}},{"type":"Feature","properties":{"id":"c2273","lines":"R7","n":1,"tram":0,"op":"Radzymin"},"geometry":{"type":"LineString","coordinates":[[21.072726,52.300554],[21.057314,52.300554],[21.054231,52.302442]]}},{"type":"Feature","properties":{"id":"c2274","lines":"R7","n":1,"tram":0,"op":"Radzymin"},"geometry":{"type":"LineString","coordinates":[[21.072726,52.300554],[21.060396,52.300554],[21.057314,52.302442],[21.054231,52.302442]]}},{"type":"Feature","properties":{"id":"c2275","lines":"738 N61 R9","n":3,"tram":0,"op":"mix"},"geometry":{"type":"LineString","coordinates":[[21.069644,52.296777],[21.069644,52.294888],[21.066561,52.293]]}},{"type":"Feature","properties":{"id":"c2276","lines":"L45","n":1,"tram":0,"op":"ZTM Warszawa — buses"},"geometry":{"type":"LineString","coordinates":[[21.069644,52.296777],[21.075808,52.293],[21.075808,52.291111]]}},{"type":"Feature","properties":{"id":"c2277","lines":"L45","n":1,"tram":0,"op":"ZTM Warszawa — buses"},"geometry":{"type":"LineString","coordinates":[[21.069644,52.296777],[21.066561,52.298665],[21.063479,52.298665]]}},{"type":"Feature","properties":{"id":"c2278","lines":"L44 L45","n":2,"tram":0,"op":"ZTM Warszawa — buses"},"geometry":{"type":"LineString","coordinates":[[21.066561,52.293],[21.072726,52.293],[21.075808,52.291111]]}},{"type":"Feature","properties":{"id":"c2279","lines":"739","n":1,"tram":0,"op":"ZTM Warszawa — buses"},"geometry":{"type":"LineString","coordinates":[[21.020325,52.134359],[21.017242,52.132471]]}},{"type":"Feature","properties":{"id":"c2280","lines":"739 L39 L53","n":3,"tram":0,"op":"ZTM Warszawa — buses"},"geometry":{"type":"LineString","coordinates":[[21.020325,52.134359],[21.02649,52.134359]]}},{"type":"Feature","properties":{"id":"c2281","lines":"L39","n":1,"tram":0,"op":"ZTM Warszawa — buses"},"geometry":{"type":"LineString","coordinates":[[21.020325,52.134359],[21.023407,52.132471]]}},{"type":"Feature","properties":{"id":"c2282","lines":"739 L39","n":2,"tram":0,"op":"ZTM Warszawa — buses"},"geometry":{"type":"LineString","coordinates":[[21.02649,52.134359],[21.029572,52.136248]]}},{"type":"Feature","properties":{"id":"c2283","lines":"L53","n":1,"tram":0,"op":"ZTM Warszawa — buses"},"geometry":{"type":"LineString","coordinates":[[21.02649,52.134359],[21.029572,52.136248]]}},{"type":"Feature","properties":{"id":"c2284","lines":"739 L33 L39 L53","n":4,"tram":0,"op":"ZTM Warszawa — buses"},"geometry":{"type":"LineString","coordinates":[[21.029572,52.136248],[21.029572,52.140025]]}},{"type":"Feature","properties":{"id":"c2285","lines":"739 L33 L39 L53","n":4,"tram":0,"op":"ZTM Warszawa — buses"},"geometry":{"type":"LineString","coordinates":[[21.029572,52.136248],[21.029572,52.140025]]}},{"type":"Feature","properties":{"id":"c2286","lines":"739 L33","n":2,"tram":0,"op":"ZTM Warszawa — buses"},"geometry":{"type":"LineString","coordinates":[[21.029572,52.136248],[21.020325,52.136248]]}},{"type":"Feature","properties":{"id":"c2287","lines":"739 L33 L39 L53","n":4,"tram":0,"op":"ZTM Warszawa — buses"},"geometry":{"type":"LineString","coordinates":[[21.029572,52.140025],[21.029572,52.143802]]}},{"type":"Feature","properties":{"id":"c2288","lines":"739 L53","n":2,"tram":0,"op":"ZTM Warszawa — buses"},"geometry":{"type":"LineString","coordinates":[[21.029572,52.143802],[21.02649,52.141914]]}},{"type":"Feature","properties":{"id":"c2289","lines":"L33 L39","n":2,"tram":0,"op":"ZTM Warszawa — buses"},"geometry":{"type":"LineString","coordinates":[[21.029572,52.143802],[21.020325,52.143802]]}},{"type":"Feature","properties":{"id":"c2290","lines":"L33 L39","n":2,"tram":0,"op":"ZTM Warszawa — buses"},"geometry":{"type":"LineString","coordinates":[[21.029572,52.143802],[21.020325,52.143802]]}},{"type":"Feature","properties":{"id":"c2291","lines":"739 L53","n":2,"tram":0,"op":"ZTM Warszawa — buses"},"geometry":{"type":"LineString","coordinates":[[21.02649,52.141914],[21.020325,52.138137]]}},{"type":"Feature","properties":{"id":"c2292","lines":"739 L53","n":2,"tram":0,"op":"ZTM Warszawa — buses"},"geometry":{"type":"LineString","coordinates":[[21.02649,52.141914],[21.020325,52.138137],[21.020325,52.136248]]}},{"type":"Feature","properties":{"id":"c2293","lines":"739","n":1,"tram":0,"op":"ZTM Warszawa — buses"},"geometry":{"type":"LineString","coordinates":[[21.020325,52.138137],[21.017242,52.138137],[21.01416,52.136248]]}},{"type":"Feature","properties":{"id":"c2294","lines":"L53","n":1,"tram":0,"op":"ZTM Warszawa — buses"},"geometry":{"type":"LineString","coordinates":[[21.020325,52.138137],[21.01416,52.134359]]}},{"type":"Feature","properties":{"id":"c2295","lines":"739","n":1,"tram":0,"op":"ZTM Warszawa — buses"},"geometry":{"type":"LineString","coordinates":[[21.01416,52.136248],[21.011078,52.138137]]}},{"type":"Feature","properties":{"id":"c2296","lines":"739","n":1,"tram":0,"op":"ZTM Warszawa — buses"},"geometry":{"type":"LineString","coordinates":[[21.01416,52.136248],[21.020325,52.136248]]}},{"type":"Feature","properties":{"id":"c2297","lines":"L33","n":1,"tram":0,"op":"ZTM Warszawa — buses"},"geometry":{"type":"LineString","coordinates":[[21.01416,52.136248],[21.01416,52.134359]]}},{"type":"Feature","properties":{"id":"c2298","lines":"L33","n":1,"tram":0,"op":"ZTM Warszawa — buses"},"geometry":{"type":"LineString","coordinates":[[21.01416,52.136248],[21.01416,52.140025]]}},{"type":"Feature","properties":{"id":"c2299","lines":"L39","n":1,"tram":0,"op":"ZTM Warszawa — buses"},"geometry":{"type":"LineString","coordinates":[[21.011078,52.138137],[21.01416,52.140025]]}},{"type":"Feature","properties":{"id":"c2300","lines":"L53","n":1,"tram":0,"op":"ZTM Warszawa — buses"},"geometry":{"type":"LineString","coordinates":[[21.020325,52.136248],[21.017242,52.136248],[21.01416,52.134359]]}},{"type":"Feature","properties":{"id":"c2301","lines":"742 L15 L21 L54","n":4,"tram":0,"op":"ZTM Warszawa — buses"},"geometry":{"type":"LineString","coordinates":[[21.081973,52.109808],[21.081973,52.113585]]}},{"type":"Feature","properties":{"id":"c2302","lines":"L25","n":1,"tram":0,"op":"ZTM Warszawa — buses"},"geometry":{"type":"LineString","coordinates":[[21.081973,52.109808],[21.054231,52.109808],[21.048067,52.106031]]}},{"type":"Feature","properties":{"id":"c2303","lines":"L54","n":1,"tram":0,"op":"ZTM Warszawa — buses"},"geometry":{"type":"LineString","coordinates":[[21.081973,52.109808],[21.081973,52.106031]]}},{"type":"Feature","properties":{"id":"c2304","lines":"742 L21","n":2,"tram":0,"op":"ZTM Warszawa — buses"},"geometry":{"type":"LineString","coordinates":[[21.081973,52.113585],[21.081973,52.121139]]}},{"type":"Feature","properties":{"id":"c2305","lines":"L15 L54","n":2,"tram":0,"op":"ZTM Warszawa — buses"},"geometry":{"type":"LineString","coordinates":[[21.081973,52.113585],[21.072726,52.113585]]}},{"type":"Feature","properties":{"id":"c2306","lines":"L15 L54","n":2,"tram":0,"op":"ZTM Warszawa — buses"},"geometry":{"type":"LineString","coordinates":[[21.081973,52.113585],[21.072726,52.113585]]}},{"type":"Feature","properties":{"id":"c2307","lines":"742","n":1,"tram":0,"op":"ZTM Warszawa — buses"},"geometry":{"type":"LineString","coordinates":[[21.081973,52.121139],[21.072726,52.126805],[21.072726,52.130582]]}},{"type":"Feature","properties":{"id":"c2308","lines":"L21","n":1,"tram":0,"op":"ZTM Warszawa — buses"},"geometry":{"type":"LineString","coordinates":[[21.081973,52.121139],[21.081973,52.130582]]}},{"type":"Feature","properties":{"id":"c2309","lines":"742 L21 L28","n":3,"tram":0,"op":"ZTM Warszawa — buses"},"geometry":{"type":"LineString","coordinates":[[21.072726,52.130582],[21.069644,52.132471]]}},{"type":"Feature","properties":{"id":"c2310","lines":"L21 L28","n":2,"tram":0,"op":"ZTM Warszawa — buses"},"geometry":{"type":"LineString","coordinates":[[21.072726,52.130582],[21.081973,52.130582]]}},{"type":"Feature","properties":{"id":"c2311","lines":"L28","n":1,"tram":0,"op":"ZTM Warszawa — buses"},"geometry":{"type":"LineString","coordinates":[[21.072726,52.130582],[21.072726,52.136248]]}},{"type":"Feature","properties":{"id":"c2312","lines":"L28","n":1,"tram":0,"op":"ZTM Warszawa — buses"},"geometry":{"type":"LineString","coordinates":[[21.072726,52.130582],[21.066561,52.126805],[21.063479,52.126805]]}},{"type":"Feature","properties":{"id":"c2313","lines":"742 L21 L28","n":3,"tram":0,"op":"ZTM Warszawa — buses"},"geometry":{"type":"LineString","coordinates":[[21.069644,52.132471],[21.069644,52.134359]]}},{"type":"Feature","properties":{"id":"c2314","lines":"L21","n":1,"tram":0,"op":"ZTM Warszawa — buses"},"geometry":{"type":"LineString","coordinates":[[21.069644,52.132471],[21.066561,52.134359],[21.066561,52.136248]]}},{"type":"Feature","properties":{"id":"c2315","lines":"742","n":1,"tram":0,"op":"ZTM Warszawa — buses"},"geometry":{"type":"LineString","coordinates":[[21.069644,52.134359],[21.072726,52.136248]]}},{"type":"Feature","properties":{"id":"c2316","lines":"L21 L28","n":2,"tram":0,"op":"ZTM Warszawa — buses"},"geometry":{"type":"LineString","coordinates":[[21.069644,52.134359],[21.066561,52.136248]]}},{"type":"Feature","properties":{"id":"c2317","lines":"742 L21 L28","n":3,"tram":0,"op":"ZTM Warszawa — buses"},"geometry":{"type":"LineString","coordinates":[[21.072726,52.136248],[21.072726,52.138137]]}},{"type":"Feature","properties":{"id":"c2318","lines":"L21 L28","n":2,"tram":0,"op":"ZTM Warszawa — buses"},"geometry":{"type":"LineString","coordinates":[[21.072726,52.136248],[21.066561,52.136248]]}},{"type":"Feature","properties":{"id":"c2319","lines":"L28","n":1,"tram":0,"op":"ZTM Warszawa — buses"},"geometry":{"type":"LineString","coordinates":[[21.072726,52.138137],[21.081973,52.132471],[21.081973,52.130582]]}},{"type":"Feature","properties":{"id":"c2320","lines":"743","n":1,"tram":0,"op":"ZTM Warszawa — buses"},"geometry":{"type":"LineString","coordinates":[[20.887781,52.2269],[20.881616,52.223122]]}},{"type":"Feature","properties":{"id":"c2321","lines":"743","n":1,"tram":0,"op":"ZTM Warszawa — buses"},"geometry":{"type":"LineString","coordinates":[[20.887781,52.2269],[20.881616,52.223122]]}},{"type":"Feature","properties":{"id":"c2322","lines":"743","n":1,"tram":0,"op":"ZTM Warszawa — buses"},"geometry":{"type":"LineString","coordinates":[[20.881616,52.223122],[20.878533,52.225011],[20.875451,52.225011]]}},{"type":"Feature","properties":{"id":"c2323","lines":"96 743","n":2,"tram":0,"op":"mix"},"geometry":{"type":"LineString","coordinates":[[20.875451,52.225011],[20.866204,52.225011]]}},{"type":"Feature","properties":{"id":"c2324","lines":"96 97","n":2,"tram":0,"op":"GPA Grodzisk — buses"},"geometry":{"type":"LineString","coordinates":[[20.866204,52.225011],[20.866204,52.234454]]}},{"type":"Feature","properties":{"id":"c2325","lines":"97","n":1,"tram":0,"op":"GPA Grodzisk — buses"},"geometry":{"type":"LineString","coordinates":[[20.866204,52.225011],[20.860039,52.221234]]}},{"type":"Feature","properties":{"id":"c2326","lines":"97","n":1,"tram":0,"op":"GPA Grodzisk — buses"},"geometry":{"type":"LineString","coordinates":[[20.866204,52.225011],[20.860039,52.221234]]}},{"type":"Feature","properties":{"id":"c2327","lines":"97 743","n":2,"tram":0,"op":"mix"},"geometry":{"type":"LineString","coordinates":[[20.860039,52.215568],[20.860039,52.221234]]}},{"type":"Feature","properties":{"id":"c2328","lines":"97 743","n":2,"tram":0,"op":"mix"},"geometry":{"type":"LineString","coordinates":[[20.860039,52.215568],[20.860039,52.21368],[20.856956,52.211791]]}},{"type":"Feature","properties":{"id":"c2329","lines":"743","n":1,"tram":0,"op":"ZTM Warszawa — buses"},"geometry":{"type":"LineString","coordinates":[[20.860039,52.221234],[20.853874,52.225011],[20.850791,52.225011]]}},{"type":"Feature","properties":{"id":"c2330","lines":"743","n":1,"tram":0,"op":"ZTM Warszawa — buses"},"geometry":{"type":"LineString","coordinates":[[20.850791,52.225011],[20.838462,52.225011]]}},{"type":"Feature","properties":{"id":"c2331","lines":"743","n":1,"tram":0,"op":"ZTM Warszawa — buses"},"geometry":{"type":"LineString","coordinates":[[20.850791,52.225011],[20.850791,52.219345]]}},{"type":"Feature","properties":{"id":"c2332","lines":"743","n":1,"tram":0,"op":"ZTM Warszawa — buses"},"geometry":{"type":"LineString","coordinates":[[20.838462,52.225011],[20.829215,52.225011]]}},{"type":"Feature","properties":{"id":"c2333","lines":"743","n":1,"tram":0,"op":"ZTM Warszawa — buses"},"geometry":{"type":"LineString","coordinates":[[20.838462,52.225011],[20.835379,52.223122],[20.826132,52.223122]]}},{"type":"Feature","properties":{"id":"c2334","lines":"94 743","n":2,"tram":0,"op":"mix"},"geometry":{"type":"LineString","coordinates":[[20.826132,52.223122],[20.826132,52.21368],[20.829215,52.211791]]}},{"type":"Feature","properties":{"id":"c2335","lines":"94","n":1,"tram":0,"op":"GPA Grodzisk — buses"},"geometry":{"type":"LineString","coordinates":[[20.826132,52.223122],[20.829215,52.225011],[20.829215,52.232565]]}},{"type":"Feature","properties":{"id":"c2336","lines":"94","n":1,"tram":0,"op":"GPA Grodzisk — buses"},"geometry":{"type":"LineString","coordinates":[[20.826132,52.223122],[20.826132,52.230677]]}},{"type":"Feature","properties":{"id":"c2337","lines":"94 743","n":2,"tram":0,"op":"mix"},"geometry":{"type":"LineString","coordinates":[[20.829215,52.211791],[20.829215,52.206125]]}},{"type":"Feature","properties":{"id":"c2338","lines":"14","n":1,"tram":0,"op":"GPA Grodzisk — buses"},"geometry":{"type":"LineString","coordinates":[[20.829215,52.211791],[20.829215,52.208014]]}},{"type":"Feature","properties":{"id":"c2339","lines":"14","n":1,"tram":0,"op":"GPA Grodzisk — buses"},"geometry":{"type":"LineString","coordinates":[[20.829215,52.211791],[20.826132,52.209902]]}},{"type":"Feature","properties":{"id":"c2340","lines":"743","n":1,"tram":0,"op":"ZTM Warszawa — buses"},"geometry":{"type":"LineString","coordinates":[[20.829215,52.206125],[20.829215,52.20046]]}},{"type":"Feature","properties":{"id":"c2341","lines":"49 94","n":2,"tram":0,"op":"GPA Grodzisk — buses"},"geometry":{"type":"LineString","coordinates":[[20.829215,52.206125],[20.832297,52.204237]]}},{"type":"Feature","properties":{"id":"c2342","lines":"49","n":1,"tram":0,"op":"GPA Grodzisk — buses"},"geometry":{"type":"LineString","coordinates":[[20.829215,52.206125],[20.826132,52.208014],[20.826132,52.209902]]}},{"type":"Feature","properties":{"id":"c2343","lines":"49","n":1,"tram":0,"op":"GPA Grodzisk — buses"},"geometry":{"type":"LineString","coordinates":[[20.829215,52.206125],[20.829215,52.208014]]}},{"type":"Feature","properties":{"id":"c2344","lines":"750","n":1,"tram":0,"op":"ZTM Warszawa — buses"},"geometry":{"type":"LineString","coordinates":[[20.856956,52.294888],[20.866204,52.294888]]}},{"type":"Feature","properties":{"id":"c2345","lines":"750","n":1,"tram":0,"op":"ZTM Warszawa — buses"},"geometry":{"type":"LineString","coordinates":[[20.866204,52.294888],[20.884698,52.294888]]}},{"type":"Feature","properties":{"id":"c2346","lines":"755","n":1,"tram":0,"op":"ZTM Warszawa — buses"},"geometry":{"type":"LineString","coordinates":[[20.866204,52.294888],[20.847709,52.283557],[20.829215,52.283557]]}},{"type":"Feature","properties":{"id":"c2347","lines":"755","n":1,"tram":0,"op":"ZTM Warszawa — buses"},"geometry":{"type":"LineString","coordinates":[[20.866204,52.294888],[20.869286,52.293],[20.881616,52.293]]}},{"type":"Feature","properties":{"id":"c2348","lines":"750","n":1,"tram":0,"op":"ZTM Warszawa — buses"},"geometry":{"type":"LineString","coordinates":[[20.884698,52.294888],[20.90011,52.294888]]}},{"type":"Feature","properties":{"id":"c2349","lines":"750","n":1,"tram":0,"op":"ZTM Warszawa — buses"},"geometry":{"type":"LineString","coordinates":[[20.884698,52.294888],[20.881616,52.293]]}},{"type":"Feature","properties":{"id":"c2350","lines":"3 750 755","n":3,"tram":0,"op":"mix"},"geometry":{"type":"LineString","coordinates":[[20.90011,52.294888],[20.909358,52.294888]]}},{"type":"Feature","properties":{"id":"c2351","lines":"755","n":1,"tram":0,"op":"ZTM Warszawa — buses"},"geometry":{"type":"LineString","coordinates":[[20.90011,52.294888],[20.893945,52.294888],[20.890863,52.293]]}},{"type":"Feature","properties":{"id":"c2352","lines":"755","n":1,"tram":0,"op":"ZTM Warszawa — buses"},"geometry":{"type":"LineString","coordinates":[[20.90011,52.294888],[20.893945,52.294888],[20.890863,52.293]]}},{"type":"Feature","properties":{"id":"c2353","lines":"3 750 755","n":3,"tram":0,"op":"mix"},"geometry":{"type":"LineString","coordinates":[[20.909358,52.294888],[20.91244,52.293]]}},{"type":"Feature","properties":{"id":"c2354","lines":"3 750 755","n":3,"tram":0,"op":"mix"},"geometry":{"type":"LineString","coordinates":[[20.909358,52.294888],[20.915522,52.294888]]}},{"type":"Feature","properties":{"id":"c2355","lines":"2 3 750 755","n":4,"tram":0,"op":"mix"},"geometry":{"type":"LineString","coordinates":[[20.91244,52.293],[20.918605,52.293]]}},{"type":"Feature","properties":{"id":"c2356","lines":"2 3 750 755","n":4,"tram":0,"op":"mix"},"geometry":{"type":"LineString","coordinates":[[20.918605,52.293],[20.921687,52.293]]}},{"type":"Feature","properties":{"id":"c2357","lines":"3 750 755","n":3,"tram":0,"op":"mix"},"geometry":{"type":"LineString","coordinates":[[20.918605,52.293],[20.915522,52.294888]]}},{"type":"Feature","properties":{"id":"c2358","lines":"2","n":1,"tram":0,"op":"KM Łomianki"},"geometry":{"type":"LineString","coordinates":[[20.921687,52.293],[20.92477,52.294888],[20.927852,52.294888]]}},{"type":"Feature","properties":{"id":"c2359","lines":"2","n":1,"tram":0,"op":"KM Łomianki"},"geometry":{"type":"LineString","coordinates":[[20.921687,52.293],[20.930935,52.293]]}},{"type":"Feature","properties":{"id":"c2360","lines":"750","n":1,"tram":0,"op":"ZTM Warszawa — buses"},"geometry":{"type":"LineString","coordinates":[[20.878533,52.283557],[20.881616,52.285445],[20.881616,52.293]]}},{"type":"Feature","properties":{"id":"c2361","lines":"800","n":1,"tram":0,"op":"ZTM Warszawa — buses"},"geometry":{"type":"LineString","coordinates":[[20.878533,52.283557],[20.875451,52.283557],[20.860039,52.274114]]}},{"type":"Feature","properties":{"id":"c2362","lines":"755","n":1,"tram":0,"op":"ZTM Warszawa — buses"},"geometry":{"type":"LineString","coordinates":[[20.881616,52.293],[20.890863,52.293]]}},{"type":"Feature","properties":{"id":"c2363","lines":"817 N85","n":2,"tram":0,"op":"ZTM Warszawa — buses"},"geometry":{"type":"LineString","coordinates":[[20.860039,52.172131],[20.860039,52.177797]]}},{"type":"Feature","properties":{"id":"c2364","lines":"60 62 65 817 N85","n":5,"tram":0,"op":"mix"},"geometry":{"type":"LineString","coordinates":[[20.860039,52.177797],[20.860039,52.179685]]}},{"type":"Feature","properties":{"id":"c2365","lines":"60 65","n":2,"tram":0,"op":"GPA Grodzisk — buses"},"geometry":{"type":"LineString","coordinates":[[20.860039,52.177797],[20.856956,52.179685]]}},{"type":"Feature","properties":{"id":"c2366","lines":"60 62 65","n":3,"tram":0,"op":"GPA Grodzisk — buses"},"geometry":{"type":"LineString","coordinates":[[20.860039,52.177797],[20.860039,52.175908],[20.863121,52.174019]]}},{"type":"Feature","properties":{"id":"c2367","lines":"60 62 65","n":3,"tram":0,"op":"GPA Grodzisk — buses"},"geometry":{"type":"LineString","coordinates":[[20.860039,52.177797],[20.860039,52.172131],[20.863121,52.170242]]}},{"type":"Feature","properties":{"id":"c2368","lines":"62 78 817 N85","n":4,"tram":0,"op":"mix"},"geometry":{"type":"LineString","coordinates":[[20.860039,52.179685],[20.866204,52.175908]]}},{"type":"Feature","properties":{"id":"c2369","lines":"60 65 66 78","n":4,"tram":0,"op":"GPA Grodzisk — buses"},"geometry":{"type":"LineString","coordinates":[[20.860039,52.179685],[20.860039,52.183462],[20.863121,52.185351]]}},{"type":"Feature","properties":{"id":"c2370","lines":"66 78","n":2,"tram":0,"op":"GPA Grodzisk — buses"},"geometry":{"type":"LineString","coordinates":[[20.860039,52.179685],[20.856956,52.179685]]}},{"type":"Feature","properties":{"id":"c2371","lines":"817 N85","n":2,"tram":0,"op":"ZTM Warszawa — buses"},"geometry":{"type":"LineString","coordinates":[[20.866204,52.175908],[20.866204,52.177797],[20.869286,52.179685]]}},{"type":"Feature","properties":{"id":"c2372","lines":"62 78","n":2,"tram":0,"op":"GPA Grodzisk — buses"},"geometry":{"type":"LineString","coordinates":[[20.866204,52.175908],[20.869286,52.177797]]}},{"type":"Feature","properties":{"id":"c2373","lines":"817 N85","n":2,"tram":0,"op":"ZTM Warszawa — buses"},"geometry":{"type":"LineString","coordinates":[[20.869286,52.179685],[20.872368,52.181574],[20.872368,52.183462]]}},{"type":"Feature","properties":{"id":"c2374","lines":"62","n":1,"tram":0,"op":"GPA Grodzisk — buses"},"geometry":{"type":"LineString","coordinates":[[20.869286,52.179685],[20.869286,52.177797]]}},{"type":"Feature","properties":{"id":"c2375","lines":"62","n":1,"tram":0,"op":"GPA Grodzisk — buses"},"geometry":{"type":"LineString","coordinates":[[20.869286,52.179685],[20.869286,52.181574]]}},{"type":"Feature","properties":{"id":"c2376","lines":"62 817 N85","n":3,"tram":0,"op":"mix"},"geometry":{"type":"LineString","coordinates":[[20.872368,52.183462],[20.875451,52.183462],[20.878533,52.181574]]}},{"type":"Feature","properties":{"id":"c2377","lines":"62","n":1,"tram":0,"op":"mix"},"geometry":{"type":"LineString","coordinates":[[20.872368,52.183462],[20.869286,52.181574]]}},{"type":"Feature","properties":{"id":"c2378","lines":"62","n":1,"tram":0,"op":"GPA Grodzisk — buses"},"geometry":{"type":"LineString","coordinates":[[20.878533,52.181574],[20.869286,52.181574]]}},{"type":"Feature","properties":{"id":"c2381","lines":"L-1 L-5","n":2,"tram":0,"op":"ZTM Warszawa — buses"},"geometry":{"type":"LineString","coordinates":[[20.940182,52.123028],[20.937099,52.121139]]}},{"type":"Feature","properties":{"id":"c2382","lines":"L-1 L-5","n":2,"tram":0,"op":"ZTM Warszawa — buses"},"geometry":{"type":"LineString","coordinates":[[20.940182,52.123028],[20.940182,52.121139],[20.937099,52.119251]]}},{"type":"Feature","properties":{"id":"c2383","lines":"L-1 L-5","n":2,"tram":0,"op":"ZTM Warszawa — buses"},"geometry":{"type":"LineString","coordinates":[[20.937099,52.121139],[20.937099,52.119251]]}},{"type":"Feature","properties":{"id":"c2384","lines":"L-1 L-4","n":2,"tram":0,"op":"ZTM Warszawa — buses"},"geometry":{"type":"LineString","coordinates":[[20.930935,52.128694],[20.930935,52.134359]]}},{"type":"Feature","properties":{"id":"c2385","lines":"L-4","n":1,"tram":0,"op":"ZTM Warszawa — buses"},"geometry":{"type":"LineString","coordinates":[[20.930935,52.128694],[20.921687,52.134359]]}},{"type":"Feature","properties":{"id":"c2386","lines":"L-4","n":1,"tram":0,"op":"ZTM Warszawa — buses"},"geometry":{"type":"LineString","coordinates":[[20.930935,52.128694],[20.927852,52.130582],[20.927852,52.132471]]}},{"type":"Feature","properties":{"id":"c2387","lines":"L-3 L-4","n":2,"tram":0,"op":"ZTM Warszawa — buses"},"geometry":{"type":"LineString","coordinates":[[20.930935,52.134359],[20.921687,52.134359]]}},{"type":"Feature","properties":{"id":"c2388","lines":"L-3 L-4","n":2,"tram":0,"op":"ZTM Warszawa — buses"},"geometry":{"type":"LineString","coordinates":[[20.930935,52.134359],[20.927852,52.132471]]}},{"type":"Feature","properties":{"id":"c2389","lines":"L-1","n":1,"tram":0,"op":"ZTM Warszawa — buses"},"geometry":{"type":"LineString","coordinates":[[20.955594,52.134359],[20.949429,52.138137]]}},{"type":"Feature","properties":{"id":"c2390","lines":"L-1","n":1,"tram":0,"op":"ZTM Warszawa — buses"},"geometry":{"type":"LineString","coordinates":[[20.949429,52.138137],[20.943264,52.141914],[20.943264,52.149468]]}},{"type":"Feature","properties":{"id":"c2391","lines":"L-3","n":1,"tram":0,"op":"ZTM Warszawa — buses"},"geometry":{"type":"LineString","coordinates":[[20.903193,52.119251],[20.906275,52.117362],[20.921687,52.117362]]}},{"type":"Feature","properties":{"id":"c2392","lines":"L-3 L-4","n":2,"tram":0,"op":"ZTM Warszawa — buses"},"geometry":{"type":"LineString","coordinates":[[20.921687,52.134359],[20.92477,52.132471],[20.927852,52.132471]]}},{"type":"Feature","properties":{"id":"c2393","lines":"L-4","n":1,"tram":0,"op":"ZTM Warszawa — buses"},"geometry":{"type":"LineString","coordinates":[[20.995665,52.138137],[20.989501,52.134359],[20.986418,52.134359]]}},{"type":"Feature","properties":{"id":"c2394","lines":"L-7 L41","n":2,"tram":0,"op":"ZTM Warszawa — buses"},"geometry":{"type":"LineString","coordinates":[[20.937099,52.304331],[20.893945,52.304331]]}},{"type":"Feature","properties":{"id":"c2395","lines":"L49","n":1,"tram":0,"op":"ZTM Warszawa — buses"},"geometry":{"type":"LineString","coordinates":[[20.937099,52.304331],[20.930935,52.308108],[20.930935,52.311885]]}},{"type":"Feature","properties":{"id":"c2396","lines":"L-7 L41","n":2,"tram":0,"op":"ZTM Warszawa — buses"},"geometry":{"type":"LineString","coordinates":[[20.893945,52.304331],[20.884698,52.304331]]}},{"type":"Feature","properties":{"id":"c2397","lines":"L-7 L41","n":2,"tram":0,"op":"ZTM Warszawa — buses"},"geometry":{"type":"LineString","coordinates":[[20.893945,52.304331],[20.884698,52.304331]]}},{"type":"Feature","properties":{"id":"c2398","lines":"L-7 L41","n":2,"tram":0,"op":"ZTM Warszawa — buses"},"geometry":{"type":"LineString","coordinates":[[20.884698,52.304331],[20.881616,52.30622],[20.869286,52.30622]]}},{"type":"Feature","properties":{"id":"c2399","lines":"L-7 L11 L41","n":3,"tram":0,"op":"ZTM Warszawa — buses"},"geometry":{"type":"LineString","coordinates":[[20.869286,52.30622],[20.860039,52.30622]]}},{"type":"Feature","properties":{"id":"c2400","lines":"L11","n":1,"tram":0,"op":"ZTM Warszawa — buses"},"geometry":{"type":"LineString","coordinates":[[20.869286,52.30622],[20.872368,52.308108]]}},{"type":"Feature","properties":{"id":"c2401","lines":"L11","n":1,"tram":0,"op":"ZTM Warszawa — buses"},"geometry":{"type":"LineString","coordinates":[[20.869286,52.30622],[20.872368,52.308108]]}},{"type":"Feature","properties":{"id":"c2402","lines":"L-8","n":1,"tram":0,"op":"ZTM Warszawa — buses"},"geometry":{"type":"LineString","coordinates":[[20.980253,52.308108],[20.977171,52.308108],[20.974088,52.309997]]}},{"type":"Feature","properties":{"id":"c2403","lines":"L-8 L45","n":2,"tram":0,"op":"ZTM Warszawa — buses"},"geometry":{"type":"LineString","coordinates":[[21.032654,52.311885],[21.038819,52.308108]]}},{"type":"Feature","properties":{"id":"c2404","lines":"L-8 L45","n":2,"tram":0,"op":"ZTM Warszawa — buses"},"geometry":{"type":"LineString","coordinates":[[21.032654,52.311885],[21.029572,52.313774]]}},{"type":"Feature","properties":{"id":"c2405","lines":"L45","n":1,"tram":0,"op":"ZTM Warszawa — buses"},"geometry":{"type":"LineString","coordinates":[[21.038819,52.308108],[21.041902,52.30622],[21.044984,52.30622]]}},{"type":"Feature","properties":{"id":"c2406","lines":"L-9 L11","n":2,"tram":0,"op":"mix"},"geometry":{"type":"LineString","coordinates":[[20.974088,52.309997],[20.974088,52.311885]]}},{"type":"Feature","properties":{"id":"c2407","lines":"L-9 L11","n":2,"tram":0,"op":"ZTM Warszawa — buses"},"geometry":{"type":"LineString","coordinates":[[20.974088,52.311885],[20.971006,52.313774],[20.967924,52.313774]]}},{"type":"Feature","properties":{"id":"c2409","lines":"L-9 L11","n":2,"tram":0,"op":"ZTM Warszawa — buses"},"geometry":{"type":"LineString","coordinates":[[20.967924,52.313774],[20.964841,52.315662]]}},{"type":"Feature","properties":{"id":"c2410","lines":"L-9 L11","n":2,"tram":0,"op":"ZTM Warszawa — buses"},"geometry":{"type":"LineString","coordinates":[[20.967924,52.313774],[20.964841,52.315662]]}},{"type":"Feature","properties":{"id":"c2411","lines":"L-9 L10 L11","n":3,"tram":0,"op":"ZTM Warszawa — buses"},"geometry":{"type":"LineString","coordinates":[[20.964841,52.315662],[20.971006,52.315662],[20.974088,52.317551]]}},{"type":"Feature","properties":{"id":"c2412","lines":"L-9 L10 L11","n":3,"tram":0,"op":"ZTM Warszawa — buses"},"geometry":{"type":"LineString","coordinates":[[20.974088,52.317551],[20.974088,52.31944]]}},{"type":"Feature","properties":{"id":"c2413","lines":"L-9 L10 L11","n":3,"tram":0,"op":"ZTM Warszawa — buses"},"geometry":{"type":"LineString","coordinates":[[20.974088,52.317551],[20.977171,52.31944],[20.977171,52.323217]]}},{"type":"Feature","properties":{"id":"c2414","lines":"L-9 L10 L11","n":3,"tram":0,"op":"ZTM Warszawa — buses"},"geometry":{"type":"LineString","coordinates":[[20.974088,52.31944],[20.971006,52.321328]]}},{"type":"Feature","properties":{"id":"c2415","lines":"L-9 L10 L11","n":3,"tram":0,"op":"ZTM Warszawa — buses"},"geometry":{"type":"LineString","coordinates":[[20.974088,52.31944],[20.971006,52.31944],[20.967924,52.321328]]}},{"type":"Feature","properties":{"id":"c2416","lines":"L-9 L10 L11 W2 W3","n":5,"tram":0,"op":"mix"},"geometry":{"type":"LineString","coordinates":[[20.971006,52.321328],[20.967924,52.321328]]}},{"type":"Feature","properties":{"id":"c2417","lines":"L-9 L11 W2","n":3,"tram":0,"op":"mix"},"geometry":{"type":"LineString","coordinates":[[20.971006,52.321328],[20.983336,52.321328]]}},{"type":"Feature","properties":{"id":"c2418","lines":"W3","n":1,"tram":0,"op":"Wieliszew"},"geometry":{"type":"LineString","coordinates":[[20.971006,52.321328],[20.974088,52.323217],[20.977171,52.323217]]}},{"type":"Feature","properties":{"id":"c2419","lines":"L-9 L10 L11 W3","n":4,"tram":0,"op":"mix"},"geometry":{"type":"LineString","coordinates":[[20.967924,52.321328],[20.964841,52.323217]]}},{"type":"Feature","properties":{"id":"c2420","lines":"L-9 L10 L11 W3","n":4,"tram":0,"op":"mix"},"geometry":{"type":"LineString","coordinates":[[20.967924,52.321328],[20.964841,52.323217]]}},{"type":"Feature","properties":{"id":"c2421","lines":"L10 L11 W2","n":3,"tram":0,"op":"mix"},"geometry":{"type":"LineString","coordinates":[[20.967924,52.321328],[20.971006,52.323217],[20.977171,52.323217]]}},{"type":"Feature","properties":{"id":"c2422","lines":"W2","n":1,"tram":0,"op":"Wieliszew"},"geometry":{"type":"LineString","coordinates":[[20.967924,52.321328],[20.949429,52.321328]]}},{"type":"Feature","properties":{"id":"c2423","lines":"W2","n":1,"tram":0,"op":"Wieliszew"},"geometry":{"type":"LineString","coordinates":[[20.967924,52.321328],[20.949429,52.321328]]}},{"type":"Feature","properties":{"id":"c2424","lines":"W3","n":1,"tram":0,"op":"Wieliszew"},"geometry":{"type":"LineString","coordinates":[[20.967924,52.321328],[20.971006,52.323217],[20.977171,52.323217]]}},{"type":"Feature","properties":{"id":"c2425","lines":"L-9 L10 L11 W3","n":4,"tram":0,"op":"mix"},"geometry":{"type":"LineString","coordinates":[[20.964841,52.323217],[20.961759,52.323217]]}},{"type":"Feature","properties":{"id":"c2426","lines":"L-9 L10 L11 W3","n":4,"tram":0,"op":"mix"},"geometry":{"type":"LineString","coordinates":[[20.961759,52.323217],[20.961759,52.326994],[20.964841,52.328882]]}},{"type":"Feature","properties":{"id":"c2427","lines":"L-9 L10 L11 W3","n":4,"tram":0,"op":"mix"},"geometry":{"type":"LineString","coordinates":[[20.961759,52.323217],[20.958676,52.325105]]}},{"type":"Feature","properties":{"id":"c2428","lines":"L-9 L10 W3","n":3,"tram":0,"op":"mix"},"geometry":{"type":"LineString","coordinates":[[20.964841,52.328882],[20.964841,52.330771]]}},{"type":"Feature","properties":{"id":"c2429","lines":"L-9 L10 L11 W3","n":4,"tram":0,"op":"mix"},"geometry":{"type":"LineString","coordinates":[[20.958676,52.325105],[20.955594,52.325105]]}},{"type":"Feature","properties":{"id":"c2430","lines":"W3","n":1,"tram":0,"op":"Wieliszew"},"geometry":{"type":"LineString","coordinates":[[20.958676,52.325105],[20.955594,52.325105]]}},{"type":"Feature","properties":{"id":"c2431","lines":"L-9 L10","n":2,"tram":0,"op":"ZTM Warszawa — buses"},"geometry":{"type":"LineString","coordinates":[[20.955594,52.325105],[20.952511,52.326994]]}},{"type":"Feature","properties":{"id":"c2432","lines":"L11","n":1,"tram":0,"op":"ZTM Warszawa — buses"},"geometry":{"type":"LineString","coordinates":[[20.955594,52.325105],[20.949429,52.321328]]}},{"type":"Feature","properties":{"id":"c2433","lines":"W3","n":1,"tram":0,"op":"Wieliszew"},"geometry":{"type":"LineString","coordinates":[[20.955594,52.325105],[20.952511,52.326994]]}},{"type":"Feature","properties":{"id":"c2434","lines":"W3","n":1,"tram":0,"op":"Wieliszew"},"geometry":{"type":"LineString","coordinates":[[20.955594,52.325105],[20.946347,52.325105]]}},{"type":"Feature","properties":{"id":"c2435","lines":"L-9 L10 W1","n":3,"tram":0,"op":"mix"},"geometry":{"type":"LineString","coordinates":[[20.952511,52.326994],[20.952511,52.328882],[20.955594,52.330771]]}},{"type":"Feature","properties":{"id":"c2436","lines":"W1","n":1,"tram":0,"op":"Wieliszew"},"geometry":{"type":"LineString","coordinates":[[20.952511,52.326994],[20.949429,52.325105],[20.946347,52.325105]]}},{"type":"Feature","properties":{"id":"c2437","lines":"W3","n":1,"tram":0,"op":"Wieliszew"},"geometry":{"type":"LineString","coordinates":[[20.952511,52.326994],[20.921687,52.326994]]}},{"type":"Feature","properties":{"id":"c2438","lines":"W1","n":1,"tram":0,"op":"Wieliszew"},"geometry":{"type":"LineString","coordinates":[[20.955594,52.330771],[20.946347,52.325105]]}},{"type":"Feature","properties":{"id":"c2439","lines":"L-9 L10 L11 W2 W3","n":5,"tram":0,"op":"mix"},"geometry":{"type":"LineString","coordinates":[[20.977171,52.323217],[20.980253,52.323217],[20.983336,52.321328]]}},{"type":"Feature","properties":{"id":"c2440","lines":"W2 W3","n":2,"tram":0,"op":"Wieliszew"},"geometry":{"type":"LineString","coordinates":[[20.983336,52.321328],[20.989501,52.321328]]}},{"type":"Feature","properties":{"id":"c2441","lines":"L11","n":1,"tram":0,"op":"ZTM Warszawa — buses"},"geometry":{"type":"LineString","coordinates":[[20.949429,52.321328],[20.946347,52.323217],[20.943264,52.323217]]}},{"type":"Feature","properties":{"id":"c2442","lines":"W2","n":1,"tram":0,"op":"Wieliszew"},"geometry":{"type":"LineString","coordinates":[[20.949429,52.321328],[20.930935,52.321328]]}},{"type":"Feature","properties":{"id":"c2443","lines":"W2","n":1,"tram":0,"op":"Wieliszew"},"geometry":{"type":"LineString","coordinates":[[20.949429,52.321328],[20.930935,52.321328]]}},{"type":"Feature","properties":{"id":"c2444","lines":"L11 W1","n":2,"tram":0,"op":"mix"},"geometry":{"type":"LineString","coordinates":[[20.943264,52.323217],[20.934017,52.323217]]}},{"type":"Feature","properties":{"id":"c2445","lines":"W1","n":1,"tram":0,"op":"Wieliszew"},"geometry":{"type":"LineString","coordinates":[[20.943264,52.323217],[20.946347,52.325105]]}},{"type":"Feature","properties":{"id":"c2446","lines":"W1","n":1,"tram":0,"op":"Wieliszew"},"geometry":{"type":"LineString","coordinates":[[20.943264,52.323217],[20.946347,52.325105]]}},{"type":"Feature","properties":{"id":"c2447","lines":"L11 W1","n":2,"tram":0,"op":"mix"},"geometry":{"type":"LineString","coordinates":[[20.934017,52.323217],[20.930935,52.321328]]}},{"type":"Feature","properties":{"id":"c2448","lines":"W1","n":1,"tram":0,"op":"Wieliszew"},"geometry":{"type":"LineString","coordinates":[[20.934017,52.323217],[20.930935,52.321328]]}},{"type":"Feature","properties":{"id":"c2449","lines":"L11 W2","n":2,"tram":0,"op":"mix"},"geometry":{"type":"LineString","coordinates":[[20.930935,52.321328],[20.927852,52.31944]]}},{"type":"Feature","properties":{"id":"c2450","lines":"W1","n":1,"tram":0,"op":"Wieliszew"},"geometry":{"type":"LineString","coordinates":[[20.930935,52.321328],[20.930935,52.313774]]}},{"type":"Feature","properties":{"id":"c2451","lines":"W1","n":1,"tram":0,"op":"Wieliszew"},"geometry":{"type":"LineString","coordinates":[[20.930935,52.321328],[20.930935,52.313774]]}},{"type":"Feature","properties":{"id":"c2452","lines":"L11 L34 W2","n":3,"tram":0,"op":"mix"},"geometry":{"type":"LineString","coordinates":[[20.927852,52.31944],[20.927852,52.317551]]}},{"type":"Feature","properties":{"id":"c2453","lines":"L11 L34","n":2,"tram":0,"op":"ZTM Warszawa — buses"},"geometry":{"type":"LineString","coordinates":[[20.927852,52.31944],[20.92477,52.31944],[20.921687,52.317551]]}},{"type":"Feature","properties":{"id":"c2454","lines":"L34","n":1,"tram":0,"op":"ZTM Warszawa — buses"},"geometry":{"type":"LineString","coordinates":[[20.927852,52.317551],[20.927852,52.315662],[20.930935,52.313774]]}},{"type":"Feature","properties":{"id":"c2455","lines":"L34 W2","n":2,"tram":0,"op":"mix"},"geometry":{"type":"LineString","coordinates":[[20.927852,52.317551],[20.921687,52.317551]]}},{"type":"Feature","properties":{"id":"c2456","lines":"L11 W2","n":2,"tram":0,"op":"mix"},"geometry":{"type":"LineString","coordinates":[[20.921687,52.317551],[20.915522,52.313774]]}},{"type":"Feature","properties":{"id":"c2457","lines":"L11 W2","n":2,"tram":0,"op":"mix"},"geometry":{"type":"LineString","coordinates":[[20.915522,52.313774],[20.909358,52.313774]]}},{"type":"Feature","properties":{"id":"c2458","lines":"W2","n":1,"tram":0,"op":"Wieliszew"},"geometry":{"type":"LineString","coordinates":[[20.915522,52.313774],[20.91244,52.315662],[20.906275,52.315662]]}},{"type":"Feature","properties":{"id":"c2459","lines":"L11","n":1,"tram":0,"op":"ZTM Warszawa — buses"},"geometry":{"type":"LineString","coordinates":[[20.909358,52.313774],[20.906275,52.315662]]}},{"type":"Feature","properties":{"id":"c2460","lines":"W2","n":1,"tram":0,"op":"Wieliszew"},"geometry":{"type":"LineString","coordinates":[[20.909358,52.313774],[20.90011,52.313774],[20.897028,52.315662]]}},{"type":"Feature","properties":{"id":"c2461","lines":"L11","n":1,"tram":0,"op":"ZTM Warszawa — buses"},"geometry":{"type":"LineString","coordinates":[[20.906275,52.315662],[20.897028,52.315662]]}},{"type":"Feature","properties":{"id":"c2462","lines":"W2","n":1,"tram":0,"op":"Wieliszew"},"geometry":{"type":"LineString","coordinates":[[20.906275,52.315662],[20.897028,52.315662]]}},{"type":"Feature","properties":{"id":"c2463","lines":"L11 W2","n":2,"tram":0,"op":"mix"},"geometry":{"type":"LineString","coordinates":[[20.897028,52.315662],[20.890863,52.311885]]}},{"type":"Feature","properties":{"id":"c2464","lines":"L11","n":1,"tram":0,"op":"ZTM Warszawa — buses"},"geometry":{"type":"LineString","coordinates":[[20.890863,52.311885],[20.884698,52.311885],[20.881616,52.309997]]}},{"type":"Feature","properties":{"id":"c2465","lines":"L11 W2","n":2,"tram":0,"op":"mix"},"geometry":{"type":"LineString","coordinates":[[20.890863,52.311885],[20.887781,52.313774]]}},{"type":"Feature","properties":{"id":"c2466","lines":"W2","n":1,"tram":0,"op":"Wieliszew"},"geometry":{"type":"LineString","coordinates":[[20.890863,52.311885],[20.890863,52.308108]]}},{"type":"Feature","properties":{"id":"c2467","lines":"W2","n":1,"tram":0,"op":"Wieliszew"},"geometry":{"type":"LineString","coordinates":[[20.890863,52.311885],[20.887781,52.313774]]}},{"type":"Feature","properties":{"id":"c2468","lines":"W2","n":1,"tram":0,"op":"Wieliszew"},"geometry":{"type":"LineString","coordinates":[[20.890863,52.311885],[20.890863,52.308108]]}},{"type":"Feature","properties":{"id":"c2469","lines":"L11","n":1,"tram":0,"op":"ZTM Warszawa — buses"},"geometry":{"type":"LineString","coordinates":[[20.881616,52.309997],[20.878533,52.308108],[20.872368,52.308108]]}},{"type":"Feature","properties":{"id":"c2470","lines":"L11","n":1,"tram":0,"op":"ZTM Warszawa — buses"},"geometry":{"type":"LineString","coordinates":[[20.881616,52.309997],[20.887781,52.313774]]}},{"type":"Feature","properties":{"id":"c2471","lines":"L12","n":1,"tram":0,"op":"ZTM Warszawa — buses"},"geometry":{"type":"LineString","coordinates":[[20.949429,52.119251],[20.943264,52.115474]]}},{"type":"Feature","properties":{"id":"c2472","lines":"L12","n":1,"tram":0,"op":"ZTM Warszawa — buses"},"geometry":{"type":"LineString","coordinates":[[20.949429,52.119251],[20.943264,52.115474]]}},{"type":"Feature","properties":{"id":"c2473","lines":"L13","n":1,"tram":0,"op":"ZTM Warszawa — buses"},"geometry":{"type":"LineString","coordinates":[[20.983336,52.117362],[20.998748,52.117362]]}},{"type":"Feature","properties":{"id":"c2474","lines":"L13 L28","n":2,"tram":0,"op":"ZTM Warszawa — buses"},"geometry":{"type":"LineString","coordinates":[[20.983336,52.117362],[20.986418,52.119251],[20.995665,52.119251]]}},{"type":"Feature","properties":{"id":"c2475","lines":"L17 L52","n":2,"tram":0,"op":"ZTM Warszawa — buses"},"geometry":{"type":"LineString","coordinates":[[20.983336,52.117362],[20.983336,52.106031]]}},{"type":"Feature","properties":{"id":"c2476","lines":"L18 L32","n":2,"tram":0,"op":"ZTM Warszawa — buses"},"geometry":{"type":"LineString","coordinates":[[20.983336,52.117362],[20.974088,52.111697],[20.974088,52.109808]]}},{"type":"Feature","properties":{"id":"c2477","lines":"L13 L19 L28","n":3,"tram":0,"op":"ZTM Warszawa — buses"},"geometry":{"type":"LineString","coordinates":[[20.998748,52.117362],[21.00183,52.115474],[21.007995,52.115474]]}},{"type":"Feature","properties":{"id":"c2478","lines":"L13 L19 L28","n":3,"tram":0,"op":"ZTM Warszawa — buses"},"geometry":{"type":"LineString","coordinates":[[20.998748,52.117362],[20.995665,52.119251]]}},{"type":"Feature","properties":{"id":"c2479","lines":"L13 L19 L28","n":3,"tram":0,"op":"ZTM Warszawa — buses"},"geometry":{"type":"LineString","coordinates":[[21.007995,52.115474],[21.011078,52.113585]]}},{"type":"Feature","properties":{"id":"c2480","lines":"L13 L28","n":2,"tram":0,"op":"ZTM Warszawa — buses"},"geometry":{"type":"LineString","coordinates":[[21.007995,52.115474],[21.011078,52.115474]]}},{"type":"Feature","properties":{"id":"c2481","lines":"L13 L28","n":2,"tram":0,"op":"ZTM Warszawa — buses"},"geometry":{"type":"LineString","coordinates":[[21.011078,52.113585],[21.011078,52.115474]]}},{"type":"Feature","properties":{"id":"c2482","lines":"L19","n":1,"tram":0,"op":"ZTM Warszawa — buses"},"geometry":{"type":"LineString","coordinates":[[21.011078,52.113585],[21.011078,52.100365]]}},{"type":"Feature","properties":{"id":"c2483","lines":"L28","n":1,"tram":0,"op":"ZTM Warszawa — buses"},"geometry":{"type":"LineString","coordinates":[[21.011078,52.113585],[21.020325,52.113585],[21.023407,52.115474]]}},{"type":"Feature","properties":{"id":"c2484","lines":"L28","n":1,"tram":0,"op":"ZTM Warszawa — buses"},"geometry":{"type":"LineString","coordinates":[[21.011078,52.115474],[21.023407,52.115474]]}},{"type":"Feature","properties":{"id":"c2485","lines":"L14","n":1,"tram":0,"op":"ZTM Warszawa — buses"},"geometry":{"type":"LineString","coordinates":[[21.094303,52.143802],[21.085056,52.149468]]}},{"type":"Feature","properties":{"id":"c2486","lines":"L14","n":1,"tram":0,"op":"ZTM Warszawa — buses"},"geometry":{"type":"LineString","coordinates":[[21.085056,52.149468],[21.094303,52.155134]]}},{"type":"Feature","properties":{"id":"c2487","lines":"L14 L15 L16","n":3,"tram":0,"op":"ZTM Warszawa — buses"},"geometry":{"type":"LineString","coordinates":[[21.069644,52.149468],[21.072726,52.151357],[21.075808,52.151357]]}},{"type":"Feature","properties":{"id":"c2488","lines":"L14 L15","n":2,"tram":0,"op":"ZTM Warszawa — buses"},"geometry":{"type":"LineString","coordinates":[[21.069644,52.149468],[21.075808,52.149468]]}},{"type":"Feature","properties":{"id":"c2489","lines":"L16","n":1,"tram":0,"op":"ZTM Warszawa — buses"},"geometry":{"type":"LineString","coordinates":[[21.069644,52.149468],[21.078891,52.155134],[21.081973,52.155134]]}},{"type":"Feature","properties":{"id":"c2490","lines":"L14 L15","n":2,"tram":0,"op":"ZTM Warszawa — buses"},"geometry":{"type":"LineString","coordinates":[[21.075808,52.151357],[21.075808,52.149468]]}},{"type":"Feature","properties":{"id":"c2491","lines":"L16","n":1,"tram":0,"op":"ZTM Warszawa — buses"},"geometry":{"type":"LineString","coordinates":[[21.075808,52.151357],[21.081973,52.155134]]}},{"type":"Feature","properties":{"id":"c2492","lines":"L14 L15","n":2,"tram":0,"op":"ZTM Warszawa — buses"},"geometry":{"type":"LineString","coordinates":[[21.075808,52.149468],[21.078891,52.149468]]}},{"type":"Feature","properties":{"id":"c2493","lines":"L15","n":1,"tram":0,"op":"ZTM Warszawa — buses"},"geometry":{"type":"LineString","coordinates":[[21.057314,52.134359],[21.057314,52.132471]]}},{"type":"Feature","properties":{"id":"c2494","lines":"L15","n":1,"tram":0,"op":"ZTM Warszawa — buses"},"geometry":{"type":"LineString","coordinates":[[21.057314,52.134359],[21.060396,52.136248]]}},{"type":"Feature","properties":{"id":"c2495","lines":"L15","n":1,"tram":0,"op":"ZTM Warszawa — buses"},"geometry":{"type":"LineString","coordinates":[[21.057314,52.134359],[21.060396,52.134359]]}},{"type":"Feature","properties":{"id":"c2496","lines":"L15","n":1,"tram":0,"op":"ZTM Warszawa — buses"},"geometry":{"type":"LineString","coordinates":[[21.057314,52.132471],[21.057314,52.130582],[21.051149,52.126805]]}},{"type":"Feature","properties":{"id":"c2497","lines":"L15","n":1,"tram":0,"op":"ZTM Warszawa — buses"},"geometry":{"type":"LineString","coordinates":[[21.057314,52.132471],[21.060396,52.134359]]}},{"type":"Feature","properties":{"id":"c2498","lines":"L15 L28","n":2,"tram":0,"op":"ZTM Warszawa — buses"},"geometry":{"type":"LineString","coordinates":[[21.051149,52.126805],[21.057314,52.126805]]}},{"type":"Feature","properties":{"id":"c2499","lines":"L28","n":1,"tram":0,"op":"ZTM Warszawa — buses"},"geometry":{"type":"LineString","coordinates":[[21.051149,52.126805],[21.048067,52.124917],[21.044984,52.124917]]}},{"type":"Feature","properties":{"id":"c2500","lines":"L15 L28","n":2,"tram":0,"op":"ZTM Warszawa — buses"},"geometry":{"type":"LineString","coordinates":[[21.057314,52.126805],[21.063479,52.126805]]}},{"type":"Feature","properties":{"id":"c2501","lines":"L28","n":1,"tram":0,"op":"ZTM Warszawa — buses"},"geometry":{"type":"LineString","coordinates":[[21.057314,52.126805],[21.054231,52.124917],[21.044984,52.124917]]}},{"type":"Feature","properties":{"id":"c2502","lines":"L15","n":1,"tram":0,"op":"ZTM Warszawa — buses"},"geometry":{"type":"LineString","coordinates":[[21.063479,52.126805],[21.057314,52.123028]]}},{"type":"Feature","properties":{"id":"c2503","lines":"L15","n":1,"tram":0,"op":"ZTM Warszawa — buses"},"geometry":{"type":"LineString","coordinates":[[21.057314,52.123028],[21.051149,52.119251]]}},{"type":"Feature","properties":{"id":"c2504","lines":"L15","n":1,"tram":0,"op":"ZTM Warszawa — buses"},"geometry":{"type":"LineString","coordinates":[[21.057314,52.123028],[21.057314,52.115474]]}},{"type":"Feature","properties":{"id":"c2505","lines":"L15","n":1,"tram":0,"op":"ZTM Warszawa — buses"},"geometry":{"type":"LineString","coordinates":[[21.051149,52.119251],[21.054231,52.117362]]}},{"type":"Feature","properties":{"id":"c2506","lines":"L15","n":1,"tram":0,"op":"ZTM Warszawa — buses"},"geometry":{"type":"LineString","coordinates":[[21.051149,52.119251],[21.054231,52.117362]]}},{"type":"Feature","properties":{"id":"c2507","lines":"L28","n":1,"tram":0,"op":"ZTM Warszawa — buses"},"geometry":{"type":"LineString","coordinates":[[21.051149,52.119251],[21.044984,52.123028]]}},{"type":"Feature","properties":{"id":"c2508","lines":"L28","n":1,"tram":0,"op":"ZTM Warszawa — buses"},"geometry":{"type":"LineString","coordinates":[[21.051149,52.119251],[21.044984,52.119251]]}},{"type":"Feature","properties":{"id":"c2509","lines":"L15","n":1,"tram":0,"op":"ZTM Warszawa — buses"},"geometry":{"type":"LineString","coordinates":[[21.054231,52.117362],[21.066561,52.117362],[21.069644,52.115474]]}},{"type":"Feature","properties":{"id":"c2510","lines":"L15 L54","n":2,"tram":0,"op":"ZTM Warszawa — buses"},"geometry":{"type":"LineString","coordinates":[[21.069644,52.115474],[21.072726,52.113585]]}},{"type":"Feature","properties":{"id":"c2511","lines":"L54","n":1,"tram":0,"op":"ZTM Warszawa — buses"},"geometry":{"type":"LineString","coordinates":[[21.069644,52.115474],[21.057314,52.115474]]}},{"type":"Feature","properties":{"id":"c2512","lines":"L15","n":1,"tram":0,"op":"ZTM Warszawa — buses"},"geometry":{"type":"LineString","coordinates":[[21.060396,52.136248],[21.060396,52.134359]]}},{"type":"Feature","properties":{"id":"c2513","lines":"L54","n":1,"tram":0,"op":"ZTM Warszawa — buses"},"geometry":{"type":"LineString","coordinates":[[21.057314,52.115474],[21.051149,52.115474],[21.044984,52.119251]]}},{"type":"Feature","properties":{"id":"c2514","lines":"L16 L55","n":2,"tram":0,"op":"ZTM Warszawa — buses"},"geometry":{"type":"LineString","coordinates":[[21.048067,52.138137],[21.044984,52.136248]]}},{"type":"Feature","properties":{"id":"c2515","lines":"L16 L55","n":2,"tram":0,"op":"ZTM Warszawa — buses"},"geometry":{"type":"LineString","coordinates":[[21.044984,52.136248],[21.038819,52.136248]]}},{"type":"Feature","properties":{"id":"c2516","lines":"L16","n":1,"tram":0,"op":"ZTM Warszawa — buses"},"geometry":{"type":"LineString","coordinates":[[21.044984,52.136248],[21.038819,52.136248]]}},{"type":"Feature","properties":{"id":"c2517","lines":"L55","n":1,"tram":0,"op":"ZTM Warszawa — buses"},"geometry":{"type":"LineString","coordinates":[[21.038819,52.136248],[21.035737,52.136248],[21.032654,52.134359]]}},{"type":"Feature","properties":{"id":"c2518","lines":"L16 L24","n":2,"tram":0,"op":"ZTM Warszawa — buses"},"geometry":{"type":"LineString","coordinates":[[21.048067,52.132471],[21.048067,52.130582]]}},{"type":"Feature","properties":{"id":"c2519","lines":"L24","n":1,"tram":0,"op":"ZTM Warszawa — buses"},"geometry":{"type":"LineString","coordinates":[[21.048067,52.132471],[21.038819,52.126805]]}},{"type":"Feature","properties":{"id":"c2520","lines":"L16","n":1,"tram":0,"op":"ZTM Warszawa — buses"},"geometry":{"type":"LineString","coordinates":[[21.048067,52.130582],[21.048067,52.128694]]}},{"type":"Feature","properties":{"id":"c2521","lines":"L24","n":1,"tram":0,"op":"ZTM Warszawa — buses"},"geometry":{"type":"LineString","coordinates":[[21.048067,52.130582],[21.041902,52.126805],[21.038819,52.126805]]}},{"type":"Feature","properties":{"id":"c2522","lines":"L17","n":1,"tram":0,"op":"ZTM Warszawa — buses"},"geometry":{"type":"LineString","coordinates":[[20.983336,52.106031],[20.995665,52.098477],[20.995665,52.096588]]}},{"type":"Feature","properties":{"id":"c2523","lines":"L32","n":1,"tram":0,"op":"ZTM Warszawa — buses"},"geometry":{"type":"LineString","coordinates":[[20.983336,52.106031],[20.977171,52.109808],[20.974088,52.109808]]}},{"type":"Feature","properties":{"id":"c2524","lines":"L17","n":1,"tram":0,"op":"ZTM Warszawa — buses"},"geometry":{"type":"LineString","coordinates":[[20.995665,52.096588],[20.992583,52.094699],[20.971006,52.094699]]}},{"type":"Feature","properties":{"id":"c2525","lines":"L19","n":1,"tram":0,"op":"ZTM Warszawa — buses"},"geometry":{"type":"LineString","coordinates":[[20.995665,52.096588],[21.004913,52.096588]]}},{"type":"Feature","properties":{"id":"c2526","lines":"L19","n":1,"tram":0,"op":"ZTM Warszawa — buses"},"geometry":{"type":"LineString","coordinates":[[20.995665,52.096588],[20.995665,52.090922]]}},{"type":"Feature","properties":{"id":"c2527","lines":"L18","n":1,"tram":0,"op":"ZTM Warszawa — buses"},"geometry":{"type":"LineString","coordinates":[[20.971006,52.094699],[20.974088,52.096588],[20.974088,52.109808]]}},{"type":"Feature","properties":{"id":"c2528","lines":"L19","n":1,"tram":0,"op":"ZTM Warszawa — buses"},"geometry":{"type":"LineString","coordinates":[[20.971006,52.094699],[20.977171,52.090922]]}},{"type":"Feature","properties":{"id":"c2529","lines":"L19","n":1,"tram":0,"op":"ZTM Warszawa — buses"},"geometry":{"type":"LineString","coordinates":[[21.011078,52.100365],[21.004913,52.096588]]}},{"type":"Feature","properties":{"id":"c2530","lines":"L19","n":1,"tram":0,"op":"ZTM Warszawa — buses"},"geometry":{"type":"LineString","coordinates":[[21.011078,52.100365],[21.004913,52.096588]]}},{"type":"Feature","properties":{"id":"c2531","lines":"L19","n":1,"tram":0,"op":"ZTM Warszawa — buses"},"geometry":{"type":"LineString","coordinates":[[20.995665,52.090922],[20.977171,52.090922]]}},{"type":"Feature","properties":{"id":"c2532","lines":"L19","n":1,"tram":0,"op":"ZTM Warszawa — buses"},"geometry":{"type":"LineString","coordinates":[[20.995665,52.090922],[20.977171,52.090922]]}},{"type":"Feature","properties":{"id":"c2533","lines":"L23 L24 L25 L54","n":4,"tram":0,"op":"ZTM Warszawa — buses"},"geometry":{"type":"LineString","coordinates":[[21.01416,52.124917],[21.017242,52.124917]]}},{"type":"Feature","properties":{"id":"c2534","lines":"L23 L24 L25 L39 L54","n":5,"tram":0,"op":"ZTM Warszawa — buses"},"geometry":{"type":"LineString","coordinates":[[21.01416,52.124917],[21.011078,52.124917],[21.007995,52.123028]]}},{"type":"Feature","properties":{"id":"c2535","lines":"L39","n":1,"tram":0,"op":"ZTM Warszawa — buses"},"geometry":{"type":"LineString","coordinates":[[21.01416,52.124917],[21.007995,52.121139]]}},{"type":"Feature","properties":{"id":"c2536","lines":"L23 L24 L25 L54","n":4,"tram":0,"op":"ZTM Warszawa — buses"},"geometry":{"type":"LineString","coordinates":[[21.017242,52.124917],[21.020325,52.124917]]}},{"type":"Feature","properties":{"id":"c2537","lines":"L23","n":1,"tram":0,"op":"ZTM Warszawa — buses"},"geometry":{"type":"LineString","coordinates":[[21.017242,52.124917],[21.017242,52.123028]]}},{"type":"Feature","properties":{"id":"c2538","lines":"L25 L54","n":2,"tram":0,"op":"ZTM Warszawa — buses"},"geometry":{"type":"LineString","coordinates":[[21.017242,52.124917],[21.023407,52.121139],[21.02649,52.121139]]}},{"type":"Feature","properties":{"id":"c2539","lines":"L23","n":1,"tram":0,"op":"ZTM Warszawa — buses"},"geometry":{"type":"LineString","coordinates":[[21.020325,52.124917],[21.017242,52.123028]]}},{"type":"Feature","properties":{"id":"c2540","lines":"L23","n":1,"tram":0,"op":"ZTM Warszawa — buses"},"geometry":{"type":"LineString","coordinates":[[21.020325,52.124917],[21.017242,52.123028]]}},{"type":"Feature","properties":{"id":"c2541","lines":"L23","n":1,"tram":0,"op":"ZTM Warszawa — buses"},"geometry":{"type":"LineString","coordinates":[[21.020325,52.124917],[21.02649,52.128694]]}},{"type":"Feature","properties":{"id":"c2542","lines":"L24","n":1,"tram":0,"op":"ZTM Warszawa — buses"},"geometry":{"type":"LineString","coordinates":[[21.020325,52.124917],[21.035737,52.124917],[21.038819,52.126805]]}},{"type":"Feature","properties":{"id":"c2543","lines":"L25 L54","n":2,"tram":0,"op":"ZTM Warszawa — buses"},"geometry":{"type":"LineString","coordinates":[[21.020325,52.124917],[21.02649,52.121139]]}},{"type":"Feature","properties":{"id":"c2544","lines":"L25 L54","n":2,"tram":0,"op":"ZTM Warszawa — buses"},"geometry":{"type":"LineString","coordinates":[[21.02649,52.121139],[21.029572,52.119251],[21.035737,52.119251]]}},{"type":"Feature","properties":{"id":"c2545","lines":"L25 L28","n":2,"tram":0,"op":"ZTM Warszawa — buses"},"geometry":{"type":"LineString","coordinates":[[21.035737,52.119251],[21.041902,52.115474],[21.041902,52.113585]]}},{"type":"Feature","properties":{"id":"c2546","lines":"L28 L54","n":2,"tram":0,"op":"ZTM Warszawa — buses"},"geometry":{"type":"LineString","coordinates":[[21.035737,52.119251],[21.044984,52.119251]]}},{"type":"Feature","properties":{"id":"c2547","lines":"L25 L28","n":2,"tram":0,"op":"ZTM Warszawa — buses"},"geometry":{"type":"LineString","coordinates":[[21.041902,52.113585],[21.041902,52.109808]]}},{"type":"Feature","properties":{"id":"c2548","lines":"L28","n":1,"tram":0,"op":"ZTM Warszawa — buses"},"geometry":{"type":"LineString","coordinates":[[21.041902,52.113585],[21.035737,52.109808]]}},{"type":"Feature","properties":{"id":"c2549","lines":"L25","n":1,"tram":0,"op":"ZTM Warszawa — buses"},"geometry":{"type":"LineString","coordinates":[[21.041902,52.109808],[21.048067,52.106031]]}},{"type":"Feature","properties":{"id":"c2550","lines":"L28","n":1,"tram":0,"op":"ZTM Warszawa — buses"},"geometry":{"type":"LineString","coordinates":[[21.041902,52.109808],[21.035737,52.109808]]}},{"type":"Feature","properties":{"id":"c2551","lines":"L25","n":1,"tram":0,"op":"ZTM Warszawa — buses"},"geometry":{"type":"LineString","coordinates":[[21.048067,52.106031],[21.048067,52.102254]]}},{"type":"Feature","properties":{"id":"c2552","lines":"L26 L27 L44","n":3,"tram":0,"op":"ZTM Warszawa — buses"},"geometry":{"type":"LineString","coordinates":[[21.081973,52.27978],[21.088138,52.283557]]}},{"type":"Feature","properties":{"id":"c2553","lines":"L26","n":1,"tram":0,"op":"ZTM Warszawa — buses"},"geometry":{"type":"LineString","coordinates":[[21.081973,52.27978],[21.085056,52.277891]]}},{"type":"Feature","properties":{"id":"c2554","lines":"L27 L44","n":2,"tram":0,"op":"ZTM Warszawa — buses"},"geometry":{"type":"LineString","coordinates":[[21.081973,52.27978],[21.081973,52.287334]]}},{"type":"Feature","properties":{"id":"c2555","lines":"L26 L27 L44","n":3,"tram":0,"op":"ZTM Warszawa — buses"},"geometry":{"type":"LineString","coordinates":[[21.088138,52.283557],[21.091221,52.281668]]}},{"type":"Feature","properties":{"id":"c2556","lines":"L26 L40 N62","n":3,"tram":0,"op":"ZTM Warszawa — buses"},"geometry":{"type":"LineString","coordinates":[[21.085056,52.277891],[21.091221,52.281668]]}},{"type":"Feature","properties":{"id":"c2557","lines":"L40 N62","n":2,"tram":0,"op":"ZTM Warszawa — buses"},"geometry":{"type":"LineString","coordinates":[[21.085056,52.277891],[21.081973,52.276002]]}},{"type":"Feature","properties":{"id":"c2558","lines":"N62","n":1,"tram":0,"op":"ZTM Warszawa — buses"},"geometry":{"type":"LineString","coordinates":[[21.085056,52.277891],[21.088138,52.277891],[21.091221,52.276002]]}},{"type":"Feature","properties":{"id":"c2559","lines":"L26 L27 L40 L44 N62","n":5,"tram":0,"op":"ZTM Warszawa — buses"},"geometry":{"type":"LineString","coordinates":[[21.091221,52.281668],[21.091221,52.277891]]}},{"type":"Feature","properties":{"id":"c2560","lines":"L27 L37","n":2,"tram":0,"op":"ZTM Warszawa — buses"},"geometry":{"type":"LineString","coordinates":[[21.091221,52.281668],[21.097385,52.277891],[21.097385,52.270337]]}},{"type":"Feature","properties":{"id":"c2561","lines":"L26 L40 L44 N62","n":4,"tram":0,"op":"ZTM Warszawa — buses"},"geometry":{"type":"LineString","coordinates":[[21.091221,52.277891],[21.091221,52.276002]]}},{"type":"Feature","properties":{"id":"c2562","lines":"L27","n":1,"tram":0,"op":"ZTM Warszawa — buses"},"geometry":{"type":"LineString","coordinates":[[21.091221,52.277891],[21.094303,52.277891]]}},{"type":"Feature","properties":{"id":"c2563","lines":"L26 L40 L44 N62","n":4,"tram":0,"op":"ZTM Warszawa — buses"},"geometry":{"type":"LineString","coordinates":[[21.091221,52.276002],[21.097385,52.276002]]}},{"type":"Feature","properties":{"id":"c2564","lines":"L26","n":1,"tram":0,"op":"ZTM Warszawa — buses"},"geometry":{"type":"LineString","coordinates":[[21.097385,52.276002],[21.094303,52.274114],[21.088138,52.274114]]}},{"type":"Feature","properties":{"id":"c2565","lines":"L40 L44 N62","n":3,"tram":0,"op":"ZTM Warszawa — buses"},"geometry":{"type":"LineString","coordinates":[[21.097385,52.276002],[21.100468,52.277891]]}},{"type":"Feature","properties":{"id":"c2566","lines":"L40 L44 N62","n":3,"tram":0,"op":"ZTM Warszawa — buses"},"geometry":{"type":"LineString","coordinates":[[21.097385,52.276002],[21.097385,52.27978]]}},{"type":"Feature","properties":{"id":"c2567","lines":"L26","n":1,"tram":0,"op":"ZTM Warszawa — buses"},"geometry":{"type":"LineString","coordinates":[[21.088138,52.274114],[21.091221,52.272225]]}},{"type":"Feature","properties":{"id":"c2568","lines":"L26","n":1,"tram":0,"op":"ZTM Warszawa — buses"},"geometry":{"type":"LineString","coordinates":[[21.088138,52.274114],[21.091221,52.272225]]}},{"type":"Feature","properties":{"id":"c2569","lines":"L26","n":1,"tram":0,"op":"ZTM Warszawa — buses"},"geometry":{"type":"LineString","coordinates":[[21.091221,52.272225],[21.106633,52.272225],[21.109715,52.270337]]}},{"type":"Feature","properties":{"id":"c2570","lines":"L26","n":1,"tram":0,"op":"ZTM Warszawa — buses"},"geometry":{"type":"LineString","coordinates":[[21.109715,52.270337],[21.106633,52.268448]]}},{"type":"Feature","properties":{"id":"c2571","lines":"L26","n":1,"tram":0,"op":"ZTM Warszawa — buses"},"geometry":{"type":"LineString","coordinates":[[21.109715,52.270337],[21.106633,52.268448]]}},{"type":"Feature","properties":{"id":"c2572","lines":"L26","n":1,"tram":0,"op":"ZTM Warszawa — buses"},"geometry":{"type":"LineString","coordinates":[[21.106633,52.268448],[21.106633,52.262782]]}},{"type":"Feature","properties":{"id":"c2573","lines":"L26 L37","n":2,"tram":0,"op":"ZTM Warszawa — buses"},"geometry":{"type":"LineString","coordinates":[[21.106633,52.262782],[21.106633,52.264671],[21.097385,52.270337]]}},{"type":"Feature","properties":{"id":"c2574","lines":"L37","n":1,"tram":0,"op":"ZTM Warszawa — buses"},"geometry":{"type":"LineString","coordinates":[[21.106633,52.262782],[21.122045,52.262782]]}},{"type":"Feature","properties":{"id":"c2575","lines":"L26","n":1,"tram":0,"op":"ZTM Warszawa — buses"},"geometry":{"type":"LineString","coordinates":[[21.097385,52.270337],[21.091221,52.274114]]}},{"type":"Feature","properties":{"id":"c2576","lines":"L27","n":1,"tram":0,"op":"ZTM Warszawa — buses"},"geometry":{"type":"LineString","coordinates":[[21.097385,52.270337],[21.097385,52.268448]]}},{"type":"Feature","properties":{"id":"c2577","lines":"L26","n":1,"tram":0,"op":"ZTM Warszawa — buses"},"geometry":{"type":"LineString","coordinates":[[21.091221,52.274114],[21.094303,52.274114]]}},{"type":"Feature","properties":{"id":"c2578","lines":"L26","n":1,"tram":0,"op":"ZTM Warszawa — buses"},"geometry":{"type":"LineString","coordinates":[[21.091221,52.274114],[21.094303,52.274114]]}},{"type":"Feature","properties":{"id":"c2579","lines":"L27","n":1,"tram":0,"op":"ZTM Warszawa — buses"},"geometry":{"type":"LineString","coordinates":[[21.088138,52.264671],[21.094303,52.264671]]}},{"type":"Feature","properties":{"id":"c2580","lines":"L27 L46","n":2,"tram":0,"op":"ZTM Warszawa — buses"},"geometry":{"type":"LineString","coordinates":[[21.088138,52.264671],[21.088138,52.262782]]}},{"type":"Feature","properties":{"id":"c2581","lines":"L46","n":1,"tram":0,"op":"ZTM Warszawa — buses"},"geometry":{"type":"LineString","coordinates":[[21.088138,52.264671],[21.091221,52.262782]]}},{"type":"Feature","properties":{"id":"c2582","lines":"L27 L46","n":2,"tram":0,"op":"ZTM Warszawa — buses"},"geometry":{"type":"LineString","coordinates":[[21.094303,52.264671],[21.094303,52.26656]]}},{"type":"Feature","properties":{"id":"c2583","lines":"L27 L46","n":2,"tram":0,"op":"ZTM Warszawa — buses"},"geometry":{"type":"LineString","coordinates":[[21.094303,52.264671],[21.091221,52.262782]]}},{"type":"Feature","properties":{"id":"c2584","lines":"L46","n":1,"tram":0,"op":"ZTM Warszawa — buses"},"geometry":{"type":"LineString","coordinates":[[21.094303,52.264671],[21.094303,52.259005],[21.091221,52.257117]]}},{"type":"Feature","properties":{"id":"c2585","lines":"L27","n":1,"tram":0,"op":"ZTM Warszawa — buses"},"geometry":{"type":"LineString","coordinates":[[21.094303,52.26656],[21.097385,52.26656]]}},{"type":"Feature","properties":{"id":"c2586","lines":"L46","n":1,"tram":0,"op":"ZTM Warszawa — buses"},"geometry":{"type":"LineString","coordinates":[[21.094303,52.26656],[21.085056,52.26656]]}},{"type":"Feature","properties":{"id":"c2587","lines":"L46","n":1,"tram":0,"op":"ZTM Warszawa — buses"},"geometry":{"type":"LineString","coordinates":[[21.094303,52.26656],[21.091221,52.268448],[21.081973,52.268448]]}},{"type":"Feature","properties":{"id":"c2588","lines":"L27","n":1,"tram":0,"op":"ZTM Warszawa — buses"},"geometry":{"type":"LineString","coordinates":[[21.097385,52.26656],[21.097385,52.268448]]}},{"type":"Feature","properties":{"id":"c2589","lines":"L27","n":1,"tram":0,"op":"ZTM Warszawa — buses"},"geometry":{"type":"LineString","coordinates":[[21.097385,52.26656],[21.094303,52.268448]]}},{"type":"Feature","properties":{"id":"c2590","lines":"L27","n":1,"tram":0,"op":"ZTM Warszawa — buses"},"geometry":{"type":"LineString","coordinates":[[21.097385,52.268448],[21.094303,52.268448]]}},{"type":"Feature","properties":{"id":"c2591","lines":"L27","n":1,"tram":0,"op":"ZTM Warszawa — buses"},"geometry":{"type":"LineString","coordinates":[[21.094303,52.268448],[21.088138,52.268448]]}},{"type":"Feature","properties":{"id":"c2592","lines":"L27","n":1,"tram":0,"op":"ZTM Warszawa — buses"},"geometry":{"type":"LineString","coordinates":[[21.094303,52.277891],[21.100468,52.277891]]}},{"type":"Feature","properties":{"id":"c2593","lines":"L27","n":1,"tram":0,"op":"ZTM Warszawa — buses"},"geometry":{"type":"LineString","coordinates":[[21.094303,52.277891],[21.094303,52.27978],[21.097385,52.281668]]}},{"type":"Feature","properties":{"id":"c2594","lines":"L27","n":1,"tram":0,"op":"ZTM Warszawa — buses"},"geometry":{"type":"LineString","coordinates":[[21.094303,52.277891],[21.097385,52.27978]]}},{"type":"Feature","properties":{"id":"c2595","lines":"L27 L40 L44","n":3,"tram":0,"op":"ZTM Warszawa — buses"},"geometry":{"type":"LineString","coordinates":[[21.100468,52.277891],[21.097385,52.27978],[21.097385,52.281668]]}},{"type":"Feature","properties":{"id":"c2596","lines":"N62","n":1,"tram":0,"op":"ZTM Warszawa — buses"},"geometry":{"type":"LineString","coordinates":[[21.100468,52.277891],[21.100468,52.27978]]}},{"type":"Feature","properties":{"id":"c2597","lines":"L27 L40 L44","n":3,"tram":0,"op":"ZTM Warszawa — buses"},"geometry":{"type":"LineString","coordinates":[[21.097385,52.281668],[21.097385,52.27978]]}},{"type":"Feature","properties":{"id":"c2598","lines":"L35 L36 L37 L38 L40 L44 R8","n":7,"tram":0,"op":"mix"},"geometry":{"type":"LineString","coordinates":[[21.097385,52.281668],[21.100468,52.27978]]}},{"type":"Feature","properties":{"id":"c2599","lines":"L27 L44","n":2,"tram":0,"op":"ZTM Warszawa — buses"},"geometry":{"type":"LineString","coordinates":[[21.081973,52.287334],[21.075808,52.291111]]}},{"type":"Feature","properties":{"id":"c2600","lines":"L27","n":1,"tram":0,"op":"ZTM Warszawa — buses"},"geometry":{"type":"LineString","coordinates":[[21.081973,52.287334],[21.075808,52.287334]]}},{"type":"Feature","properties":{"id":"c2601","lines":"L27","n":1,"tram":0,"op":"ZTM Warszawa — buses"},"geometry":{"type":"LineString","coordinates":[[21.075808,52.291111],[21.075808,52.287334]]}},{"type":"Feature","properties":{"id":"c2602","lines":"N62","n":1,"tram":0,"op":"ZTM Warszawa — buses"},"geometry":{"type":"LineString","coordinates":[[21.097385,52.27978],[21.100468,52.27978]]}},{"type":"Feature","properties":{"id":"c2603","lines":"L27","n":1,"tram":0,"op":"ZTM Warszawa — buses"},"geometry":{"type":"LineString","coordinates":[[21.091221,52.262782],[21.088138,52.262782]]}},{"type":"Feature","properties":{"id":"c2604","lines":"L46","n":1,"tram":0,"op":"ZTM Warszawa — buses"},"geometry":{"type":"LineString","coordinates":[[21.091221,52.262782],[21.091221,52.260894],[21.088138,52.259005]]}},{"type":"Feature","properties":{"id":"c2605","lines":"L46","n":1,"tram":0,"op":"ZTM Warszawa — buses"},"geometry":{"type":"LineString","coordinates":[[21.091221,52.262782],[21.091221,52.257117]]}},{"type":"Feature","properties":{"id":"c2606","lines":"L46","n":1,"tram":0,"op":"ZTM Warszawa — buses"},"geometry":{"type":"LineString","coordinates":[[21.088138,52.262782],[21.088138,52.259005]]}},{"type":"Feature","properties":{"id":"c2607","lines":"L28","n":1,"tram":0,"op":"ZTM Warszawa — buses"},"geometry":{"type":"LineString","coordinates":[[21.044984,52.124917],[21.044984,52.123028]]}},{"type":"Feature","properties":{"id":"c2608","lines":"L28","n":1,"tram":0,"op":"ZTM Warszawa — buses"},"geometry":{"type":"LineString","coordinates":[[21.044984,52.123028],[21.044984,52.119251]]}},{"type":"Feature","properties":{"id":"c2609","lines":"L28","n":1,"tram":0,"op":"ZTM Warszawa — buses"},"geometry":{"type":"LineString","coordinates":[[21.035737,52.109808],[21.032654,52.109808],[21.023407,52.115474]]}},{"type":"Feature","properties":{"id":"c2610","lines":"L31 R31","n":2,"tram":0,"op":"mix"},"geometry":{"type":"LineString","coordinates":[[21.044984,52.317551],[21.048067,52.315662],[21.051149,52.315662]]}},{"type":"Feature","properties":{"id":"c2611","lines":"L31","n":1,"tram":0,"op":"ZTM Warszawa — buses"},"geometry":{"type":"LineString","coordinates":[[21.051149,52.315662],[21.063479,52.308108]]}},{"type":"Feature","properties":{"id":"c2612","lines":"R31","n":1,"tram":0,"op":"Radzymin"},"geometry":{"type":"LineString","coordinates":[[21.051149,52.315662],[21.051149,52.313774],[21.063479,52.30622]]}},{"type":"Feature","properties":{"id":"c2613","lines":"R31","n":1,"tram":0,"op":"Radzymin"},"geometry":{"type":"LineString","coordinates":[[21.051149,52.315662],[21.066561,52.315662],[21.069644,52.317551]]}},{"type":"Feature","properties":{"id":"c2614","lines":"L31 R1 R2 R31 R4 R5","n":6,"tram":0,"op":"mix"},"geometry":{"type":"LineString","coordinates":[[21.063479,52.308108],[21.075808,52.308108],[21.078891,52.309997]]}},{"type":"Feature","properties":{"id":"c2615","lines":"R1 R2 R31 R4 R5","n":5,"tram":0,"op":"Radzymin"},"geometry":{"type":"LineString","coordinates":[[21.063479,52.308108],[21.066561,52.309997]]}},{"type":"Feature","properties":{"id":"c2616","lines":"R1 R2 R5","n":3,"tram":0,"op":"Radzymin"},"geometry":{"type":"LineString","coordinates":[[21.063479,52.308108],[21.060396,52.309997],[21.060396,52.311885]]}},{"type":"Feature","properties":{"id":"c2617","lines":"R1 R2 R4 R5","n":4,"tram":0,"op":"Radzymin"},"geometry":{"type":"LineString","coordinates":[[21.063479,52.308108],[21.063479,52.311885]]}},{"type":"Feature","properties":{"id":"c2618","lines":"R31","n":1,"tram":0,"op":"Radzymin"},"geometry":{"type":"LineString","coordinates":[[21.063479,52.308108],[21.069644,52.308108]]}},{"type":"Feature","properties":{"id":"c2619","lines":"R31","n":1,"tram":0,"op":"Radzymin"},"geometry":{"type":"LineString","coordinates":[[21.063479,52.308108],[21.069644,52.311885],[21.069644,52.313774]]}},{"type":"Feature","properties":{"id":"c2620","lines":"R3","n":1,"tram":0,"op":"Radzymin"},"geometry":{"type":"LineString","coordinates":[[21.078891,52.309997],[21.081973,52.311885]]}},{"type":"Feature","properties":{"id":"c2621","lines":"L33 L39","n":2,"tram":0,"op":"ZTM Warszawa — buses"},"geometry":{"type":"LineString","coordinates":[[21.01416,52.140025],[21.020325,52.143802]]}},{"type":"Feature","properties":{"id":"c2622","lines":"L34 W1","n":2,"tram":0,"op":"mix"},"geometry":{"type":"LineString","coordinates":[[20.937099,52.311885],[20.930935,52.311885]]}},{"type":"Feature","properties":{"id":"c2623","lines":"L34 W1","n":2,"tram":0,"op":"mix"},"geometry":{"type":"LineString","coordinates":[[20.930935,52.311885],[20.930935,52.313774]]}},{"type":"Feature","properties":{"id":"c2624","lines":"L35 L37 N62 R8","n":4,"tram":0,"op":"mix"},"geometry":{"type":"LineString","coordinates":[[21.100468,52.27978],[21.106633,52.276002],[21.106633,52.274114]]}},{"type":"Feature","properties":{"id":"c2625","lines":"L35 L37 N62 R8","n":4,"tram":0,"op":"mix"},"geometry":{"type":"LineString","coordinates":[[21.100468,52.27978],[21.10355,52.277891],[21.106633,52.277891]]}},{"type":"Feature","properties":{"id":"c2626","lines":"L36","n":1,"tram":0,"op":"ZTM Warszawa — buses"},"geometry":{"type":"LineString","coordinates":[[21.100468,52.27978],[21.10355,52.277891],[21.106633,52.277891]]}},{"type":"Feature","properties":{"id":"c2627","lines":"L38 R8","n":2,"tram":0,"op":"mix"},"geometry":{"type":"LineString","coordinates":[[21.100468,52.27978],[21.100468,52.281668]]}},{"type":"Feature","properties":{"id":"c2628","lines":"L40 L44 N62","n":3,"tram":0,"op":"ZTM Warszawa — buses"},"geometry":{"type":"LineString","coordinates":[[21.100468,52.27978],[21.10355,52.281668]]}},{"type":"Feature","properties":{"id":"c2629","lines":"L35 L37","n":2,"tram":0,"op":"ZTM Warszawa — buses"},"geometry":{"type":"LineString","coordinates":[[21.106633,52.274114],[21.109715,52.276002]]}},{"type":"Feature","properties":{"id":"c2630","lines":"N62 R8","n":2,"tram":0,"op":"mix"},"geometry":{"type":"LineString","coordinates":[[21.106633,52.274114],[21.106633,52.277891]]}},{"type":"Feature","properties":{"id":"c2631","lines":"L35 L37 L40 L44","n":4,"tram":0,"op":"ZTM Warszawa — buses"},"geometry":{"type":"LineString","coordinates":[[21.109715,52.276002],[21.109715,52.277891]]}},{"type":"Feature","properties":{"id":"c2632","lines":"L40 L44","n":2,"tram":0,"op":"ZTM Warszawa — buses"},"geometry":{"type":"LineString","coordinates":[[21.109715,52.276002],[21.106633,52.277891]]}},{"type":"Feature","properties":{"id":"c2633","lines":"L35 L37 L40 L44","n":4,"tram":0,"op":"ZTM Warszawa — buses"},"geometry":{"type":"LineString","coordinates":[[21.109715,52.277891],[21.112797,52.277891]]}},{"type":"Feature","properties":{"id":"c2634","lines":"L35 L40 L44 N62","n":4,"tram":0,"op":"ZTM Warszawa — buses"},"geometry":{"type":"LineString","coordinates":[[21.109715,52.277891],[21.112797,52.27978],[21.11588,52.27978]]}},{"type":"Feature","properties":{"id":"c2635","lines":"L35 L37 L40 L44 N62","n":5,"tram":0,"op":"ZTM Warszawa — buses"},"geometry":{"type":"LineString","coordinates":[[21.109715,52.277891],[21.106633,52.277891]]}},{"type":"Feature","properties":{"id":"c2636","lines":"L35 L37 L40 L44","n":4,"tram":0,"op":"ZTM Warszawa — buses"},"geometry":{"type":"LineString","coordinates":[[21.112797,52.277891],[21.11588,52.27978]]}},{"type":"Feature","properties":{"id":"c2637","lines":"L37","n":1,"tram":0,"op":"ZTM Warszawa — buses"},"geometry":{"type":"LineString","coordinates":[[21.112797,52.277891],[21.118962,52.274114]]}},{"type":"Feature","properties":{"id":"c2638","lines":"L35","n":1,"tram":0,"op":"ZTM Warszawa — buses"},"geometry":{"type":"LineString","coordinates":[[21.11588,52.27978],[21.122045,52.27978]]}},{"type":"Feature","properties":{"id":"c2639","lines":"L37","n":1,"tram":0,"op":"ZTM Warszawa — buses"},"geometry":{"type":"LineString","coordinates":[[21.11588,52.27978],[21.122045,52.276002],[21.122045,52.272225]]}},{"type":"Feature","properties":{"id":"c2640","lines":"L38 L40 L44 N62","n":4,"tram":0,"op":"ZTM Warszawa — buses"},"geometry":{"type":"LineString","coordinates":[[21.11588,52.27978],[21.109715,52.283557],[21.109715,52.285445]]}},{"type":"Feature","properties":{"id":"c2641","lines":"L38","n":1,"tram":0,"op":"ZTM Warszawa — buses"},"geometry":{"type":"LineString","coordinates":[[21.11588,52.27978],[21.118962,52.277891],[21.118962,52.274114]]}},{"type":"Feature","properties":{"id":"c2642","lines":"L38","n":1,"tram":0,"op":"ZTM Warszawa — buses"},"geometry":{"type":"LineString","coordinates":[[21.11588,52.27978],[21.11588,52.274114]]}},{"type":"Feature","properties":{"id":"c2643","lines":"L35","n":1,"tram":0,"op":"ZTM Warszawa — buses"},"geometry":{"type":"LineString","coordinates":[[21.122045,52.27978],[21.12821,52.276002]]}},{"type":"Feature","properties":{"id":"c2644","lines":"L35","n":1,"tram":0,"op":"ZTM Warszawa — buses"},"geometry":{"type":"LineString","coordinates":[[21.122045,52.27978],[21.12821,52.276002]]}},{"type":"Feature","properties":{"id":"c2645","lines":"L35","n":1,"tram":0,"op":"ZTM Warszawa — buses"},"geometry":{"type":"LineString","coordinates":[[21.122045,52.27978],[21.134374,52.27978]]}},{"type":"Feature","properties":{"id":"c2646","lines":"L35","n":1,"tram":0,"op":"ZTM Warszawa — buses"},"geometry":{"type":"LineString","coordinates":[[21.12821,52.276002],[21.137457,52.276002]]}},{"type":"Feature","properties":{"id":"c2647","lines":"L36","n":1,"tram":0,"op":"ZTM Warszawa — buses"},"geometry":{"type":"LineString","coordinates":[[21.106633,52.277891],[21.100468,52.281668]]}},{"type":"Feature","properties":{"id":"c2648","lines":"L36","n":1,"tram":0,"op":"ZTM Warszawa — buses"},"geometry":{"type":"LineString","coordinates":[[21.122045,52.287334],[21.118962,52.285445]]}},{"type":"Feature","properties":{"id":"c2649","lines":"L36","n":1,"tram":0,"op":"ZTM Warszawa — buses"},"geometry":{"type":"LineString","coordinates":[[21.118962,52.285445],[21.112797,52.289222]]}},{"type":"Feature","properties":{"id":"c2650","lines":"L36","n":1,"tram":0,"op":"ZTM Warszawa — buses"},"geometry":{"type":"LineString","coordinates":[[21.118962,52.285445],[21.112797,52.289222]]}},{"type":"Feature","properties":{"id":"c2651","lines":"L36","n":1,"tram":0,"op":"ZTM Warszawa — buses"},"geometry":{"type":"LineString","coordinates":[[21.112797,52.289222],[21.106633,52.289222]]}},{"type":"Feature","properties":{"id":"c2652","lines":"L36","n":1,"tram":0,"op":"ZTM Warszawa — buses"},"geometry":{"type":"LineString","coordinates":[[21.112797,52.289222],[21.106633,52.289222]]}},{"type":"Feature","properties":{"id":"c2653","lines":"L36","n":1,"tram":0,"op":"ZTM Warszawa — buses"},"geometry":{"type":"LineString","coordinates":[[21.106633,52.289222],[21.097385,52.289222]]}},{"type":"Feature","properties":{"id":"c2654","lines":"L36","n":1,"tram":0,"op":"ZTM Warszawa — buses"},"geometry":{"type":"LineString","coordinates":[[21.097385,52.289222],[21.097385,52.287334]]}},{"type":"Feature","properties":{"id":"c2655","lines":"L36","n":1,"tram":0,"op":"ZTM Warszawa — buses"},"geometry":{"type":"LineString","coordinates":[[21.097385,52.289222],[21.097385,52.287334]]}},{"type":"Feature","properties":{"id":"c2656","lines":"L36","n":1,"tram":0,"op":"ZTM Warszawa — buses"},"geometry":{"type":"LineString","coordinates":[[21.097385,52.287334],[21.097385,52.285445]]}},{"type":"Feature","properties":{"id":"c2657","lines":"L36","n":1,"tram":0,"op":"ZTM Warszawa — buses"},"geometry":{"type":"LineString","coordinates":[[21.097385,52.287334],[21.097385,52.285445]]}},{"type":"Feature","properties":{"id":"c2658","lines":"R8","n":1,"tram":0,"op":"Radzymin"},"geometry":{"type":"LineString","coordinates":[[21.097385,52.287334],[21.085056,52.294888],[21.085056,52.296777]]}},{"type":"Feature","properties":{"id":"c2659","lines":"R8","n":1,"tram":0,"op":"Radzymin"},"geometry":{"type":"LineString","coordinates":[[21.097385,52.287334],[21.100468,52.285445],[21.109715,52.285445]]}},{"type":"Feature","properties":{"id":"c2660","lines":"L36","n":1,"tram":0,"op":"ZTM Warszawa — buses"},"geometry":{"type":"LineString","coordinates":[[21.097385,52.285445],[21.097385,52.283557],[21.100468,52.281668]]}},{"type":"Feature","properties":{"id":"c2661","lines":"L38","n":1,"tram":0,"op":"ZTM Warszawa — buses"},"geometry":{"type":"LineString","coordinates":[[21.100468,52.281668],[21.10355,52.283557]]}},{"type":"Feature","properties":{"id":"c2662","lines":"R8","n":1,"tram":0,"op":"Radzymin"},"geometry":{"type":"LineString","coordinates":[[21.100468,52.281668],[21.10355,52.281668]]}},{"type":"Feature","properties":{"id":"c2663","lines":"L37","n":1,"tram":0,"op":"ZTM Warszawa — buses"},"geometry":{"type":"LineString","coordinates":[[21.122045,52.272225],[21.125127,52.270337],[21.125127,52.268448]]}},{"type":"Feature","properties":{"id":"c2664","lines":"L37","n":1,"tram":0,"op":"ZTM Warszawa — buses"},"geometry":{"type":"LineString","coordinates":[[21.122045,52.272225],[21.118962,52.274114]]}},{"type":"Feature","properties":{"id":"c2665","lines":"L37 L38","n":2,"tram":0,"op":"ZTM Warszawa — buses"},"geometry":{"type":"LineString","coordinates":[[21.125127,52.268448],[21.12821,52.26656]]}},{"type":"Feature","properties":{"id":"c2666","lines":"L38","n":1,"tram":0,"op":"ZTM Warszawa — buses"},"geometry":{"type":"LineString","coordinates":[[21.125127,52.268448],[21.112797,52.268448]]}},{"type":"Feature","properties":{"id":"c2667","lines":"L37","n":1,"tram":0,"op":"ZTM Warszawa — buses"},"geometry":{"type":"LineString","coordinates":[[21.12821,52.26656],[21.134374,52.262782]]}},{"type":"Feature","properties":{"id":"c2668","lines":"L37","n":1,"tram":0,"op":"ZTM Warszawa — buses"},"geometry":{"type":"LineString","coordinates":[[21.12821,52.26656],[21.134374,52.262782]]}},{"type":"Feature","properties":{"id":"c2669","lines":"L37","n":1,"tram":0,"op":"ZTM Warszawa — buses"},"geometry":{"type":"LineString","coordinates":[[21.12821,52.26656],[21.122045,52.262782]]}},{"type":"Feature","properties":{"id":"c2670","lines":"L37","n":1,"tram":0,"op":"ZTM Warszawa — buses"},"geometry":{"type":"LineString","coordinates":[[21.134374,52.262782],[21.122045,52.262782]]}},{"type":"Feature","properties":{"id":"c2671","lines":"L38","n":1,"tram":0,"op":"ZTM Warszawa — buses"},"geometry":{"type":"LineString","coordinates":[[21.118962,52.274114],[21.11588,52.274114]]}},{"type":"Feature","properties":{"id":"c2672","lines":"L38 L40 L44","n":3,"tram":0,"op":"ZTM Warszawa — buses"},"geometry":{"type":"LineString","coordinates":[[21.10355,52.283557],[21.106633,52.285445],[21.109715,52.285445]]}},{"type":"Feature","properties":{"id":"c2673","lines":"L40 L44","n":2,"tram":0,"op":"ZTM Warszawa — buses"},"geometry":{"type":"LineString","coordinates":[[21.10355,52.283557],[21.10355,52.281668]]}},{"type":"Feature","properties":{"id":"c2674","lines":"L40 L44 N62 R8","n":4,"tram":0,"op":"mix"},"geometry":{"type":"LineString","coordinates":[[21.109715,52.285445],[21.10355,52.281668]]}},{"type":"Feature","properties":{"id":"c2675","lines":"R8","n":1,"tram":0,"op":"Radzymin"},"geometry":{"type":"LineString","coordinates":[[21.109715,52.285445],[21.10355,52.285445],[21.085056,52.296777]]}},{"type":"Feature","properties":{"id":"c2676","lines":"L38","n":1,"tram":0,"op":"ZTM Warszawa — buses"},"geometry":{"type":"LineString","coordinates":[[21.11588,52.274114],[21.112797,52.272225]]}},{"type":"Feature","properties":{"id":"c2677","lines":"L38","n":1,"tram":0,"op":"ZTM Warszawa — buses"},"geometry":{"type":"LineString","coordinates":[[21.112797,52.272225],[21.112797,52.268448]]}},{"type":"Feature","properties":{"id":"c2678","lines":"L38","n":1,"tram":0,"op":"ZTM Warszawa — buses"},"geometry":{"type":"LineString","coordinates":[[21.112797,52.272225],[21.112797,52.268448]]}},{"type":"Feature","properties":{"id":"c2679","lines":"L53 L55","n":2,"tram":0,"op":"ZTM Warszawa — buses"},"geometry":{"type":"LineString","coordinates":[[21.023407,52.132471],[21.029572,52.132471],[21.032654,52.134359]]}},{"type":"Feature","properties":{"id":"c2680","lines":"L53 L55","n":2,"tram":0,"op":"ZTM Warszawa — buses"},"geometry":{"type":"LineString","coordinates":[[21.023407,52.132471],[21.029572,52.132471],[21.032654,52.134359]]}},{"type":"Feature","properties":{"id":"c2681","lines":"L40","n":1,"tram":0,"op":"ZTM Warszawa — buses"},"geometry":{"type":"LineString","coordinates":[[21.066561,52.27978],[21.066561,52.276002]]}},{"type":"Feature","properties":{"id":"c2682","lines":"L46","n":1,"tram":0,"op":"ZTM Warszawa — buses"},"geometry":{"type":"LineString","coordinates":[[21.066561,52.27978],[21.069644,52.27978],[21.075808,52.276002]]}},{"type":"Feature","properties":{"id":"c2683","lines":"L40","n":1,"tram":0,"op":"ZTM Warszawa — buses"},"geometry":{"type":"LineString","coordinates":[[21.066561,52.276002],[21.072726,52.272225],[21.081973,52.272225]]}},{"type":"Feature","properties":{"id":"c2684","lines":"L40 L46 N62","n":3,"tram":0,"op":"ZTM Warszawa — buses"},"geometry":{"type":"LineString","coordinates":[[21.081973,52.272225],[21.081973,52.276002]]}},{"type":"Feature","properties":{"id":"c2685","lines":"L46 N62","n":2,"tram":0,"op":"ZTM Warszawa — buses"},"geometry":{"type":"LineString","coordinates":[[21.081973,52.272225],[21.081973,52.270337]]}},{"type":"Feature","properties":{"id":"c2686","lines":"L46","n":1,"tram":0,"op":"ZTM Warszawa — buses"},"geometry":{"type":"LineString","coordinates":[[21.081973,52.272225],[21.085056,52.274114]]}},{"type":"Feature","properties":{"id":"c2687","lines":"L46 N62","n":2,"tram":0,"op":"ZTM Warszawa — buses"},"geometry":{"type":"LineString","coordinates":[[21.081973,52.272225],[21.081973,52.270337]]}},{"type":"Feature","properties":{"id":"c2688","lines":"L46","n":1,"tram":0,"op":"ZTM Warszawa — buses"},"geometry":{"type":"LineString","coordinates":[[21.081973,52.276002],[21.085056,52.274114]]}},{"type":"Feature","properties":{"id":"c2689","lines":"L46","n":1,"tram":0,"op":"ZTM Warszawa — buses"},"geometry":{"type":"LineString","coordinates":[[21.081973,52.276002],[21.075808,52.276002]]}},{"type":"Feature","properties":{"id":"c2690","lines":"L44","n":1,"tram":0,"op":"ZTM Warszawa — buses"},"geometry":{"type":"LineString","coordinates":[[21.057314,52.281668],[21.048067,52.287334]]}},{"type":"Feature","properties":{"id":"c2691","lines":"L45","n":1,"tram":0,"op":"ZTM Warszawa — buses"},"geometry":{"type":"LineString","coordinates":[[21.063479,52.298665],[21.060396,52.300554]]}},{"type":"Feature","properties":{"id":"c2692","lines":"L45","n":1,"tram":0,"op":"ZTM Warszawa — buses"},"geometry":{"type":"LineString","coordinates":[[21.063479,52.298665],[21.060396,52.300554]]}},{"type":"Feature","properties":{"id":"c2693","lines":"L45","n":1,"tram":0,"op":"ZTM Warszawa — buses"},"geometry":{"type":"LineString","coordinates":[[21.060396,52.300554],[21.057314,52.302442],[21.054231,52.302442]]}},{"type":"Feature","properties":{"id":"c2694","lines":"L45 R7","n":2,"tram":0,"op":"mix"},"geometry":{"type":"LineString","coordinates":[[21.054231,52.302442],[21.048067,52.30622],[21.044984,52.30622]]}},{"type":"Feature","properties":{"id":"c2695","lines":"L46","n":1,"tram":0,"op":"ZTM Warszawa — buses"},"geometry":{"type":"LineString","coordinates":[[21.088138,52.259005],[21.091221,52.257117]]}},{"type":"Feature","properties":{"id":"c2696","lines":"L46 N62","n":2,"tram":0,"op":"ZTM Warszawa — buses"},"geometry":{"type":"LineString","coordinates":[[21.085056,52.26656],[21.081973,52.268448]]}},{"type":"Feature","properties":{"id":"c2697","lines":"N62","n":1,"tram":0,"op":"ZTM Warszawa — buses"},"geometry":{"type":"LineString","coordinates":[[21.085056,52.26656],[21.081973,52.264671]]}},{"type":"Feature","properties":{"id":"c2698","lines":"L46 N62","n":2,"tram":0,"op":"ZTM Warszawa — buses"},"geometry":{"type":"LineString","coordinates":[[21.081973,52.268448],[21.081973,52.270337]]}},{"type":"Feature","properties":{"id":"c2699","lines":"N62","n":1,"tram":0,"op":"ZTM Warszawa — buses"},"geometry":{"type":"LineString","coordinates":[[21.081973,52.268448],[21.081973,52.264671]]}},{"type":"Feature","properties":{"id":"c2700","lines":"L46","n":1,"tram":0,"op":"ZTM Warszawa — buses"},"geometry":{"type":"LineString","coordinates":[[21.085056,52.274114],[21.078891,52.274114],[21.075808,52.276002]]}},{"type":"Feature","properties":{"id":"c2701","lines":"N03 N14 N64","n":3,"tram":0,"op":"ZTM Warszawa — buses"},"geometry":{"type":"LineString","coordinates":[[21.041902,52.259005],[21.038819,52.259005],[21.035737,52.257117]]}},{"type":"Feature","properties":{"id":"c2704","lines":"N14 N64","n":2,"tram":1,"op":"mix"},"geometry":{"type":"LineString","coordinates":[[21.020325,52.268448],[21.020325,52.26656]]}},{"type":"Feature","properties":{"id":"c2707","lines":"N62","n":1,"tram":0,"op":"ZTM Warszawa — buses"},"geometry":{"type":"LineString","coordinates":[[21.081973,52.264671],[21.078891,52.262782],[21.075808,52.262782]]}},{"type":"Feature","properties":{"id":"c2708","lines":"N62","n":1,"tram":0,"op":"ZTM Warszawa — buses"},"geometry":{"type":"LineString","coordinates":[[21.075808,52.262782],[21.072726,52.262782]]}},{"type":"Feature","properties":{"id":"c2709","lines":"Z1 Z3","n":2,"tram":0,"op":"Ząbki"},"geometry":{"type":"LineString","coordinates":[[21.075808,52.262782],[21.072726,52.262782]]}},{"type":"Feature","properties":{"id":"c2710","lines":"Z1 Z3","n":2,"tram":0,"op":"Ząbki"},"geometry":{"type":"LineString","coordinates":[[21.072726,52.262782],[21.069644,52.262782]]}},{"type":"Feature","properties":{"id":"c2711","lines":"N72","n":1,"tram":0,"op":"ZTM Warszawa — buses"},"geometry":{"type":"LineString","coordinates":[[21.118962,52.160799],[21.11588,52.162688],[21.11588,52.166465]]}},{"type":"Feature","properties":{"id":"c2712","lines":"M2","n":1,"tram":0,"op":"mix"},"geometry":{"type":"LineString","coordinates":[[21.118962,52.160799],[21.118962,52.164577]]}},{"type":"Feature","properties":{"id":"c2713","lines":"M2","n":1,"tram":0,"op":"Otwock"},"geometry":{"type":"LineString","coordinates":[[21.118962,52.160799],[21.140539,52.174019],[21.140539,52.177797]]}},{"type":"Feature","properties":{"id":"c2714","lines":"N72","n":1,"tram":0,"op":"mix"},"geometry":{"type":"LineString","coordinates":[[21.11588,52.166465],[21.118962,52.168354],[21.118962,52.175908]]}},{"type":"Feature","properties":{"id":"c2716","lines":"0 13 15 24 25 26 27","n":7,"tram":0,"op":"GPA Grodzisk — buses"},"geometry":{"type":"LineString","coordinates":[[20.816885,52.166465],[20.813802,52.166465]]}},{"type":"Feature","properties":{"id":"c2717","lines":"0 13 16 17 18 24 25 26 29 45 46 C1","n":12,"tram":0,"op":"GPA Grodzisk — buses"},"geometry":{"type":"LineString","coordinates":[[20.816885,52.166465],[20.819967,52.164577]]}},{"type":"Feature","properties":{"id":"c2718","lines":"0 13 16 17 21 22 23 26 28 29 30 31 32 33 34 46 63 82 C1","n":19,"tram":0,"op":"GPA Grodzisk — buses"},"geometry":{"type":"LineString","coordinates":[[20.816885,52.166465],[20.816885,52.164577]]}},{"type":"Feature","properties":{"id":"c2719","lines":"0 13 16 17 18 24 25 26 29 45 46","n":11,"tram":0,"op":"GPA Grodzisk — buses"},"geometry":{"type":"LineString","coordinates":[[20.816885,52.166465],[20.819967,52.166465]]}},{"type":"Feature","properties":{"id":"c2720","lines":"0 13 15 24 25 26 27","n":7,"tram":0,"op":"GPA Grodzisk — buses"},"geometry":{"type":"LineString","coordinates":[[20.816885,52.166465],[20.813802,52.168354]]}},{"type":"Feature","properties":{"id":"c2721","lines":"13 15 24 25 26 27","n":6,"tram":0,"op":"GPA Grodzisk — buses"},"geometry":{"type":"LineString","coordinates":[[20.816885,52.166465],[20.813802,52.164577],[20.81072,52.164577]]}},{"type":"Feature","properties":{"id":"c2722","lines":"92 93","n":2,"tram":0,"op":"GPA Grodzisk — buses"},"geometry":{"type":"LineString","coordinates":[[20.816885,52.166465],[20.816885,52.191017],[20.804555,52.198571]]}},{"type":"Feature","properties":{"id":"c2723","lines":"0 13 15 24 26 27","n":6,"tram":0,"op":"GPA Grodzisk — buses"},"geometry":{"type":"LineString","coordinates":[[20.813802,52.166465],[20.813802,52.168354]]}},{"type":"Feature","properties":{"id":"c2724","lines":"0 13 15 18 24 25 26","n":7,"tram":0,"op":"GPA Grodzisk — buses"},"geometry":{"type":"LineString","coordinates":[[20.813802,52.166465],[20.819967,52.166465]]}},{"type":"Feature","properties":{"id":"c2725","lines":"13 24 25 26 27","n":5,"tram":0,"op":"GPA Grodzisk — buses"},"geometry":{"type":"LineString","coordinates":[[20.813802,52.166465],[20.81072,52.168354],[20.81072,52.172131]]}},{"type":"Feature","properties":{"id":"c2726","lines":"15 25","n":2,"tram":0,"op":"GPA Grodzisk — buses"},"geometry":{"type":"LineString","coordinates":[[20.813802,52.166465],[20.804555,52.166465]]}},{"type":"Feature","properties":{"id":"c2727","lines":"18","n":1,"tram":0,"op":"GPA Grodzisk — buses"},"geometry":{"type":"LineString","coordinates":[[20.813802,52.166465],[20.813802,52.172131]]}},{"type":"Feature","properties":{"id":"c2728","lines":"25","n":1,"tram":0,"op":"GPA Grodzisk — buses"},"geometry":{"type":"LineString","coordinates":[[20.813802,52.166465],[20.807638,52.170242]]}},{"type":"Feature","properties":{"id":"c2729","lines":"27","n":1,"tram":0,"op":"GPA Grodzisk — buses"},"geometry":{"type":"LineString","coordinates":[[20.813802,52.166465],[20.816885,52.166465],[20.819967,52.168354]]}},{"type":"Feature","properties":{"id":"c2730","lines":"0 13 15 18 24 25 26","n":7,"tram":0,"op":"GPA Grodzisk — buses"},"geometry":{"type":"LineString","coordinates":[[20.813802,52.168354],[20.819967,52.164577]]}},{"type":"Feature","properties":{"id":"c2731","lines":"18","n":1,"tram":0,"op":"GPA Grodzisk — buses"},"geometry":{"type":"LineString","coordinates":[[20.813802,52.168354],[20.816885,52.170242]]}},{"type":"Feature","properties":{"id":"c2732","lines":"25","n":1,"tram":0,"op":"GPA Grodzisk — buses"},"geometry":{"type":"LineString","coordinates":[[20.813802,52.168354],[20.81072,52.170242],[20.807638,52.170242]]}},{"type":"Feature","properties":{"id":"c2733","lines":"25","n":1,"tram":0,"op":"GPA Grodzisk — buses"},"geometry":{"type":"LineString","coordinates":[[20.813802,52.168354],[20.81072,52.170242],[20.81072,52.172131]]}},{"type":"Feature","properties":{"id":"c2734","lines":"27","n":1,"tram":0,"op":"GPA Grodzisk — buses"},"geometry":{"type":"LineString","coordinates":[[20.813802,52.168354],[20.819967,52.168354]]}},{"type":"Feature","properties":{"id":"c2735","lines":"0 16 17 29 45 46 C1","n":7,"tram":0,"op":"GPA Grodzisk — buses"},"geometry":{"type":"LineString","coordinates":[[20.819967,52.164577],[20.819967,52.166465]]}},{"type":"Feature","properties":{"id":"c2736","lines":"0 15 16 17 29 45 46","n":7,"tram":0,"op":"GPA Grodzisk — buses"},"geometry":{"type":"LineString","coordinates":[[20.819967,52.164577],[20.82305,52.162688]]}},{"type":"Feature","properties":{"id":"c2737","lines":"0 21 22 82","n":4,"tram":0,"op":"GPA Grodzisk — buses"},"geometry":{"type":"LineString","coordinates":[[20.816885,52.164577],[20.813802,52.162688],[20.81072,52.162688]]}},{"type":"Feature","properties":{"id":"c2738","lines":"0 13 16 17 21 22 23 26 28 29 30 31 32 33 34 46 63 82","n":18,"tram":0,"op":"GPA Grodzisk — buses"},"geometry":{"type":"LineString","coordinates":[[20.816885,52.164577],[20.816885,52.162688]]}},{"type":"Feature","properties":{"id":"c2739","lines":"13 16 17 21 23 26 28 29 30 31 32 33 34 46 63 C1","n":16,"tram":0,"op":"GPA Grodzisk — buses"},"geometry":{"type":"LineString","coordinates":[[20.816885,52.164577],[20.816885,52.160799]]}},{"type":"Feature","properties":{"id":"c2740","lines":"32","n":1,"tram":0,"op":"GPA Grodzisk — buses"},"geometry":{"type":"LineString","coordinates":[[20.816885,52.164577],[20.813802,52.164577]]}},{"type":"Feature","properties":{"id":"c2741","lines":"0 20 21 22","n":4,"tram":0,"op":"GPA Grodzisk — buses"},"geometry":{"type":"LineString","coordinates":[[20.81072,52.162688],[20.807638,52.160799]]}},{"type":"Feature","properties":{"id":"c2742","lines":"20 21","n":2,"tram":0,"op":"GPA Grodzisk — buses"},"geometry":{"type":"LineString","coordinates":[[20.81072,52.162688],[20.816885,52.162688]]}},{"type":"Feature","properties":{"id":"c2743","lines":"82","n":1,"tram":0,"op":"GPA Grodzisk — buses"},"geometry":{"type":"LineString","coordinates":[[20.81072,52.162688],[20.81072,52.160799]]}},{"type":"Feature","properties":{"id":"c2744","lines":"0 22","n":2,"tram":0,"op":"GPA Grodzisk — buses"},"geometry":{"type":"LineString","coordinates":[[20.807638,52.160799],[20.81072,52.158911]]}},{"type":"Feature","properties":{"id":"c2745","lines":"20 21","n":2,"tram":0,"op":"GPA Grodzisk — buses"},"geometry":{"type":"LineString","coordinates":[[20.807638,52.160799],[20.804555,52.158911]]}},{"type":"Feature","properties":{"id":"c2746","lines":"23 31 63 82","n":4,"tram":0,"op":"GPA Grodzisk — buses"},"geometry":{"type":"LineString","coordinates":[[20.807638,52.160799],[20.81072,52.158911],[20.81072,52.155134]]}},{"type":"Feature","properties":{"id":"c2747","lines":"23 31 63","n":3,"tram":0,"op":"GPA Grodzisk — buses"},"geometry":{"type":"LineString","coordinates":[[20.807638,52.160799],[20.813802,52.160799],[20.816885,52.162688]]}},{"type":"Feature","properties":{"id":"c2748","lines":"82","n":1,"tram":0,"op":"GPA Grodzisk — buses"},"geometry":{"type":"LineString","coordinates":[[20.807638,52.160799],[20.816885,52.160799]]}},{"type":"Feature","properties":{"id":"c2749","lines":"0 28","n":2,"tram":0,"op":"GPA Grodzisk — buses"},"geometry":{"type":"LineString","coordinates":[[20.81072,52.158911],[20.81072,52.155134]]}},{"type":"Feature","properties":{"id":"c2750","lines":"22 28","n":2,"tram":0,"op":"GPA Grodzisk — buses"},"geometry":{"type":"LineString","coordinates":[[20.81072,52.158911],[20.813802,52.157022]]}},{"type":"Feature","properties":{"id":"c2751","lines":"0 13 16 17 20 26 28 29 46","n":9,"tram":0,"op":"GPA Grodzisk — buses"},"geometry":{"type":"LineString","coordinates":[[20.81072,52.155134],[20.813802,52.155134],[20.816885,52.157022]]}},{"type":"Feature","properties":{"id":"c2752","lines":"0 13 16 17 20 23 26 31 46 63","n":10,"tram":0,"op":"GPA Grodzisk — buses"},"geometry":{"type":"LineString","coordinates":[[20.81072,52.155134],[20.819967,52.155134]]}},{"type":"Feature","properties":{"id":"c2753","lines":"0","n":1,"tram":0,"op":"GPA Grodzisk — buses"},"geometry":{"type":"LineString","coordinates":[[20.81072,52.155134],[20.807638,52.157022]]}},{"type":"Feature","properties":{"id":"c2754","lines":"28 82","n":2,"tram":0,"op":"GPA Grodzisk — buses"},"geometry":{"type":"LineString","coordinates":[[20.81072,52.155134],[20.807638,52.153245]]}},{"type":"Feature","properties":{"id":"c2755","lines":"0 13 16 17 20 21 26 28 29 46","n":10,"tram":0,"op":"GPA Grodzisk — buses"},"geometry":{"type":"LineString","coordinates":[[20.816885,52.157022],[20.819967,52.158911]]}},{"type":"Feature","properties":{"id":"c2756","lines":"21 28 29","n":3,"tram":0,"op":"GPA Grodzisk — buses"},"geometry":{"type":"LineString","coordinates":[[20.816885,52.157022],[20.816885,52.160799]]}},{"type":"Feature","properties":{"id":"c2757","lines":"23 31 63","n":3,"tram":0,"op":"GPA Grodzisk — buses"},"geometry":{"type":"LineString","coordinates":[[20.816885,52.157022],[20.813802,52.158911]]}},{"type":"Feature","properties":{"id":"c2758","lines":"23 31 63","n":3,"tram":0,"op":"GPA Grodzisk — buses"},"geometry":{"type":"LineString","coordinates":[[20.816885,52.157022],[20.819967,52.155134]]}},{"type":"Feature","properties":{"id":"c2759","lines":"23 31 63","n":3,"tram":0,"op":"GPA Grodzisk — buses"},"geometry":{"type":"LineString","coordinates":[[20.816885,52.157022],[20.816885,52.151357]]}},{"type":"Feature","properties":{"id":"c2760","lines":"0 30 C1","n":3,"tram":0,"op":"GPA Grodzisk — buses"},"geometry":{"type":"LineString","coordinates":[[20.819967,52.158911],[20.819967,52.155134],[20.82305,52.153245]]}},{"type":"Feature","properties":{"id":"c2761","lines":"0 30 C1","n":3,"tram":0,"op":"GPA Grodzisk — buses"},"geometry":{"type":"LineString","coordinates":[[20.819967,52.158911],[20.82305,52.157022]]}},{"type":"Feature","properties":{"id":"c2762","lines":"0 13 16 17 20 26 46","n":7,"tram":0,"op":"GPA Grodzisk — buses"},"geometry":{"type":"LineString","coordinates":[[20.819967,52.158911],[20.819967,52.155134]]}},{"type":"Feature","properties":{"id":"c2763","lines":"13 16 17 20 21 26 28 29 30 46 C1","n":11,"tram":0,"op":"GPA Grodzisk — buses"},"geometry":{"type":"LineString","coordinates":[[20.819967,52.158911],[20.819967,52.160799],[20.816885,52.162688]]}},{"type":"Feature","properties":{"id":"c2764","lines":"13 16 17 20 26 30 46 C1","n":8,"tram":0,"op":"GPA Grodzisk — buses"},"geometry":{"type":"LineString","coordinates":[[20.819967,52.158911],[20.816885,52.160799]]}},{"type":"Feature","properties":{"id":"c2766","lines":"0","n":1,"tram":0,"op":"GPA Grodzisk — buses"},"geometry":{"type":"LineString","coordinates":[[20.82305,52.153245],[20.82305,52.157022]]}},{"type":"Feature","properties":{"id":"c2767","lines":"30 C1","n":2,"tram":0,"op":"GPA Grodzisk — buses"},"geometry":{"type":"LineString","coordinates":[[20.82305,52.153245],[20.826132,52.151357]]}},{"type":"Feature","properties":{"id":"c2768","lines":"0","n":1,"tram":0,"op":"GPA Grodzisk — buses"},"geometry":{"type":"LineString","coordinates":[[20.82305,52.157022],[20.82305,52.158911]]}},{"type":"Feature","properties":{"id":"c2769","lines":"0","n":1,"tram":0,"op":"GPA Grodzisk — buses"},"geometry":{"type":"LineString","coordinates":[[20.82305,52.157022],[20.82305,52.158911],[20.826132,52.160799]]}},{"type":"Feature","properties":{"id":"c2770","lines":"30 C1","n":2,"tram":0,"op":"GPA Grodzisk — buses"},"geometry":{"type":"LineString","coordinates":[[20.82305,52.157022],[20.82305,52.151357],[20.826132,52.149468]]}},{"type":"Feature","properties":{"id":"c2771","lines":"0 29","n":2,"tram":0,"op":"GPA Grodzisk — buses"},"geometry":{"type":"LineString","coordinates":[[20.82305,52.158911],[20.82305,52.160799],[20.826132,52.162688]]}},{"type":"Feature","properties":{"id":"c2772","lines":"29 32 33","n":3,"tram":0,"op":"GPA Grodzisk — buses"},"geometry":{"type":"LineString","coordinates":[[20.82305,52.158911],[20.829215,52.158911]]}},{"type":"Feature","properties":{"id":"c2773","lines":"32 33 34","n":3,"tram":0,"op":"GPA Grodzisk — buses"},"geometry":{"type":"LineString","coordinates":[[20.82305,52.158911],[20.816885,52.162688]]}},{"type":"Feature","properties":{"id":"c2774","lines":"34","n":1,"tram":0,"op":"GPA Grodzisk — buses"},"geometry":{"type":"LineString","coordinates":[[20.82305,52.158911],[20.826132,52.160799]]}},{"type":"Feature","properties":{"id":"c2775","lines":"34","n":1,"tram":0,"op":"GPA Grodzisk — buses"},"geometry":{"type":"LineString","coordinates":[[20.82305,52.158911],[20.82305,52.157022],[20.826132,52.155134]]}},{"type":"Feature","properties":{"id":"c2776","lines":"0 17 29 46","n":4,"tram":0,"op":"GPA Grodzisk — buses"},"geometry":{"type":"LineString","coordinates":[[20.826132,52.162688],[20.82305,52.164577]]}},{"type":"Feature","properties":{"id":"c2777","lines":"0 17 29 46","n":4,"tram":0,"op":"GPA Grodzisk — buses"},"geometry":{"type":"LineString","coordinates":[[20.826132,52.162688],[20.826132,52.164577]]}},{"type":"Feature","properties":{"id":"c2778","lines":"0 29","n":2,"tram":0,"op":"GPA Grodzisk — buses"},"geometry":{"type":"LineString","coordinates":[[20.826132,52.162688],[20.826132,52.160799]]}},{"type":"Feature","properties":{"id":"c2779","lines":"17 46","n":2,"tram":0,"op":"GPA Grodzisk — buses"},"geometry":{"type":"LineString","coordinates":[[20.826132,52.162688],[20.826132,52.166465]]}},{"type":"Feature","properties":{"id":"c2781","lines":"0 17 29 46 C1","n":5,"tram":0,"op":"GPA Grodzisk — buses"},"geometry":{"type":"LineString","coordinates":[[20.82305,52.164577],[20.82305,52.166465]]}},{"type":"Feature","properties":{"id":"c2782","lines":"C1","n":1,"tram":0,"op":"GPA Grodzisk — buses"},"geometry":{"type":"LineString","coordinates":[[20.82305,52.164577],[20.82305,52.162688]]}},{"type":"Feature","properties":{"id":"c2783","lines":"0 15 16 17 29 45 46 C1","n":8,"tram":0,"op":"GPA Grodzisk — buses"},"geometry":{"type":"LineString","coordinates":[[20.82305,52.166465],[20.819967,52.166465]]}},{"type":"Feature","properties":{"id":"c2784","lines":"15 16 45","n":3,"tram":0,"op":"GPA Grodzisk — buses"},"geometry":{"type":"LineString","coordinates":[[20.82305,52.166465],[20.829215,52.170242],[20.829215,52.172131]]}},{"type":"Feature","properties":{"id":"c2785","lines":"0 15 16 17 29 45 46","n":7,"tram":0,"op":"GPA Grodzisk — buses"},"geometry":{"type":"LineString","coordinates":[[20.82305,52.162688],[20.819967,52.164577],[20.819967,52.170242]]}},{"type":"Feature","properties":{"id":"c2786","lines":"C1","n":1,"tram":0,"op":"GPA Grodzisk — buses"},"geometry":{"type":"LineString","coordinates":[[20.82305,52.162688],[20.819967,52.160799],[20.816885,52.160799]]}},{"type":"Feature","properties":{"id":"c2787","lines":"0 17 29 46","n":4,"tram":0,"op":"GPA Grodzisk — buses"},"geometry":{"type":"LineString","coordinates":[[20.819967,52.170242],[20.826132,52.166465],[20.826132,52.164577]]}},{"type":"Feature","properties":{"id":"c2788","lines":"15 16 45","n":3,"tram":0,"op":"GPA Grodzisk — buses"},"geometry":{"type":"LineString","coordinates":[[20.819967,52.170242],[20.82305,52.170242]]}},{"type":"Feature","properties":{"id":"c2789","lines":"17 46","n":2,"tram":0,"op":"GPA Grodzisk — buses"},"geometry":{"type":"LineString","coordinates":[[20.826132,52.164577],[20.826132,52.166465]]}},{"type":"Feature","properties":{"id":"c2790","lines":"29 32 33","n":3,"tram":0,"op":"GPA Grodzisk — buses"},"geometry":{"type":"LineString","coordinates":[[20.826132,52.160799],[20.835379,52.155134],[20.835379,52.151357]]}},{"type":"Feature","properties":{"id":"c2791","lines":"32 33 34","n":3,"tram":0,"op":"GPA Grodzisk — buses"},"geometry":{"type":"LineString","coordinates":[[20.826132,52.160799],[20.816885,52.160799]]}},{"type":"Feature","properties":{"id":"c2792","lines":"23 31 63","n":3,"tram":0,"op":"GPA Grodzisk — buses"},"geometry":{"type":"LineString","coordinates":[[20.819967,52.155134],[20.819967,52.151357]]}},{"type":"Feature","properties":{"id":"c2793","lines":"0 22","n":2,"tram":0,"op":"GPA Grodzisk — buses"},"geometry":{"type":"LineString","coordinates":[[20.807638,52.157022],[20.81072,52.158911],[20.81072,52.160799]]}},{"type":"Feature","properties":{"id":"c2794","lines":"22","n":1,"tram":0,"op":"GPA Grodzisk — buses"},"geometry":{"type":"LineString","coordinates":[[20.807638,52.157022],[20.807638,52.153245]]}},{"type":"Feature","properties":{"id":"c2795","lines":"0 20 21 22 23 31 63","n":7,"tram":0,"op":"GPA Grodzisk — buses"},"geometry":{"type":"LineString","coordinates":[[20.81072,52.160799],[20.816885,52.160799]]}},{"type":"Feature","properties":{"id":"c2796","lines":"20 21","n":2,"tram":0,"op":"GPA Grodzisk — buses"},"geometry":{"type":"LineString","coordinates":[[20.81072,52.160799],[20.804555,52.160799]]}},{"type":"Feature","properties":{"id":"c2797","lines":"23 31 63 82","n":4,"tram":0,"op":"GPA Grodzisk — buses"},"geometry":{"type":"LineString","coordinates":[[20.81072,52.160799],[20.813802,52.158911]]}},{"type":"Feature","properties":{"id":"c2798","lines":"0 21 22 82 C1","n":5,"tram":0,"op":"GPA Grodzisk — buses"},"geometry":{"type":"LineString","coordinates":[[20.816885,52.160799],[20.816885,52.162688]]}},{"type":"Feature","properties":{"id":"c2799","lines":"10","n":1,"tram":0,"op":"GPA Grodzisk — buses"},"geometry":{"type":"LineString","coordinates":[[20.779896,52.208014],[20.789143,52.208014]]}},{"type":"Feature","properties":{"id":"c2800","lines":"10 19","n":2,"tram":0,"op":"GPA Grodzisk — buses"},"geometry":{"type":"LineString","coordinates":[[20.789143,52.208014],[20.789143,52.202348]]}},{"type":"Feature","properties":{"id":"c2801","lines":"19","n":1,"tram":0,"op":"GPA Grodzisk — buses"},"geometry":{"type":"LineString","coordinates":[[20.789143,52.208014],[20.786061,52.209902],[20.786061,52.211791]]}},{"type":"Feature","properties":{"id":"c2802","lines":"10","n":1,"tram":0,"op":"GPA Grodzisk — buses"},"geometry":{"type":"LineString","coordinates":[[20.789143,52.202348],[20.786061,52.20046]]}},{"type":"Feature","properties":{"id":"c2803","lines":"19","n":1,"tram":0,"op":"GPA Grodzisk — buses"},"geometry":{"type":"LineString","coordinates":[[20.789143,52.202348],[20.801473,52.202348]]}},{"type":"Feature","properties":{"id":"c2804","lines":"10","n":1,"tram":0,"op":"GPA Grodzisk — buses"},"geometry":{"type":"LineString","coordinates":[[20.786061,52.20046],[20.795308,52.20046]]}},{"type":"Feature","properties":{"id":"c2805","lines":"25","n":1,"tram":0,"op":"GPA Grodzisk — buses"},"geometry":{"type":"LineString","coordinates":[[20.786061,52.20046],[20.779896,52.196682]]}},{"type":"Feature","properties":{"id":"c2806","lines":"25","n":1,"tram":0,"op":"GPA Grodzisk — buses"},"geometry":{"type":"LineString","coordinates":[[20.786061,52.20046],[20.786061,52.194794]]}},{"type":"Feature","properties":{"id":"c2807","lines":"10 11","n":2,"tram":0,"op":"GPA Grodzisk — buses"},"geometry":{"type":"LineString","coordinates":[[20.795308,52.20046],[20.79839,52.198571]]}},{"type":"Feature","properties":{"id":"c2808","lines":"11","n":1,"tram":0,"op":"GPA Grodzisk — buses"},"geometry":{"type":"LineString","coordinates":[[20.795308,52.20046],[20.795308,52.206125]]}},{"type":"Feature","properties":{"id":"c2809","lines":"10 11 19","n":3,"tram":0,"op":"GPA Grodzisk — buses"},"geometry":{"type":"LineString","coordinates":[[20.79839,52.198571],[20.795308,52.196682]]}},{"type":"Feature","properties":{"id":"c2810","lines":"10 11","n":2,"tram":0,"op":"GPA Grodzisk — buses"},"geometry":{"type":"LineString","coordinates":[[20.79839,52.198571],[20.79839,52.192905]]}},{"type":"Feature","properties":{"id":"c2811","lines":"10","n":1,"tram":0,"op":"GPA Grodzisk — buses"},"geometry":{"type":"LineString","coordinates":[[20.79839,52.198571],[20.789143,52.198571]]}},{"type":"Feature","properties":{"id":"c2812","lines":"11","n":1,"tram":0,"op":"GPA Grodzisk — buses"},"geometry":{"type":"LineString","coordinates":[[20.79839,52.198571],[20.795308,52.20046],[20.795308,52.211791]]}},{"type":"Feature","properties":{"id":"c2813","lines":"19","n":1,"tram":0,"op":"GPA Grodzisk — buses"},"geometry":{"type":"LineString","coordinates":[[20.79839,52.198571],[20.79839,52.192905],[20.801473,52.191017]]}},{"type":"Feature","properties":{"id":"c2814","lines":"10 11","n":2,"tram":0,"op":"GPA Grodzisk — buses"},"geometry":{"type":"LineString","coordinates":[[20.795308,52.196682],[20.801473,52.196682],[20.804555,52.198571]]}},{"type":"Feature","properties":{"id":"c2815","lines":"19","n":1,"tram":0,"op":"GPA Grodzisk — buses"},"geometry":{"type":"LineString","coordinates":[[20.795308,52.196682],[20.792225,52.194794]]}},{"type":"Feature","properties":{"id":"c2816","lines":"19","n":1,"tram":0,"op":"GPA Grodzisk — buses"},"geometry":{"type":"LineString","coordinates":[[20.795308,52.196682],[20.792225,52.198571],[20.789143,52.198571]]}},{"type":"Feature","properties":{"id":"c2817","lines":"10 11 12 13 19 40 42 43 49","n":9,"tram":0,"op":"GPA Grodzisk — buses"},"geometry":{"type":"LineString","coordinates":[[20.804555,52.198571],[20.807638,52.20046]]}},{"type":"Feature","properties":{"id":"c2818","lines":"13 19 49","n":3,"tram":0,"op":"GPA Grodzisk — buses"},"geometry":{"type":"LineString","coordinates":[[20.804555,52.198571],[20.807638,52.196682]]}},{"type":"Feature","properties":{"id":"c2819","lines":"13 19 49","n":3,"tram":0,"op":"GPA Grodzisk — buses"},"geometry":{"type":"LineString","coordinates":[[20.804555,52.198571],[20.807638,52.198571]]}},{"type":"Feature","properties":{"id":"c2820","lines":"13 19 49","n":3,"tram":0,"op":"GPA Grodzisk — buses"},"geometry":{"type":"LineString","coordinates":[[20.804555,52.198571],[20.804555,52.196682]]}},{"type":"Feature","properties":{"id":"c2821","lines":"92 93","n":2,"tram":0,"op":"GPA Grodzisk — buses"},"geometry":{"type":"LineString","coordinates":[[20.804555,52.198571],[20.801473,52.20046],[20.801473,52.202348]]}},{"type":"Feature","properties":{"id":"c2822","lines":"92 93","n":2,"tram":0,"op":"GPA Grodzisk — buses"},"geometry":{"type":"LineString","coordinates":[[20.804555,52.198571],[20.804555,52.20046]]}},{"type":"Feature","properties":{"id":"c2823","lines":"10 11 12 13 19 40 42 43 67 77","n":10,"tram":0,"op":"GPA Grodzisk — buses"},"geometry":{"type":"LineString","coordinates":[[20.807638,52.20046],[20.807638,52.202348]]}},{"type":"Feature","properties":{"id":"c2824","lines":"49","n":1,"tram":0,"op":"GPA Grodzisk — buses"},"geometry":{"type":"LineString","coordinates":[[20.807638,52.20046],[20.804555,52.202348],[20.804555,52.204237]]}},{"type":"Feature","properties":{"id":"c2825","lines":"67 77","n":2,"tram":0,"op":"GPA Grodzisk — buses"},"geometry":{"type":"LineString","coordinates":[[20.807638,52.20046],[20.81072,52.20046]]}},{"type":"Feature","properties":{"id":"c2826","lines":"10 11 12 19 40 42 43","n":7,"tram":0,"op":"GPA Grodzisk — buses"},"geometry":{"type":"LineString","coordinates":[[20.807638,52.202348],[20.81072,52.20046],[20.81072,52.198571]]}},{"type":"Feature","properties":{"id":"c2827","lines":"11 12 19 40 42 43","n":6,"tram":0,"op":"GPA Grodzisk — buses"},"geometry":{"type":"LineString","coordinates":[[20.807638,52.202348],[20.804555,52.204237]]}},{"type":"Feature","properties":{"id":"c2828","lines":"12 14 19 40 43","n":5,"tram":0,"op":"GPA Grodzisk — buses"},"geometry":{"type":"LineString","coordinates":[[20.807638,52.202348],[20.801473,52.202348]]}},{"type":"Feature","properties":{"id":"c2829","lines":"13","n":1,"tram":0,"op":"GPA Grodzisk — buses"},"geometry":{"type":"LineString","coordinates":[[20.807638,52.202348],[20.804555,52.20046]]}},{"type":"Feature","properties":{"id":"c2830","lines":"14","n":1,"tram":0,"op":"GPA Grodzisk — buses"},"geometry":{"type":"LineString","coordinates":[[20.807638,52.202348],[20.807638,52.204237]]}},{"type":"Feature","properties":{"id":"c2831","lines":"40 42","n":2,"tram":0,"op":"GPA Grodzisk — buses"},"geometry":{"type":"LineString","coordinates":[[20.807638,52.202348],[20.807638,52.208014]]}},{"type":"Feature","properties":{"id":"c2832","lines":"67 77","n":2,"tram":0,"op":"GPA Grodzisk — buses"},"geometry":{"type":"LineString","coordinates":[[20.807638,52.202348],[20.813802,52.198571],[20.816885,52.198571]]}},{"type":"Feature","properties":{"id":"c2833","lines":"10 11 12 13 19 40 42 43 49","n":9,"tram":0,"op":"GPA Grodzisk — buses"},"geometry":{"type":"LineString","coordinates":[[20.81072,52.198571],[20.807638,52.198571]]}},{"type":"Feature","properties":{"id":"c2834","lines":"11 13 49","n":3,"tram":0,"op":"GPA Grodzisk — buses"},"geometry":{"type":"LineString","coordinates":[[20.81072,52.198571],[20.81072,52.20046]]}},{"type":"Feature","properties":{"id":"c2835","lines":"10 11","n":2,"tram":0,"op":"GPA Grodzisk — buses"},"geometry":{"type":"LineString","coordinates":[[20.807638,52.198571],[20.801473,52.198571],[20.795308,52.194794]]}},{"type":"Feature","properties":{"id":"c2836","lines":"10 11 19","n":3,"tram":0,"op":"GPA Grodzisk — buses"},"geometry":{"type":"LineString","coordinates":[[20.795308,52.194794],[20.79839,52.192905]]}},{"type":"Feature","properties":{"id":"c2837","lines":"19","n":1,"tram":0,"op":"GPA Grodzisk — buses"},"geometry":{"type":"LineString","coordinates":[[20.795308,52.194794],[20.792225,52.194794]]}},{"type":"Feature","properties":{"id":"c2838","lines":"19","n":1,"tram":0,"op":"GPA Grodzisk — buses"},"geometry":{"type":"LineString","coordinates":[[20.79839,52.192905],[20.79839,52.191017],[20.801473,52.189128]]}},{"type":"Feature","properties":{"id":"c2839","lines":"10","n":1,"tram":0,"op":"GPA Grodzisk — buses"},"geometry":{"type":"LineString","coordinates":[[20.789143,52.198571],[20.782978,52.202348],[20.782978,52.204237]]}},{"type":"Feature","properties":{"id":"c2840","lines":"19","n":1,"tram":0,"op":"GPA Grodzisk — buses"},"geometry":{"type":"LineString","coordinates":[[20.789143,52.198571],[20.792225,52.196682],[20.792225,52.194794]]}},{"type":"Feature","properties":{"id":"c2841","lines":"10 19","n":2,"tram":0,"op":"GPA Grodzisk — buses"},"geometry":{"type":"LineString","coordinates":[[20.782978,52.204237],[20.779896,52.204237],[20.773731,52.208014]]}},{"type":"Feature","properties":{"id":"c2842","lines":"19","n":1,"tram":0,"op":"GPA Grodzisk — buses"},"geometry":{"type":"LineString","coordinates":[[20.782978,52.204237],[20.804555,52.204237]]}},{"type":"Feature","properties":{"id":"c2843","lines":"19","n":1,"tram":0,"op":"GPA Grodzisk — buses"},"geometry":{"type":"LineString","coordinates":[[20.773731,52.208014],[20.782978,52.21368]]}},{"type":"Feature","properties":{"id":"c2844","lines":"11","n":1,"tram":0,"op":"GPA Grodzisk — buses"},"geometry":{"type":"LineString","coordinates":[[20.795308,52.206125],[20.786061,52.211791]]}},{"type":"Feature","properties":{"id":"c2845","lines":"11","n":1,"tram":0,"op":"GPA Grodzisk — buses"},"geometry":{"type":"LineString","coordinates":[[20.795308,52.211791],[20.789143,52.215568],[20.786061,52.215568]]}},{"type":"Feature","properties":{"id":"c2846","lines":"11","n":1,"tram":0,"op":"GPA Grodzisk — buses"},"geometry":{"type":"LineString","coordinates":[[20.795308,52.211791],[20.792225,52.211791],[20.786061,52.215568]]}},{"type":"Feature","properties":{"id":"c2847","lines":"11","n":1,"tram":0,"op":"GPA Grodzisk — buses"},"geometry":{"type":"LineString","coordinates":[[20.786061,52.215568],[20.782978,52.21368]]}},{"type":"Feature","properties":{"id":"c2848","lines":"11 19","n":2,"tram":0,"op":"GPA Grodzisk — buses"},"geometry":{"type":"LineString","coordinates":[[20.782978,52.21368],[20.786061,52.211791]]}},{"type":"Feature","properties":{"id":"c2849","lines":"11 49","n":2,"tram":0,"op":"GPA Grodzisk — buses"},"geometry":{"type":"LineString","coordinates":[[20.804555,52.204237],[20.804555,52.20046]]}},{"type":"Feature","properties":{"id":"c2850","lines":"12 43","n":2,"tram":0,"op":"GPA Grodzisk — buses"},"geometry":{"type":"LineString","coordinates":[[20.804555,52.204237],[20.801473,52.206125]]}},{"type":"Feature","properties":{"id":"c2851","lines":"40 42","n":2,"tram":0,"op":"GPA Grodzisk — buses"},"geometry":{"type":"LineString","coordinates":[[20.804555,52.204237],[20.804555,52.21368]]}},{"type":"Feature","properties":{"id":"c2852","lines":"40","n":1,"tram":0,"op":"GPA Grodzisk — buses"},"geometry":{"type":"LineString","coordinates":[[20.804555,52.204237],[20.801473,52.202348]]}},{"type":"Feature","properties":{"id":"c2853","lines":"40","n":1,"tram":0,"op":"GPA Grodzisk — buses"},"geometry":{"type":"LineString","coordinates":[[20.804555,52.204237],[20.804555,52.206125],[20.807638,52.208014]]}},{"type":"Feature","properties":{"id":"c2854","lines":"49","n":1,"tram":0,"op":"GPA Grodzisk — buses"},"geometry":{"type":"LineString","coordinates":[[20.804555,52.204237],[20.807638,52.204237]]}},{"type":"Feature","properties":{"id":"c2855","lines":"11 13 14 49","n":4,"tram":0,"op":"GPA Grodzisk — buses"},"geometry":{"type":"LineString","coordinates":[[20.804555,52.20046],[20.81072,52.20046]]}},{"type":"Feature","properties":{"id":"c2856","lines":"14","n":1,"tram":0,"op":"GPA Grodzisk — buses"},"geometry":{"type":"LineString","coordinates":[[20.804555,52.20046],[20.801473,52.202348]]}},{"type":"Feature","properties":{"id":"c2857","lines":"14 49","n":2,"tram":0,"op":"GPA Grodzisk — buses"},"geometry":{"type":"LineString","coordinates":[[20.81072,52.20046],[20.81072,52.211791]]}},{"type":"Feature","properties":{"id":"c2858","lines":"67 77","n":2,"tram":0,"op":"GPA Grodzisk — buses"},"geometry":{"type":"LineString","coordinates":[[20.81072,52.20046],[20.816885,52.196682]]}},{"type":"Feature","properties":{"id":"c2859","lines":"12 14 43","n":3,"tram":0,"op":"GPA Grodzisk — buses"},"geometry":{"type":"LineString","coordinates":[[20.801473,52.206125],[20.801473,52.208014],[20.79839,52.209902]]}},{"type":"Feature","properties":{"id":"c2860","lines":"14","n":1,"tram":0,"op":"GPA Grodzisk — buses"},"geometry":{"type":"LineString","coordinates":[[20.801473,52.206125],[20.801473,52.202348]]}},{"type":"Feature","properties":{"id":"c2861","lines":"12 43","n":2,"tram":0,"op":"GPA Grodzisk — buses"},"geometry":{"type":"LineString","coordinates":[[20.79839,52.209902],[20.79839,52.217457]]}},{"type":"Feature","properties":{"id":"c2862","lines":"12","n":1,"tram":0,"op":"GPA Grodzisk — buses"},"geometry":{"type":"LineString","coordinates":[[20.79839,52.217457],[20.795308,52.217457]]}},{"type":"Feature","properties":{"id":"c2863","lines":"43","n":1,"tram":0,"op":"GPA Grodzisk — buses"},"geometry":{"type":"LineString","coordinates":[[20.79839,52.217457],[20.79839,52.221234],[20.789143,52.2269]]}},{"type":"Feature","properties":{"id":"c2864","lines":"12 43","n":2,"tram":0,"op":"GPA Grodzisk — buses"},"geometry":{"type":"LineString","coordinates":[[20.795308,52.217457],[20.795308,52.21368]]}},{"type":"Feature","properties":{"id":"c2865","lines":"43","n":1,"tram":0,"op":"GPA Grodzisk — buses"},"geometry":{"type":"LineString","coordinates":[[20.795308,52.217457],[20.789143,52.221234],[20.789143,52.223122]]}},{"type":"Feature","properties":{"id":"c2866","lines":"12 14 43","n":3,"tram":0,"op":"GPA Grodzisk — buses"},"geometry":{"type":"LineString","coordinates":[[20.795308,52.21368],[20.801473,52.209902],[20.801473,52.202348]]}},{"type":"Feature","properties":{"id":"c2867","lines":"13 27","n":2,"tram":0,"op":"GPA Grodzisk — buses"},"geometry":{"type":"LineString","coordinates":[[20.81072,52.172131],[20.81072,52.177797]]}},{"type":"Feature","properties":{"id":"c2868","lines":"24","n":1,"tram":0,"op":"GPA Grodzisk — buses"},"geometry":{"type":"LineString","coordinates":[[20.81072,52.172131],[20.804555,52.172131],[20.79839,52.175908]]}},{"type":"Feature","properties":{"id":"c2869","lines":"26","n":1,"tram":0,"op":"GPA Grodzisk — buses"},"geometry":{"type":"LineString","coordinates":[[20.81072,52.172131],[20.813802,52.172131]]}},{"type":"Feature","properties":{"id":"c2870","lines":"13 27","n":2,"tram":0,"op":"GPA Grodzisk — buses"},"geometry":{"type":"LineString","coordinates":[[20.81072,52.177797],[20.807638,52.179685]]}},{"type":"Feature","properties":{"id":"c2871","lines":"27","n":1,"tram":0,"op":"GPA Grodzisk — buses"},"geometry":{"type":"LineString","coordinates":[[20.81072,52.177797],[20.804555,52.177797]]}},{"type":"Feature","properties":{"id":"c2872","lines":"13","n":1,"tram":0,"op":"GPA Grodzisk — buses"},"geometry":{"type":"LineString","coordinates":[[20.807638,52.179685],[20.807638,52.185351]]}},{"type":"Feature","properties":{"id":"c2873","lines":"13","n":1,"tram":0,"op":"GPA Grodzisk — buses"},"geometry":{"type":"LineString","coordinates":[[20.807638,52.185351],[20.807638,52.191017],[20.81072,52.192905]]}},{"type":"Feature","properties":{"id":"c2874","lines":"26","n":1,"tram":0,"op":"GPA Grodzisk — buses"},"geometry":{"type":"LineString","coordinates":[[20.807638,52.185351],[20.79839,52.185351],[20.795308,52.187239]]}},{"type":"Feature","properties":{"id":"c2875","lines":"26","n":1,"tram":0,"op":"GPA Grodzisk — buses"},"geometry":{"type":"LineString","coordinates":[[20.807638,52.185351],[20.81072,52.185351]]}},{"type":"Feature","properties":{"id":"c2876","lines":"13","n":1,"tram":0,"op":"GPA Grodzisk — buses"},"geometry":{"type":"LineString","coordinates":[[20.81072,52.192905],[20.81072,52.194794],[20.807638,52.196682]]}},{"type":"Feature","properties":{"id":"c2877","lines":"19","n":1,"tram":0,"op":"GPA Grodzisk — buses"},"geometry":{"type":"LineString","coordinates":[[20.81072,52.192905],[20.804555,52.196682]]}},{"type":"Feature","properties":{"id":"c2878","lines":"19","n":1,"tram":0,"op":"GPA Grodzisk — buses"},"geometry":{"type":"LineString","coordinates":[[20.81072,52.192905],[20.807638,52.192905]]}},{"type":"Feature","properties":{"id":"c2879","lines":"19","n":1,"tram":0,"op":"GPA Grodzisk — buses"},"geometry":{"type":"LineString","coordinates":[[20.807638,52.196682],[20.804555,52.194794]]}},{"type":"Feature","properties":{"id":"c2880","lines":"49","n":1,"tram":0,"op":"GPA Grodzisk — buses"},"geometry":{"type":"LineString","coordinates":[[20.807638,52.196682],[20.807638,52.192905]]}},{"type":"Feature","properties":{"id":"c2881","lines":"13","n":1,"tram":0,"op":"GPA Grodzisk — buses"},"geometry":{"type":"LineString","coordinates":[[20.804555,52.196682],[20.804555,52.194794]]}},{"type":"Feature","properties":{"id":"c2882","lines":"49","n":1,"tram":0,"op":"GPA Grodzisk — buses"},"geometry":{"type":"LineString","coordinates":[[20.804555,52.196682],[20.801473,52.194794]]}},{"type":"Feature","properties":{"id":"c2883","lines":"13","n":1,"tram":0,"op":"GPA Grodzisk — buses"},"geometry":{"type":"LineString","coordinates":[[20.804555,52.194794],[20.804555,52.183462]]}},{"type":"Feature","properties":{"id":"c2884","lines":"19","n":1,"tram":0,"op":"GPA Grodzisk — buses"},"geometry":{"type":"LineString","coordinates":[[20.804555,52.194794],[20.801473,52.194794]]}},{"type":"Feature","properties":{"id":"c2885","lines":"13","n":1,"tram":0,"op":"GPA Grodzisk — buses"},"geometry":{"type":"LineString","coordinates":[[20.804555,52.183462],[20.804555,52.177797]]}},{"type":"Feature","properties":{"id":"c2886","lines":"26","n":1,"tram":0,"op":"GPA Grodzisk — buses"},"geometry":{"type":"LineString","coordinates":[[20.804555,52.183462],[20.807638,52.183462],[20.81072,52.185351]]}},{"type":"Feature","properties":{"id":"c2887","lines":"26","n":1,"tram":0,"op":"GPA Grodzisk — buses"},"geometry":{"type":"LineString","coordinates":[[20.804555,52.183462],[20.801473,52.185351],[20.792225,52.185351]]}},{"type":"Feature","properties":{"id":"c2888","lines":"13 27","n":2,"tram":0,"op":"GPA Grodzisk — buses"},"geometry":{"type":"LineString","coordinates":[[20.804555,52.177797],[20.807638,52.175908]]}},{"type":"Feature","properties":{"id":"c2889","lines":"13 27","n":2,"tram":0,"op":"GPA Grodzisk — buses"},"geometry":{"type":"LineString","coordinates":[[20.807638,52.175908],[20.807638,52.174019]]}},{"type":"Feature","properties":{"id":"c2890","lines":"27","n":1,"tram":0,"op":"GPA Grodzisk — buses"},"geometry":{"type":"LineString","coordinates":[[20.807638,52.175908],[20.804555,52.175908],[20.801473,52.177797]]}},{"type":"Feature","properties":{"id":"c2891","lines":"13 24 27","n":3,"tram":0,"op":"GPA Grodzisk — buses"},"geometry":{"type":"LineString","coordinates":[[20.807638,52.174019],[20.807638,52.170242]]}},{"type":"Feature","properties":{"id":"c2892","lines":"24","n":1,"tram":0,"op":"GPA Grodzisk — buses"},"geometry":{"type":"LineString","coordinates":[[20.807638,52.174019],[20.801473,52.174019],[20.79839,52.175908]]}},{"type":"Feature","properties":{"id":"c2893","lines":"13 24 26 27","n":4,"tram":0,"op":"GPA Grodzisk — buses"},"geometry":{"type":"LineString","coordinates":[[20.807638,52.170242],[20.81072,52.168354],[20.81072,52.164577]]}},{"type":"Feature","properties":{"id":"c2894","lines":"26","n":1,"tram":0,"op":"GPA Grodzisk — buses"},"geometry":{"type":"LineString","coordinates":[[20.807638,52.170242],[20.816885,52.170242]]}},{"type":"Feature","properties":{"id":"c2895","lines":"15 25","n":2,"tram":0,"op":"GPA Grodzisk — buses"},"geometry":{"type":"LineString","coordinates":[[20.81072,52.164577],[20.807638,52.164577]]}},{"type":"Feature","properties":{"id":"c2896","lines":"14","n":1,"tram":0,"op":"GPA Grodzisk — buses"},"geometry":{"type":"LineString","coordinates":[[20.81072,52.211791],[20.813802,52.209902]]}},{"type":"Feature","properties":{"id":"c2897","lines":"14","n":1,"tram":0,"op":"GPA Grodzisk — buses"},"geometry":{"type":"LineString","coordinates":[[20.81072,52.211791],[20.819967,52.211791]]}},{"type":"Feature","properties":{"id":"c2898","lines":"14 49","n":2,"tram":0,"op":"GPA Grodzisk — buses"},"geometry":{"type":"LineString","coordinates":[[20.81072,52.211791],[20.81072,52.206125],[20.807638,52.204237]]}},{"type":"Feature","properties":{"id":"c2899","lines":"49","n":1,"tram":0,"op":"GPA Grodzisk — buses"},"geometry":{"type":"LineString","coordinates":[[20.81072,52.211791],[20.81072,52.215568],[20.816885,52.219345],[20.816885,52.221234]]}},{"type":"Feature","properties":{"id":"c2900","lines":"49","n":1,"tram":0,"op":"GPA Grodzisk — buses"},"geometry":{"type":"LineString","coordinates":[[20.81072,52.211791],[20.816885,52.215568],[20.819967,52.215568]]}},{"type":"Feature","properties":{"id":"c2901","lines":"14","n":1,"tram":0,"op":"GPA Grodzisk — buses"},"geometry":{"type":"LineString","coordinates":[[20.813802,52.209902],[20.819967,52.206125]]}},{"type":"Feature","properties":{"id":"c2902","lines":"49","n":1,"tram":0,"op":"GPA Grodzisk — buses"},"geometry":{"type":"LineString","coordinates":[[20.813802,52.209902],[20.82305,52.209902]]}},{"type":"Feature","properties":{"id":"c2903","lines":"49","n":1,"tram":0,"op":"GPA Grodzisk — buses"},"geometry":{"type":"LineString","coordinates":[[20.813802,52.209902],[20.813802,52.211791],[20.819967,52.215568]]}},{"type":"Feature","properties":{"id":"c2904","lines":"14","n":1,"tram":0,"op":"GPA Grodzisk — buses"},"geometry":{"type":"LineString","coordinates":[[20.819967,52.206125],[20.82305,52.204237]]}},{"type":"Feature","properties":{"id":"c2905","lines":"14","n":1,"tram":0,"op":"GPA Grodzisk — buses"},"geometry":{"type":"LineString","coordinates":[[20.819967,52.206125],[20.819967,52.211791]]}},{"type":"Feature","properties":{"id":"c2906","lines":"14 49","n":2,"tram":0,"op":"GPA Grodzisk — buses"},"geometry":{"type":"LineString","coordinates":[[20.82305,52.204237],[20.829215,52.208014]]}},{"type":"Feature","properties":{"id":"c2907","lines":"14","n":1,"tram":0,"op":"GPA Grodzisk — buses"},"geometry":{"type":"LineString","coordinates":[[20.82305,52.204237],[20.82305,52.209902]]}},{"type":"Feature","properties":{"id":"c2908","lines":"49","n":1,"tram":0,"op":"GPA Grodzisk — buses"},"geometry":{"type":"LineString","coordinates":[[20.82305,52.204237],[20.819967,52.206125],[20.819967,52.211791]]}},{"type":"Feature","properties":{"id":"c2909","lines":"14 49","n":2,"tram":0,"op":"GPA Grodzisk — buses"},"geometry":{"type":"LineString","coordinates":[[20.826132,52.209902],[20.82305,52.209902]]}},{"type":"Feature","properties":{"id":"c2910","lines":"49","n":1,"tram":0,"op":"GPA Grodzisk — buses"},"geometry":{"type":"LineString","coordinates":[[20.819967,52.211791],[20.82305,52.21368],[20.82305,52.217457]]}},{"type":"Feature","properties":{"id":"c2911","lines":"15 23 35 45","n":4,"tram":0,"op":"GPA Grodzisk — buses"},"geometry":{"type":"LineString","coordinates":[[20.844627,52.174019],[20.841544,52.174019],[20.838462,52.172131]]}},{"type":"Feature","properties":{"id":"c2912","lines":"15 23 45 65 66","n":5,"tram":0,"op":"GPA Grodzisk — buses"},"geometry":{"type":"LineString","coordinates":[[20.838462,52.172131],[20.838462,52.170242]]}},{"type":"Feature","properties":{"id":"c2913","lines":"17 65 66","n":3,"tram":0,"op":"GPA Grodzisk — buses"},"geometry":{"type":"LineString","coordinates":[[20.838462,52.172131],[20.844627,52.175908]]}},{"type":"Feature","properties":{"id":"c2914","lines":"17 35","n":2,"tram":0,"op":"GPA Grodzisk — buses"},"geometry":{"type":"LineString","coordinates":[[20.838462,52.172131],[20.838462,52.166465]]}},{"type":"Feature","properties":{"id":"c2915","lines":"15 23 45 65 66","n":5,"tram":0,"op":"GPA Grodzisk — buses"},"geometry":{"type":"LineString","coordinates":[[20.838462,52.170242],[20.841544,52.168354]]}},{"type":"Feature","properties":{"id":"c2916","lines":"15 23 45","n":3,"tram":0,"op":"GPA Grodzisk — buses"},"geometry":{"type":"LineString","coordinates":[[20.841544,52.168354],[20.844627,52.166465],[20.844627,52.164577]]}},{"type":"Feature","properties":{"id":"c2917","lines":"65 66","n":2,"tram":0,"op":"GPA Grodzisk — buses"},"geometry":{"type":"LineString","coordinates":[[20.841544,52.168354],[20.841544,52.172131]]}},{"type":"Feature","properties":{"id":"c2918","lines":"15 23 45","n":3,"tram":0,"op":"GPA Grodzisk — buses"},"geometry":{"type":"LineString","coordinates":[[20.844627,52.164577],[20.850791,52.160799],[20.850791,52.157022]]}},{"type":"Feature","properties":{"id":"c2919","lines":"15 23 45","n":3,"tram":0,"op":"GPA Grodzisk — buses"},"geometry":{"type":"LineString","coordinates":[[20.844627,52.164577],[20.844627,52.157022]]}},{"type":"Feature","properties":{"id":"c2920","lines":"15 23 45","n":3,"tram":0,"op":"GPA Grodzisk — buses"},"geometry":{"type":"LineString","coordinates":[[20.844627,52.164577],[20.835379,52.170242]]}},{"type":"Feature","properties":{"id":"c2923","lines":"15 23 45","n":3,"tram":0,"op":"GPA Grodzisk — buses"},"geometry":{"type":"LineString","coordinates":[[20.850791,52.157022],[20.853874,52.155134]]}},{"type":"Feature","properties":{"id":"c2924","lines":"55","n":1,"tram":0,"op":"GPA Grodzisk — buses"},"geometry":{"type":"LineString","coordinates":[[20.850791,52.157022],[20.847709,52.157022]]}},{"type":"Feature","properties":{"id":"c2925","lines":"55","n":1,"tram":0,"op":"GPA Grodzisk — buses"},"geometry":{"type":"LineString","coordinates":[[20.850791,52.157022],[20.853874,52.155134]]}},{"type":"Feature","properties":{"id":"c2926","lines":"15 23 45 55","n":4,"tram":0,"op":"GPA Grodzisk — buses"},"geometry":{"type":"LineString","coordinates":[[20.853874,52.155134],[20.853874,52.153245]]}},{"type":"Feature","properties":{"id":"c2927","lines":"15 45","n":2,"tram":0,"op":"GPA Grodzisk — buses"},"geometry":{"type":"LineString","coordinates":[[20.853874,52.153245],[20.853874,52.149468]]}},{"type":"Feature","properties":{"id":"c2928","lines":"23 55","n":2,"tram":0,"op":"GPA Grodzisk — buses"},"geometry":{"type":"LineString","coordinates":[[20.853874,52.153245],[20.863121,52.153245]]}},{"type":"Feature","properties":{"id":"c2929","lines":"15 45 55","n":3,"tram":0,"op":"GPA Grodzisk — buses"},"geometry":{"type":"LineString","coordinates":[[20.853874,52.149468],[20.847709,52.149468],[20.844627,52.151357]]}},{"type":"Feature","properties":{"id":"c2930","lines":"55","n":1,"tram":0,"op":"GPA Grodzisk — buses"},"geometry":{"type":"LineString","coordinates":[[20.853874,52.149468],[20.860039,52.149468]]}},{"type":"Feature","properties":{"id":"c2931","lines":"15 45 55","n":3,"tram":0,"op":"GPA Grodzisk — buses"},"geometry":{"type":"LineString","coordinates":[[20.844627,52.151357],[20.844627,52.157022]]}},{"type":"Feature","properties":{"id":"c2932","lines":"15 45 55","n":3,"tram":0,"op":"GPA Grodzisk — buses"},"geometry":{"type":"LineString","coordinates":[[20.844627,52.157022],[20.835379,52.157022]]}},{"type":"Feature","properties":{"id":"c2933","lines":"15 23 45","n":3,"tram":0,"op":"GPA Grodzisk — buses"},"geometry":{"type":"LineString","coordinates":[[20.844627,52.157022],[20.850791,52.153245],[20.850791,52.151357]]}},{"type":"Feature","properties":{"id":"c2934","lines":"15 45","n":2,"tram":0,"op":"GPA Grodzisk — buses"},"geometry":{"type":"LineString","coordinates":[[20.835379,52.157022],[20.829215,52.160799]]}},{"type":"Feature","properties":{"id":"c2935","lines":"55","n":1,"tram":0,"op":"GPA Grodzisk — buses"},"geometry":{"type":"LineString","coordinates":[[20.835379,52.157022],[20.835379,52.158911],[20.832297,52.160799]]}},{"type":"Feature","properties":{"id":"c2936","lines":"15 45","n":2,"tram":0,"op":"GPA Grodzisk — buses"},"geometry":{"type":"LineString","coordinates":[[20.829215,52.160799],[20.829215,52.168354]]}},{"type":"Feature","properties":{"id":"c2937","lines":"15 45","n":2,"tram":0,"op":"GPA Grodzisk — buses"},"geometry":{"type":"LineString","coordinates":[[20.829215,52.160799],[20.829215,52.166465]]}},{"type":"Feature","properties":{"id":"c2938","lines":"15 45","n":2,"tram":0,"op":"GPA Grodzisk — buses"},"geometry":{"type":"LineString","coordinates":[[20.829215,52.160799],[20.832297,52.160799]]}},{"type":"Feature","properties":{"id":"c2939","lines":"15 18 45","n":3,"tram":0,"op":"GPA Grodzisk — buses"},"geometry":{"type":"LineString","coordinates":[[20.829215,52.168354],[20.829215,52.172131]]}},{"type":"Feature","properties":{"id":"c2940","lines":"18","n":1,"tram":0,"op":"GPA Grodzisk — buses"},"geometry":{"type":"LineString","coordinates":[[20.829215,52.168354],[20.832297,52.166465]]}},{"type":"Feature","properties":{"id":"c2941","lines":"15 16 45","n":3,"tram":0,"op":"GPA Grodzisk — buses"},"geometry":{"type":"LineString","coordinates":[[20.829215,52.172131],[20.826132,52.172131],[20.82305,52.170242]]}},{"type":"Feature","properties":{"id":"c2942","lines":"15 16 17 45 46","n":5,"tram":0,"op":"GPA Grodzisk — buses"},"geometry":{"type":"LineString","coordinates":[[20.829215,52.172131],[20.826132,52.170242]]}},{"type":"Feature","properties":{"id":"c2943","lines":"16 46","n":2,"tram":0,"op":"GPA Grodzisk — buses"},"geometry":{"type":"LineString","coordinates":[[20.829215,52.172131],[20.826132,52.172131]]}},{"type":"Feature","properties":{"id":"c2944","lines":"16 18 46","n":3,"tram":0,"op":"GPA Grodzisk — buses"},"geometry":{"type":"LineString","coordinates":[[20.829215,52.172131],[20.832297,52.174019]]}},{"type":"Feature","properties":{"id":"c2945","lines":"17","n":1,"tram":0,"op":"GPA Grodzisk — buses"},"geometry":{"type":"LineString","coordinates":[[20.829215,52.172131],[20.832297,52.170242],[20.832297,52.166465]]}},{"type":"Feature","properties":{"id":"c2946","lines":"18","n":1,"tram":0,"op":"GPA Grodzisk — buses"},"geometry":{"type":"LineString","coordinates":[[20.829215,52.172131],[20.832297,52.170242],[20.832297,52.166465]]}},{"type":"Feature","properties":{"id":"c2947","lines":"15","n":1,"tram":0,"op":"GPA Grodzisk — buses"},"geometry":{"type":"LineString","coordinates":[[20.804555,52.166465],[20.804555,52.168354]]}},{"type":"Feature","properties":{"id":"c2948","lines":"25","n":1,"tram":0,"op":"GPA Grodzisk — buses"},"geometry":{"type":"LineString","coordinates":[[20.804555,52.166465],[20.804555,52.162688]]}},{"type":"Feature","properties":{"id":"c2949","lines":"15 25","n":2,"tram":0,"op":"GPA Grodzisk — buses"},"geometry":{"type":"LineString","coordinates":[[20.804555,52.168354],[20.801473,52.170242]]}},{"type":"Feature","properties":{"id":"c2950","lines":"25","n":1,"tram":0,"op":"GPA Grodzisk — buses"},"geometry":{"type":"LineString","coordinates":[[20.804555,52.168354],[20.807638,52.166465],[20.807638,52.164577]]}},{"type":"Feature","properties":{"id":"c2951","lines":"15","n":1,"tram":0,"op":"GPA Grodzisk — buses"},"geometry":{"type":"LineString","coordinates":[[20.801473,52.170242],[20.801473,52.164577]]}},{"type":"Feature","properties":{"id":"c2952","lines":"25","n":1,"tram":0,"op":"GPA Grodzisk — buses"},"geometry":{"type":"LineString","coordinates":[[20.801473,52.170242],[20.795308,52.170242]]}},{"type":"Feature","properties":{"id":"c2953","lines":"15 25","n":2,"tram":0,"op":"GPA Grodzisk — buses"},"geometry":{"type":"LineString","coordinates":[[20.801473,52.164577],[20.804555,52.164577]]}},{"type":"Feature","properties":{"id":"c2954","lines":"25","n":1,"tram":0,"op":"GPA Grodzisk — buses"},"geometry":{"type":"LineString","coordinates":[[20.801473,52.164577],[20.795308,52.168354],[20.792225,52.168354]]}},{"type":"Feature","properties":{"id":"c2955","lines":"15","n":1,"tram":0,"op":"GPA Grodzisk — buses"},"geometry":{"type":"LineString","coordinates":[[20.804555,52.164577],[20.807638,52.164577]]}},{"type":"Feature","properties":{"id":"c2956","lines":"25","n":1,"tram":0,"op":"GPA Grodzisk — buses"},"geometry":{"type":"LineString","coordinates":[[20.804555,52.164577],[20.804555,52.162688]]}},{"type":"Feature","properties":{"id":"c2957","lines":"25","n":1,"tram":0,"op":"GPA Grodzisk — buses"},"geometry":{"type":"LineString","coordinates":[[20.807638,52.164577],[20.804555,52.162688]]}},{"type":"Feature","properties":{"id":"c2958","lines":"17 46","n":2,"tram":0,"op":"GPA Grodzisk — buses"},"geometry":{"type":"LineString","coordinates":[[20.82305,52.170242],[20.82305,52.168354],[20.826132,52.166465]]}},{"type":"Feature","properties":{"id":"c2959","lines":"17 46","n":2,"tram":0,"op":"GPA Grodzisk — buses"},"geometry":{"type":"LineString","coordinates":[[20.82305,52.170242],[20.826132,52.170242]]}},{"type":"Feature","properties":{"id":"c2960","lines":"15 17 45 46","n":4,"tram":0,"op":"GPA Grodzisk — buses"},"geometry":{"type":"LineString","coordinates":[[20.826132,52.170242],[20.829215,52.168354],[20.829215,52.166465]]}},{"type":"Feature","properties":{"id":"c2961","lines":"17 46","n":2,"tram":0,"op":"GPA Grodzisk — buses"},"geometry":{"type":"LineString","coordinates":[[20.829215,52.166465],[20.826132,52.166465]]}},{"type":"Feature","properties":{"id":"c2962","lines":"17","n":1,"tram":0,"op":"GPA Grodzisk — buses"},"geometry":{"type":"LineString","coordinates":[[20.829215,52.166465],[20.832297,52.166465]]}},{"type":"Feature","properties":{"id":"c2963","lines":"15 45 55","n":3,"tram":0,"op":"GPA Grodzisk — buses"},"geometry":{"type":"LineString","coordinates":[[20.832297,52.160799],[20.838462,52.160799]]}},{"type":"Feature","properties":{"id":"c2964","lines":"15 45","n":2,"tram":0,"op":"GPA Grodzisk — buses"},"geometry":{"type":"LineString","coordinates":[[20.838462,52.160799],[20.841544,52.160799]]}},{"type":"Feature","properties":{"id":"c2965","lines":"55","n":1,"tram":0,"op":"GPA Grodzisk — buses"},"geometry":{"type":"LineString","coordinates":[[20.838462,52.160799],[20.841544,52.158911]]}},{"type":"Feature","properties":{"id":"c2966","lines":"15 45 55","n":3,"tram":0,"op":"GPA Grodzisk — buses"},"geometry":{"type":"LineString","coordinates":[[20.841544,52.160799],[20.847709,52.157022]]}},{"type":"Feature","properties":{"id":"c2967","lines":"55","n":1,"tram":0,"op":"GPA Grodzisk — buses"},"geometry":{"type":"LineString","coordinates":[[20.841544,52.160799],[20.838462,52.162688]]}},{"type":"Feature","properties":{"id":"c2968","lines":"15 45","n":2,"tram":0,"op":"GPA Grodzisk — buses"},"geometry":{"type":"LineString","coordinates":[[20.847709,52.157022],[20.847709,52.153245],[20.850791,52.151357]]}},{"type":"Feature","properties":{"id":"c2969","lines":"23","n":1,"tram":0,"op":"GPA Grodzisk — buses"},"geometry":{"type":"LineString","coordinates":[[20.850791,52.151357],[20.856956,52.151357],[20.860039,52.149468]]}},{"type":"Feature","properties":{"id":"c2970","lines":"15 17 23 35 45","n":5,"tram":0,"op":"GPA Grodzisk — buses"},"geometry":{"type":"LineString","coordinates":[[20.835379,52.170242],[20.838462,52.172131],[20.841544,52.172131]]}},{"type":"Feature","properties":{"id":"c2971","lines":"17 35","n":2,"tram":0,"op":"GPA Grodzisk — buses"},"geometry":{"type":"LineString","coordinates":[[20.835379,52.170242],[20.835379,52.168354]]}},{"type":"Feature","properties":{"id":"c2972","lines":"17 65 66","n":3,"tram":0,"op":"GPA Grodzisk — buses"},"geometry":{"type":"LineString","coordinates":[[20.841544,52.172131],[20.847709,52.172131]]}},{"type":"Feature","properties":{"id":"c2973","lines":"16 18 46","n":3,"tram":0,"op":"GPA Grodzisk — buses"},"geometry":{"type":"LineString","coordinates":[[20.819967,52.174019],[20.82305,52.172131]]}},{"type":"Feature","properties":{"id":"c2974","lines":"18","n":1,"tram":0,"op":"GPA Grodzisk — buses"},"geometry":{"type":"LineString","coordinates":[[20.819967,52.174019],[20.819967,52.177797],[20.816885,52.179685]]}},{"type":"Feature","properties":{"id":"c2975","lines":"16 46","n":2,"tram":0,"op":"GPA Grodzisk — buses"},"geometry":{"type":"LineString","coordinates":[[20.82305,52.172131],[20.826132,52.172131]]}},{"type":"Feature","properties":{"id":"c2976","lines":"18","n":1,"tram":0,"op":"GPA Grodzisk — buses"},"geometry":{"type":"LineString","coordinates":[[20.82305,52.172131],[20.819967,52.172131]]}},{"type":"Feature","properties":{"id":"c2977","lines":"16 46","n":2,"tram":0,"op":"GPA Grodzisk — buses"},"geometry":{"type":"LineString","coordinates":[[20.826132,52.172131],[20.819967,52.175908]]}},{"type":"Feature","properties":{"id":"c2978","lines":"18","n":1,"tram":0,"op":"GPA Grodzisk — buses"},"geometry":{"type":"LineString","coordinates":[[20.832297,52.174019],[20.829215,52.175908],[20.829215,52.177797]]}},{"type":"Feature","properties":{"id":"c2979","lines":"18","n":1,"tram":0,"op":"GPA Grodzisk — buses"},"geometry":{"type":"LineString","coordinates":[[20.832297,52.174019],[20.826132,52.177797]]}},{"type":"Feature","properties":{"id":"c2980","lines":"16 18 46","n":3,"tram":0,"op":"GPA Grodzisk — buses"},"geometry":{"type":"LineString","coordinates":[[20.819967,52.175908],[20.819967,52.177797]]}},{"type":"Feature","properties":{"id":"c2981","lines":"18","n":1,"tram":0,"op":"GPA Grodzisk — buses"},"geometry":{"type":"LineString","coordinates":[[20.819967,52.175908],[20.816885,52.175908]]}},{"type":"Feature","properties":{"id":"c2982","lines":"18","n":1,"tram":0,"op":"GPA Grodzisk — buses"},"geometry":{"type":"LineString","coordinates":[[20.819967,52.177797],[20.819967,52.179685],[20.816885,52.181574]]}},{"type":"Feature","properties":{"id":"c2983","lines":"17 65","n":2,"tram":0,"op":"GPA Grodzisk — buses"},"geometry":{"type":"LineString","coordinates":[[20.856956,52.162688],[20.853874,52.164577]]}},{"type":"Feature","properties":{"id":"c2984","lines":"17 65","n":2,"tram":0,"op":"GPA Grodzisk — buses"},"geometry":{"type":"LineString","coordinates":[[20.856956,52.162688],[20.853874,52.164577]]}},{"type":"Feature","properties":{"id":"c2985","lines":"65","n":1,"tram":0,"op":"GPA Grodzisk — buses"},"geometry":{"type":"LineString","coordinates":[[20.856956,52.162688],[20.856956,52.160799],[20.866204,52.155134]]}},{"type":"Feature","properties":{"id":"c2986","lines":"65","n":1,"tram":0,"op":"GPA Grodzisk — buses"},"geometry":{"type":"LineString","coordinates":[[20.856956,52.162688],[20.860039,52.160799],[20.860039,52.158911]]}},{"type":"Feature","properties":{"id":"c2987","lines":"65","n":1,"tram":0,"op":"GPA Grodzisk — buses"},"geometry":{"type":"LineString","coordinates":[[20.856956,52.162688],[20.866204,52.157022]]}},{"type":"Feature","properties":{"id":"c2989","lines":"17 65","n":2,"tram":0,"op":"GPA Grodzisk — buses"},"geometry":{"type":"LineString","coordinates":[[20.853874,52.164577],[20.853874,52.168354]]}},{"type":"Feature","properties":{"id":"c2990","lines":"17 65","n":2,"tram":0,"op":"GPA Grodzisk — buses"},"geometry":{"type":"LineString","coordinates":[[20.853874,52.168354],[20.853874,52.174019],[20.850791,52.175908]]}},{"type":"Feature","properties":{"id":"c2991","lines":"17 65","n":2,"tram":0,"op":"GPA Grodzisk — buses"},"geometry":{"type":"LineString","coordinates":[[20.853874,52.168354],[20.847709,52.172131]]}},{"type":"Feature","properties":{"id":"c2992","lines":"17 65 66","n":3,"tram":0,"op":"GPA Grodzisk — buses"},"geometry":{"type":"LineString","coordinates":[[20.850791,52.175908],[20.844627,52.175908]]}},{"type":"Feature","properties":{"id":"c2993","lines":"66","n":1,"tram":0,"op":"GPA Grodzisk — buses"},"geometry":{"type":"LineString","coordinates":[[20.850791,52.175908],[20.856956,52.179685]]}},{"type":"Feature","properties":{"id":"c2994","lines":"48 64 69","n":3,"tram":0,"op":"GPA Grodzisk — buses"},"geometry":{"type":"LineString","coordinates":[[20.844627,52.175908],[20.835379,52.175908]]}},{"type":"Feature","properties":{"id":"c2995","lines":"64","n":1,"tram":0,"op":"GPA Grodzisk — buses"},"geometry":{"type":"LineString","coordinates":[[20.844627,52.175908],[20.841544,52.177797],[20.838462,52.177797]]}},{"type":"Feature","properties":{"id":"c2996","lines":"64 67","n":2,"tram":0,"op":"GPA Grodzisk — buses"},"geometry":{"type":"LineString","coordinates":[[20.844627,52.175908],[20.838462,52.179685],[20.835379,52.179685]]}},{"type":"Feature","properties":{"id":"c2997","lines":"67","n":1,"tram":0,"op":"GPA Grodzisk — buses"},"geometry":{"type":"LineString","coordinates":[[20.844627,52.175908],[20.838462,52.175908],[20.835379,52.174019]]}},{"type":"Feature","properties":{"id":"c2998","lines":"17","n":1,"tram":0,"op":"GPA Grodzisk — buses"},"geometry":{"type":"LineString","coordinates":[[20.838462,52.166465],[20.832297,52.166465]]}},{"type":"Feature","properties":{"id":"c2999","lines":"35","n":1,"tram":0,"op":"GPA Grodzisk — buses"},"geometry":{"type":"LineString","coordinates":[[20.838462,52.166465],[20.838462,52.162688]]}},{"type":"Feature","properties":{"id":"c3000","lines":"17","n":1,"tram":0,"op":"GPA Grodzisk — buses"},"geometry":{"type":"LineString","coordinates":[[20.832297,52.166465],[20.835379,52.168354]]}},{"type":"Feature","properties":{"id":"c3002","lines":"35","n":1,"tram":0,"op":"GPA Grodzisk — buses"},"geometry":{"type":"LineString","coordinates":[[20.835379,52.168354],[20.835379,52.162688]]}},{"type":"Feature","properties":{"id":"c3003","lines":"66","n":1,"tram":0,"op":"GPA Grodzisk — buses"},"geometry":{"type":"LineString","coordinates":[[20.847709,52.172131],[20.847709,52.183462]]}},{"type":"Feature","properties":{"id":"c3004","lines":"18 26","n":2,"tram":0,"op":"GPA Grodzisk — buses"},"geometry":{"type":"LineString","coordinates":[[20.813802,52.172131],[20.813802,52.174019],[20.816885,52.175908]]}},{"type":"Feature","properties":{"id":"c3005","lines":"26","n":1,"tram":0,"op":"GPA Grodzisk — buses"},"geometry":{"type":"LineString","coordinates":[[20.816885,52.175908],[20.813802,52.177797],[20.813802,52.179685]]}},{"type":"Feature","properties":{"id":"c3006","lines":"18","n":1,"tram":0,"op":"GPA Grodzisk — buses"},"geometry":{"type":"LineString","coordinates":[[20.816885,52.181574],[20.82305,52.181574]]}},{"type":"Feature","properties":{"id":"c3007","lines":"26","n":1,"tram":0,"op":"GPA Grodzisk — buses"},"geometry":{"type":"LineString","coordinates":[[20.816885,52.181574],[20.813802,52.179685]]}},{"type":"Feature","properties":{"id":"c3008","lines":"26","n":1,"tram":0,"op":"GPA Grodzisk — buses"},"geometry":{"type":"LineString","coordinates":[[20.816885,52.181574],[20.81072,52.185351]]}},{"type":"Feature","properties":{"id":"c3009","lines":"18","n":1,"tram":0,"op":"GPA Grodzisk — buses"},"geometry":{"type":"LineString","coordinates":[[20.82305,52.181574],[20.829215,52.181574]]}},{"type":"Feature","properties":{"id":"c3010","lines":"18","n":1,"tram":0,"op":"GPA Grodzisk — buses"},"geometry":{"type":"LineString","coordinates":[[20.82305,52.181574],[20.829215,52.177797]]}},{"type":"Feature","properties":{"id":"c3011","lines":"18","n":1,"tram":0,"op":"GPA Grodzisk — buses"},"geometry":{"type":"LineString","coordinates":[[20.829215,52.181574],[20.829215,52.177797]]}},{"type":"Feature","properties":{"id":"c3012","lines":"18","n":1,"tram":0,"op":"GPA Grodzisk — buses"},"geometry":{"type":"LineString","coordinates":[[20.829215,52.181574],[20.829215,52.179685],[20.826132,52.177797]]}},{"type":"Feature","properties":{"id":"c3013","lines":"18","n":1,"tram":0,"op":"GPA Grodzisk — buses"},"geometry":{"type":"LineString","coordinates":[[20.829215,52.181574],[20.826132,52.181574],[20.82305,52.179685]]}},{"type":"Feature","properties":{"id":"c3014","lines":"18","n":1,"tram":0,"op":"GPA Grodzisk — buses"},"geometry":{"type":"LineString","coordinates":[[20.826132,52.177797],[20.82305,52.179685]]}},{"type":"Feature","properties":{"id":"c3015","lines":"18","n":1,"tram":0,"op":"GPA Grodzisk — buses"},"geometry":{"type":"LineString","coordinates":[[20.82305,52.179685],[20.816885,52.179685]]}},{"type":"Feature","properties":{"id":"c3016","lines":"26","n":1,"tram":0,"op":"GPA Grodzisk — buses"},"geometry":{"type":"LineString","coordinates":[[20.816885,52.179685],[20.81072,52.183462],[20.81072,52.185351]]}},{"type":"Feature","properties":{"id":"c3017","lines":"26","n":1,"tram":0,"op":"GPA Grodzisk — buses"},"geometry":{"type":"LineString","coordinates":[[20.816885,52.179685],[20.816885,52.177797]]}},{"type":"Feature","properties":{"id":"c3018","lines":"18 26","n":2,"tram":0,"op":"GPA Grodzisk — buses"},"geometry":{"type":"LineString","coordinates":[[20.819967,52.172131],[20.816885,52.170242]]}},{"type":"Feature","properties":{"id":"c3019","lines":"26","n":1,"tram":0,"op":"GPA Grodzisk — buses"},"geometry":{"type":"LineString","coordinates":[[20.819967,52.172131],[20.816885,52.174019],[20.816885,52.177797]]}},{"type":"Feature","properties":{"id":"c3020","lines":"19","n":1,"tram":0,"op":"GPA Grodzisk — buses"},"geometry":{"type":"LineString","coordinates":[[20.801473,52.189128],[20.801473,52.191017]]}},{"type":"Feature","properties":{"id":"c3021","lines":"19","n":1,"tram":0,"op":"GPA Grodzisk — buses"},"geometry":{"type":"LineString","coordinates":[[20.801473,52.189128],[20.807638,52.192905]]}},{"type":"Feature","properties":{"id":"c3022","lines":"19","n":1,"tram":0,"op":"GPA Grodzisk — buses"},"geometry":{"type":"LineString","coordinates":[[20.801473,52.191017],[20.801473,52.194794]]}},{"type":"Feature","properties":{"id":"c3023","lines":"20 21","n":2,"tram":0,"op":"GPA Grodzisk — buses"},"geometry":{"type":"LineString","coordinates":[[20.804555,52.158911],[20.801473,52.158911],[20.79839,52.157022]]}},{"type":"Feature","properties":{"id":"c3024","lines":"21","n":1,"tram":0,"op":"GPA Grodzisk — buses"},"geometry":{"type":"LineString","coordinates":[[20.804555,52.158911],[20.804555,52.157022]]}},{"type":"Feature","properties":{"id":"c3025","lines":"21","n":1,"tram":0,"op":"GPA Grodzisk — buses"},"geometry":{"type":"LineString","coordinates":[[20.804555,52.158911],[20.804555,52.157022]]}},{"type":"Feature","properties":{"id":"c3026","lines":"21","n":1,"tram":0,"op":"GPA Grodzisk — buses"},"geometry":{"type":"LineString","coordinates":[[20.804555,52.158911],[20.804555,52.153245],[20.807638,52.151357]]}},{"type":"Feature","properties":{"id":"c3027","lines":"21","n":1,"tram":0,"op":"GPA Grodzisk — buses"},"geometry":{"type":"LineString","coordinates":[[20.804555,52.158911],[20.804555,52.160799]]}},{"type":"Feature","properties":{"id":"c3028","lines":"20","n":1,"tram":0,"op":"GPA Grodzisk — buses"},"geometry":{"type":"LineString","coordinates":[[20.79839,52.157022],[20.79839,52.160799]]}},{"type":"Feature","properties":{"id":"c3029","lines":"21","n":1,"tram":0,"op":"GPA Grodzisk — buses"},"geometry":{"type":"LineString","coordinates":[[20.79839,52.157022],[20.807638,52.151357]]}},{"type":"Feature","properties":{"id":"c3030","lines":"21","n":1,"tram":0,"op":"GPA Grodzisk — buses"},"geometry":{"type":"LineString","coordinates":[[20.79839,52.157022],[20.801473,52.155134],[20.804555,52.155134]]}},{"type":"Feature","properties":{"id":"c3031","lines":"21","n":1,"tram":0,"op":"GPA Grodzisk — buses"},"geometry":{"type":"LineString","coordinates":[[20.79839,52.157022],[20.804555,52.157022]]}},{"type":"Feature","properties":{"id":"c3032","lines":"20","n":1,"tram":0,"op":"GPA Grodzisk — buses"},"geometry":{"type":"LineString","coordinates":[[20.79839,52.160799],[20.795308,52.162688]]}},{"type":"Feature","properties":{"id":"c3033","lines":"20","n":1,"tram":0,"op":"GPA Grodzisk — buses"},"geometry":{"type":"LineString","coordinates":[[20.79839,52.160799],[20.804555,52.160799]]}},{"type":"Feature","properties":{"id":"c3034","lines":"20","n":1,"tram":0,"op":"GPA Grodzisk — buses"},"geometry":{"type":"LineString","coordinates":[[20.795308,52.162688],[20.792225,52.164577]]}},{"type":"Feature","properties":{"id":"c3035","lines":"20","n":1,"tram":0,"op":"GPA Grodzisk — buses"},"geometry":{"type":"LineString","coordinates":[[20.795308,52.162688],[20.792225,52.164577]]}},{"type":"Feature","properties":{"id":"c3036","lines":"20","n":1,"tram":0,"op":"GPA Grodzisk — buses"},"geometry":{"type":"LineString","coordinates":[[20.792225,52.164577],[20.786061,52.168354],[20.786061,52.172131]]}},{"type":"Feature","properties":{"id":"c3037","lines":"20","n":1,"tram":0,"op":"GPA Grodzisk — buses"},"geometry":{"type":"LineString","coordinates":[[20.786061,52.172131],[20.782978,52.174019]]}},{"type":"Feature","properties":{"id":"c3038","lines":"20","n":1,"tram":0,"op":"GPA Grodzisk — buses"},"geometry":{"type":"LineString","coordinates":[[20.786061,52.172131],[20.779896,52.172131],[20.776813,52.174019]]}},{"type":"Feature","properties":{"id":"c3039","lines":"20 80","n":2,"tram":0,"op":"GPA Grodzisk — buses"},"geometry":{"type":"LineString","coordinates":[[20.782978,52.174019],[20.782978,52.179685]]}},{"type":"Feature","properties":{"id":"c3040","lines":"80","n":1,"tram":0,"op":"GPA Grodzisk — buses"},"geometry":{"type":"LineString","coordinates":[[20.782978,52.174019],[20.782978,52.153245],[20.779896,52.151357]]}},{"type":"Feature","properties":{"id":"c3041","lines":"20","n":1,"tram":0,"op":"GPA Grodzisk — buses"},"geometry":{"type":"LineString","coordinates":[[20.782978,52.179685],[20.782978,52.181574],[20.776813,52.185351]]}},{"type":"Feature","properties":{"id":"c3042","lines":"24","n":1,"tram":0,"op":"GPA Grodzisk — buses"},"geometry":{"type":"LineString","coordinates":[[20.782978,52.179685],[20.776813,52.175908]]}},{"type":"Feature","properties":{"id":"c3043","lines":"24","n":1,"tram":0,"op":"GPA Grodzisk — buses"},"geometry":{"type":"LineString","coordinates":[[20.782978,52.179685],[20.786061,52.179685]]}},{"type":"Feature","properties":{"id":"c3044","lines":"80","n":1,"tram":0,"op":"GPA Grodzisk — buses"},"geometry":{"type":"LineString","coordinates":[[20.782978,52.179685],[20.776813,52.183462]]}},{"type":"Feature","properties":{"id":"c3045","lines":"20","n":1,"tram":0,"op":"GPA Grodzisk — buses"},"geometry":{"type":"LineString","coordinates":[[20.776813,52.185351],[20.770648,52.181574]]}},{"type":"Feature","properties":{"id":"c3046","lines":"20","n":1,"tram":0,"op":"GPA Grodzisk — buses"},"geometry":{"type":"LineString","coordinates":[[20.776813,52.185351],[20.773731,52.187239],[20.773731,52.194794]]}},{"type":"Feature","properties":{"id":"c3047","lines":"20","n":1,"tram":0,"op":"GPA Grodzisk — buses"},"geometry":{"type":"LineString","coordinates":[[20.776813,52.185351],[20.767566,52.191017],[20.767566,52.196682]]}},{"type":"Feature","properties":{"id":"c3048","lines":"20","n":1,"tram":0,"op":"GPA Grodzisk — buses"},"geometry":{"type":"LineString","coordinates":[[20.776813,52.185351],[20.776813,52.183462]]}},{"type":"Feature","properties":{"id":"c3049","lines":"20","n":1,"tram":0,"op":"GPA Grodzisk — buses"},"geometry":{"type":"LineString","coordinates":[[20.773731,52.194794],[20.773731,52.202348],[20.764484,52.208014]]}},{"type":"Feature","properties":{"id":"c3050","lines":"20","n":1,"tram":0,"op":"GPA Grodzisk — buses"},"geometry":{"type":"LineString","coordinates":[[20.773731,52.194794],[20.770648,52.196682],[20.767566,52.196682]]}},{"type":"Feature","properties":{"id":"c3051","lines":"20 44","n":2,"tram":0,"op":"GPA Grodzisk — buses"},"geometry":{"type":"LineString","coordinates":[[20.764484,52.208014],[20.755236,52.208014]]}},{"type":"Feature","properties":{"id":"c3052","lines":"44","n":1,"tram":0,"op":"GPA Grodzisk — buses"},"geometry":{"type":"LineString","coordinates":[[20.764484,52.208014],[20.764484,52.225011],[20.770648,52.228788]]}},{"type":"Feature","properties":{"id":"c3053","lines":"20","n":1,"tram":0,"op":"GPA Grodzisk — buses"},"geometry":{"type":"LineString","coordinates":[[20.767566,52.196682],[20.761401,52.20046],[20.761401,52.206125]]}},{"type":"Feature","properties":{"id":"c3054","lines":"26","n":1,"tram":0,"op":"GPA Grodzisk — buses"},"geometry":{"type":"LineString","coordinates":[[20.767566,52.196682],[20.779896,52.196682]]}},{"type":"Feature","properties":{"id":"c3055","lines":"26","n":1,"tram":0,"op":"GPA Grodzisk — buses"},"geometry":{"type":"LineString","coordinates":[[20.767566,52.196682],[20.770648,52.194794],[20.786061,52.194794]]}},{"type":"Feature","properties":{"id":"c3056","lines":"20 44","n":2,"tram":0,"op":"GPA Grodzisk — buses"},"geometry":{"type":"LineString","coordinates":[[20.752154,52.206125],[20.761401,52.206125]]}},{"type":"Feature","properties":{"id":"c3057","lines":"44","n":1,"tram":0,"op":"GPA Grodzisk — buses"},"geometry":{"type":"LineString","coordinates":[[20.761401,52.206125],[20.761401,52.211791],[20.770648,52.217457],[20.770648,52.228788]]}},{"type":"Feature","properties":{"id":"c3058","lines":"20 80","n":2,"tram":0,"op":"GPA Grodzisk — buses"},"geometry":{"type":"LineString","coordinates":[[20.776813,52.183462],[20.776813,52.175908]]}},{"type":"Feature","properties":{"id":"c3059","lines":"20 80","n":2,"tram":0,"op":"GPA Grodzisk — buses"},"geometry":{"type":"LineString","coordinates":[[20.776813,52.175908],[20.776813,52.174019]]}},{"type":"Feature","properties":{"id":"c3060","lines":"24","n":1,"tram":0,"op":"GPA Grodzisk — buses"},"geometry":{"type":"LineString","coordinates":[[20.776813,52.175908],[20.776813,52.177797],[20.782978,52.181574]]}},{"type":"Feature","properties":{"id":"c3061","lines":"80","n":1,"tram":0,"op":"GPA Grodzisk — buses"},"geometry":{"type":"LineString","coordinates":[[20.776813,52.174019],[20.776813,52.153245],[20.779896,52.151357]]}},{"type":"Feature","properties":{"id":"c3062","lines":"21","n":1,"tram":0,"op":"GPA Grodzisk — buses"},"geometry":{"type":"LineString","coordinates":[[20.804555,52.157022],[20.804555,52.155134]]}},{"type":"Feature","properties":{"id":"c3063","lines":"21","n":1,"tram":0,"op":"GPA Grodzisk — buses"},"geometry":{"type":"LineString","coordinates":[[20.807638,52.151357],[20.807638,52.149468],[20.804555,52.147579]]}},{"type":"Feature","properties":{"id":"c3064","lines":"21","n":1,"tram":0,"op":"GPA Grodzisk — buses"},"geometry":{"type":"LineString","coordinates":[[20.804555,52.147579],[20.804555,52.155134]]}},{"type":"Feature","properties":{"id":"c3065","lines":"22 28 82","n":3,"tram":0,"op":"GPA Grodzisk — buses"},"geometry":{"type":"LineString","coordinates":[[20.813802,52.157022],[20.813802,52.151357]]}},{"type":"Feature","properties":{"id":"c3066","lines":"82","n":1,"tram":0,"op":"GPA Grodzisk — buses"},"geometry":{"type":"LineString","coordinates":[[20.813802,52.157022],[20.813802,52.158911]]}},{"type":"Feature","properties":{"id":"c3067","lines":"22 28 58 82","n":4,"tram":0,"op":"GPA Grodzisk — buses"},"geometry":{"type":"LineString","coordinates":[[20.813802,52.151357],[20.819967,52.147579]]}},{"type":"Feature","properties":{"id":"c3068","lines":"58","n":1,"tram":0,"op":"GPA Grodzisk — buses"},"geometry":{"type":"LineString","coordinates":[[20.813802,52.151357],[20.816885,52.151357]]}},{"type":"Feature","properties":{"id":"c3069","lines":"22 28 82","n":3,"tram":0,"op":"GPA Grodzisk — buses"},"geometry":{"type":"LineString","coordinates":[[20.819967,52.147579],[20.813802,52.143802],[20.81072,52.143802]]}},{"type":"Feature","properties":{"id":"c3070","lines":"58","n":1,"tram":0,"op":"GPA Grodzisk — buses"},"geometry":{"type":"LineString","coordinates":[[20.819967,52.147579],[20.813802,52.147579]]}},{"type":"Feature","properties":{"id":"c3071","lines":"58","n":1,"tram":0,"op":"GPA Grodzisk — buses"},"geometry":{"type":"LineString","coordinates":[[20.819967,52.147579],[20.82305,52.145691],[20.82305,52.141914]]}},{"type":"Feature","properties":{"id":"c3072","lines":"58","n":1,"tram":0,"op":"GPA Grodzisk — buses"},"geometry":{"type":"LineString","coordinates":[[20.819967,52.147579],[20.816885,52.147579]]}},{"type":"Feature","properties":{"id":"c3073","lines":"28 58","n":2,"tram":0,"op":"GPA Grodzisk — buses"},"geometry":{"type":"LineString","coordinates":[[20.81072,52.143802],[20.81072,52.145691],[20.813802,52.147579]]}},{"type":"Feature","properties":{"id":"c3074","lines":"82","n":1,"tram":0,"op":"GPA Grodzisk — buses"},"geometry":{"type":"LineString","coordinates":[[20.81072,52.143802],[20.81072,52.136248],[20.813802,52.134359],[20.813802,52.128694]]}},{"type":"Feature","properties":{"id":"c3075","lines":"22 82","n":2,"tram":0,"op":"GPA Grodzisk — buses"},"geometry":{"type":"LineString","coordinates":[[20.813802,52.140025],[20.819967,52.140025],[20.82305,52.141914]]}},{"type":"Feature","properties":{"id":"c3076","lines":"58","n":1,"tram":0,"op":"GPA Grodzisk — buses"},"geometry":{"type":"LineString","coordinates":[[20.813802,52.140025],[20.819967,52.143802]]}},{"type":"Feature","properties":{"id":"c3077","lines":"82","n":1,"tram":0,"op":"GPA Grodzisk — buses"},"geometry":{"type":"LineString","coordinates":[[20.813802,52.140025],[20.816885,52.138137],[20.816885,52.126805]]}},{"type":"Feature","properties":{"id":"c3078","lines":"22 58 82","n":3,"tram":0,"op":"GPA Grodzisk — buses"},"geometry":{"type":"LineString","coordinates":[[20.82305,52.141914],[20.819967,52.143802]]}},{"type":"Feature","properties":{"id":"c3079","lines":"22 58 82","n":3,"tram":0,"op":"GPA Grodzisk — buses"},"geometry":{"type":"LineString","coordinates":[[20.819967,52.143802],[20.819967,52.145691],[20.816885,52.147579]]}},{"type":"Feature","properties":{"id":"c3080","lines":"22 28 82","n":3,"tram":0,"op":"GPA Grodzisk — buses"},"geometry":{"type":"LineString","coordinates":[[20.816885,52.147579],[20.807638,52.153245]]}},{"type":"Feature","properties":{"id":"c3081","lines":"28","n":1,"tram":0,"op":"GPA Grodzisk — buses"},"geometry":{"type":"LineString","coordinates":[[20.816885,52.147579],[20.813802,52.147579]]}},{"type":"Feature","properties":{"id":"c3082","lines":"23 31 63","n":3,"tram":0,"op":"GPA Grodzisk — buses"},"geometry":{"type":"LineString","coordinates":[[20.819967,52.151357],[20.826132,52.147579],[20.826132,52.145691]]}},{"type":"Feature","properties":{"id":"c3083","lines":"58","n":1,"tram":0,"op":"GPA Grodzisk — buses"},"geometry":{"type":"LineString","coordinates":[[20.819967,52.151357],[20.816885,52.151357]]}},{"type":"Feature","properties":{"id":"c3084","lines":"23","n":1,"tram":0,"op":"GPA Grodzisk — buses"},"geometry":{"type":"LineString","coordinates":[[20.826132,52.145691],[20.829215,52.143802],[20.835379,52.143802]]}},{"type":"Feature","properties":{"id":"c3085","lines":"23","n":1,"tram":0,"op":"GPA Grodzisk — buses"},"geometry":{"type":"LineString","coordinates":[[20.826132,52.145691],[20.829215,52.145691],[20.832297,52.143802]]}},{"type":"Feature","properties":{"id":"c3086","lines":"23 31 63","n":3,"tram":0,"op":"GPA Grodzisk — buses"},"geometry":{"type":"LineString","coordinates":[[20.826132,52.145691],[20.816885,52.151357]]}},{"type":"Feature","properties":{"id":"c3087","lines":"31 63","n":2,"tram":0,"op":"GPA Grodzisk — buses"},"geometry":{"type":"LineString","coordinates":[[20.826132,52.145691],[20.826132,52.143802]]}},{"type":"Feature","properties":{"id":"c3088","lines":"23 30","n":2,"tram":0,"op":"GPA Grodzisk — buses"},"geometry":{"type":"LineString","coordinates":[[20.835379,52.143802],[20.835379,52.145691]]}},{"type":"Feature","properties":{"id":"c3089","lines":"30","n":1,"tram":0,"op":"GPA Grodzisk — buses"},"geometry":{"type":"LineString","coordinates":[[20.835379,52.143802],[20.835379,52.140025],[20.850791,52.130582]]}},{"type":"Feature","properties":{"id":"c3090","lines":"23 50","n":2,"tram":0,"op":"GPA Grodzisk — buses"},"geometry":{"type":"LineString","coordinates":[[20.835379,52.145691],[20.838462,52.143802]]}},{"type":"Feature","properties":{"id":"c3091","lines":"23 30 34 50","n":4,"tram":0,"op":"GPA Grodzisk — buses"},"geometry":{"type":"LineString","coordinates":[[20.835379,52.145691],[20.832297,52.147579]]}},{"type":"Feature","properties":{"id":"c3092","lines":"23 30 50","n":3,"tram":0,"op":"GPA Grodzisk — buses"},"geometry":{"type":"LineString","coordinates":[[20.835379,52.145691],[20.835379,52.147579]]}},{"type":"Feature","properties":{"id":"c3093","lines":"23 34 50","n":3,"tram":0,"op":"GPA Grodzisk — buses"},"geometry":{"type":"LineString","coordinates":[[20.835379,52.145691],[20.838462,52.145691],[20.841544,52.143802]]}},{"type":"Feature","properties":{"id":"c3094","lines":"23 30","n":2,"tram":0,"op":"GPA Grodzisk — buses"},"geometry":{"type":"LineString","coordinates":[[20.835379,52.145691],[20.832297,52.143802]]}},{"type":"Feature","properties":{"id":"c3095","lines":"23 34 50","n":3,"tram":0,"op":"GPA Grodzisk — buses"},"geometry":{"type":"LineString","coordinates":[[20.838462,52.143802],[20.841544,52.141914]]}},{"type":"Feature","properties":{"id":"c3096","lines":"34","n":1,"tram":0,"op":"GPA Grodzisk — buses"},"geometry":{"type":"LineString","coordinates":[[20.838462,52.143802],[20.838462,52.145691],[20.835379,52.147579]]}},{"type":"Feature","properties":{"id":"c3097","lines":"23 29 32 33 34 35 50","n":7,"tram":0,"op":"GPA Grodzisk — buses"},"geometry":{"type":"LineString","coordinates":[[20.841544,52.141914],[20.844627,52.141914]]}},{"type":"Feature","properties":{"id":"c3098","lines":"29 32 33 35","n":4,"tram":0,"op":"GPA Grodzisk — buses"},"geometry":{"type":"LineString","coordinates":[[20.841544,52.141914],[20.841544,52.143802]]}},{"type":"Feature","properties":{"id":"c3099","lines":"23 29 32 33 34 35 50","n":7,"tram":0,"op":"GPA Grodzisk — buses"},"geometry":{"type":"LineString","coordinates":[[20.844627,52.141914],[20.844627,52.143802]]}},{"type":"Feature","properties":{"id":"c3100","lines":"29 32 33 34 50","n":5,"tram":0,"op":"GPA Grodzisk — buses"},"geometry":{"type":"LineString","coordinates":[[20.844627,52.141914],[20.844627,52.145691],[20.835379,52.151357]]}},{"type":"Feature","properties":{"id":"c3101","lines":"32 33","n":2,"tram":0,"op":"GPA Grodzisk — buses"},"geometry":{"type":"LineString","coordinates":[[20.844627,52.141914],[20.847709,52.140025],[20.850791,52.140025]]}},{"type":"Feature","properties":{"id":"c3102","lines":"23","n":1,"tram":0,"op":"GPA Grodzisk — buses"},"geometry":{"type":"LineString","coordinates":[[20.844627,52.143802],[20.856956,52.143802]]}},{"type":"Feature","properties":{"id":"c3103","lines":"23","n":1,"tram":0,"op":"GPA Grodzisk — buses"},"geometry":{"type":"LineString","coordinates":[[20.844627,52.143802],[20.847709,52.141914],[20.853874,52.141914]]}},{"type":"Feature","properties":{"id":"c3104","lines":"23 29 32 33 34 35 50","n":7,"tram":0,"op":"GPA Grodzisk — buses"},"geometry":{"type":"LineString","coordinates":[[20.844627,52.143802],[20.841544,52.143802]]}},{"type":"Feature","properties":{"id":"c3105","lines":"29","n":1,"tram":0,"op":"GPA Grodzisk — buses"},"geometry":{"type":"LineString","coordinates":[[20.844627,52.143802],[20.847709,52.145691],[20.850791,52.145691]]}},{"type":"Feature","properties":{"id":"c3106","lines":"29","n":1,"tram":0,"op":"GPA Grodzisk — buses"},"geometry":{"type":"LineString","coordinates":[[20.844627,52.143802],[20.850791,52.147579]]}},{"type":"Feature","properties":{"id":"c3107","lines":"29 32 33 34 50","n":5,"tram":0,"op":"GPA Grodzisk — buses"},"geometry":{"type":"LineString","coordinates":[[20.844627,52.143802],[20.844627,52.149468],[20.829215,52.158911]]}},{"type":"Feature","properties":{"id":"c3108","lines":"32 33","n":2,"tram":0,"op":"GPA Grodzisk — buses"},"geometry":{"type":"LineString","coordinates":[[20.844627,52.143802],[20.850791,52.140025]]}},{"type":"Feature","properties":{"id":"c3109","lines":"35","n":1,"tram":0,"op":"GPA Grodzisk — buses"},"geometry":{"type":"LineString","coordinates":[[20.844627,52.143802],[20.844627,52.149468],[20.838462,52.153245]]}},{"type":"Feature","properties":{"id":"c3110","lines":"35","n":1,"tram":0,"op":"GPA Grodzisk — buses"},"geometry":{"type":"LineString","coordinates":[[20.844627,52.143802],[20.841544,52.145691],[20.841544,52.155134]]}},{"type":"Feature","properties":{"id":"c3111","lines":"23","n":1,"tram":0,"op":"GPA Grodzisk — buses"},"geometry":{"type":"LineString","coordinates":[[20.856956,52.143802],[20.853874,52.141914]]}},{"type":"Feature","properties":{"id":"c3112","lines":"23","n":1,"tram":0,"op":"GPA Grodzisk — buses"},"geometry":{"type":"LineString","coordinates":[[20.856956,52.143802],[20.850791,52.147579]]}},{"type":"Feature","properties":{"id":"c3113","lines":"23","n":1,"tram":0,"op":"GPA Grodzisk — buses"},"geometry":{"type":"LineString","coordinates":[[20.853874,52.141914],[20.850791,52.143802],[20.850791,52.145691]]}},{"type":"Feature","properties":{"id":"c3114","lines":"23","n":1,"tram":0,"op":"GPA Grodzisk — buses"},"geometry":{"type":"LineString","coordinates":[[20.866204,52.147579],[20.863121,52.149468]]}},{"type":"Feature","properties":{"id":"c3115","lines":"23","n":1,"tram":0,"op":"GPA Grodzisk — buses"},"geometry":{"type":"LineString","coordinates":[[20.866204,52.147579],[20.866204,52.151357],[20.863121,52.153245]]}},{"type":"Feature","properties":{"id":"c3116","lines":"23 55","n":2,"tram":0,"op":"GPA Grodzisk — buses"},"geometry":{"type":"LineString","coordinates":[[20.863121,52.149468],[20.860039,52.149468]]}},{"type":"Feature","properties":{"id":"c3117","lines":"55","n":1,"tram":0,"op":"GPA Grodzisk — buses"},"geometry":{"type":"LineString","coordinates":[[20.863121,52.149468],[20.863121,52.153245]]}},{"type":"Feature","properties":{"id":"c3118","lines":"23 30 50","n":3,"tram":0,"op":"GPA Grodzisk — buses"},"geometry":{"type":"LineString","coordinates":[[20.832297,52.147579],[20.829215,52.149468]]}},{"type":"Feature","properties":{"id":"c3119","lines":"34","n":1,"tram":0,"op":"GPA Grodzisk — buses"},"geometry":{"type":"LineString","coordinates":[[20.832297,52.147579],[20.832297,52.151357]]}},{"type":"Feature","properties":{"id":"c3120","lines":"23 50","n":2,"tram":0,"op":"GPA Grodzisk — buses"},"geometry":{"type":"LineString","coordinates":[[20.829215,52.149468],[20.826132,52.151357]]}},{"type":"Feature","properties":{"id":"c3121","lines":"30","n":1,"tram":0,"op":"GPA Grodzisk — buses"},"geometry":{"type":"LineString","coordinates":[[20.829215,52.149468],[20.826132,52.149468]]}},{"type":"Feature","properties":{"id":"c3122","lines":"50","n":1,"tram":0,"op":"GPA Grodzisk — buses"},"geometry":{"type":"LineString","coordinates":[[20.829215,52.149468],[20.829215,52.155134]]}},{"type":"Feature","properties":{"id":"c3123","lines":"23 30 50","n":3,"tram":0,"op":"GPA Grodzisk — buses"},"geometry":{"type":"LineString","coordinates":[[20.826132,52.151357],[20.829215,52.149468],[20.835379,52.149468]]}},{"type":"Feature","properties":{"id":"c3124","lines":"50","n":1,"tram":0,"op":"GPA Grodzisk — buses"},"geometry":{"type":"LineString","coordinates":[[20.826132,52.151357],[20.832297,52.151357]]}},{"type":"Feature","properties":{"id":"c3125","lines":"23 30 34 50","n":4,"tram":0,"op":"GPA Grodzisk — buses"},"geometry":{"type":"LineString","coordinates":[[20.835379,52.149468],[20.835379,52.147579]]}},{"type":"Feature","properties":{"id":"c3126","lines":"34","n":1,"tram":0,"op":"GPA Grodzisk — buses"},"geometry":{"type":"LineString","coordinates":[[20.835379,52.149468],[20.835379,52.151357],[20.829215,52.155134]]}},{"type":"Feature","properties":{"id":"c3127","lines":"30","n":1,"tram":0,"op":"GPA Grodzisk — buses"},"geometry":{"type":"LineString","coordinates":[[20.832297,52.143802],[20.832297,52.140025],[20.847709,52.130582]]}},{"type":"Feature","properties":{"id":"c3128","lines":"24","n":1,"tram":0,"op":"GPA Grodzisk — buses"},"geometry":{"type":"LineString","coordinates":[[20.79839,52.175908],[20.795308,52.177797]]}},{"type":"Feature","properties":{"id":"c3129","lines":"24","n":1,"tram":0,"op":"GPA Grodzisk — buses"},"geometry":{"type":"LineString","coordinates":[[20.795308,52.177797],[20.789143,52.177797]]}},{"type":"Feature","properties":{"id":"c3130","lines":"24","n":1,"tram":0,"op":"GPA Grodzisk — buses"},"geometry":{"type":"LineString","coordinates":[[20.795308,52.177797],[20.792225,52.175908]]}},{"type":"Feature","properties":{"id":"c3131","lines":"24 25","n":2,"tram":0,"op":"GPA Grodzisk — buses"},"geometry":{"type":"LineString","coordinates":[[20.789143,52.177797],[20.786061,52.179685],[20.786061,52.181574]]}},{"type":"Feature","properties":{"id":"c3132","lines":"25","n":1,"tram":0,"op":"GPA Grodzisk — buses"},"geometry":{"type":"LineString","coordinates":[[20.789143,52.177797],[20.789143,52.170242],[20.792225,52.168354]]}},{"type":"Feature","properties":{"id":"c3133","lines":"24","n":1,"tram":0,"op":"GPA Grodzisk — buses"},"geometry":{"type":"LineString","coordinates":[[20.786061,52.181574],[20.782978,52.181574]]}},{"type":"Feature","properties":{"id":"c3134","lines":"25","n":1,"tram":0,"op":"GPA Grodzisk — buses"},"geometry":{"type":"LineString","coordinates":[[20.786061,52.181574],[20.786061,52.185351],[20.782978,52.187239]]}},{"type":"Feature","properties":{"id":"c3135","lines":"24","n":1,"tram":0,"op":"GPA Grodzisk — buses"},"geometry":{"type":"LineString","coordinates":[[20.786061,52.179685],[20.789143,52.179685]]}},{"type":"Feature","properties":{"id":"c3136","lines":"24 25","n":2,"tram":0,"op":"GPA Grodzisk — buses"},"geometry":{"type":"LineString","coordinates":[[20.789143,52.179685],[20.792225,52.177797],[20.792225,52.175908]]}},{"type":"Feature","properties":{"id":"c3137","lines":"25","n":1,"tram":0,"op":"GPA Grodzisk — buses"},"geometry":{"type":"LineString","coordinates":[[20.789143,52.179685],[20.789143,52.192905],[20.786061,52.194794]]}},{"type":"Feature","properties":{"id":"c3138","lines":"25","n":1,"tram":0,"op":"GPA Grodzisk — buses"},"geometry":{"type":"LineString","coordinates":[[20.792225,52.175908],[20.795308,52.174019],[20.795308,52.170242]]}},{"type":"Feature","properties":{"id":"c3139","lines":"25","n":1,"tram":0,"op":"GPA Grodzisk — buses"},"geometry":{"type":"LineString","coordinates":[[20.795308,52.170242],[20.792225,52.168354]]}},{"type":"Feature","properties":{"id":"c3140","lines":"25 26","n":2,"tram":0,"op":"GPA Grodzisk — buses"},"geometry":{"type":"LineString","coordinates":[[20.782978,52.187239],[20.782978,52.194794],[20.779896,52.196682]]}},{"type":"Feature","properties":{"id":"c3141","lines":"26","n":1,"tram":0,"op":"GPA Grodzisk — buses"},"geometry":{"type":"LineString","coordinates":[[20.782978,52.187239],[20.786061,52.185351],[20.792225,52.185351]]}},{"type":"Feature","properties":{"id":"c3142","lines":"26","n":1,"tram":0,"op":"GPA Grodzisk — buses"},"geometry":{"type":"LineString","coordinates":[[20.786061,52.194794],[20.786061,52.192905],[20.795308,52.187239]]}},{"type":"Feature","properties":{"id":"c3143","lines":"26","n":1,"tram":0,"op":"GPA Grodzisk — buses"},"geometry":{"type":"LineString","coordinates":[[20.813802,52.179685],[20.816885,52.177797]]}},{"type":"Feature","properties":{"id":"c3144","lines":"27","n":1,"tram":0,"op":"GPA Grodzisk — buses"},"geometry":{"type":"LineString","coordinates":[[20.801473,52.177797],[20.801473,52.181574]]}},{"type":"Feature","properties":{"id":"c3145","lines":"34 50","n":2,"tram":0,"op":"GPA Grodzisk — buses"},"geometry":{"type":"LineString","coordinates":[[20.835379,52.151357],[20.832297,52.153245]]}},{"type":"Feature","properties":{"id":"c3146","lines":"34 50","n":2,"tram":0,"op":"GPA Grodzisk — buses"},"geometry":{"type":"LineString","coordinates":[[20.829215,52.158911],[20.826132,52.157022]]}},{"type":"Feature","properties":{"id":"c3147","lines":"30 63 83 EXPRESS CHEŁMOŃSKI","n":3,"tram":0,"op":"GPA Grodzisk — buses"},"geometry":{"type":"LineString","coordinates":[[20.847709,52.130582],[20.847709,52.128694]]}},{"type":"Feature","properties":{"id":"c3148","lines":"63","n":1,"tram":0,"op":"GPA Grodzisk — buses"},"geometry":{"type":"LineString","coordinates":[[20.847709,52.130582],[20.847709,52.134359],[20.856956,52.140025]]}},{"type":"Feature","properties":{"id":"c3149","lines":"63","n":1,"tram":0,"op":"GPA Grodzisk — buses"},"geometry":{"type":"LineString","coordinates":[[20.847709,52.130582],[20.847709,52.136248]]}},{"type":"Feature","properties":{"id":"c3150","lines":"83 EXPRESS CHEŁMOŃSKI","n":1,"tram":0,"op":"GPA Grodzisk — buses"},"geometry":{"type":"LineString","coordinates":[[20.847709,52.130582],[20.850791,52.130582],[20.856956,52.126805]]}},{"type":"Feature","properties":{"id":"c3151","lines":"30 31 63 83 EXPRESS CHEŁMOŃSKI","n":4,"tram":0,"op":"GPA Grodzisk — buses"},"geometry":{"type":"LineString","coordinates":[[20.847709,52.128694],[20.844627,52.130582],[20.844627,52.132471]]}},{"type":"Feature","properties":{"id":"c3152","lines":"30 31 63 83 EXPRESS CHEŁMOŃSKI","n":4,"tram":0,"op":"GPA Grodzisk — buses"},"geometry":{"type":"LineString","coordinates":[[20.847709,52.128694],[20.850791,52.130582]]}},{"type":"Feature","properties":{"id":"c3153","lines":"31","n":1,"tram":0,"op":"GPA Grodzisk — buses"},"geometry":{"type":"LineString","coordinates":[[20.847709,52.128694],[20.850791,52.126805],[20.853874,52.126805]]}},{"type":"Feature","properties":{"id":"c3154","lines":"30 31 51 63 83 EXPRESS CHEŁMOŃSKI","n":5,"tram":0,"op":"GPA Grodzisk — buses"},"geometry":{"type":"LineString","coordinates":[[20.844627,52.132471],[20.841544,52.134359]]}},{"type":"Feature","properties":{"id":"c3155","lines":"30 83 EXPRESS CHEŁMOŃSKI","n":2,"tram":0,"op":"GPA Grodzisk — buses"},"geometry":{"type":"LineString","coordinates":[[20.844627,52.132471],[20.841544,52.132471]]}},{"type":"Feature","properties":{"id":"c3156","lines":"30","n":1,"tram":0,"op":"GPA Grodzisk — buses"},"geometry":{"type":"LineString","coordinates":[[20.844627,52.132471],[20.838462,52.128694]]}},{"type":"Feature","properties":{"id":"c3157","lines":"31","n":1,"tram":0,"op":"GPA Grodzisk — buses"},"geometry":{"type":"LineString","coordinates":[[20.844627,52.132471],[20.835379,52.138137],[20.835379,52.140025]]}},{"type":"Feature","properties":{"id":"c3158","lines":"51","n":1,"tram":0,"op":"GPA Grodzisk — buses"},"geometry":{"type":"LineString","coordinates":[[20.844627,52.132471],[20.856956,52.140025]]}},{"type":"Feature","properties":{"id":"c3159","lines":"51","n":1,"tram":0,"op":"GPA Grodzisk — buses"},"geometry":{"type":"LineString","coordinates":[[20.844627,52.132471],[20.844627,52.126805],[20.847709,52.124917]]}},{"type":"Feature","properties":{"id":"c3160","lines":"51","n":1,"tram":0,"op":"GPA Grodzisk — buses"},"geometry":{"type":"LineString","coordinates":[[20.844627,52.132471],[20.847709,52.134359],[20.860039,52.134359]]}},{"type":"Feature","properties":{"id":"c3161","lines":"63","n":1,"tram":0,"op":"GPA Grodzisk — buses"},"geometry":{"type":"LineString","coordinates":[[20.844627,52.132471],[20.835379,52.138137],[20.835379,52.140025]]}},{"type":"Feature","properties":{"id":"c3162","lines":"30","n":1,"tram":0,"op":"GPA Grodzisk — buses"},"geometry":{"type":"LineString","coordinates":[[20.841544,52.134359],[20.838462,52.134359]]}},{"type":"Feature","properties":{"id":"c3163","lines":"31","n":1,"tram":0,"op":"GPA Grodzisk — buses"},"geometry":{"type":"LineString","coordinates":[[20.841544,52.134359],[20.832297,52.140025],[20.829215,52.140025]]}},{"type":"Feature","properties":{"id":"c3164","lines":"51","n":1,"tram":0,"op":"GPA Grodzisk — buses"},"geometry":{"type":"LineString","coordinates":[[20.841544,52.134359],[20.841544,52.126805],[20.847709,52.123028]]}},{"type":"Feature","properties":{"id":"c3165","lines":"63","n":1,"tram":0,"op":"GPA Grodzisk — buses"},"geometry":{"type":"LineString","coordinates":[[20.841544,52.134359],[20.832297,52.140025],[20.829215,52.140025]]}},{"type":"Feature","properties":{"id":"c3166","lines":"30 83 EXPRESS CHEŁMOŃSKI","n":2,"tram":0,"op":"GPA Grodzisk — buses"},"geometry":{"type":"LineString","coordinates":[[20.841544,52.132471],[20.838462,52.134359]]}},{"type":"Feature","properties":{"id":"c3167","lines":"30 83 EXPRESS CHEŁMOŃSKI","n":2,"tram":0,"op":"GPA Grodzisk — buses"},"geometry":{"type":"LineString","coordinates":[[20.841544,52.132471],[20.838462,52.132471]]}},{"type":"Feature","properties":{"id":"c3168","lines":"30 83 EXPRESS CHEŁMOŃSKI","n":2,"tram":0,"op":"GPA Grodzisk — buses"},"geometry":{"type":"LineString","coordinates":[[20.838462,52.134359],[20.835379,52.132471]]}},{"type":"Feature","properties":{"id":"c3169","lines":"30","n":1,"tram":0,"op":"GPA Grodzisk — buses"},"geometry":{"type":"LineString","coordinates":[[20.835379,52.132471],[20.835379,52.121139],[20.838462,52.119251]]}},{"type":"Feature","properties":{"id":"c3170","lines":"30","n":1,"tram":0,"op":"GPA Grodzisk — buses"},"geometry":{"type":"LineString","coordinates":[[20.835379,52.132471],[20.832297,52.130582]]}},{"type":"Feature","properties":{"id":"c3171","lines":"83 EXPRESS CHEŁMOŃSKI","n":1,"tram":0,"op":"GPA Grodzisk — buses"},"geometry":{"type":"LineString","coordinates":[[20.835379,52.132471],[20.832297,52.130582]]}},{"type":"Feature","properties":{"id":"c3172","lines":"83 EXPRESS CHEŁMOŃSKI","n":1,"tram":0,"op":"GPA Grodzisk — buses"},"geometry":{"type":"LineString","coordinates":[[20.835379,52.132471],[20.838462,52.132471]]}},{"type":"Feature","properties":{"id":"c3173","lines":"30","n":1,"tram":0,"op":"GPA Grodzisk — buses"},"geometry":{"type":"LineString","coordinates":[[20.838462,52.119251],[20.838462,52.124917]]}},{"type":"Feature","properties":{"id":"c3174","lines":"30 83 EXPRESS CHEŁMOŃSKI","n":2,"tram":0,"op":"GPA Grodzisk — buses"},"geometry":{"type":"LineString","coordinates":[[20.832297,52.130582],[20.829215,52.128694]]}},{"type":"Feature","properties":{"id":"c3175","lines":"30","n":1,"tram":0,"op":"GPA Grodzisk — buses"},"geometry":{"type":"LineString","coordinates":[[20.829215,52.128694],[20.829215,52.121139]]}},{"type":"Feature","properties":{"id":"c3176","lines":"83 EXPRESS CHEŁMOŃSKI","n":1,"tram":0,"op":"GPA Grodzisk — buses"},"geometry":{"type":"LineString","coordinates":[[20.829215,52.128694],[20.813802,52.128694]]}},{"type":"Feature","properties":{"id":"c3177","lines":"83 EXPRESS CHEŁMOŃSKI","n":1,"tram":0,"op":"GPA Grodzisk — buses"},"geometry":{"type":"LineString","coordinates":[[20.829215,52.128694],[20.826132,52.126805],[20.816885,52.126805]]}},{"type":"Feature","properties":{"id":"c3178","lines":"30","n":1,"tram":0,"op":"GPA Grodzisk — buses"},"geometry":{"type":"LineString","coordinates":[[20.829215,52.121139],[20.835379,52.124917],[20.838462,52.124917]]}},{"type":"Feature","properties":{"id":"c3179","lines":"30","n":1,"tram":0,"op":"GPA Grodzisk — buses"},"geometry":{"type":"LineString","coordinates":[[20.838462,52.124917],[20.838462,52.128694]]}},{"type":"Feature","properties":{"id":"c3180","lines":"30","n":1,"tram":0,"op":"GPA Grodzisk — buses"},"geometry":{"type":"LineString","coordinates":[[20.838462,52.128694],[20.838462,52.132471]]}},{"type":"Feature","properties":{"id":"c3181","lines":"31 32","n":2,"tram":0,"op":"GPA Grodzisk — buses"},"geometry":{"type":"LineString","coordinates":[[20.850791,52.130582],[20.847709,52.128694],[20.847709,52.124917]]}},{"type":"Feature","properties":{"id":"c3182","lines":"51","n":1,"tram":0,"op":"GPA Grodzisk — buses"},"geometry":{"type":"LineString","coordinates":[[20.850791,52.130582],[20.850791,52.124917]]}},{"type":"Feature","properties":{"id":"c3183","lines":"51","n":1,"tram":0,"op":"GPA Grodzisk — buses"},"geometry":{"type":"LineString","coordinates":[[20.850791,52.130582],[20.850791,52.132471],[20.853874,52.134359]]}},{"type":"Feature","properties":{"id":"c3184","lines":"52","n":1,"tram":0,"op":"GPA Grodzisk — buses"},"geometry":{"type":"LineString","coordinates":[[20.850791,52.130582],[20.853874,52.130582],[20.856956,52.128694]]}},{"type":"Feature","properties":{"id":"c3185","lines":"63 83 EXPRESS CHEŁMOŃSKI","n":2,"tram":0,"op":"GPA Grodzisk — buses"},"geometry":{"type":"LineString","coordinates":[[20.850791,52.130582],[20.853874,52.130582],[20.860039,52.134359]]}},{"type":"Feature","properties":{"id":"c3186","lines":"63","n":1,"tram":0,"op":"GPA Grodzisk — buses"},"geometry":{"type":"LineString","coordinates":[[20.850791,52.130582],[20.850791,52.132471]]}},{"type":"Feature","properties":{"id":"c3187","lines":"31 63","n":2,"tram":0,"op":"GPA Grodzisk — buses"},"geometry":{"type":"LineString","coordinates":[[20.826132,52.143802],[20.832297,52.140025],[20.835379,52.140025]]}},{"type":"Feature","properties":{"id":"c3188","lines":"31 63","n":2,"tram":0,"op":"GPA Grodzisk — buses"},"geometry":{"type":"LineString","coordinates":[[20.826132,52.143802],[20.829215,52.141914],[20.829215,52.140025]]}},{"type":"Feature","properties":{"id":"c3189","lines":"31 32 51","n":3,"tram":0,"op":"GPA Grodzisk — buses"},"geometry":{"type":"LineString","coordinates":[[20.853874,52.126805],[20.850791,52.124917]]}},{"type":"Feature","properties":{"id":"c3190","lines":"51","n":1,"tram":0,"op":"GPA Grodzisk — buses"},"geometry":{"type":"LineString","coordinates":[[20.853874,52.126805],[20.853874,52.132471]]}},{"type":"Feature","properties":{"id":"c3191","lines":"52","n":1,"tram":0,"op":"GPA Grodzisk — buses"},"geometry":{"type":"LineString","coordinates":[[20.853874,52.126805],[20.856956,52.128694]]}},{"type":"Feature","properties":{"id":"c3192","lines":"31 32 51","n":3,"tram":0,"op":"GPA Grodzisk — buses"},"geometry":{"type":"LineString","coordinates":[[20.850791,52.124917],[20.847709,52.123028]]}},{"type":"Feature","properties":{"id":"c3193","lines":"51","n":1,"tram":0,"op":"GPA Grodzisk — buses"},"geometry":{"type":"LineString","coordinates":[[20.850791,52.124917],[20.847709,52.124917]]}},{"type":"Feature","properties":{"id":"c3194","lines":"31 32","n":2,"tram":0,"op":"GPA Grodzisk — buses"},"geometry":{"type":"LineString","coordinates":[[20.847709,52.123028],[20.850791,52.121139],[20.856956,52.121139]]}},{"type":"Feature","properties":{"id":"c3195","lines":"31","n":1,"tram":0,"op":"GPA Grodzisk — buses"},"geometry":{"type":"LineString","coordinates":[[20.856956,52.121139],[20.856956,52.119251],[20.850791,52.115474]]}},{"type":"Feature","properties":{"id":"c3196","lines":"32","n":1,"tram":0,"op":"GPA Grodzisk — buses"},"geometry":{"type":"LineString","coordinates":[[20.856956,52.121139],[20.863121,52.121139]]}},{"type":"Feature","properties":{"id":"c3197","lines":"31","n":1,"tram":0,"op":"GPA Grodzisk — buses"},"geometry":{"type":"LineString","coordinates":[[20.850791,52.115474],[20.847709,52.113585]]}},{"type":"Feature","properties":{"id":"c3198","lines":"31","n":1,"tram":0,"op":"GPA Grodzisk — buses"},"geometry":{"type":"LineString","coordinates":[[20.850791,52.115474],[20.850791,52.111697],[20.847709,52.109808]]}},{"type":"Feature","properties":{"id":"c3199","lines":"31","n":1,"tram":0,"op":"GPA Grodzisk — buses"},"geometry":{"type":"LineString","coordinates":[[20.847709,52.113585],[20.847709,52.115474],[20.841544,52.119251]]}},{"type":"Feature","properties":{"id":"c3200","lines":"31","n":1,"tram":0,"op":"GPA Grodzisk — buses"},"geometry":{"type":"LineString","coordinates":[[20.847709,52.113585],[20.841544,52.113585]]}},{"type":"Feature","properties":{"id":"c3201","lines":"31","n":1,"tram":0,"op":"GPA Grodzisk — buses"},"geometry":{"type":"LineString","coordinates":[[20.841544,52.119251],[20.844627,52.117362],[20.850791,52.117362]]}},{"type":"Feature","properties":{"id":"c3202","lines":"31","n":1,"tram":0,"op":"GPA Grodzisk — buses"},"geometry":{"type":"LineString","coordinates":[[20.841544,52.119251],[20.847709,52.119251]]}},{"type":"Feature","properties":{"id":"c3203","lines":"31","n":1,"tram":0,"op":"GPA Grodzisk — buses"},"geometry":{"type":"LineString","coordinates":[[20.841544,52.119251],[20.835379,52.115474],[20.835379,52.113585]]}},{"type":"Feature","properties":{"id":"c3204","lines":"31","n":1,"tram":0,"op":"GPA Grodzisk — buses"},"geometry":{"type":"LineString","coordinates":[[20.850791,52.117362],[20.856956,52.113585],[20.860039,52.113585]]}},{"type":"Feature","properties":{"id":"c3205","lines":"31","n":1,"tram":0,"op":"GPA Grodzisk — buses"},"geometry":{"type":"LineString","coordinates":[[20.850791,52.117362],[20.841544,52.117362]]}},{"type":"Feature","properties":{"id":"c3206","lines":"31","n":1,"tram":0,"op":"GPA Grodzisk — buses"},"geometry":{"type":"LineString","coordinates":[[20.841544,52.117362],[20.841544,52.113585]]}},{"type":"Feature","properties":{"id":"c3207","lines":"31","n":1,"tram":0,"op":"GPA Grodzisk — buses"},"geometry":{"type":"LineString","coordinates":[[20.841544,52.117362],[20.835379,52.113585]]}},{"type":"Feature","properties":{"id":"c3208","lines":"31","n":1,"tram":0,"op":"GPA Grodzisk — buses"},"geometry":{"type":"LineString","coordinates":[[20.841544,52.113585],[20.847709,52.109808]]}},{"type":"Feature","properties":{"id":"c3209","lines":"31","n":1,"tram":0,"op":"GPA Grodzisk — buses"},"geometry":{"type":"LineString","coordinates":[[20.847709,52.109808],[20.853874,52.106031],[20.853874,52.104142]]}},{"type":"Feature","properties":{"id":"c3210","lines":"31","n":1,"tram":0,"op":"GPA Grodzisk — buses"},"geometry":{"type":"LineString","coordinates":[[20.853874,52.104142],[20.850791,52.104142],[20.835379,52.113585]]}},{"type":"Feature","properties":{"id":"c3211","lines":"31 32","n":2,"tram":0,"op":"GPA Grodzisk — buses"},"geometry":{"type":"LineString","coordinates":[[20.847709,52.119251],[20.847709,52.124917]]}},{"type":"Feature","properties":{"id":"c3212","lines":"32","n":1,"tram":0,"op":"GPA Grodzisk — buses"},"geometry":{"type":"LineString","coordinates":[[20.847709,52.119251],[20.875451,52.119251]]}},{"type":"Feature","properties":{"id":"c3213","lines":"32 33 52","n":3,"tram":0,"op":"GPA Grodzisk — buses"},"geometry":{"type":"LineString","coordinates":[[20.863121,52.121139],[20.875451,52.121139]]}},{"type":"Feature","properties":{"id":"c3214","lines":"32 33 52","n":3,"tram":0,"op":"GPA Grodzisk — buses"},"geometry":{"type":"LineString","coordinates":[[20.863121,52.121139],[20.863121,52.124917]]}},{"type":"Feature","properties":{"id":"c3215","lines":"32","n":1,"tram":0,"op":"GPA Grodzisk — buses"},"geometry":{"type":"LineString","coordinates":[[20.875451,52.121139],[20.875451,52.119251]]}},{"type":"Feature","properties":{"id":"c3216","lines":"33","n":1,"tram":0,"op":"GPA Grodzisk — buses"},"geometry":{"type":"LineString","coordinates":[[20.875451,52.121139],[20.884698,52.121139],[20.887781,52.119251]]}},{"type":"Feature","properties":{"id":"c3217","lines":"52","n":1,"tram":0,"op":"GPA Grodzisk — buses"},"geometry":{"type":"LineString","coordinates":[[20.875451,52.121139],[20.872368,52.123028]]}},{"type":"Feature","properties":{"id":"c3218","lines":"32 33","n":2,"tram":0,"op":"GPA Grodzisk — buses"},"geometry":{"type":"LineString","coordinates":[[20.875451,52.119251],[20.872368,52.121139],[20.872368,52.123028]]}},{"type":"Feature","properties":{"id":"c3219","lines":"33","n":1,"tram":0,"op":"GPA Grodzisk — buses"},"geometry":{"type":"LineString","coordinates":[[20.875451,52.119251],[20.881616,52.115474],[20.884698,52.115474]]}},{"type":"Feature","properties":{"id":"c3220","lines":"32","n":1,"tram":0,"op":"GPA Grodzisk — buses"},"geometry":{"type":"LineString","coordinates":[[20.872368,52.123028],[20.863121,52.128694]]}},{"type":"Feature","properties":{"id":"c3221","lines":"33 52","n":2,"tram":0,"op":"GPA Grodzisk — buses"},"geometry":{"type":"LineString","coordinates":[[20.872368,52.123028],[20.872368,52.124917],[20.866204,52.128694]]}},{"type":"Feature","properties":{"id":"c3222","lines":"52","n":1,"tram":0,"op":"GPA Grodzisk — buses"},"geometry":{"type":"LineString","coordinates":[[20.872368,52.123028],[20.866204,52.123028]]}},{"type":"Feature","properties":{"id":"c3223","lines":"32 52","n":2,"tram":0,"op":"GPA Grodzisk — buses"},"geometry":{"type":"LineString","coordinates":[[20.863121,52.128694],[20.856956,52.132471]]}},{"type":"Feature","properties":{"id":"c3224","lines":"52","n":1,"tram":0,"op":"GPA Grodzisk — buses"},"geometry":{"type":"LineString","coordinates":[[20.863121,52.128694],[20.863121,52.124917]]}},{"type":"Feature","properties":{"id":"c3225","lines":"32","n":1,"tram":0,"op":"GPA Grodzisk — buses"},"geometry":{"type":"LineString","coordinates":[[20.856956,52.132471],[20.860039,52.134359]]}},{"type":"Feature","properties":{"id":"c3226","lines":"33","n":1,"tram":0,"op":"GPA Grodzisk — buses"},"geometry":{"type":"LineString","coordinates":[[20.856956,52.132471],[20.856956,52.140025]]}},{"type":"Feature","properties":{"id":"c3227","lines":"33 52","n":2,"tram":0,"op":"GPA Grodzisk — buses"},"geometry":{"type":"LineString","coordinates":[[20.856956,52.132471],[20.863121,52.128694],[20.863121,52.124917]]}},{"type":"Feature","properties":{"id":"c3228","lines":"32 33 51 63","n":4,"tram":0,"op":"GPA Grodzisk — buses"},"geometry":{"type":"LineString","coordinates":[[20.860039,52.134359],[20.860039,52.138137],[20.856956,52.140025]]}},{"type":"Feature","properties":{"id":"c3229","lines":"33","n":1,"tram":0,"op":"GPA Grodzisk — buses"},"geometry":{"type":"LineString","coordinates":[[20.860039,52.134359],[20.866204,52.130582],[20.866204,52.128694]]}},{"type":"Feature","properties":{"id":"c3230","lines":"63","n":1,"tram":0,"op":"GPA Grodzisk — buses"},"geometry":{"type":"LineString","coordinates":[[20.860039,52.134359],[20.863121,52.136248]]}},{"type":"Feature","properties":{"id":"c3231","lines":"63","n":1,"tram":0,"op":"GPA Grodzisk — buses"},"geometry":{"type":"LineString","coordinates":[[20.860039,52.134359],[20.856956,52.136248],[20.853874,52.136248]]}},{"type":"Feature","properties":{"id":"c3232","lines":"32 33","n":2,"tram":0,"op":"GPA Grodzisk — buses"},"geometry":{"type":"LineString","coordinates":[[20.856956,52.140025],[20.850791,52.140025]]}},{"type":"Feature","properties":{"id":"c3233","lines":"32","n":1,"tram":0,"op":"GPA Grodzisk — buses"},"geometry":{"type":"LineString","coordinates":[[20.856956,52.140025],[20.866204,52.134359],[20.866204,52.128694]]}},{"type":"Feature","properties":{"id":"c3234","lines":"51 63","n":2,"tram":0,"op":"GPA Grodzisk — buses"},"geometry":{"type":"LineString","coordinates":[[20.856956,52.140025],[20.853874,52.140025],[20.847709,52.136248]]}},{"type":"Feature","properties":{"id":"c3235","lines":"51","n":1,"tram":0,"op":"GPA Grodzisk — buses"},"geometry":{"type":"LineString","coordinates":[[20.856956,52.140025],[20.856956,52.138137],[20.853874,52.136248]]}},{"type":"Feature","properties":{"id":"c3236","lines":"32 52 83 EXPRESS CHEŁMOŃSKI","n":3,"tram":0,"op":"GPA Grodzisk — buses"},"geometry":{"type":"LineString","coordinates":[[20.866204,52.128694],[20.866204,52.124917]]}},{"type":"Feature","properties":{"id":"c3237","lines":"32","n":1,"tram":0,"op":"GPA Grodzisk — buses"},"geometry":{"type":"LineString","coordinates":[[20.866204,52.124917],[20.863121,52.124917]]}},{"type":"Feature","properties":{"id":"c3238","lines":"52 83 EXPRESS CHEŁMOŃSKI","n":2,"tram":0,"op":"GPA Grodzisk — buses"},"geometry":{"type":"LineString","coordinates":[[20.866204,52.124917],[20.866204,52.123028]]}},{"type":"Feature","properties":{"id":"c3239","lines":"52","n":1,"tram":0,"op":"GPA Grodzisk — buses"},"geometry":{"type":"LineString","coordinates":[[20.863121,52.124917],[20.866204,52.123028]]}},{"type":"Feature","properties":{"id":"c3240","lines":"34","n":1,"tram":0,"op":"GPA Grodzisk — buses"},"geometry":{"type":"LineString","coordinates":[[20.826132,52.155134],[20.829215,52.157022]]}},{"type":"Feature","properties":{"id":"c3241","lines":"34","n":1,"tram":0,"op":"GPA Grodzisk — buses"},"geometry":{"type":"LineString","coordinates":[[20.826132,52.155134],[20.826132,52.153245]]}},{"type":"Feature","properties":{"id":"c3242","lines":"34","n":1,"tram":0,"op":"GPA Grodzisk — buses"},"geometry":{"type":"LineString","coordinates":[[20.829215,52.157022],[20.829215,52.155134]]}},{"type":"Feature","properties":{"id":"c3243","lines":"34","n":1,"tram":0,"op":"GPA Grodzisk — buses"},"geometry":{"type":"LineString","coordinates":[[20.829215,52.157022],[20.832297,52.155134],[20.832297,52.153245]]}},{"type":"Feature","properties":{"id":"c3244","lines":"50","n":1,"tram":0,"op":"GPA Grodzisk — buses"},"geometry":{"type":"LineString","coordinates":[[20.829215,52.155134],[20.826132,52.157022]]}},{"type":"Feature","properties":{"id":"c3245","lines":"34","n":1,"tram":0,"op":"GPA Grodzisk — buses"},"geometry":{"type":"LineString","coordinates":[[20.826132,52.157022],[20.826132,52.153245]]}},{"type":"Feature","properties":{"id":"c3246","lines":"34","n":1,"tram":0,"op":"GPA Grodzisk — buses"},"geometry":{"type":"LineString","coordinates":[[20.826132,52.153245],[20.829215,52.153245],[20.832297,52.151357]]}},{"type":"Feature","properties":{"id":"c3247","lines":"50","n":1,"tram":0,"op":"GPA Grodzisk — buses"},"geometry":{"type":"LineString","coordinates":[[20.832297,52.153245],[20.832297,52.151357]]}},{"type":"Feature","properties":{"id":"c3248","lines":"35 55","n":2,"tram":0,"op":"GPA Grodzisk — buses"},"geometry":{"type":"LineString","coordinates":[[20.838462,52.153245],[20.835379,52.155134],[20.835379,52.162688]]}},{"type":"Feature","properties":{"id":"c3249","lines":"55","n":1,"tram":0,"op":"GPA Grodzisk — buses"},"geometry":{"type":"LineString","coordinates":[[20.838462,52.153245],[20.841544,52.155134]]}},{"type":"Feature","properties":{"id":"c3250","lines":"55","n":1,"tram":0,"op":"GPA Grodzisk — buses"},"geometry":{"type":"LineString","coordinates":[[20.835379,52.162688],[20.838462,52.162688]]}},{"type":"Feature","properties":{"id":"c3251","lines":"35","n":1,"tram":0,"op":"GPA Grodzisk — buses"},"geometry":{"type":"LineString","coordinates":[[20.838462,52.162688],[20.841544,52.160799],[20.841544,52.158911]]}},{"type":"Feature","properties":{"id":"c3252","lines":"35 55","n":2,"tram":0,"op":"GPA Grodzisk — buses"},"geometry":{"type":"LineString","coordinates":[[20.841544,52.158911],[20.841544,52.155134]]}},{"type":"Feature","properties":{"id":"c3253","lines":"40 42","n":2,"tram":0,"op":"GPA Grodzisk — buses"},"geometry":{"type":"LineString","coordinates":[[20.807638,52.208014],[20.807638,52.211791]]}},{"type":"Feature","properties":{"id":"c3254","lines":"40","n":1,"tram":0,"op":"GPA Grodzisk — buses"},"geometry":{"type":"LineString","coordinates":[[20.807638,52.211791],[20.807638,52.219345]]}},{"type":"Feature","properties":{"id":"c3255","lines":"40","n":1,"tram":0,"op":"GPA Grodzisk — buses"},"geometry":{"type":"LineString","coordinates":[[20.807638,52.211791],[20.807638,52.217457],[20.804555,52.219345]]}},{"type":"Feature","properties":{"id":"c3256","lines":"42","n":1,"tram":0,"op":"GPA Grodzisk — buses"},"geometry":{"type":"LineString","coordinates":[[20.807638,52.211791],[20.804555,52.21368]]}},{"type":"Feature","properties":{"id":"c3257","lines":"40","n":1,"tram":0,"op":"GPA Grodzisk — buses"},"geometry":{"type":"LineString","coordinates":[[20.807638,52.219345],[20.813802,52.219345],[20.816885,52.221234]]}},{"type":"Feature","properties":{"id":"c3258","lines":"40","n":1,"tram":0,"op":"GPA Grodzisk — buses"},"geometry":{"type":"LineString","coordinates":[[20.807638,52.219345],[20.804555,52.219345]]}},{"type":"Feature","properties":{"id":"c3259","lines":"40","n":1,"tram":0,"op":"GPA Grodzisk — buses"},"geometry":{"type":"LineString","coordinates":[[20.816885,52.221234],[20.807638,52.221234]]}},{"type":"Feature","properties":{"id":"c3260","lines":"49","n":1,"tram":0,"op":"GPA Grodzisk — buses"},"geometry":{"type":"LineString","coordinates":[[20.816885,52.221234],[20.82305,52.217457]]}},{"type":"Feature","properties":{"id":"c3261","lines":"40","n":1,"tram":0,"op":"GPA Grodzisk — buses"},"geometry":{"type":"LineString","coordinates":[[20.807638,52.221234],[20.804555,52.219345]]}},{"type":"Feature","properties":{"id":"c3262","lines":"40","n":1,"tram":0,"op":"GPA Grodzisk — buses"},"geometry":{"type":"LineString","coordinates":[[20.807638,52.221234],[20.801473,52.221234]]}},{"type":"Feature","properties":{"id":"c3263","lines":"40 42","n":2,"tram":0,"op":"GPA Grodzisk — buses"},"geometry":{"type":"LineString","coordinates":[[20.804555,52.219345],[20.804555,52.21368]]}},{"type":"Feature","properties":{"id":"c3264","lines":"40 42","n":2,"tram":0,"op":"GPA Grodzisk — buses"},"geometry":{"type":"LineString","coordinates":[[20.804555,52.21368],[20.801473,52.215568],[20.801473,52.221234]]}},{"type":"Feature","properties":{"id":"c3265","lines":"42","n":1,"tram":0,"op":"GPA Grodzisk — buses"},"geometry":{"type":"LineString","coordinates":[[20.801473,52.221234],[20.801473,52.223122]]}},{"type":"Feature","properties":{"id":"c3266","lines":"41","n":1,"tram":0,"op":"GPA Grodzisk — buses"},"geometry":{"type":"LineString","coordinates":[[20.773731,52.225011],[20.786061,52.225011]]}},{"type":"Feature","properties":{"id":"c3267","lines":"41","n":1,"tram":0,"op":"GPA Grodzisk — buses"},"geometry":{"type":"LineString","coordinates":[[20.773731,52.225011],[20.776813,52.2269],[20.789143,52.2269]]}},{"type":"Feature","properties":{"id":"c3268","lines":"41 43","n":2,"tram":0,"op":"GPA Grodzisk — buses"},"geometry":{"type":"LineString","coordinates":[[20.786061,52.225011],[20.789143,52.223122]]}},{"type":"Feature","properties":{"id":"c3269","lines":"43","n":1,"tram":0,"op":"GPA Grodzisk — buses"},"geometry":{"type":"LineString","coordinates":[[20.786061,52.225011],[20.786061,52.230677]]}},{"type":"Feature","properties":{"id":"c3270","lines":"41","n":1,"tram":0,"op":"GPA Grodzisk — buses"},"geometry":{"type":"LineString","coordinates":[[20.789143,52.223122],[20.801473,52.223122]]}},{"type":"Feature","properties":{"id":"c3271","lines":"43","n":1,"tram":0,"op":"GPA Grodzisk — buses"},"geometry":{"type":"LineString","coordinates":[[20.789143,52.2269],[20.789143,52.232565]]}},{"type":"Feature","properties":{"id":"c3272","lines":"42","n":1,"tram":0,"op":"GPA Grodzisk — buses"},"geometry":{"type":"LineString","coordinates":[[20.730577,52.21368],[20.730577,52.219345]]}},{"type":"Feature","properties":{"id":"c3273","lines":"42","n":1,"tram":0,"op":"GPA Grodzisk — buses"},"geometry":{"type":"LineString","coordinates":[[20.730577,52.219345],[20.742907,52.2269],[20.742907,52.228788]]}},{"type":"Feature","properties":{"id":"c3274","lines":"42","n":1,"tram":0,"op":"GPA Grodzisk — buses"},"geometry":{"type":"LineString","coordinates":[[20.730577,52.219345],[20.730577,52.221234],[20.742907,52.228788]]}},{"type":"Feature","properties":{"id":"c3275","lines":"42","n":1,"tram":0,"op":"GPA Grodzisk — buses"},"geometry":{"type":"LineString","coordinates":[[20.742907,52.228788],[20.752154,52.234454],[20.776813,52.234454]]}},{"type":"Feature","properties":{"id":"c3276","lines":"42","n":1,"tram":0,"op":"GPA Grodzisk — buses"},"geometry":{"type":"LineString","coordinates":[[20.742907,52.228788],[20.745989,52.228788],[20.755236,52.234454],[20.776813,52.234454]]}},{"type":"Feature","properties":{"id":"c3277","lines":"42 44","n":2,"tram":0,"op":"GPA Grodzisk — buses"},"geometry":{"type":"LineString","coordinates":[[20.776813,52.234454],[20.779896,52.232565],[20.789143,52.232565]]}},{"type":"Feature","properties":{"id":"c3278","lines":"42 44","n":2,"tram":0,"op":"GPA Grodzisk — buses"},"geometry":{"type":"LineString","coordinates":[[20.776813,52.234454],[20.779896,52.234454],[20.786061,52.230677]]}},{"type":"Feature","properties":{"id":"c3279","lines":"44","n":1,"tram":0,"op":"GPA Grodzisk — buses"},"geometry":{"type":"LineString","coordinates":[[20.776813,52.234454],[20.770648,52.230677],[20.770648,52.228788]]}},{"type":"Feature","properties":{"id":"c3280","lines":"92","n":1,"tram":0,"op":"GPA Grodzisk — buses"},"geometry":{"type":"LineString","coordinates":[[20.776813,52.234454],[20.770648,52.238231],[20.770648,52.24012]]}},{"type":"Feature","properties":{"id":"c3281","lines":"43","n":1,"tram":0,"op":"GPA Grodzisk — buses"},"geometry":{"type":"LineString","coordinates":[[20.801473,52.24012],[20.801473,52.249562]]}},{"type":"Feature","properties":{"id":"c3282","lines":"43 93","n":2,"tram":0,"op":"GPA Grodzisk — buses"},"geometry":{"type":"LineString","coordinates":[[20.801473,52.24012],[20.801473,52.249562]]}},{"type":"Feature","properties":{"id":"c3283","lines":"43","n":1,"tram":0,"op":"GPA Grodzisk — buses"},"geometry":{"type":"LineString","coordinates":[[20.801473,52.249562],[20.801473,52.251451],[20.81072,52.257117]]}},{"type":"Feature","properties":{"id":"c3284","lines":"93","n":1,"tram":0,"op":"GPA Grodzisk — buses"},"geometry":{"type":"LineString","coordinates":[[20.801473,52.249562],[20.807638,52.25334]]}},{"type":"Feature","properties":{"id":"c3285","lines":"43","n":1,"tram":0,"op":"GPA Grodzisk — buses"},"geometry":{"type":"LineString","coordinates":[[20.81072,52.257117],[20.81072,52.245785],[20.807638,52.243897]]}},{"type":"Feature","properties":{"id":"c3286","lines":"43","n":1,"tram":0,"op":"GPA Grodzisk — buses"},"geometry":{"type":"LineString","coordinates":[[20.81072,52.257117],[20.81072,52.251451],[20.807638,52.249562]]}},{"type":"Feature","properties":{"id":"c3287","lines":"43 93","n":2,"tram":0,"op":"GPA Grodzisk — buses"},"geometry":{"type":"LineString","coordinates":[[20.807638,52.243897],[20.807638,52.249562]]}},{"type":"Feature","properties":{"id":"c3288","lines":"93","n":1,"tram":0,"op":"GPA Grodzisk — buses"},"geometry":{"type":"LineString","coordinates":[[20.807638,52.249562],[20.807638,52.25334]]}},{"type":"Feature","properties":{"id":"c3289","lines":"48 77 78","n":3,"tram":0,"op":"mix"},"geometry":{"type":"LineString","coordinates":[[20.863121,52.185351],[20.869286,52.181574]]}},{"type":"Feature","properties":{"id":"c3290","lines":"60 65 66","n":3,"tram":0,"op":"GPA Grodzisk — buses"},"geometry":{"type":"LineString","coordinates":[[20.863121,52.185351],[20.863121,52.183462],[20.856956,52.179685]]}},{"type":"Feature","properties":{"id":"c3291","lines":"68","n":1,"tram":0,"op":"GPA Grodzisk — buses"},"geometry":{"type":"LineString","coordinates":[[20.863121,52.185351],[20.866204,52.187239],[20.866204,52.189128]]}},{"type":"Feature","properties":{"id":"c3292","lines":"68","n":1,"tram":0,"op":"GPA Grodzisk — buses"},"geometry":{"type":"LineString","coordinates":[[20.863121,52.185351],[20.856956,52.189128]]}},{"type":"Feature","properties":{"id":"c3293","lines":"68","n":1,"tram":0,"op":"GPA Grodzisk — buses"},"geometry":{"type":"LineString","coordinates":[[20.863121,52.185351],[20.847709,52.185351]]}},{"type":"Feature","properties":{"id":"c3294","lines":"77","n":1,"tram":0,"op":"GPA Grodzisk — buses"},"geometry":{"type":"LineString","coordinates":[[20.863121,52.185351],[20.860039,52.183462],[20.847709,52.183462]]}},{"type":"Feature","properties":{"id":"c3295","lines":"77","n":1,"tram":0,"op":"GPA Grodzisk — buses"},"geometry":{"type":"LineString","coordinates":[[20.863121,52.185351],[20.860039,52.183462],[20.847709,52.183462]]}},{"type":"Feature","properties":{"id":"c3296","lines":"48 77","n":2,"tram":0,"op":"GPA Grodzisk — buses"},"geometry":{"type":"LineString","coordinates":[[20.869286,52.181574],[20.866204,52.183462],[20.866204,52.189128]]}},{"type":"Feature","properties":{"id":"c3297","lines":"62 78","n":2,"tram":0,"op":"GPA Grodzisk — buses"},"geometry":{"type":"LineString","coordinates":[[20.869286,52.181574],[20.869286,52.177797]]}},{"type":"Feature","properties":{"id":"c3298","lines":"48 68 77","n":3,"tram":0,"op":"GPA Grodzisk — buses"},"geometry":{"type":"LineString","coordinates":[[20.866204,52.189128],[20.866204,52.191017],[20.847709,52.202348]]}},{"type":"Feature","properties":{"id":"c3299","lines":"48 68 77","n":3,"tram":0,"op":"GPA Grodzisk — buses"},"geometry":{"type":"LineString","coordinates":[[20.866204,52.189128],[20.860039,52.192905],[20.856956,52.192905]]}},{"type":"Feature","properties":{"id":"c3300","lines":"48 64 68","n":3,"tram":0,"op":"GPA Grodzisk — buses"},"geometry":{"type":"LineString","coordinates":[[20.847709,52.202348],[20.841544,52.202348],[20.838462,52.20046]]}},{"type":"Feature","properties":{"id":"c3301","lines":"48 64 68","n":3,"tram":0,"op":"GPA Grodzisk — buses"},"geometry":{"type":"LineString","coordinates":[[20.847709,52.202348],[20.847709,52.196682],[20.844627,52.194794]]}},{"type":"Feature","properties":{"id":"c3302","lines":"77","n":1,"tram":0,"op":"GPA Grodzisk — buses"},"geometry":{"type":"LineString","coordinates":[[20.847709,52.202348],[20.835379,52.202348]]}},{"type":"Feature","properties":{"id":"c3303","lines":"48 64 68 77","n":4,"tram":0,"op":"GPA Grodzisk — buses"},"geometry":{"type":"LineString","coordinates":[[20.838462,52.20046],[20.847709,52.20046]]}},{"type":"Feature","properties":{"id":"c3304","lines":"77","n":1,"tram":0,"op":"GPA Grodzisk — buses"},"geometry":{"type":"LineString","coordinates":[[20.838462,52.20046],[20.835379,52.202348]]}},{"type":"Feature","properties":{"id":"c3305","lines":"48 68","n":2,"tram":0,"op":"GPA Grodzisk — buses"},"geometry":{"type":"LineString","coordinates":[[20.847709,52.20046],[20.844627,52.198571],[20.844627,52.194794]]}},{"type":"Feature","properties":{"id":"c3306","lines":"48 64 68 77","n":4,"tram":0,"op":"GPA Grodzisk — buses"},"geometry":{"type":"LineString","coordinates":[[20.847709,52.20046],[20.856956,52.194794],[20.856956,52.192905]]}},{"type":"Feature","properties":{"id":"c3307","lines":"64","n":1,"tram":0,"op":"GPA Grodzisk — buses"},"geometry":{"type":"LineString","coordinates":[[20.847709,52.20046],[20.847709,52.192905]]}},{"type":"Feature","properties":{"id":"c3308","lines":"48 68 78","n":3,"tram":0,"op":"GPA Grodzisk — buses"},"geometry":{"type":"LineString","coordinates":[[20.844627,52.194794],[20.844627,52.191017]]}},{"type":"Feature","properties":{"id":"c3309","lines":"48 64 68 78","n":4,"tram":0,"op":"GPA Grodzisk — buses"},"geometry":{"type":"LineString","coordinates":[[20.844627,52.194794],[20.847709,52.192905]]}},{"type":"Feature","properties":{"id":"c3310","lines":"64","n":1,"tram":0,"op":"GPA Grodzisk — buses"},"geometry":{"type":"LineString","coordinates":[[20.844627,52.194794],[20.841544,52.194794],[20.829215,52.187239]]}},{"type":"Feature","properties":{"id":"c3311","lines":"68 78","n":2,"tram":0,"op":"GPA Grodzisk — buses"},"geometry":{"type":"LineString","coordinates":[[20.844627,52.194794],[20.838462,52.191017]]}},{"type":"Feature","properties":{"id":"c3312","lines":"78","n":1,"tram":0,"op":"GPA Grodzisk — buses"},"geometry":{"type":"LineString","coordinates":[[20.844627,52.194794],[20.835379,52.194794],[20.832297,52.192905]]}},{"type":"Feature","properties":{"id":"c3313","lines":"48","n":1,"tram":0,"op":"GPA Grodzisk — buses"},"geometry":{"type":"LineString","coordinates":[[20.844627,52.191017],[20.841544,52.189128],[20.838462,52.189128]]}},{"type":"Feature","properties":{"id":"c3314","lines":"68","n":1,"tram":0,"op":"GPA Grodzisk — buses"},"geometry":{"type":"LineString","coordinates":[[20.844627,52.191017],[20.847709,52.191017],[20.850791,52.189128]]}},{"type":"Feature","properties":{"id":"c3315","lines":"78","n":1,"tram":0,"op":"GPA Grodzisk — buses"},"geometry":{"type":"LineString","coordinates":[[20.844627,52.191017],[20.847709,52.189128]]}},{"type":"Feature","properties":{"id":"c3316","lines":"48 64","n":2,"tram":0,"op":"GPA Grodzisk — buses"},"geometry":{"type":"LineString","coordinates":[[20.838462,52.189128],[20.835379,52.187239]]}},{"type":"Feature","properties":{"id":"c3317","lines":"48 64","n":2,"tram":0,"op":"GPA Grodzisk — buses"},"geometry":{"type":"LineString","coordinates":[[20.838462,52.189128],[20.844627,52.192905],[20.847709,52.192905]]}},{"type":"Feature","properties":{"id":"c3318","lines":"48","n":1,"tram":0,"op":"GPA Grodzisk — buses"},"geometry":{"type":"LineString","coordinates":[[20.835379,52.187239],[20.829215,52.187239]]}},{"type":"Feature","properties":{"id":"c3319","lines":"48 64","n":2,"tram":0,"op":"GPA Grodzisk — buses"},"geometry":{"type":"LineString","coordinates":[[20.835379,52.187239],[20.835379,52.183462]]}},{"type":"Feature","properties":{"id":"c3320","lines":"48 64","n":2,"tram":0,"op":"GPA Grodzisk — buses"},"geometry":{"type":"LineString","coordinates":[[20.829215,52.187239],[20.829215,52.183462]]}},{"type":"Feature","properties":{"id":"c3321","lines":"48 64 67","n":3,"tram":0,"op":"GPA Grodzisk — buses"},"geometry":{"type":"LineString","coordinates":[[20.829215,52.183462],[20.835379,52.179685]]}},{"type":"Feature","properties":{"id":"c3322","lines":"67","n":1,"tram":0,"op":"GPA Grodzisk — buses"},"geometry":{"type":"LineString","coordinates":[[20.829215,52.183462],[20.82305,52.187239],[20.82305,52.189128]]}},{"type":"Feature","properties":{"id":"c3323","lines":"48 64","n":2,"tram":0,"op":"GPA Grodzisk — buses"},"geometry":{"type":"LineString","coordinates":[[20.835379,52.179685],[20.835379,52.175908]]}},{"type":"Feature","properties":{"id":"c3324","lines":"48 64","n":2,"tram":0,"op":"GPA Grodzisk — buses"},"geometry":{"type":"LineString","coordinates":[[20.835379,52.175908],[20.838462,52.177797]]}},{"type":"Feature","properties":{"id":"c3325","lines":"69","n":1,"tram":0,"op":"GPA Grodzisk — buses"},"geometry":{"type":"LineString","coordinates":[[20.835379,52.175908],[20.835379,52.174019]]}},{"type":"Feature","properties":{"id":"c3326","lines":"69","n":1,"tram":0,"op":"GPA Grodzisk — buses"},"geometry":{"type":"LineString","coordinates":[[20.835379,52.175908],[20.835379,52.174019]]}},{"type":"Feature","properties":{"id":"c3327","lines":"48 64 67","n":3,"tram":0,"op":"GPA Grodzisk — buses"},"geometry":{"type":"LineString","coordinates":[[20.838462,52.177797],[20.838462,52.181574],[20.835379,52.183462]]}},{"type":"Feature","properties":{"id":"c3328","lines":"67","n":1,"tram":0,"op":"GPA Grodzisk — buses"},"geometry":{"type":"LineString","coordinates":[[20.838462,52.177797],[20.838462,52.175908],[20.835379,52.174019]]}},{"type":"Feature","properties":{"id":"c3329","lines":"67","n":1,"tram":0,"op":"GPA Grodzisk — buses"},"geometry":{"type":"LineString","coordinates":[[20.835379,52.183462],[20.826132,52.189128],[20.82305,52.189128]]}},{"type":"Feature","properties":{"id":"c3330","lines":"64","n":1,"tram":0,"op":"GPA Grodzisk — buses"},"geometry":{"type":"LineString","coordinates":[[20.847709,52.192905],[20.856956,52.192905]]}},{"type":"Feature","properties":{"id":"c3331","lines":"68","n":1,"tram":0,"op":"GPA Grodzisk — buses"},"geometry":{"type":"LineString","coordinates":[[20.847709,52.192905],[20.841544,52.192905],[20.838462,52.191017]]}},{"type":"Feature","properties":{"id":"c3332","lines":"68","n":1,"tram":0,"op":"GPA Grodzisk — buses"},"geometry":{"type":"LineString","coordinates":[[20.847709,52.192905],[20.847709,52.191017],[20.853874,52.187239]]}},{"type":"Feature","properties":{"id":"c3333","lines":"78","n":1,"tram":0,"op":"GPA Grodzisk — buses"},"geometry":{"type":"LineString","coordinates":[[20.847709,52.192905],[20.850791,52.192905],[20.853874,52.191017]]}},{"type":"Feature","properties":{"id":"c3334","lines":"49","n":1,"tram":0,"op":"GPA Grodzisk — buses"},"geometry":{"type":"LineString","coordinates":[[20.819967,52.215568],[20.82305,52.217457]]}},{"type":"Feature","properties":{"id":"c3335","lines":"51","n":1,"tram":0,"op":"GPA Grodzisk — buses"},"geometry":{"type":"LineString","coordinates":[[20.847709,52.136248],[20.850791,52.136248],[20.853874,52.134359]]}},{"type":"Feature","properties":{"id":"c3336","lines":"51","n":1,"tram":0,"op":"GPA Grodzisk — buses"},"geometry":{"type":"LineString","coordinates":[[20.853874,52.134359],[20.853874,52.132471]]}},{"type":"Feature","properties":{"id":"c3337","lines":"51","n":1,"tram":0,"op":"GPA Grodzisk — buses"},"geometry":{"type":"LineString","coordinates":[[20.853874,52.132471],[20.850791,52.132471]]}},{"type":"Feature","properties":{"id":"c3338","lines":"51 63","n":2,"tram":0,"op":"GPA Grodzisk — buses"},"geometry":{"type":"LineString","coordinates":[[20.850791,52.132471],[20.850791,52.134359],[20.853874,52.136248]]}},{"type":"Feature","properties":{"id":"c3339","lines":"52","n":1,"tram":0,"op":"GPA Grodzisk — buses"},"geometry":{"type":"LineString","coordinates":[[20.856956,52.128694],[20.856956,52.126805]]}},{"type":"Feature","properties":{"id":"c3340","lines":"52","n":1,"tram":0,"op":"GPA Grodzisk — buses"},"geometry":{"type":"LineString","coordinates":[[20.856956,52.128694],[20.856956,52.126805]]}},{"type":"Feature","properties":{"id":"c3341","lines":"52 83 EXPRESS CHEŁMOŃSKI","n":2,"tram":0,"op":"GPA Grodzisk — buses"},"geometry":{"type":"LineString","coordinates":[[20.856956,52.126805],[20.860039,52.126805],[20.866204,52.123028]]}},{"type":"Feature","properties":{"id":"c3342","lines":"66 78","n":2,"tram":0,"op":"GPA Grodzisk — buses"},"geometry":{"type":"LineString","coordinates":[[20.856956,52.179685],[20.853874,52.179685],[20.847709,52.183462]]}},{"type":"Feature","properties":{"id":"c3343","lines":"78","n":1,"tram":0,"op":"GPA Grodzisk — buses"},"geometry":{"type":"LineString","coordinates":[[20.856956,52.179685],[20.856956,52.189128]]}},{"type":"Feature","properties":{"id":"c3344","lines":"60 65","n":2,"tram":0,"op":"GPA Grodzisk — buses"},"geometry":{"type":"LineString","coordinates":[[20.863121,52.174019],[20.863121,52.168354],[20.866204,52.166465]]}},{"type":"Feature","properties":{"id":"c3345","lines":"62","n":1,"tram":0,"op":"GPA Grodzisk — buses"},"geometry":{"type":"LineString","coordinates":[[20.863121,52.174019],[20.869286,52.170242],[20.872368,52.170242]]}},{"type":"Feature","properties":{"id":"c3346","lines":"60 65","n":2,"tram":0,"op":"GPA Grodzisk — buses"},"geometry":{"type":"LineString","coordinates":[[20.866204,52.166465],[20.866204,52.168354],[20.863121,52.170242]]}},{"type":"Feature","properties":{"id":"c3348","lines":"62","n":1,"tram":0,"op":"GPA Grodzisk — buses"},"geometry":{"type":"LineString","coordinates":[[20.863121,52.170242],[20.872368,52.170242]]}},{"type":"Feature","properties":{"id":"c3349","lines":"61","n":1,"tram":0,"op":"GPA Grodzisk — buses"},"geometry":{"type":"LineString","coordinates":[[20.90011,52.157022],[20.90011,52.160799],[20.893945,52.164577],[20.893945,52.177797]]}},{"type":"Feature","properties":{"id":"c3350","lines":"62","n":1,"tram":0,"op":"GPA Grodzisk — buses"},"geometry":{"type":"LineString","coordinates":[[20.90011,52.157022],[20.893945,52.157022],[20.872368,52.170242]]}},{"type":"Feature","properties":{"id":"c3351","lines":"61","n":1,"tram":0,"op":"GPA Grodzisk — buses"},"geometry":{"type":"LineString","coordinates":[[20.893945,52.177797],[20.897028,52.175908],[20.897028,52.158911]]}},{"type":"Feature","properties":{"id":"c3352","lines":"62","n":1,"tram":0,"op":"GPA Grodzisk — buses"},"geometry":{"type":"LineString","coordinates":[[20.897028,52.158911],[20.878533,52.170242],[20.872368,52.170242]]}},{"type":"Feature","properties":{"id":"c3353","lines":"63","n":1,"tram":0,"op":"GPA Grodzisk — buses"},"geometry":{"type":"LineString","coordinates":[[20.863121,52.136248],[20.863121,52.141914]]}},{"type":"Feature","properties":{"id":"c3354","lines":"65","n":1,"tram":0,"op":"GPA Grodzisk — buses"},"geometry":{"type":"LineString","coordinates":[[20.866204,52.155134],[20.860039,52.158911]]}},{"type":"Feature","properties":{"id":"c3355","lines":"65","n":1,"tram":0,"op":"GPA Grodzisk — buses"},"geometry":{"type":"LineString","coordinates":[[20.860039,52.158911],[20.863121,52.158911],[20.866204,52.157022]]}},{"type":"Feature","properties":{"id":"c3356","lines":"78","n":1,"tram":0,"op":"GPA Grodzisk — buses"},"geometry":{"type":"LineString","coordinates":[[20.847709,52.183462],[20.847709,52.185351]]}},{"type":"Feature","properties":{"id":"c3357","lines":"67","n":1,"tram":0,"op":"GPA Grodzisk — buses"},"geometry":{"type":"LineString","coordinates":[[20.816885,52.196682],[20.819967,52.194794]]}},{"type":"Feature","properties":{"id":"c3358","lines":"77","n":1,"tram":0,"op":"GPA Grodzisk — buses"},"geometry":{"type":"LineString","coordinates":[[20.816885,52.196682],[20.826132,52.196682],[20.829215,52.198571]]}},{"type":"Feature","properties":{"id":"c3359","lines":"67","n":1,"tram":0,"op":"GPA Grodzisk — buses"},"geometry":{"type":"LineString","coordinates":[[20.819967,52.194794],[20.819967,52.191017],[20.82305,52.189128]]}},{"type":"Feature","properties":{"id":"c3360","lines":"67","n":1,"tram":0,"op":"GPA Grodzisk — buses"},"geometry":{"type":"LineString","coordinates":[[20.819967,52.194794],[20.819967,52.196682],[20.816885,52.198571]]}},{"type":"Feature","properties":{"id":"c3361","lines":"77","n":1,"tram":0,"op":"GPA Grodzisk — buses"},"geometry":{"type":"LineString","coordinates":[[20.816885,52.198571],[20.829215,52.198571]]}},{"type":"Feature","properties":{"id":"c3362","lines":"78","n":1,"tram":0,"op":"GPA Grodzisk — buses"},"geometry":{"type":"LineString","coordinates":[[20.838462,52.191017],[20.835379,52.192905],[20.832297,52.192905]]}},{"type":"Feature","properties":{"id":"c3363","lines":"68 78","n":2,"tram":0,"op":"GPA Grodzisk — buses"},"geometry":{"type":"LineString","coordinates":[[20.856956,52.189128],[20.853874,52.191017]]}},{"type":"Feature","properties":{"id":"c3364","lines":"68","n":1,"tram":0,"op":"GPA Grodzisk — buses"},"geometry":{"type":"LineString","coordinates":[[20.853874,52.191017],[20.850791,52.189128]]}},{"type":"Feature","properties":{"id":"c3365","lines":"68","n":1,"tram":0,"op":"GPA Grodzisk — buses"},"geometry":{"type":"LineString","coordinates":[[20.850791,52.189128],[20.853874,52.187239]]}},{"type":"Feature","properties":{"id":"c3366","lines":"68","n":1,"tram":0,"op":"GPA Grodzisk — buses"},"geometry":{"type":"LineString","coordinates":[[20.853874,52.187239],[20.850791,52.187239],[20.847709,52.189128]]}},{"type":"Feature","properties":{"id":"c3367","lines":"68 78","n":2,"tram":0,"op":"GPA Grodzisk — buses"},"geometry":{"type":"LineString","coordinates":[[20.847709,52.189128],[20.847709,52.185351]]}},{"type":"Feature","properties":{"id":"c3368","lines":"77","n":1,"tram":0,"op":"GPA Grodzisk — buses"},"geometry":{"type":"LineString","coordinates":[[20.835379,52.202348],[20.829215,52.198571]]}},{"type":"Feature","properties":{"id":"c3369","lines":"77","n":1,"tram":0,"op":"GPA Grodzisk — buses"},"geometry":{"type":"LineString","coordinates":[[20.835379,52.202348],[20.829215,52.198571]]}},{"type":"Feature","properties":{"id":"c3370","lines":"82 83 EXPRESS CHEŁMOŃSKI","n":2,"tram":0,"op":"GPA Grodzisk — buses"},"geometry":{"type":"LineString","coordinates":[[20.813802,52.128694],[20.81072,52.126805]]}},{"type":"Feature","properties":{"id":"c3371","lines":"82","n":1,"tram":0,"op":"GPA Grodzisk — buses"},"geometry":{"type":"LineString","coordinates":[[20.81072,52.126805],[20.807638,52.124917]]}},{"type":"Feature","properties":{"id":"c3372","lines":"83 EXPRESS CHEŁMOŃSKI","n":1,"tram":0,"op":"GPA Grodzisk — buses"},"geometry":{"type":"LineString","coordinates":[[20.81072,52.126805],[20.81072,52.123028]]}},{"type":"Feature","properties":{"id":"c3373","lines":"82","n":1,"tram":0,"op":"GPA Grodzisk — buses"},"geometry":{"type":"LineString","coordinates":[[20.807638,52.124917],[20.81072,52.123028]]}},{"type":"Feature","properties":{"id":"c3374","lines":"82 83 EXPRESS CHEŁMOŃSKI","n":2,"tram":0,"op":"GPA Grodzisk — buses"},"geometry":{"type":"LineString","coordinates":[[20.807638,52.124917],[20.801473,52.124917]]}},{"type":"Feature","properties":{"id":"c3375","lines":"83 EXPRESS CHEŁMOŃSKI","n":1,"tram":0,"op":"GPA Grodzisk — buses"},"geometry":{"type":"LineString","coordinates":[[20.807638,52.124917],[20.813802,52.124917]]}},{"type":"Feature","properties":{"id":"c3376","lines":"82","n":1,"tram":0,"op":"GPA Grodzisk — buses"},"geometry":{"type":"LineString","coordinates":[[20.81072,52.123028],[20.804555,52.123028],[20.801473,52.124917]]}},{"type":"Feature","properties":{"id":"c3377","lines":"82","n":1,"tram":0,"op":"GPA Grodzisk — buses"},"geometry":{"type":"LineString","coordinates":[[20.81072,52.123028],[20.813802,52.124917]]}},{"type":"Feature","properties":{"id":"c3378","lines":"83 EXPRESS CHEŁMOŃSKI","n":1,"tram":0,"op":"GPA Grodzisk — buses"},"geometry":{"type":"LineString","coordinates":[[20.81072,52.123028],[20.801473,52.123028]]}},{"type":"Feature","properties":{"id":"c3379","lines":"82","n":1,"tram":0,"op":"GPA Grodzisk — buses"},"geometry":{"type":"LineString","coordinates":[[20.801473,52.124917],[20.792225,52.130582]]}},{"type":"Feature","properties":{"id":"c3380","lines":"82 83 EXPRESS CHEŁMOŃSKI","n":2,"tram":0,"op":"GPA Grodzisk — buses"},"geometry":{"type":"LineString","coordinates":[[20.813802,52.124917],[20.816885,52.126805]]}},{"type":"Feature","properties":{"id":"c3381","lines":"97","n":1,"tram":0,"op":"GPA Grodzisk — buses"},"geometry":{"type":"LineString","coordinates":[[20.872368,52.209902],[20.869286,52.208014],[20.869286,52.206125]]}},{"type":"Feature","properties":{"id":"c3382","lines":"2","n":1,"tram":0,"op":"KM Łomianki"},"geometry":{"type":"LineString","coordinates":[[20.927852,52.294888],[20.927852,52.291111]]}},{"type":"Feature","properties":{"id":"c3383","lines":"2","n":1,"tram":0,"op":"KM Łomianki"},"geometry":{"type":"LineString","coordinates":[[20.927852,52.294888],[20.937099,52.294888]]}},{"type":"Feature","properties":{"id":"c3384","lines":"2","n":1,"tram":0,"op":"KM Łomianki"},"geometry":{"type":"LineString","coordinates":[[20.927852,52.291111],[20.930935,52.293]]}},{"type":"Feature","properties":{"id":"c3385","lines":"2","n":1,"tram":0,"op":"KM Łomianki"},"geometry":{"type":"LineString","coordinates":[[20.937099,52.294888],[20.934017,52.293],[20.930935,52.293]]}},{"type":"Feature","properties":{"id":"c3386","lines":"M1","n":1,"tram":0,"op":"Otwock"},"geometry":{"type":"LineString","coordinates":[[21.112797,52.151357],[21.106633,52.155134]]}},{"type":"Feature","properties":{"id":"c3387","lines":"M1","n":1,"tram":0,"op":"Otwock"},"geometry":{"type":"LineString","coordinates":[[21.106633,52.155134],[21.106633,52.153245],[21.112797,52.149468]]}},{"type":"Feature","properties":{"id":"c3388","lines":"M3","n":1,"tram":0,"op":"Otwock"},"geometry":{"type":"LineString","coordinates":[[21.125127,52.157022],[21.131292,52.160799]]}},{"type":"Feature","properties":{"id":"c3389","lines":"M2","n":1,"tram":0,"op":"Otwock"},"geometry":{"type":"LineString","coordinates":[[21.118962,52.164577],[21.140539,52.177797]]}},{"type":"Feature","properties":{"id":"c3390","lines":"M3","n":1,"tram":0,"op":"Otwock"},"geometry":{"type":"LineString","coordinates":[[21.131292,52.162688],[21.12821,52.164577]]}},{"type":"Feature","properties":{"id":"c3391","lines":"M3","n":1,"tram":0,"op":"Otwock"},"geometry":{"type":"LineString","coordinates":[[21.131292,52.162688],[21.131292,52.160799]]}},{"type":"Feature","properties":{"id":"c3392","lines":"M3","n":1,"tram":0,"op":"Otwock"},"geometry":{"type":"LineString","coordinates":[[21.131292,52.162688],[21.137457,52.166465]]}},{"type":"Feature","properties":{"id":"c3393","lines":"M3","n":1,"tram":0,"op":"Otwock"},"geometry":{"type":"LineString","coordinates":[[21.131292,52.162688],[21.131292,52.164577],[21.12821,52.166465]]}},{"type":"Feature","properties":{"id":"c3394","lines":"M3","n":1,"tram":0,"op":"Otwock"},"geometry":{"type":"LineString","coordinates":[[21.12821,52.164577],[21.12821,52.162688],[21.131292,52.160799]]}},{"type":"Feature","properties":{"id":"c3395","lines":"M3","n":1,"tram":0,"op":"Otwock"},"geometry":{"type":"LineString","coordinates":[[21.12821,52.164577],[21.12821,52.166465]]}},{"type":"Feature","properties":{"id":"c3396","lines":"M3","n":1,"tram":0,"op":"Otwock"},"geometry":{"type":"LineString","coordinates":[[21.137457,52.166465],[21.140539,52.166465]]}},{"type":"Feature","properties":{"id":"c3397","lines":"M3","n":1,"tram":0,"op":"Otwock"},"geometry":{"type":"LineString","coordinates":[[21.137457,52.166465],[21.12821,52.166465]]}},{"type":"Feature","properties":{"id":"c3398","lines":"C01 C02 P10","n":3,"tram":0,"op":"Powiat miński"},"geometry":{"type":"LineString","coordinates":[[21.22993,52.192905],[21.22993,52.189128],[21.226847,52.187239]]}},{"type":"Feature","properties":{"id":"c3399","lines":"C01","n":1,"tram":0,"op":"Powiat miński"},"geometry":{"type":"LineString","coordinates":[[21.22993,52.192905],[21.22993,52.172131]]}},{"type":"Feature","properties":{"id":"c3400","lines":"C01","n":1,"tram":0,"op":"Powiat miński"},"geometry":{"type":"LineString","coordinates":[[21.22993,52.192905],[21.226847,52.191017],[21.223765,52.191017]]}},{"type":"Feature","properties":{"id":"c3401","lines":"C01","n":1,"tram":0,"op":"Powiat miński"},"geometry":{"type":"LineString","coordinates":[[21.22993,52.192905],[21.220682,52.192905],[21.2176,52.191017]]}},{"type":"Feature","properties":{"id":"c3402","lines":"C01","n":1,"tram":0,"op":"Powiat miński"},"geometry":{"type":"LineString","coordinates":[[21.22993,52.192905],[21.22993,52.175908]]}},{"type":"Feature","properties":{"id":"c3403","lines":"C02","n":1,"tram":0,"op":"Powiat miński"},"geometry":{"type":"LineString","coordinates":[[21.22993,52.192905],[21.233012,52.191017]]}},{"type":"Feature","properties":{"id":"c3404","lines":"P10","n":1,"tram":0,"op":"Powiat miński"},"geometry":{"type":"LineString","coordinates":[[21.22993,52.192905],[21.233012,52.191017]]}},{"type":"Feature","properties":{"id":"c3405","lines":"P13","n":1,"tram":0,"op":"Powiat miński"},"geometry":{"type":"LineString","coordinates":[[21.22993,52.192905],[21.236094,52.196682]]}},{"type":"Feature","properties":{"id":"c3406","lines":"P13","n":1,"tram":0,"op":"Powiat miński"},"geometry":{"type":"LineString","coordinates":[[21.22993,52.192905],[21.226847,52.192905],[21.223765,52.191017]]}},{"type":"Feature","properties":{"id":"c3407","lines":"C01 P10","n":2,"tram":0,"op":"Powiat miński"},"geometry":{"type":"LineString","coordinates":[[21.226847,52.187239],[21.233012,52.183462]]}},{"type":"Feature","properties":{"id":"c3408","lines":"C02","n":1,"tram":0,"op":"Powiat miński"},"geometry":{"type":"LineString","coordinates":[[21.226847,52.187239],[21.220682,52.183462],[21.220682,52.175908]]}},{"type":"Feature","properties":{"id":"c3409","lines":"C01 C02 P10","n":3,"tram":0,"op":"Powiat miński"},"geometry":{"type":"LineString","coordinates":[[21.233012,52.183462],[21.236094,52.181574]]}},{"type":"Feature","properties":{"id":"c3410","lines":"C02 P10","n":2,"tram":0,"op":"Powiat miński"},"geometry":{"type":"LineString","coordinates":[[21.233012,52.183462],[21.233012,52.191017]]}},{"type":"Feature","properties":{"id":"c3411","lines":"C01 P10","n":2,"tram":0,"op":"Powiat miński"},"geometry":{"type":"LineString","coordinates":[[21.236094,52.181574],[21.239177,52.183462]]}},{"type":"Feature","properties":{"id":"c3412","lines":"C01 C02 P10","n":3,"tram":0,"op":"Powiat miński"},"geometry":{"type":"LineString","coordinates":[[21.236094,52.181574],[21.242259,52.177797]]}},{"type":"Feature","properties":{"id":"c3413","lines":"C01 P10","n":2,"tram":0,"op":"Powiat miński"},"geometry":{"type":"LineString","coordinates":[[21.242259,52.177797],[21.242259,52.172131]]}},{"type":"Feature","properties":{"id":"c3414","lines":"C01 C02","n":2,"tram":0,"op":"Powiat miński"},"geometry":{"type":"LineString","coordinates":[[21.242259,52.177797],[21.239177,52.175908]]}},{"type":"Feature","properties":{"id":"c3415","lines":"P10","n":1,"tram":0,"op":"Powiat miński"},"geometry":{"type":"LineString","coordinates":[[21.242259,52.177797],[21.236094,52.177797]]}},{"type":"Feature","properties":{"id":"c3416","lines":"P10","n":1,"tram":0,"op":"Powiat miński"},"geometry":{"type":"LineString","coordinates":[[21.242259,52.172131],[21.239177,52.172131],[21.233012,52.175908]]}},{"type":"Feature","properties":{"id":"c3417","lines":"C01","n":1,"tram":0,"op":"Powiat miński"},"geometry":{"type":"LineString","coordinates":[[21.239177,52.175908],[21.233012,52.175908]]}},{"type":"Feature","properties":{"id":"c3418","lines":"C02","n":1,"tram":0,"op":"Powiat miński"},"geometry":{"type":"LineString","coordinates":[[21.239177,52.175908],[21.236094,52.177797]]}},{"type":"Feature","properties":{"id":"c3419","lines":"C01 P10","n":2,"tram":0,"op":"Powiat miński"},"geometry":{"type":"LineString","coordinates":[[21.233012,52.175908],[21.22993,52.175908]]}},{"type":"Feature","properties":{"id":"c3420","lines":"C01 P10","n":2,"tram":0,"op":"Powiat miński"},"geometry":{"type":"LineString","coordinates":[[21.22993,52.175908],[21.220682,52.175908]]}},{"type":"Feature","properties":{"id":"c3421","lines":"C01 C02 P10 Z10","n":4,"tram":0,"op":"Powiat miński"},"geometry":{"type":"LineString","coordinates":[[21.220682,52.175908],[21.2176,52.174019]]}},{"type":"Feature","properties":{"id":"c3422","lines":"Z10","n":1,"tram":0,"op":"Powiat miński"},"geometry":{"type":"LineString","coordinates":[[21.220682,52.175908],[21.214517,52.179685],[21.214517,52.191017]]}},{"type":"Feature","properties":{"id":"c3423","lines":"C01 C02 Z10","n":3,"tram":0,"op":"Powiat miński"},"geometry":{"type":"LineString","coordinates":[[21.2176,52.174019],[21.220682,52.172131],[21.22993,52.172131]]}},{"type":"Feature","properties":{"id":"c3424","lines":"P10","n":1,"tram":0,"op":"Powiat miński"},"geometry":{"type":"LineString","coordinates":[[21.2176,52.174019],[21.208353,52.179685],[21.199105,52.179685]]}},{"type":"Feature","properties":{"id":"c3425","lines":"C02 Z10","n":2,"tram":0,"op":"Powiat miński"},"geometry":{"type":"LineString","coordinates":[[21.22993,52.172131],[21.226847,52.174019]]}},{"type":"Feature","properties":{"id":"c3426","lines":"C01 P13 Z10","n":3,"tram":0,"op":"Powiat miński"},"geometry":{"type":"LineString","coordinates":[[21.223765,52.191017],[21.2176,52.191017]]}},{"type":"Feature","properties":{"id":"c3427","lines":"Z10","n":1,"tram":0,"op":"Powiat miński"},"geometry":{"type":"LineString","coordinates":[[21.223765,52.191017],[21.223765,52.177797]]}},{"type":"Feature","properties":{"id":"c3428","lines":"P13 Z10","n":2,"tram":0,"op":"Powiat miński"},"geometry":{"type":"LineString","coordinates":[[21.2176,52.191017],[21.208353,52.196682]]}},{"type":"Feature","properties":{"id":"c3429","lines":"C02","n":1,"tram":0,"op":"Powiat miński"},"geometry":{"type":"LineString","coordinates":[[21.226847,52.174019],[21.226847,52.177797]]}},{"type":"Feature","properties":{"id":"c3430","lines":"Z10","n":1,"tram":0,"op":"Powiat miński"},"geometry":{"type":"LineString","coordinates":[[21.226847,52.174019],[21.223765,52.172131],[21.220682,52.172131]]}},{"type":"Feature","properties":{"id":"c3431","lines":"C02 P10","n":2,"tram":0,"op":"Powiat miński"},"geometry":{"type":"LineString","coordinates":[[21.226847,52.177797],[21.236094,52.177797]]}},{"type":"Feature","properties":{"id":"c3432","lines":"P10","n":1,"tram":0,"op":"Powiat miński"},"geometry":{"type":"LineString","coordinates":[[21.226847,52.177797],[21.223765,52.177797]]}},{"type":"Feature","properties":{"id":"c3433","lines":"P01","n":1,"tram":0,"op":"Powiat miński"},"geometry":{"type":"LineString","coordinates":[[21.177528,52.247674],[21.177528,52.234454]]}},{"type":"Feature","properties":{"id":"c3434","lines":"P01","n":1,"tram":0,"op":"Powiat miński"},"geometry":{"type":"LineString","coordinates":[[21.177528,52.247674],[21.180611,52.245785],[21.180611,52.238231]]}},{"type":"Feature","properties":{"id":"c3435","lines":"P01","n":1,"tram":0,"op":"Powiat miński"},"geometry":{"type":"LineString","coordinates":[[21.177528,52.234454],[21.177528,52.232565],[21.180611,52.230677]]}},{"type":"Feature","properties":{"id":"c3436","lines":"P02","n":1,"tram":0,"op":"Powiat miński"},"geometry":{"type":"LineString","coordinates":[[21.177528,52.234454],[21.19294,52.243897],[21.196023,52.243897]]}},{"type":"Feature","properties":{"id":"c3437","lines":"P02","n":1,"tram":0,"op":"Powiat miński"},"geometry":{"type":"LineString","coordinates":[[21.177528,52.234454],[21.171364,52.234454]]}},{"type":"Feature","properties":{"id":"c3438","lines":"P01","n":1,"tram":0,"op":"Powiat miński"},"geometry":{"type":"LineString","coordinates":[[21.180611,52.230677],[21.183693,52.228788]]}},{"type":"Feature","properties":{"id":"c3439","lines":"P01","n":1,"tram":0,"op":"Powiat miński"},"geometry":{"type":"LineString","coordinates":[[21.180611,52.230677],[21.180611,52.238231]]}},{"type":"Feature","properties":{"id":"c3440","lines":"P01","n":1,"tram":0,"op":"Powiat miński"},"geometry":{"type":"LineString","coordinates":[[21.183693,52.228788],[21.186776,52.2269],[21.186776,52.217457]]}},{"type":"Feature","properties":{"id":"c3441","lines":"P01","n":1,"tram":0,"op":"Powiat miński"},"geometry":{"type":"LineString","coordinates":[[21.183693,52.228788],[21.183693,52.215568]]}},{"type":"Feature","properties":{"id":"c3442","lines":"P01 P09","n":2,"tram":0,"op":"Powiat miński"},"geometry":{"type":"LineString","coordinates":[[21.186776,52.217457],[21.183693,52.215568]]}},{"type":"Feature","properties":{"id":"c3443","lines":"P09","n":1,"tram":0,"op":"Powiat miński"},"geometry":{"type":"LineString","coordinates":[[21.186776,52.217457],[21.186776,52.209902],[21.177528,52.204237]]}},{"type":"Feature","properties":{"id":"c3444","lines":"P01 P09","n":2,"tram":0,"op":"Powiat miński"},"geometry":{"type":"LineString","coordinates":[[21.183693,52.215568],[21.189858,52.215568]]}},{"type":"Feature","properties":{"id":"c3445","lines":"P09","n":1,"tram":0,"op":"Powiat miński"},"geometry":{"type":"LineString","coordinates":[[21.183693,52.215568],[21.174446,52.209902],[21.174446,52.202348]]}},{"type":"Feature","properties":{"id":"c3446","lines":"P01 P09","n":2,"tram":0,"op":"Powiat miński"},"geometry":{"type":"LineString","coordinates":[[21.189858,52.215568],[21.19294,52.21368]]}},{"type":"Feature","properties":{"id":"c3447","lines":"P01 P09","n":2,"tram":0,"op":"Powiat miński"},"geometry":{"type":"LineString","coordinates":[[21.189858,52.215568],[21.19294,52.215568]]}},{"type":"Feature","properties":{"id":"c3448","lines":"P01 P09 P12","n":3,"tram":0,"op":"Powiat miński"},"geometry":{"type":"LineString","coordinates":[[21.19294,52.21368],[21.19294,52.204237]]}},{"type":"Feature","properties":{"id":"c3449","lines":"P12","n":1,"tram":0,"op":"Powiat miński"},"geometry":{"type":"LineString","coordinates":[[21.19294,52.21368],[21.19294,52.223122]]}},{"type":"Feature","properties":{"id":"c3450","lines":"P01 P04 P09 P11 P12","n":5,"tram":0,"op":"Powiat miński"},"geometry":{"type":"LineString","coordinates":[[21.19294,52.204237],[21.19294,52.202348],[21.196023,52.20046]]}},{"type":"Feature","properties":{"id":"c3451","lines":"P04 P11","n":2,"tram":0,"op":"Powiat miński"},"geometry":{"type":"LineString","coordinates":[[21.19294,52.204237],[21.196023,52.204237]]}},{"type":"Feature","properties":{"id":"c3452","lines":"P01 P07 P08 P09","n":4,"tram":0,"op":"Powiat miński"},"geometry":{"type":"LineString","coordinates":[[21.196023,52.20046],[21.196023,52.194794]]}},{"type":"Feature","properties":{"id":"c3453","lines":"P01 P04 P05 P07 P08 P09 P10 P11 P12 P13 Z10","n":11,"tram":0,"op":"Powiat miński"},"geometry":{"type":"LineString","coordinates":[[21.196023,52.20046],[21.19294,52.198571]]}},{"type":"Feature","properties":{"id":"c3454","lines":"P01 P09 P12","n":3,"tram":0,"op":"Powiat miński"},"geometry":{"type":"LineString","coordinates":[[21.196023,52.20046],[21.196023,52.21368],[21.19294,52.215568]]}},{"type":"Feature","properties":{"id":"c3455","lines":"P04 P05 P12 P13","n":4,"tram":0,"op":"Powiat miński"},"geometry":{"type":"LineString","coordinates":[[21.196023,52.20046],[21.19294,52.198571],[21.19294,52.194794]]}},{"type":"Feature","properties":{"id":"c3456","lines":"P04 P11","n":2,"tram":0,"op":"Powiat miński"},"geometry":{"type":"LineString","coordinates":[[21.196023,52.20046],[21.199105,52.202348]]}},{"type":"Feature","properties":{"id":"c3457","lines":"P05 P07 P08 P13 Z10","n":5,"tram":0,"op":"Powiat miński"},"geometry":{"type":"LineString","coordinates":[[21.196023,52.20046],[21.199105,52.20046]]}},{"type":"Feature","properties":{"id":"c3458","lines":"P05 P08 P10 P13 Z10","n":5,"tram":0,"op":"Powiat miński"},"geometry":{"type":"LineString","coordinates":[[21.196023,52.20046],[21.202188,52.196682],[21.202188,52.194794]]}},{"type":"Feature","properties":{"id":"c3459","lines":"P06","n":1,"tram":0,"op":"Powiat miński"},"geometry":{"type":"LineString","coordinates":[[21.196023,52.20046],[21.189858,52.20046],[21.186776,52.198571],[21.180611,52.198571]]}},{"type":"Feature","properties":{"id":"c3460","lines":"P06 P11","n":2,"tram":0,"op":"Powiat miński"},"geometry":{"type":"LineString","coordinates":[[21.196023,52.20046],[21.189858,52.196682],[21.189858,52.192905]]}},{"type":"Feature","properties":{"id":"c3461","lines":"P10","n":1,"tram":0,"op":"Powiat miński"},"geometry":{"type":"LineString","coordinates":[[21.196023,52.20046],[21.199105,52.198571]]}},{"type":"Feature","properties":{"id":"c3462","lines":"P10 Z10","n":2,"tram":0,"op":"Powiat miński"},"geometry":{"type":"LineString","coordinates":[[21.196023,52.20046],[21.186776,52.194794],[21.186776,52.192905]]}},{"type":"Feature","properties":{"id":"c3463","lines":"P01 P07 P08 P09","n":4,"tram":0,"op":"Powiat miński"},"geometry":{"type":"LineString","coordinates":[[21.196023,52.194794],[21.196023,52.196682]]}},{"type":"Feature","properties":{"id":"c3464","lines":"P05","n":1,"tram":0,"op":"Powiat miński"},"geometry":{"type":"LineString","coordinates":[[21.196023,52.194794],[21.202188,52.194794]]}},{"type":"Feature","properties":{"id":"c3465","lines":"P05","n":1,"tram":0,"op":"Powiat miński"},"geometry":{"type":"LineString","coordinates":[[21.196023,52.194794],[21.189858,52.191017]]}},{"type":"Feature","properties":{"id":"c3466","lines":"P01 P04 P05 P06 P07 P08 P09 P11 P12 P13","n":10,"tram":0,"op":"Powiat miński"},"geometry":{"type":"LineString","coordinates":[[21.196023,52.196682],[21.19294,52.198571]]}},{"type":"Feature","properties":{"id":"c3467","lines":"P04 P05 P12 P13","n":4,"tram":0,"op":"Powiat miński"},"geometry":{"type":"LineString","coordinates":[[21.196023,52.196682],[21.19294,52.194794]]}},{"type":"Feature","properties":{"id":"c3468","lines":"P06 P11","n":2,"tram":0,"op":"Powiat miński"},"geometry":{"type":"LineString","coordinates":[[21.196023,52.196682],[21.189858,52.192905]]}},{"type":"Feature","properties":{"id":"c3469","lines":"P06","n":1,"tram":0,"op":"Powiat miński"},"geometry":{"type":"LineString","coordinates":[[21.19294,52.198571],[21.180611,52.198571]]}},{"type":"Feature","properties":{"id":"c3470","lines":"P10 Z10","n":2,"tram":0,"op":"Powiat miński"},"geometry":{"type":"LineString","coordinates":[[21.19294,52.198571],[21.186776,52.194794],[21.186776,52.192905]]}},{"type":"Feature","properties":{"id":"c3471","lines":"P12","n":1,"tram":0,"op":"Powiat miński"},"geometry":{"type":"LineString","coordinates":[[21.19294,52.215568],[21.19294,52.223122]]}},{"type":"Feature","properties":{"id":"c3472","lines":"P02","n":1,"tram":0,"op":"Powiat miński"},"geometry":{"type":"LineString","coordinates":[[21.180611,52.238231],[21.168281,52.238231],[21.165199,52.236342]]}},{"type":"Feature","properties":{"id":"c3473","lines":"P02","n":1,"tram":0,"op":"Powiat miński"},"geometry":{"type":"LineString","coordinates":[[21.180611,52.238231],[21.189858,52.243897],[21.196023,52.243897]]}},{"type":"Feature","properties":{"id":"c3474","lines":"P02 P03","n":2,"tram":0,"op":"Powiat miński"},"geometry":{"type":"LineString","coordinates":[[21.137457,52.242008],[21.137457,52.234454]]}},{"type":"Feature","properties":{"id":"c3475","lines":"P02 P03","n":2,"tram":0,"op":"Powiat miński"},"geometry":{"type":"LineString","coordinates":[[21.137457,52.242008],[21.137457,52.234454]]}},{"type":"Feature","properties":{"id":"c3476","lines":"A1 P02 P03","n":3,"tram":0,"op":"mix"},"geometry":{"type":"LineString","coordinates":[[21.137457,52.234454],[21.140539,52.232565]]}},{"type":"Feature","properties":{"id":"c3477","lines":"A1","n":1,"tram":0,"op":"Sulejówek & Wiązowna"},"geometry":{"type":"LineString","coordinates":[[21.137457,52.234454],[21.140539,52.232565]]}},{"type":"Feature","properties":{"id":"c3478","lines":"A1 P02 P03","n":3,"tram":0,"op":"mix"},"geometry":{"type":"LineString","coordinates":[[21.140539,52.232565],[21.140539,52.2269]]}},{"type":"Feature","properties":{"id":"c3479","lines":"P02 P03","n":2,"tram":0,"op":"Powiat miński"},"geometry":{"type":"LineString","coordinates":[[21.140539,52.2269],[21.146704,52.2269]]}},{"type":"Feature","properties":{"id":"c3480","lines":"A1","n":1,"tram":0,"op":"Sulejówek & Wiązowna"},"geometry":{"type":"LineString","coordinates":[[21.140539,52.2269],[21.143622,52.225011]]}},{"type":"Feature","properties":{"id":"c3481","lines":"A1","n":1,"tram":0,"op":"Sulejówek & Wiązowna"},"geometry":{"type":"LineString","coordinates":[[21.140539,52.2269],[21.146704,52.230677]]}},{"type":"Feature","properties":{"id":"c3482","lines":"A2","n":1,"tram":0,"op":"Sulejówek & Wiązowna"},"geometry":{"type":"LineString","coordinates":[[21.140539,52.2269],[21.137457,52.225011],[21.137457,52.221234]]}},{"type":"Feature","properties":{"id":"c3483","lines":"A2","n":1,"tram":0,"op":"Sulejówek & Wiązowna"},"geometry":{"type":"LineString","coordinates":[[21.140539,52.2269],[21.137457,52.228788],[21.137457,52.230677]]}},{"type":"Feature","properties":{"id":"c3484","lines":"A2","n":1,"tram":0,"op":"mix"},"geometry":{"type":"LineString","coordinates":[[21.140539,52.2269],[21.140539,52.228788],[21.137457,52.230677]]}},{"type":"Feature","properties":{"id":"c3485","lines":"A2","n":1,"tram":0,"op":"Sulejówek & Wiązowna"},"geometry":{"type":"LineString","coordinates":[[21.140539,52.2269],[21.140539,52.223122]]}},{"type":"Feature","properties":{"id":"c3486","lines":"W3","n":1,"tram":0,"op":"Wieliszew"},"geometry":{"type":"LineString","coordinates":[[21.140539,52.2269],[21.134374,52.230677]]}},{"type":"Feature","properties":{"id":"c3487","lines":"W3","n":1,"tram":0,"op":"Wieliszew"},"geometry":{"type":"LineString","coordinates":[[21.140539,52.2269],[21.134374,52.230677]]}},{"type":"Feature","properties":{"id":"c3488","lines":"A1 P02 P03","n":3,"tram":0,"op":"mix"},"geometry":{"type":"LineString","coordinates":[[21.146704,52.2269],[21.146704,52.230677]]}},{"type":"Feature","properties":{"id":"c3489","lines":"A1","n":1,"tram":0,"op":"Sulejówek & Wiązowna"},"geometry":{"type":"LineString","coordinates":[[21.146704,52.2269],[21.143622,52.225011]]}},{"type":"Feature","properties":{"id":"c3490","lines":"P02 P03","n":2,"tram":0,"op":"Powiat miński"},"geometry":{"type":"LineString","coordinates":[[21.146704,52.230677],[21.152869,52.230677]]}},{"type":"Feature","properties":{"id":"c3491","lines":"P02 P03","n":2,"tram":0,"op":"Powiat miński"},"geometry":{"type":"LineString","coordinates":[[21.146704,52.230677],[21.149787,52.232565]]}},{"type":"Feature","properties":{"id":"c3492","lines":"P02","n":1,"tram":0,"op":"Powiat miński"},"geometry":{"type":"LineString","coordinates":[[21.152869,52.230677],[21.159034,52.234454],[21.159034,52.236342]]}},{"type":"Feature","properties":{"id":"c3493","lines":"P03","n":1,"tram":0,"op":"Powiat miński"},"geometry":{"type":"LineString","coordinates":[[21.152869,52.230677],[21.155951,52.228788],[21.155951,52.221234]]}},{"type":"Feature","properties":{"id":"c3494","lines":"P02","n":1,"tram":0,"op":"Powiat miński"},"geometry":{"type":"LineString","coordinates":[[21.159034,52.236342],[21.165199,52.236342]]}},{"type":"Feature","properties":{"id":"c3495","lines":"P02","n":1,"tram":0,"op":"Powiat miński"},"geometry":{"type":"LineString","coordinates":[[21.159034,52.236342],[21.155951,52.236342],[21.149787,52.232565]]}},{"type":"Feature","properties":{"id":"c3496","lines":"P02","n":1,"tram":0,"op":"Powiat miński"},"geometry":{"type":"LineString","coordinates":[[21.165199,52.236342],[21.168281,52.234454],[21.171364,52.234454]]}},{"type":"Feature","properties":{"id":"c3497","lines":"P04","n":1,"tram":0,"op":"Powiat miński"},"geometry":{"type":"LineString","coordinates":[[21.196023,52.243897],[21.196023,52.245785],[21.202188,52.249562]]}},{"type":"Feature","properties":{"id":"c3498","lines":"P04 P12","n":2,"tram":0,"op":"Powiat miński"},"geometry":{"type":"LineString","coordinates":[[21.196023,52.243897],[21.196023,52.236342]]}},{"type":"Feature","properties":{"id":"c3499","lines":"P04 P12","n":2,"tram":0,"op":"Powiat miński"},"geometry":{"type":"LineString","coordinates":[[21.196023,52.243897],[21.19294,52.242008],[21.19294,52.232565]]}},{"type":"Feature","properties":{"id":"c3500","lines":"P04","n":1,"tram":0,"op":"Powiat miński"},"geometry":{"type":"LineString","coordinates":[[21.196023,52.243897],[21.20527,52.249562]]}},{"type":"Feature","properties":{"id":"c3501","lines":"P04","n":1,"tram":0,"op":"Powiat miński"},"geometry":{"type":"LineString","coordinates":[[21.196023,52.243897],[21.196023,52.245785],[21.202188,52.249562]]}},{"type":"Feature","properties":{"id":"c3502","lines":"P04","n":1,"tram":0,"op":"Powiat miński"},"geometry":{"type":"LineString","coordinates":[[21.196023,52.243897],[21.20527,52.249562]]}},{"type":"Feature","properties":{"id":"c3503","lines":"P03","n":1,"tram":0,"op":"Powiat miński"},"geometry":{"type":"LineString","coordinates":[[21.171364,52.234454],[21.171364,52.230677],[21.155951,52.221234]]}},{"type":"Feature","properties":{"id":"c3504","lines":"P03","n":1,"tram":0,"op":"Powiat miński"},"geometry":{"type":"LineString","coordinates":[[21.171364,52.234454],[21.155951,52.225011],[21.155951,52.221234]]}},{"type":"Feature","properties":{"id":"c3505","lines":"P03","n":1,"tram":0,"op":"Powiat miński"},"geometry":{"type":"LineString","coordinates":[[21.149787,52.232565],[21.155951,52.228788],[21.155951,52.221234]]}},{"type":"Feature","properties":{"id":"c3506","lines":"P03","n":1,"tram":0,"op":"Powiat miński"},"geometry":{"type":"LineString","coordinates":[[21.155951,52.221234],[21.149787,52.217457]]}},{"type":"Feature","properties":{"id":"c3507","lines":"P04","n":1,"tram":0,"op":"Powiat miński"},"geometry":{"type":"LineString","coordinates":[[21.196023,52.236342],[21.199105,52.234454],[21.199105,52.206125]]}},{"type":"Feature","properties":{"id":"c3508","lines":"P12","n":1,"tram":0,"op":"Powiat miński"},"geometry":{"type":"LineString","coordinates":[[21.196023,52.236342],[21.196023,52.225011]]}},{"type":"Feature","properties":{"id":"c3509","lines":"P04","n":1,"tram":0,"op":"Powiat miński"},"geometry":{"type":"LineString","coordinates":[[21.199105,52.206125],[21.196023,52.204237]]}},{"type":"Feature","properties":{"id":"c3510","lines":"P11","n":1,"tram":0,"op":"Powiat miński"},"geometry":{"type":"LineString","coordinates":[[21.199105,52.206125],[21.199105,52.202348]]}},{"type":"Feature","properties":{"id":"c3511","lines":"P11","n":1,"tram":0,"op":"Powiat miński"},"geometry":{"type":"LineString","coordinates":[[21.199105,52.206125],[21.202188,52.206125]]}},{"type":"Feature","properties":{"id":"c3512","lines":"P04","n":1,"tram":0,"op":"Powiat miński"},"geometry":{"type":"LineString","coordinates":[[21.196023,52.204237],[21.199105,52.202348]]}},{"type":"Feature","properties":{"id":"c3513","lines":"P04","n":1,"tram":0,"op":"Powiat miński"},"geometry":{"type":"LineString","coordinates":[[21.196023,52.204237],[21.196023,52.217457],[21.19294,52.219345],[21.19294,52.232565]]}},{"type":"Feature","properties":{"id":"c3514","lines":"P11","n":1,"tram":0,"op":"Powiat miński"},"geometry":{"type":"LineString","coordinates":[[21.196023,52.204237],[21.20527,52.204237]]}},{"type":"Feature","properties":{"id":"c3515","lines":"P12","n":1,"tram":0,"op":"Powiat miński"},"geometry":{"type":"LineString","coordinates":[[21.19294,52.232565],[21.196023,52.230677],[21.196023,52.225011]]}},{"type":"Feature","properties":{"id":"c3516","lines":"P05","n":1,"tram":0,"op":"Powiat miński"},"geometry":{"type":"LineString","coordinates":[[21.186776,52.177797],[21.189858,52.179685],[21.199105,52.179685]]}},{"type":"Feature","properties":{"id":"c3517","lines":"P05","n":1,"tram":0,"op":"Powiat miński"},"geometry":{"type":"LineString","coordinates":[[21.186776,52.177797],[21.196023,52.177797]]}},{"type":"Feature","properties":{"id":"c3518","lines":"P05 P10","n":2,"tram":0,"op":"Powiat miński"},"geometry":{"type":"LineString","coordinates":[[21.199105,52.179685],[21.199105,52.183462],[21.19294,52.187239]]}},{"type":"Feature","properties":{"id":"c3519","lines":"P05","n":1,"tram":0,"op":"Powiat miński"},"geometry":{"type":"LineString","coordinates":[[21.19294,52.187239],[21.189858,52.189128]]}},{"type":"Feature","properties":{"id":"c3520","lines":"P10","n":1,"tram":0,"op":"Powiat miński"},"geometry":{"type":"LineString","coordinates":[[21.19294,52.187239],[21.19294,52.189128],[21.199105,52.192905],[21.199105,52.198571]]}},{"type":"Feature","properties":{"id":"c3521","lines":"P05","n":1,"tram":0,"op":"Powiat miński"},"geometry":{"type":"LineString","coordinates":[[21.189858,52.189128],[21.189858,52.191017]]}},{"type":"Feature","properties":{"id":"c3522","lines":"P05","n":1,"tram":0,"op":"Powiat miński"},"geometry":{"type":"LineString","coordinates":[[21.189858,52.189128],[21.189858,52.187239],[21.19294,52.185351]]}},{"type":"Feature","properties":{"id":"c3523","lines":"P05","n":1,"tram":0,"op":"Powiat miński"},"geometry":{"type":"LineString","coordinates":[[21.189858,52.191017],[21.199105,52.196682],[21.199105,52.198571]]}},{"type":"Feature","properties":{"id":"c3524","lines":"P05 P07 P08 P13 Z10","n":5,"tram":0,"op":"Powiat miński"},"geometry":{"type":"LineString","coordinates":[[21.199105,52.198571],[21.199105,52.20046]]}},{"type":"Feature","properties":{"id":"c3525","lines":"P07","n":1,"tram":0,"op":"Powiat miński"},"geometry":{"type":"LineString","coordinates":[[21.199105,52.198571],[21.20527,52.202348],[21.20527,52.204237]]}},{"type":"Feature","properties":{"id":"c3526","lines":"P08 P13 Z10","n":3,"tram":0,"op":"Powiat miński"},"geometry":{"type":"LineString","coordinates":[[21.199105,52.198571],[21.20527,52.198571]]}},{"type":"Feature","properties":{"id":"c3527","lines":"P07","n":1,"tram":0,"op":"Powiat miński"},"geometry":{"type":"LineString","coordinates":[[21.199105,52.20046],[21.202188,52.202348],[21.202188,52.206125]]}},{"type":"Feature","properties":{"id":"c3528","lines":"P08 P13 Z10","n":3,"tram":0,"op":"Powiat miński"},"geometry":{"type":"LineString","coordinates":[[21.202188,52.194794],[21.20527,52.194794]]}},{"type":"Feature","properties":{"id":"c3529","lines":"P10","n":1,"tram":0,"op":"Powiat miński"},"geometry":{"type":"LineString","coordinates":[[21.202188,52.194794],[21.202188,52.191017],[21.19294,52.185351]]}},{"type":"Feature","properties":{"id":"c3530","lines":"P05 P10","n":2,"tram":0,"op":"Powiat miński"},"geometry":{"type":"LineString","coordinates":[[21.19294,52.185351],[21.19294,52.179685],[21.196023,52.177797]]}},{"type":"Feature","properties":{"id":"c3531","lines":"P10","n":1,"tram":0,"op":"Powiat miński"},"geometry":{"type":"LineString","coordinates":[[21.196023,52.177797],[21.20527,52.172131],[21.220682,52.172131]]}},{"type":"Feature","properties":{"id":"c3532","lines":"P06","n":1,"tram":0,"op":"Powiat miński"},"geometry":{"type":"LineString","coordinates":[[21.162116,52.209902],[21.171364,52.204237]]}},{"type":"Feature","properties":{"id":"c3533","lines":"P06","n":1,"tram":0,"op":"Powiat miński"},"geometry":{"type":"LineString","coordinates":[[21.162116,52.209902],[21.162116,52.208014],[21.171364,52.202348]]}},{"type":"Feature","properties":{"id":"c3534","lines":"P06 P09","n":2,"tram":0,"op":"Powiat miński"},"geometry":{"type":"LineString","coordinates":[[21.171364,52.204237],[21.177528,52.204237]]}},{"type":"Feature","properties":{"id":"c3535","lines":"P09","n":1,"tram":0,"op":"Powiat miński"},"geometry":{"type":"LineString","coordinates":[[21.171364,52.204237],[21.165199,52.20046],[21.165199,52.198571]]}},{"type":"Feature","properties":{"id":"c3536","lines":"P06","n":1,"tram":0,"op":"Powiat miński"},"geometry":{"type":"LineString","coordinates":[[21.177528,52.204237],[21.180611,52.202348]]}},{"type":"Feature","properties":{"id":"c3537","lines":"P06","n":1,"tram":0,"op":"Powiat miński"},"geometry":{"type":"LineString","coordinates":[[21.180611,52.202348],[21.180611,52.198571]]}},{"type":"Feature","properties":{"id":"c3538","lines":"P06","n":1,"tram":0,"op":"Powiat miński"},"geometry":{"type":"LineString","coordinates":[[21.180611,52.202348],[21.174446,52.202348]]}},{"type":"Feature","properties":{"id":"c3539","lines":"P06 P09","n":2,"tram":0,"op":"Powiat miński"},"geometry":{"type":"LineString","coordinates":[[21.174446,52.202348],[21.171364,52.202348]]}},{"type":"Feature","properties":{"id":"c3540","lines":"P09","n":1,"tram":0,"op":"Powiat miński"},"geometry":{"type":"LineString","coordinates":[[21.171364,52.202348],[21.165199,52.198571]]}},{"type":"Feature","properties":{"id":"c3541","lines":"P07","n":1,"tram":0,"op":"Powiat miński"},"geometry":{"type":"LineString","coordinates":[[21.2176,52.249562],[21.223765,52.245785],[21.223765,52.211791]]}},{"type":"Feature","properties":{"id":"c3542","lines":"P07","n":1,"tram":0,"op":"Powiat miński"},"geometry":{"type":"LineString","coordinates":[[21.2176,52.249562],[21.2176,52.215568]]}},{"type":"Feature","properties":{"id":"c3543","lines":"P11","n":1,"tram":0,"op":"Powiat miński"},"geometry":{"type":"LineString","coordinates":[[21.2176,52.249562],[21.214517,52.247674],[21.214517,52.242008]]}},{"type":"Feature","properties":{"id":"c3544","lines":"P11","n":1,"tram":0,"op":"Powiat miński"},"geometry":{"type":"LineString","coordinates":[[21.2176,52.249562],[21.2176,52.243897],[21.214517,52.242008]]}},{"type":"Feature","properties":{"id":"c3545","lines":"P07 P11","n":2,"tram":0,"op":"Powiat miński"},"geometry":{"type":"LineString","coordinates":[[21.223765,52.211791],[21.2176,52.211791]]}},{"type":"Feature","properties":{"id":"c3546","lines":"P11","n":1,"tram":0,"op":"Powiat miński"},"geometry":{"type":"LineString","coordinates":[[21.223765,52.211791],[21.220682,52.21368],[21.220682,52.223122]]}},{"type":"Feature","properties":{"id":"c3547","lines":"P07","n":1,"tram":0,"op":"Powiat miński"},"geometry":{"type":"LineString","coordinates":[[21.2176,52.211791],[21.211435,52.208014],[21.208353,52.208014]]}},{"type":"Feature","properties":{"id":"c3548","lines":"P11","n":1,"tram":0,"op":"Powiat miński"},"geometry":{"type":"LineString","coordinates":[[21.2176,52.211791],[21.214517,52.209902],[21.211435,52.209902]]}},{"type":"Feature","properties":{"id":"c3549","lines":"P07 P11","n":2,"tram":0,"op":"Powiat miński"},"geometry":{"type":"LineString","coordinates":[[21.208353,52.208014],[21.208353,52.206125],[21.20527,52.204237]]}},{"type":"Feature","properties":{"id":"c3550","lines":"P11","n":1,"tram":0,"op":"Powiat miński"},"geometry":{"type":"LineString","coordinates":[[21.208353,52.208014],[21.211435,52.209902]]}},{"type":"Feature","properties":{"id":"c3551","lines":"P11","n":1,"tram":0,"op":"Powiat miński"},"geometry":{"type":"LineString","coordinates":[[21.208353,52.208014],[21.20527,52.208014]]}},{"type":"Feature","properties":{"id":"c3552","lines":"P07 P11","n":2,"tram":0,"op":"Powiat miński"},"geometry":{"type":"LineString","coordinates":[[21.202188,52.206125],[21.20527,52.208014]]}},{"type":"Feature","properties":{"id":"c3553","lines":"P07","n":1,"tram":0,"op":"Powiat miński"},"geometry":{"type":"LineString","coordinates":[[21.20527,52.208014],[21.214517,52.21368]]}},{"type":"Feature","properties":{"id":"c3554","lines":"P07 P11","n":2,"tram":0,"op":"Powiat miński"},"geometry":{"type":"LineString","coordinates":[[21.214517,52.21368],[21.2176,52.215568]]}},{"type":"Feature","properties":{"id":"c3555","lines":"P11","n":1,"tram":0,"op":"Powiat miński"},"geometry":{"type":"LineString","coordinates":[[21.214517,52.21368],[21.211435,52.211791],[21.211435,52.209902]]}},{"type":"Feature","properties":{"id":"c3556","lines":"P11","n":1,"tram":0,"op":"Powiat miński"},"geometry":{"type":"LineString","coordinates":[[21.2176,52.215568],[21.220682,52.217457],[21.220682,52.223122]]}},{"type":"Feature","properties":{"id":"c3557","lines":"P08","n":1,"tram":0,"op":"Powiat miński"},"geometry":{"type":"LineString","coordinates":[[21.236094,52.236342],[21.236094,52.221234]]}},{"type":"Feature","properties":{"id":"c3558","lines":"P08","n":1,"tram":0,"op":"Powiat miński"},"geometry":{"type":"LineString","coordinates":[[21.236094,52.236342],[21.239177,52.234454],[21.239177,52.223122]]}},{"type":"Feature","properties":{"id":"c3559","lines":"P08","n":1,"tram":0,"op":"Powiat miński"},"geometry":{"type":"LineString","coordinates":[[21.236094,52.221234],[21.239177,52.219345],[21.245342,52.219345]]}},{"type":"Feature","properties":{"id":"c3560","lines":"P08","n":1,"tram":0,"op":"Powiat miński"},"geometry":{"type":"LineString","coordinates":[[21.236094,52.221234],[21.236094,52.21368],[21.242259,52.209902]]}},{"type":"Feature","properties":{"id":"c3561","lines":"P08","n":1,"tram":0,"op":"Powiat miński"},"geometry":{"type":"LineString","coordinates":[[21.245342,52.219345],[21.251507,52.215568]]}},{"type":"Feature","properties":{"id":"c3562","lines":"P08","n":1,"tram":0,"op":"Powiat miński"},"geometry":{"type":"LineString","coordinates":[[21.245342,52.219345],[21.239177,52.223122]]}},{"type":"Feature","properties":{"id":"c3563","lines":"P08","n":1,"tram":0,"op":"Powiat miński"},"geometry":{"type":"LineString","coordinates":[[21.251507,52.215568],[21.242259,52.209902]]}},{"type":"Feature","properties":{"id":"c3564","lines":"P08","n":1,"tram":0,"op":"Powiat miński"},"geometry":{"type":"LineString","coordinates":[[21.251507,52.215568],[21.242259,52.209902]]}},{"type":"Feature","properties":{"id":"c3565","lines":"P08","n":1,"tram":0,"op":"Powiat miński"},"geometry":{"type":"LineString","coordinates":[[21.242259,52.209902],[21.220682,52.196682]]}},{"type":"Feature","properties":{"id":"c3566","lines":"P08","n":1,"tram":0,"op":"Powiat miński"},"geometry":{"type":"LineString","coordinates":[[21.242259,52.209902],[21.233012,52.209902],[21.220682,52.202348]]}},{"type":"Feature","properties":{"id":"c3567","lines":"P08","n":1,"tram":0,"op":"Powiat miński"},"geometry":{"type":"LineString","coordinates":[[21.242259,52.209902],[21.242259,52.211791],[21.239177,52.21368],[21.239177,52.223122]]}},{"type":"Feature","properties":{"id":"c3568","lines":"P08","n":1,"tram":0,"op":"Powiat miński"},"geometry":{"type":"LineString","coordinates":[[21.220682,52.196682],[21.214517,52.196682]]}},{"type":"Feature","properties":{"id":"c3569","lines":"P08","n":1,"tram":0,"op":"Powiat miński"},"geometry":{"type":"LineString","coordinates":[[21.220682,52.196682],[21.214517,52.196682]]}},{"type":"Feature","properties":{"id":"c3570","lines":"P08","n":1,"tram":0,"op":"Powiat miński"},"geometry":{"type":"LineString","coordinates":[[21.214517,52.196682],[21.208353,52.196682]]}},{"type":"Feature","properties":{"id":"c3571","lines":"P08 P13 Z10","n":3,"tram":0,"op":"Powiat miński"},"geometry":{"type":"LineString","coordinates":[[21.208353,52.196682],[21.20527,52.198571]]}},{"type":"Feature","properties":{"id":"c3572","lines":"P08","n":1,"tram":0,"op":"Powiat miński"},"geometry":{"type":"LineString","coordinates":[[21.20527,52.198571],[21.20527,52.194794]]}},{"type":"Feature","properties":{"id":"c3573","lines":"P08","n":1,"tram":0,"op":"Powiat miński"},"geometry":{"type":"LineString","coordinates":[[21.20527,52.198571],[21.211435,52.202348]]}},{"type":"Feature","properties":{"id":"c3574","lines":"P13 Z10","n":2,"tram":0,"op":"Powiat miński"},"geometry":{"type":"LineString","coordinates":[[21.20527,52.194794],[21.211435,52.191017],[21.214517,52.191017]]}},{"type":"Feature","properties":{"id":"c3575","lines":"P08","n":1,"tram":0,"op":"Powiat miński"},"geometry":{"type":"LineString","coordinates":[[21.211435,52.202348],[21.220682,52.202348]]}},{"type":"Feature","properties":{"id":"c3576","lines":"P08","n":1,"tram":0,"op":"Powiat miński"},"geometry":{"type":"LineString","coordinates":[[21.211435,52.202348],[21.220682,52.202348]]}},{"type":"Feature","properties":{"id":"c3577","lines":"P10 Z10","n":2,"tram":0,"op":"Powiat miński"},"geometry":{"type":"LineString","coordinates":[[21.220682,52.172131],[21.223765,52.174019],[21.223765,52.177797]]}},{"type":"Feature","properties":{"id":"c3578","lines":"P11","n":1,"tram":0,"op":"Powiat miński"},"geometry":{"type":"LineString","coordinates":[[21.214517,52.242008],[21.214517,52.238231]]}},{"type":"Feature","properties":{"id":"c3579","lines":"P11","n":1,"tram":0,"op":"Powiat miński"},"geometry":{"type":"LineString","coordinates":[[21.214517,52.238231],[21.214517,52.2269]]}},{"type":"Feature","properties":{"id":"c3580","lines":"P11","n":1,"tram":0,"op":"Powiat miński"},"geometry":{"type":"LineString","coordinates":[[21.214517,52.238231],[21.214517,52.2269]]}},{"type":"Feature","properties":{"id":"c3581","lines":"P11","n":1,"tram":0,"op":"Powiat miński"},"geometry":{"type":"LineString","coordinates":[[21.214517,52.2269],[21.220682,52.223122]]}},{"type":"Feature","properties":{"id":"c3582","lines":"P12","n":1,"tram":0,"op":"Powiat miński"},"geometry":{"type":"LineString","coordinates":[[21.196023,52.225011],[21.19294,52.223122]]}},{"type":"Feature","properties":{"id":"c3583","lines":"P13","n":1,"tram":0,"op":"Powiat miński"},"geometry":{"type":"LineString","coordinates":[[21.214517,52.191017],[21.223765,52.196682],[21.236094,52.196682]]}},{"type":"Feature","properties":{"id":"c3584","lines":"P13","n":1,"tram":0,"op":"Powiat miński"},"geometry":{"type":"LineString","coordinates":[[21.236094,52.196682],[21.242259,52.196682]]}},{"type":"Feature","properties":{"id":"c3585","lines":"R1 R2","n":2,"tram":0,"op":"Radzymin"},"geometry":{"type":"LineString","coordinates":[[21.069644,52.31944],[21.057314,52.31944]]}},{"type":"Feature","properties":{"id":"c3586","lines":"R1 R2","n":2,"tram":0,"op":"Radzymin"},"geometry":{"type":"LineString","coordinates":[[21.069644,52.31944],[21.060396,52.31944],[21.057314,52.317551]]}},{"type":"Feature","properties":{"id":"c3587","lines":"R1 R2 R4 R5","n":4,"tram":0,"op":"Radzymin"},"geometry":{"type":"LineString","coordinates":[[21.057314,52.31944],[21.057314,52.317551]]}},{"type":"Feature","properties":{"id":"c3588","lines":"R4 R5","n":2,"tram":0,"op":"Radzymin"},"geometry":{"type":"LineString","coordinates":[[21.057314,52.31944],[21.051149,52.323217],[21.048067,52.323217]]}},{"type":"Feature","properties":{"id":"c3589","lines":"R1 R2 R4 R5","n":4,"tram":0,"op":"Radzymin"},"geometry":{"type":"LineString","coordinates":[[21.057314,52.317551],[21.057314,52.315662]]}},{"type":"Feature","properties":{"id":"c3590","lines":"R4 R5","n":2,"tram":0,"op":"Radzymin"},"geometry":{"type":"LineString","coordinates":[[21.057314,52.317551],[21.051149,52.317551],[21.041902,52.323217]]}},{"type":"Feature","properties":{"id":"c3591","lines":"R1 R2 R4 R5","n":4,"tram":0,"op":"Radzymin"},"geometry":{"type":"LineString","coordinates":[[21.057314,52.315662],[21.057314,52.313774],[21.060396,52.311885]]}},{"type":"Feature","properties":{"id":"c3592","lines":"R1 R2 R4 R5","n":4,"tram":0,"op":"Radzymin"},"geometry":{"type":"LineString","coordinates":[[21.057314,52.315662],[21.063479,52.311885]]}},{"type":"Feature","properties":{"id":"c3593","lines":"R1 R2 R4 R5","n":4,"tram":0,"op":"Radzymin"},"geometry":{"type":"LineString","coordinates":[[21.060396,52.311885],[21.063479,52.309997],[21.066561,52.309997]]}},{"type":"Feature","properties":{"id":"c3594","lines":"R1 R2 R4 R5","n":4,"tram":0,"op":"Radzymin"},"geometry":{"type":"LineString","coordinates":[[21.066561,52.309997],[21.063479,52.311885]]}},{"type":"Feature","properties":{"id":"c3595","lines":"R31 R7","n":2,"tram":0,"op":"Radzymin"},"geometry":{"type":"LineString","coordinates":[[21.066561,52.309997],[21.069644,52.311885],[21.069644,52.313774]]}},{"type":"Feature","properties":{"id":"c3596","lines":"R31 R7","n":2,"tram":0,"op":"Radzymin"},"geometry":{"type":"LineString","coordinates":[[21.066561,52.309997],[21.069644,52.308108]]}},{"type":"Feature","properties":{"id":"c3597","lines":"R38","n":1,"tram":0,"op":"Radzymin"},"geometry":{"type":"LineString","coordinates":[[21.066561,52.309997],[21.066561,52.30622],[21.063479,52.304331]]}},{"type":"Feature","properties":{"id":"c3598","lines":"R38","n":1,"tram":0,"op":"Radzymin"},"geometry":{"type":"LineString","coordinates":[[21.066561,52.309997],[21.072726,52.309997]]}},{"type":"Feature","properties":{"id":"c3599","lines":"R1","n":1,"tram":0,"op":"Radzymin"},"geometry":{"type":"LineString","coordinates":[[21.091221,52.300554],[21.091221,52.296777]]}},{"type":"Feature","properties":{"id":"c3600","lines":"R1","n":1,"tram":0,"op":"Radzymin"},"geometry":{"type":"LineString","coordinates":[[21.091221,52.296777],[21.085056,52.296777]]}},{"type":"Feature","properties":{"id":"c3601","lines":"R1","n":1,"tram":0,"op":"Radzymin"},"geometry":{"type":"LineString","coordinates":[[21.091221,52.296777],[21.085056,52.296777]]}},{"type":"Feature","properties":{"id":"c3602","lines":"R7","n":1,"tram":0,"op":"Radzymin"},"geometry":{"type":"LineString","coordinates":[[21.063479,52.311885],[21.069644,52.311885],[21.072726,52.309997]]}},{"type":"Feature","properties":{"id":"c3603","lines":"R7","n":1,"tram":0,"op":"Radzymin"},"geometry":{"type":"LineString","coordinates":[[21.063479,52.311885],[21.063479,52.313774],[21.069644,52.317551]]}},{"type":"Feature","properties":{"id":"c3604","lines":"R3","n":1,"tram":0,"op":"Radzymin"},"geometry":{"type":"LineString","coordinates":[[21.081973,52.311885],[21.100468,52.311885]]}},{"type":"Feature","properties":{"id":"c3605","lines":"R4","n":1,"tram":0,"op":"Radzymin"},"geometry":{"type":"LineString","coordinates":[[21.041902,52.323217],[21.048067,52.323217]]}},{"type":"Feature","properties":{"id":"c3606","lines":"R4","n":1,"tram":0,"op":"Radzymin"},"geometry":{"type":"LineString","coordinates":[[21.041902,52.323217],[21.048067,52.323217]]}},{"type":"Feature","properties":{"id":"c3607","lines":"R38 R7","n":2,"tram":0,"op":"Radzymin"},"geometry":{"type":"LineString","coordinates":[[21.072726,52.304331],[21.072726,52.30622],[21.075808,52.308108]]}},{"type":"Feature","properties":{"id":"c3608","lines":"R38 R7","n":2,"tram":0,"op":"Radzymin"},"geometry":{"type":"LineString","coordinates":[[21.072726,52.304331],[21.063479,52.304331]]}},{"type":"Feature","properties":{"id":"c3609","lines":"R38 R7","n":2,"tram":0,"op":"Radzymin"},"geometry":{"type":"LineString","coordinates":[[21.075808,52.308108],[21.072726,52.309997]]}},{"type":"Feature","properties":{"id":"c3610","lines":"R31 R7","n":2,"tram":0,"op":"Radzymin"},"geometry":{"type":"LineString","coordinates":[[21.069644,52.317551],[21.069644,52.313774]]}},{"type":"Feature","properties":{"id":"c3611","lines":"R31 R7","n":2,"tram":0,"op":"Radzymin"},"geometry":{"type":"LineString","coordinates":[[21.069644,52.308108],[21.066561,52.30622],[21.063479,52.30622]]}},{"type":"Feature","properties":{"id":"c3612","lines":"R7","n":1,"tram":0,"op":"Radzymin"},"geometry":{"type":"LineString","coordinates":[[21.063479,52.30622],[21.063479,52.304331]]}},{"type":"Feature","properties":{"id":"c3613","lines":"A2 W3","n":2,"tram":0,"op":"mix"},"geometry":{"type":"LineString","coordinates":[[21.137457,52.221234],[21.134374,52.221234]]}},{"type":"Feature","properties":{"id":"c3614","lines":"W3","n":1,"tram":0,"op":"Wieliszew"},"geometry":{"type":"LineString","coordinates":[[21.134374,52.221234],[21.131292,52.223122],[21.131292,52.2269]]}},{"type":"Feature","properties":{"id":"c3615","lines":"A2","n":1,"tram":0,"op":"Sulejówek & Wiązowna"},"geometry":{"type":"LineString","coordinates":[[21.131292,52.2269],[21.134374,52.228788],[21.134374,52.230677]]}},{"type":"Feature","properties":{"id":"c3616","lines":"W3","n":1,"tram":0,"op":"Wieliszew"},"geometry":{"type":"LineString","coordinates":[[21.131292,52.2269],[21.134374,52.228788],[21.134374,52.230677]]}},{"type":"Feature","properties":{"id":"c3617","lines":"W3","n":1,"tram":0,"op":"Wieliszew"},"geometry":{"type":"LineString","coordinates":[[21.131292,52.2269],[21.131292,52.228788]]}},{"type":"Feature","properties":{"id":"c3618","lines":"W3","n":1,"tram":0,"op":"Wieliszew"},"geometry":{"type":"LineString","coordinates":[[21.131292,52.2269],[21.134374,52.225011]]}},{"type":"Feature","properties":{"id":"c3619","lines":"A2","n":1,"tram":0,"op":"mix"},"geometry":{"type":"LineString","coordinates":[[21.134374,52.230677],[21.137457,52.230677]]}},{"type":"Feature","properties":{"id":"c3620","lines":"A2","n":1,"tram":0,"op":"Sulejówek & Wiązowna"},"geometry":{"type":"LineString","coordinates":[[21.134374,52.230677],[21.137457,52.230677]]}},{"type":"Feature","properties":{"id":"c3621","lines":"A2","n":1,"tram":0,"op":"Sulejówek & Wiązowna"},"geometry":{"type":"LineString","coordinates":[[21.134374,52.230677],[21.131292,52.228788]]}},{"type":"Feature","properties":{"id":"c3622","lines":"W3","n":1,"tram":0,"op":"Wieliszew"},"geometry":{"type":"LineString","coordinates":[[21.134374,52.230677],[21.131292,52.228788]]}},{"type":"Feature","properties":{"id":"c3623","lines":"A2 W3","n":2,"tram":0,"op":"mix"},"geometry":{"type":"LineString","coordinates":[[21.134374,52.225011],[21.137457,52.223122],[21.140539,52.223122]]}},{"type":"Feature","properties":{"id":"c3624","lines":"W3","n":1,"tram":0,"op":"Wieliszew"},"geometry":{"type":"LineString","coordinates":[[20.946347,52.325105],[20.92477,52.325105],[20.921687,52.326994]]}},{"type":"Feature","properties":{"id":"c3627","lines":"W3","n":1,"tram":0,"op":"Wieliszew"},"geometry":{"type":"LineString","coordinates":[[20.91244,52.326994],[20.921687,52.326994]]}},{"type":"Feature","properties":{"id":"c3628","lines":"W3","n":1,"tram":0,"op":"Wieliszew"},"geometry":{"type":"LineString","coordinates":[[20.91244,52.326994],[20.921687,52.326994]]}},{"type":"Feature","properties":{"id":"c3629","lines":"Z1 Z3","n":2,"tram":0,"op":"Ząbki"},"geometry":{"type":"LineString","coordinates":[[21.060396,52.272225],[21.060396,52.268448]]}},{"type":"Feature","properties":{"id":"c3630","lines":"Z3","n":1,"tram":0,"op":"Ząbki"},"geometry":{"type":"LineString","coordinates":[[21.060396,52.272225],[21.066561,52.272225],[21.069644,52.274114]]}},{"type":"Feature","properties":{"id":"c3631","lines":"Z3","n":1,"tram":0,"op":"Ząbki"},"geometry":{"type":"LineString","coordinates":[[21.066561,52.26656],[21.066561,52.264671]]}},{"type":"Feature","properties":{"id":"c3632","lines":"Z3","n":1,"tram":0,"op":"Ząbki"},"geometry":{"type":"LineString","coordinates":[[21.069644,52.262782],[21.066561,52.264671]]}},{"type":"Feature","properties":{"id":"c3633","lines":"Z1 Z3 Z4M","n":3,"tram":0,"op":"Ząbki"},"geometry":{"type":"LineString","coordinates":[[21.063479,52.270337],[21.057314,52.270337]]}},{"type":"Feature","properties":{"id":"c3634","lines":"Z1 Z3","n":2,"tram":0,"op":"Ząbki"},"geometry":{"type":"LineString","coordinates":[[21.057314,52.270337],[21.057314,52.274114]]}},{"type":"Feature","properties":{"id":"c3635","lines":"Z1 Z3","n":2,"tram":0,"op":"Ząbki"},"geometry":{"type":"LineString","coordinates":[[21.057314,52.274114],[21.060396,52.276002]]}},{"type":"Feature","properties":{"id":"c3636","lines":"Z3","n":1,"tram":0,"op":"Ząbki"},"geometry":{"type":"LineString","coordinates":[[21.057314,52.274114],[21.069644,52.274114]]}},{"type":"Feature","properties":{"id":"c3637","lines":"Z3","n":1,"tram":0,"op":"Ząbki"},"geometry":{"type":"LineString","coordinates":[[21.060396,52.276002],[21.063479,52.274114],[21.069644,52.274114]]}}]}