{"type":"FeatureCollection","features":[{"type":"Feature","properties":{"text":"W1","n":1,"mode":"bus","angle":0,"op":"Wieliszew","color":"#0059a9"},"geometry":{"type":"Point","coordinates":[21.071185,52.160799]}},{"type":"Feature","properties":{"text":"83","n":1,"mode":"bus","angle":-45,"op":"GPA Grodzisk — buses","color":"#0059a9"},"geometry":{"type":"Point","coordinates":[20.890863,52.141914]}},{"type":"Feature","properties":{"text":"800","n":1,"mode":"bus","angle":0,"op":"ZTM Warszawa — buses","color":"#0059a9"},"geometry":{"type":"Point","coordinates":[20.907816,52.283557]}},{"type":"Feature","properties":{"text":"P07","n":1,"mode":"bus","angle":90,"op":"Powiat miński","color":"#0059a9"},"geometry":{"type":"Point","coordinates":[21.223765,52.228788]}},{"type":"Feature","properties":{"text":"P07","n":1,"mode":"bus","angle":90,"op":"Powiat miński","color":"#0059a9"},"geometry":{"type":"Point","coordinates":[21.2176,52.232565]}},{"type":"Feature","properties":{"text":"733","n":1,"mode":"bus","angle":-45,"op":"ZTM Warszawa — buses","color":"#0059a9"},"geometry":{"type":"Point","coordinates":[20.904734,52.157967]}},{"type":"Feature","properties":{"text":"92 93","n":2,"mode":"bus","angle":90,"op":"GPA Grodzisk — buses","color":"#0059a9"},"geometry":{"type":"Point","coordinates":[20.804555,52.214624]}},{"type":"Feature","properties":{"text":"P04","n":1,"mode":"bus","angle":90,"op":"Powiat miński","color":"#0059a9"},"geometry":{"type":"Point","coordinates":[21.199105,52.22029]}},{"type":"Feature","properties":{"text":"L-7 L41","n":2,"mode":"bus","angle":0,"op":"ZTM Warszawa — buses","color":"#0059a9"},"geometry":{"type":"Point","coordinates":[20.915522,52.304331]}},{"type":"Feature","properties":{"text":"S4 S40","n":2,"mode":"skm","angle":90,"op":"SKM","color":"#5a6672"},"geometry":{"type":"Point","coordinates":[20.986418,52.147579]}},{"type":"Feature","properties":{"text":"92 93","n":2,"mode":"bus","angle":-90,"op":"GPA Grodzisk — buses","color":"#0059a9"},"geometry":{"type":"Point","coordinates":[20.816885,52.178741]}},{"type":"Feature","properties":{"text":"80","n":1,"mode":"bus","angle":90,"op":"GPA Grodzisk — buses","color":"#0059a9"},"geometry":{"type":"Point","coordinates":[20.782978,52.163632]}},{"type":"Feature","properties":{"text":"C01","n":1,"mode":"bus","angle":90,"op":"Powiat miński","color":"#0059a9"},"geometry":{"type":"Point","coordinates":[21.22993,52.182518]}},{"type":"Feature","properties":{"text":"W3","n":1,"mode":"bus","angle":0,"op":"Wieliszew","color":"#0059a9"},"geometry":{"type":"Point","coordinates":[20.937099,52.326994]}},{"type":"Feature","properties":{"text":"229 319","n":2,"mode":"bus","angle":-45,"op":"ZTM Warszawa — buses","color":"#0059a9"},"geometry":{"type":"Point","coordinates":[21.07735,52.174964]}},{"type":"Feature","properties":{"text":"S3 S4 S40","n":3,"mode":"skm","angle":45,"op":"SKM","color":"#5a6672"},"geometry":{"type":"Point","coordinates":[20.972547,52.305275]}},{"type":"Feature","properties":{"text":"715","n":1,"mode":"bus","angle":45,"op":"ZTM Warszawa — buses","color":"#0059a9"},"geometry":{"type":"Point","coordinates":[20.947888,52.156078]}},{"type":"Feature","properties":{"text":"M2","n":1,"mode":"bus","angle":-45,"op":"Otwock","color":"#0059a9"},"geometry":{"type":"Point","coordinates":[21.129751,52.167409]}},{"type":"Feature","properties":{"text":"62","n":1,"mode":"bus","angle":45,"op":"GPA Grodzisk — buses","color":"#0059a9"},"geometry":{"type":"Point","coordinates":[20.883157,52.163632]}},{"type":"Feature","properties":{"text":"P08","n":1,"mode":"bus","angle":-45,"op":"Powiat miński","color":"#0059a9"},"geometry":{"type":"Point","coordinates":[21.231471,52.203292]}},{"type":"Feature","properties":{"text":"L31","n":1,"mode":"bus","angle":0,"op":"ZTM Warszawa — buses","color":"#0059a9"},"geometry":{"type":"Point","coordinates":[21.031113,52.317551]}},{"type":"Feature","properties":{"text":"707 L-3","n":2,"mode":"bus","angle":0,"op":"ZTM Warszawa — buses","color":"#0059a9"},"geometry":{"type":"Point","coordinates":[20.987959,52.132471]}},{"type":"Feature","properties":{"text":"736","n":1,"mode":"bus","angle":0,"op":"ZTM Warszawa — buses","color":"#0059a9"},"geometry":{"type":"Point","coordinates":[20.984877,52.30622]}},{"type":"Feature","properties":{"text":"L25","n":1,"mode":"bus","angle":0,"op":"ZTM Warszawa — buses","color":"#0059a9"},"geometry":{"type":"Point","coordinates":[21.068102,52.109808]}},{"type":"Feature","properties":{"text":"44","n":1,"mode":"bus","angle":-90,"op":"GPA Grodzisk — buses","color":"#0059a9"},"geometry":{"type":"Point","coordinates":[20.764484,52.216512]}},{"type":"Feature","properties":{"text":"32","n":1,"mode":"bus","angle":0,"op":"GPA Grodzisk — buses","color":"#0059a9"},"geometry":{"type":"Point","coordinates":[20.86158,52.119251]}},{"type":"Feature","properties":{"text":"61","n":1,"mode":"bus","angle":90,"op":"GPA Grodzisk — buses","color":"#0059a9"},"geometry":{"type":"Point","coordinates":[20.897028,52.167409]}},{"type":"Feature","properties":{"text":"755","n":1,"mode":"bus","angle":-45,"op":"ZTM Warszawa — buses","color":"#0059a9"},"geometry":{"type":"Point","coordinates":[20.856956,52.289222]}},{"type":"Feature","properties":{"text":"R8","n":1,"mode":"bus","angle":45,"op":"Radzymin","color":"#0059a9"},"geometry":{"type":"Point","coordinates":[21.094303,52.291111]}},{"type":"Feature","properties":{"text":"185","n":1,"mode":"bus","angle":45,"op":"ZTM Warszawa — buses","color":"#0059a9"},"geometry":{"type":"Point","coordinates":[21.02649,52.249562]}},{"type":"Feature","properties":{"text":"48 68 77","n":3,"mode":"bus","angle":45,"op":"GPA Grodzisk — buses","color":"#0059a9"},"geometry":{"type":"Point","coordinates":[20.856956,52.196682]}},{"type":"Feature","properties":{"text":"154 317","n":2,"mode":"bus","angle":0,"op":"ZTM Warszawa — buses","color":"#0059a9"},"geometry":{"type":"Point","coordinates":[20.964841,52.174019]}},{"type":"Feature","properties":{"text":"209 809 815","n":3,"mode":"bus","angle":0,"op":"ZTM Warszawa — buses","color":"#0059a9"},"geometry":{"type":"Point","coordinates":[20.995665,52.147579]}},{"type":"Feature","properties":{"text":"S4 S40","n":2,"mode":"skm","angle":-90,"op":"SKM","color":"#5a6672"},"geometry":{"type":"Point","coordinates":[20.958676,52.245785]}},{"type":"Feature","properties":{"text":"42","n":1,"mode":"bus","angle":0,"op":"GPA Grodzisk — buses","color":"#0059a9"},"geometry":{"type":"Point","coordinates":[20.764484,52.234454]}},{"type":"Feature","properties":{"text":"P08","n":1,"mode":"bus","angle":90,"op":"Powiat miński","color":"#0059a9"},"geometry":{"type":"Point","coordinates":[21.236094,52.228788]}},{"type":"Feature","properties":{"text":"707 721 728","n":3,"mode":"bus","angle":90,"op":"ZTM Warszawa — buses","color":"#0059a9"},"geometry":{"type":"Point","coordinates":[20.918605,52.149468]}},{"type":"Feature","properties":{"text":"WKD","n":1,"mode":"wkd","angle":-45,"op":"WKD","color":"#a518a3"},"geometry":{"type":"Point","coordinates":[20.917064,52.184407]}},{"type":"Feature","properties":{"text":"65","n":1,"mode":"bus","angle":45,"op":"GPA Grodzisk — buses","color":"#0059a9"},"geometry":{"type":"Point","coordinates":[20.880075,52.152301]}},{"type":"Feature","properties":{"text":"L-8","n":1,"mode":"bus","angle":-45,"op":"ZTM Warszawa — buses","color":"#0059a9"},"geometry":{"type":"Point","coordinates":[21.015701,52.307164]}},{"type":"Feature","properties":{"text":"S4 S40","n":2,"mode":"skm","angle":45,"op":"SKM","color":"#5a6672"},"geometry":{"type":"Point","coordinates":[20.994124,52.129638]}},{"type":"Feature","properties":{"text":"730","n":1,"mode":"bus","angle":-45,"op":"ZTM Warszawa — buses","color":"#0059a9"},"geometry":{"type":"Point","coordinates":[21.151328,52.201404]}},{"type":"Feature","properties":{"text":"800","n":1,"mode":"bus","angle":-45,"op":"ZTM Warszawa — buses","color":"#0059a9"},"geometry":{"type":"Point","coordinates":[20.867745,52.278835]}},{"type":"Feature","properties":{"text":"30","n":1,"mode":"bus","angle":45,"op":"GPA Grodzisk — buses","color":"#0059a9"},"geometry":{"type":"Point","coordinates":[20.843085,52.135304]}},{"type":"Feature","properties":{"text":"29 32 33 34 50","n":5,"mode":"bus","angle":45,"op":"GPA Grodzisk — buses","color":"#0059a9"},"geometry":{"type":"Point","coordinates":[20.836921,52.154189]}},{"type":"Feature","properties":{"text":"31","n":1,"mode":"bus","angle":45,"op":"GPA Grodzisk — buses","color":"#0059a9"},"geometry":{"type":"Point","coordinates":[20.843085,52.108864]}},{"type":"Feature","properties":{"text":"P02","n":1,"mode":"bus","angle":-45,"op":"Powiat miński","color":"#0059a9"},"geometry":{"type":"Point","coordinates":[21.185234,52.239175]}},{"type":"Feature","properties":{"text":"P03","n":1,"mode":"bus","angle":-45,"op":"Powiat miński","color":"#0059a9"},"geometry":{"type":"Point","coordinates":[21.163657,52.225955]}},{"type":"Feature","properties":{"text":"146","n":1,"mode":"bus","angle":90,"op":"ZTM Warszawa — buses","color":"#0059a9"},"geometry":{"type":"Point","coordinates":[21.085056,52.197627]}},{"type":"Feature","properties":{"text":"511","n":1,"mode":"bus","angle":0,"op":"ZTM Warszawa — buses","color":"#0059a9"},"geometry":{"type":"Point","coordinates":[20.954053,52.274114]}},{"type":"Feature","properties":{"text":"M2","n":1,"mode":"metro","angle":0,"op":"Metro","color":"#BB0000"},"geometry":{"type":"Point","coordinates":[20.972547,52.24012]}},{"type":"Feature","properties":{"text":"141 172 N01","n":3,"mode":"bus","angle":0,"op":"ZTM Warszawa — buses","color":"#0059a9"},"geometry":{"type":"Point","coordinates":[21.000289,52.189128]}},{"type":"Feature","properties":{"text":"L-1","n":1,"mode":"bus","angle":0,"op":"ZTM Warszawa — buses","color":"#0059a9"},"geometry":{"type":"Point","coordinates":[20.932476,52.149468]}},{"type":"Feature","properties":{"text":"L19","n":1,"mode":"bus","angle":90,"op":"ZTM Warszawa — buses","color":"#0059a9"},"geometry":{"type":"Point","coordinates":[21.011078,52.106975]}},{"type":"Feature","properties":{"text":"L17","n":1,"mode":"bus","angle":0,"op":"ZTM Warszawa — buses","color":"#0059a9"},"geometry":{"type":"Point","coordinates":[20.981794,52.094699]}},{"type":"Feature","properties":{"text":"L18","n":1,"mode":"bus","angle":-90,"op":"ZTM Warszawa — buses","color":"#0059a9"},"geometry":{"type":"Point","coordinates":[20.974088,52.103198]}},{"type":"Feature","properties":{"text":"19","n":1,"mode":"bus","angle":0,"op":"GPA Grodzisk — buses","color":"#0059a9"},"geometry":{"type":"Point","coordinates":[20.793767,52.204237]}},{"type":"Feature","properties":{"text":"25","n":1,"mode":"bus","angle":-90,"op":"GPA Grodzisk — buses","color":"#0059a9"},"geometry":{"type":"Point","coordinates":[20.789143,52.186295]}},{"type":"Feature","properties":{"text":"61","n":1,"mode":"bus","angle":-90,"op":"GPA Grodzisk — buses","color":"#0059a9"},"geometry":{"type":"Point","coordinates":[20.893945,52.171187]}},{"type":"Feature","properties":{"text":"Z10","n":1,"mode":"bus","angle":90,"op":"Powiat miński","color":"#0059a9"},"geometry":{"type":"Point","coordinates":[21.223765,52.184407]}},{"type":"Feature","properties":{"text":"P01","n":1,"mode":"bus","angle":90,"op":"Powiat miński","color":"#0059a9"},"geometry":{"type":"Point","coordinates":[21.177528,52.241064]}},{"type":"Feature","properties":{"text":"P01","n":1,"mode":"bus","angle":90,"op":"Powiat miński","color":"#0059a9"},"geometry":{"type":"Point","coordinates":[21.183693,52.222178]}},{"type":"Feature","properties":{"text":"P01 P09 P12","n":3,"mode":"bus","angle":-90,"op":"Powiat miński","color":"#0059a9"},"geometry":{"type":"Point","coordinates":[21.196023,52.20707]}},{"type":"Feature","properties":{"text":"P04","n":1,"mode":"bus","angle":-90,"op":"Powiat miński","color":"#0059a9"},"geometry":{"type":"Point","coordinates":[21.196023,52.210847]}},{"type":"Feature","properties":{"text":"105 106 178 N45 N95","n":5,"mode":"bus","angle":0,"op":"mix","color":"#0059a9"},"geometry":{"type":"Point","coordinates":[20.971006,52.238231]}},{"type":"Feature","properties":{"text":"10 11","n":2,"mode":"tram","angle":0,"op":"mix","color":"#d6212b"},"geometry":{"type":"Point","coordinates":[20.971006,52.238231]}},{"type":"Feature","properties":{"text":"105 178","n":2,"mode":"bus","angle":0,"op":"ZTM Warszawa — buses","color":"#0059a9"},"geometry":{"type":"Point","coordinates":[20.971006,52.238231]}},{"type":"Feature","properties":{"text":"152","n":1,"mode":"bus","angle":0,"op":"ZTM Warszawa — buses","color":"#0059a9"},"geometry":{"type":"Point","coordinates":[20.995665,52.293]}},{"type":"Feature","properties":{"text":"143 167 182 187 188","n":5,"mode":"bus","angle":0,"op":"ZTM Warszawa — buses","color":"#0059a9"},"geometry":{"type":"Point","coordinates":[21.004913,52.219345]}},{"type":"Feature","properties":{"text":"523","n":1,"mode":"bus","angle":0,"op":"ZTM Warszawa — buses","color":"#0059a9"},"geometry":{"type":"Point","coordinates":[21.004913,52.219345]}},{"type":"Feature","properties":{"text":"317","n":1,"mode":"bus","angle":0,"op":"ZTM Warszawa — buses","color":"#0059a9"},"geometry":{"type":"Point","coordinates":[20.995665,52.170242]}},{"type":"Feature","properties":{"text":"S2 S3 S4 S40","n":4,"mode":"skm","angle":0,"op":"SKM","color":"#5a6672"},"geometry":{"type":"Point","coordinates":[20.964841,52.189128]}},{"type":"Feature","properties":{"text":"M1","n":1,"mode":"metro","angle":90,"op":"Metro","color":"#0000BB"},"geometry":{"type":"Point","coordinates":[21.02649,52.189128]}},{"type":"Feature","properties":{"text":"705 735","n":2,"mode":"bus","angle":90,"op":"ZTM Warszawa — buses","color":"#0059a9"},"geometry":{"type":"Point","coordinates":[21.007995,52.308108]}},{"type":"Feature","properties":{"text":"743","n":1,"mode":"bus","angle":-90,"op":"ZTM Warszawa — buses","color":"#0059a9"},"geometry":{"type":"Point","coordinates":[20.866204,52.219345]}},{"type":"Feature","properties":{"text":"92","n":1,"mode":"bus","angle":0,"op":"GPA Grodzisk — buses","color":"#0059a9"},"geometry":{"type":"Point","coordinates":[20.786061,52.234454]}},{"type":"Feature","properties":{"text":"750","n":1,"mode":"bus","angle":0,"op":"ZTM Warszawa — buses","color":"#0059a9"},"geometry":{"type":"Point","coordinates":[20.875451,52.294888]}},{"type":"Feature","properties":{"text":"W2","n":1,"mode":"bus","angle":0,"op":"Wieliszew","color":"#0059a9"},"geometry":{"type":"Point","coordinates":[20.958676,52.321328]}},{"type":"Feature","properties":{"text":"W2","n":1,"mode":"bus","angle":0,"op":"Wieliszew","color":"#0059a9"},"geometry":{"type":"Point","coordinates":[20.940182,52.321328]}},{"type":"Feature","properties":{"text":"L17 L52","n":2,"mode":"bus","angle":90,"op":"ZTM Warszawa — buses","color":"#0059a9"},"geometry":{"type":"Point","coordinates":[20.983336,52.111697]}},{"type":"Feature","properties":{"text":"L19","n":1,"mode":"bus","angle":0,"op":"ZTM Warszawa — buses","color":"#0059a9"},"geometry":{"type":"Point","coordinates":[20.986418,52.090922]}},{"type":"Feature","properties":{"text":"11","n":1,"mode":"bus","angle":-90,"op":"GPA Grodzisk — buses","color":"#0059a9"},"geometry":{"type":"Point","coordinates":[20.795308,52.206125]}},{"type":"Feature","properties":{"text":"14 49","n":2,"mode":"bus","angle":-90,"op":"GPA Grodzisk — buses","color":"#0059a9"},"geometry":{"type":"Point","coordinates":[20.81072,52.206125]}},{"type":"Feature","properties":{"text":"13","n":1,"mode":"bus","angle":90,"op":"GPA Grodzisk — buses","color":"#0059a9"},"geometry":{"type":"Point","coordinates":[20.804555,52.189128]}},{"type":"Feature","properties":{"text":"66","n":1,"mode":"bus","angle":-90,"op":"GPA Grodzisk — buses","color":"#0059a9"},"geometry":{"type":"Point","coordinates":[20.847709,52.177797]}},{"type":"Feature","properties":{"text":"44","n":1,"mode":"bus","angle":-90,"op":"GPA Grodzisk — buses","color":"#0059a9"},"geometry":{"type":"Point","coordinates":[20.770648,52.223122]}},{"type":"Feature","properties":{"text":"82","n":1,"mode":"bus","angle":90,"op":"GPA Grodzisk — buses","color":"#0059a9"},"geometry":{"type":"Point","coordinates":[20.816885,52.132471]}},{"type":"Feature","properties":{"text":"30","n":1,"mode":"bus","angle":90,"op":"GPA Grodzisk — buses","color":"#0059a9"},"geometry":{"type":"Point","coordinates":[20.835379,52.126805]}},{"type":"Feature","properties":{"text":"43","n":1,"mode":"bus","angle":90,"op":"GPA Grodzisk — buses","color":"#0059a9"},"geometry":{"type":"Point","coordinates":[20.81072,52.251451]}},{"type":"Feature","properties":{"text":"Z10","n":1,"mode":"bus","angle":-90,"op":"Powiat miński","color":"#0059a9"},"geometry":{"type":"Point","coordinates":[21.214517,52.185351]}},{"type":"Feature","properties":{"text":"R3","n":1,"mode":"bus","angle":0,"op":"Radzymin","color":"#0059a9"},"geometry":{"type":"Point","coordinates":[21.091221,52.311885]}},{"type":"Feature","properties":{"text":"P12","n":1,"mode":"bus","angle":90,"op":"Powiat miński","color":"#0059a9"},"geometry":{"type":"Point","coordinates":[21.196023,52.230677]}},{"type":"Feature","properties":{"text":"P11","n":1,"mode":"bus","angle":90,"op":"Powiat miński","color":"#0059a9"},"geometry":{"type":"Point","coordinates":[21.214517,52.232565]}},{"type":"Feature","properties":{"text":"105","n":1,"mode":"bus","angle":-45,"op":"ZTM Warszawa — buses","color":"#0059a9"},"geometry":{"type":"Point","coordinates":[20.930935,52.228788]}},{"type":"Feature","properties":{"text":"M1","n":1,"mode":"metro","angle":45,"op":"Metro","color":"#0000BB"},"geometry":{"type":"Point","coordinates":[21.007995,52.245785]}},{"type":"Feature","properties":{"text":"146","n":1,"mode":"bus","angle":45,"op":"ZTM Warszawa — buses","color":"#0059a9"},"geometry":{"type":"Point","coordinates":[21.063479,52.221234]}},{"type":"Feature","properties":{"text":"119 148 402 N03","n":4,"mode":"bus","angle":-45,"op":"ZTM Warszawa — buses","color":"#0059a9"},"geometry":{"type":"Point","coordinates":[21.060396,52.202348]}},{"type":"Feature","properties":{"text":"517","n":1,"mode":"bus","angle":-45,"op":"mix","color":"#0059a9"},"geometry":{"type":"Point","coordinates":[20.934017,52.208014]}},{"type":"Feature","properties":{"text":"S1 S2 S3 S4 S40","n":5,"mode":"skm","angle":-45,"op":"mix","color":"#5a6672"},"geometry":{"type":"Point","coordinates":[20.934017,52.208014]}},{"type":"Feature","properties":{"text":"130","n":1,"mode":"bus","angle":-45,"op":"ZTM Warszawa — buses","color":"#0059a9"},"geometry":{"type":"Point","coordinates":[21.038819,52.185351]}},{"type":"Feature","properties":{"text":"220","n":1,"mode":"bus","angle":45,"op":"ZTM Warszawa — buses","color":"#0059a9"},"geometry":{"type":"Point","coordinates":[20.918605,52.175908]}},{"type":"Feature","properties":{"text":"N72","n":1,"mode":"bus","angle":-45,"op":"ZTM Warszawa — buses","color":"#0059a9"},"geometry":{"type":"Point","coordinates":[21.11588,52.147579]}},{"type":"Feature","properties":{"text":"63","n":1,"mode":"bus","angle":-45,"op":"GPA Grodzisk — buses","color":"#0059a9"},"geometry":{"type":"Point","coordinates":[20.906275,52.151357]}},{"type":"Feature","properties":{"text":"60 65","n":2,"mode":"bus","angle":45,"op":"GPA Grodzisk — buses","color":"#0059a9"},"geometry":{"type":"Point","coordinates":[20.872368,52.160799]}},{"type":"Feature","properties":{"text":"L17","n":1,"mode":"bus","angle":45,"op":"ZTM Warszawa — buses","color":"#0059a9"},"geometry":{"type":"Point","coordinates":[20.989501,52.102254]}},{"type":"Feature","properties":{"text":"L31","n":1,"mode":"bus","angle":45,"op":"ZTM Warszawa — buses","color":"#0059a9"},"geometry":{"type":"Point","coordinates":[21.057314,52.311885]}},{"type":"Feature","properties":{"text":"R31","n":1,"mode":"bus","angle":45,"op":"Radzymin","color":"#0059a9"},"geometry":{"type":"Point","coordinates":[21.057314,52.309997]}},{"type":"Feature","properties":{"text":"51","n":1,"mode":"bus","angle":-45,"op":"GPA Grodzisk — buses","color":"#0059a9"},"geometry":{"type":"Point","coordinates":[20.850791,52.136248]}},{"type":"Feature","properties":{"text":"42","n":1,"mode":"bus","angle":-45,"op":"GPA Grodzisk — buses","color":"#0059a9"},"geometry":{"type":"Point","coordinates":[20.736742,52.223122]}},{"type":"Feature","properties":{"text":"64","n":1,"mode":"bus","angle":-45,"op":"GPA Grodzisk — buses","color":"#0059a9"},"geometry":{"type":"Point","coordinates":[20.835379,52.191017]}},{"type":"Feature","properties":{"text":"520 525 N25 N31 N37 N81","n":6,"mode":"bus","angle":45,"op":"mix","color":"#0059a9"},"geometry":{"type":"Point","coordinates":[21.02649,52.230677]}},{"type":"Feature","properties":{"text":"4 15 16 18 36","n":5,"mode":"tram","angle":45,"op":"mix","color":"#d6212b"},"geometry":{"type":"Point","coordinates":[21.02649,52.230677]}},{"type":"Feature","properties":{"text":"M1","n":1,"mode":"metro","angle":45,"op":"mix","color":"#0000BB"},"geometry":{"type":"Point","coordinates":[21.02649,52.230677]}},{"type":"Feature","properties":{"text":"S2","n":1,"mode":"skm","angle":45,"op":"SKM","color":"#2E8EC8"},"geometry":{"type":"Point","coordinates":[21.12821,52.234454]}},{"type":"Feature","properties":{"text":"213 219","n":2,"mode":"bus","angle":90,"op":"ZTM Warszawa — buses","color":"#0059a9"},"geometry":{"type":"Point","coordinates":[21.10355,52.201404]}},{"type":"Feature","properties":{"text":"M1","n":1,"mode":"metro","angle":90,"op":"Metro","color":"#0000BB"},"geometry":{"type":"Point","coordinates":[21.02649,52.199515]}},{"type":"Feature","properties":{"text":"720 722 730","n":3,"mode":"bus","angle":-90,"op":"ZTM Warszawa — buses","color":"#0059a9"},"geometry":{"type":"Point","coordinates":[21.137457,52.201404]}},{"type":"Feature","properties":{"text":"13 26 27","n":3,"mode":"tram","angle":0,"op":"Tramwaje Warszawskie","color":"#d6212b"},"geometry":{"type":"Point","coordinates":[20.954053,52.24012]}},{"type":"Feature","properties":{"text":"105 112 177 220 N42 N45","n":6,"mode":"bus","angle":-90,"op":"ZTM Warszawa — buses","color":"#0059a9"},"geometry":{"type":"Point","coordinates":[20.90011,52.222178]}},{"type":"Feature","properties":{"text":"E-2","n":1,"mode":"bus","angle":0,"op":"ZTM Warszawa — buses","color":"#0059a9"},"geometry":{"type":"Point","coordinates":[21.009536,52.251451]}},{"type":"Feature","properties":{"text":"108 167","n":2,"mode":"bus","angle":0,"op":"ZTM Warszawa — buses","color":"#0059a9"},"geometry":{"type":"Point","coordinates":[21.061938,52.211791]}},{"type":"Feature","properties":{"text":"164 217 251 317 N50","n":5,"mode":"bus","angle":0,"op":"ZTM Warszawa — buses","color":"#0059a9"},"geometry":{"type":"Point","coordinates":[21.049608,52.175908]}},{"type":"Feature","properties":{"text":"110 210 712 N58 N91","n":5,"mode":"bus","angle":0,"op":"ZTM Warszawa — buses","color":"#0059a9"},"geometry":{"type":"Point","coordinates":[20.917064,52.26656]}},{"type":"Feature","properties":{"text":"116 N44","n":2,"mode":"bus","angle":0,"op":"mix","color":"#0059a9"},"geometry":{"type":"Point","coordinates":[20.978712,52.26656]}},{"type":"Feature","properties":{"text":"6 36","n":2,"mode":"tram","angle":0,"op":"mix","color":"#d6212b"},"geometry":{"type":"Point","coordinates":[20.978712,52.26656]}},{"type":"Feature","properties":{"text":"518","n":1,"mode":"bus","angle":0,"op":"mix","color":"#0059a9"},"geometry":{"type":"Point","coordinates":[20.978712,52.26656]}},{"type":"Feature","properties":{"text":"M1","n":1,"mode":"metro","angle":0,"op":"mix","color":"#0000BB"},"geometry":{"type":"Point","coordinates":[20.978712,52.26656]}},{"type":"Feature","properties":{"text":"112 132 134 156 414 N02","n":6,"mode":"bus","angle":0,"op":"ZTM Warszawa — buses","color":"#0059a9"},"geometry":{"type":"Point","coordinates":[20.991042,52.274114]}},{"type":"Feature","properties":{"text":"115 125 525 N25","n":4,"mode":"bus","angle":90,"op":"ZTM Warszawa — buses","color":"#0059a9"},"geometry":{"type":"Point","coordinates":[21.106633,52.212735]}},{"type":"Feature","properties":{"text":"168","n":1,"mode":"bus","angle":90,"op":"ZTM Warszawa — buses","color":"#0059a9"},"geometry":{"type":"Point","coordinates":[21.075808,52.216512]}},{"type":"Feature","properties":{"text":"143 182 187 188 523","n":5,"mode":"bus","angle":0,"op":"mix","color":"#0059a9"},"geometry":{"type":"Point","coordinates":[21.021866,52.219345]}},{"type":"Feature","properties":{"text":"M1","n":1,"mode":"metro","angle":0,"op":"mix","color":"#0000BB"},"geometry":{"type":"Point","coordinates":[21.021866,52.219345]}},{"type":"Feature","properties":{"text":"119 142 305 702","n":4,"mode":"bus","angle":-90,"op":"ZTM Warszawa — buses","color":"#0059a9"},"geometry":{"type":"Point","coordinates":[21.091221,52.208958]}},{"type":"Feature","properties":{"text":"N64","n":1,"mode":"bus","angle":0,"op":"ZTM Warszawa — buses","color":"#0059a9"},"geometry":{"type":"Point","coordinates":[21.006454,52.277891]}},{"type":"Feature","properties":{"text":"504","n":1,"mode":"bus","angle":90,"op":"ZTM Warszawa — buses","color":"#0059a9"},"geometry":{"type":"Point","coordinates":[20.992583,52.225955]}},{"type":"Feature","properties":{"text":"136","n":1,"mode":"bus","angle":0,"op":"ZTM Warszawa — buses","color":"#0059a9"},"geometry":{"type":"Point","coordinates":[20.981794,52.211791]}},{"type":"Feature","properties":{"text":"167 182 187 523","n":4,"mode":"bus","angle":0,"op":"ZTM Warszawa — buses","color":"#0059a9"},"geometry":{"type":"Point","coordinates":[20.987959,52.219345]}},{"type":"Feature","properties":{"text":"14 15 33 36","n":4,"mode":"tram","angle":0,"op":"Tramwaje Warszawskie","color":"#d6212b"},"geometry":{"type":"Point","coordinates":[21.006454,52.223122]}},{"type":"Feature","properties":{"text":"M2","n":1,"mode":"metro","angle":0,"op":"Metro","color":"#BB0000"},"geometry":{"type":"Point","coordinates":[20.944805,52.243897]}},{"type":"Feature","properties":{"text":"186","n":1,"mode":"bus","angle":-90,"op":"ZTM Warszawa — buses","color":"#0059a9"},"geometry":{"type":"Point","coordinates":[20.952511,52.248618]}},{"type":"Feature","properties":{"text":"414","n":1,"mode":"bus","angle":-90,"op":"ZTM Warszawa — buses","color":"#0059a9"},"geometry":{"type":"Point","coordinates":[20.952511,52.248618]}},{"type":"Feature","properties":{"text":"228","n":1,"mode":"bus","angle":0,"op":"ZTM Warszawa — buses","color":"#0059a9"},"geometry":{"type":"Point","coordinates":[20.97563,52.181574]}},{"type":"Feature","properties":{"text":"218","n":1,"mode":"bus","angle":0,"op":"ZTM Warszawa — buses","color":"#0059a9"},"geometry":{"type":"Point","coordinates":[21.003371,52.175908]}},{"type":"Feature","properties":{"text":"251 519 N50","n":3,"mode":"bus","angle":-90,"op":"ZTM Warszawa — buses","color":"#0059a9"},"geometry":{"type":"Point","coordinates":[21.066561,52.163632]}},{"type":"Feature","properties":{"text":"141 189","n":2,"mode":"bus","angle":0,"op":"ZTM Warszawa — buses","color":"#0059a9"},"geometry":{"type":"Point","coordinates":[20.969465,52.175908]}},{"type":"Feature","properties":{"text":"141 189 401 402","n":4,"mode":"bus","angle":0,"op":"ZTM Warszawa — buses","color":"#0059a9"},"geometry":{"type":"Point","coordinates":[20.969465,52.175908]}},{"type":"Feature","properties":{"text":"173","n":1,"mode":"bus","angle":-90,"op":"ZTM Warszawa — buses","color":"#0059a9"},"geometry":{"type":"Point","coordinates":[21.12821,52.22029]}},{"type":"Feature","properties":{"text":"228 414 N88","n":3,"mode":"bus","angle":0,"op":"mix","color":"#0059a9"},"geometry":{"type":"Point","coordinates":[20.947888,52.189128]}},{"type":"Feature","properties":{"text":"S2 S3 S4 S40","n":4,"mode":"skm","angle":0,"op":"mix","color":"#5a6672"},"geometry":{"type":"Point","coordinates":[20.947888,52.189128]}},{"type":"Feature","properties":{"text":"163 263 N31","n":3,"mode":"bus","angle":90,"op":"ZTM Warszawa — buses","color":"#0059a9"},"geometry":{"type":"Point","coordinates":[21.075808,52.178741]}},{"type":"Feature","properties":{"text":"716","n":1,"mode":"bus","angle":-90,"op":"ZTM Warszawa — buses","color":"#0059a9"},"geometry":{"type":"Point","coordinates":[20.887781,52.210847]}},{"type":"Feature","properties":{"text":"97 210 N58","n":3,"mode":"bus","angle":0,"op":"mix","color":"#0059a9"},"geometry":{"type":"Point","coordinates":[20.889322,52.264671]}},{"type":"Feature","properties":{"text":"702","n":1,"mode":"bus","angle":90,"op":"ZTM Warszawa — buses","color":"#0059a9"},"geometry":{"type":"Point","coordinates":[21.106633,52.165521]}},{"type":"Feature","properties":{"text":"721","n":1,"mode":"bus","angle":0,"op":"ZTM Warszawa — buses","color":"#0059a9"},"geometry":{"type":"Point","coordinates":[20.907816,52.130582]}},{"type":"Feature","properties":{"text":"704","n":1,"mode":"bus","angle":0,"op":"ZTM Warszawa — buses","color":"#0059a9"},"geometry":{"type":"Point","coordinates":[21.148245,52.215568]}},{"type":"Feature","properties":{"text":"707","n":1,"mode":"bus","angle":0,"op":"ZTM Warszawa — buses","color":"#0059a9"},"geometry":{"type":"Point","coordinates":[20.929393,52.140025]}},{"type":"Feature","properties":{"text":"719","n":1,"mode":"bus","angle":0,"op":"ZTM Warszawa — buses","color":"#0059a9"},"geometry":{"type":"Point","coordinates":[20.889322,52.238231]}},{"type":"Feature","properties":{"text":"98","n":1,"mode":"bus","angle":-90,"op":"GPA Grodzisk — buses","color":"#0059a9"},"geometry":{"type":"Point","coordinates":[20.881616,52.254284]}},{"type":"Feature","properties":{"text":"42","n":1,"mode":"bus","angle":90,"op":"GPA Grodzisk — buses","color":"#0059a9"},"geometry":{"type":"Point","coordinates":[20.804555,52.224067]}},{"type":"Feature","properties":{"text":"727","n":1,"mode":"bus","angle":0,"op":"ZTM Warszawa — buses","color":"#0059a9"},"geometry":{"type":"Point","coordinates":[20.9633,52.121139]}},{"type":"Feature","properties":{"text":"737 L-1 L-5","n":3,"mode":"bus","angle":0,"op":"ZTM Warszawa — buses","color":"#0059a9"},"geometry":{"type":"Point","coordinates":[20.954053,52.126805]}},{"type":"Feature","properties":{"text":"L-4","n":1,"mode":"bus","angle":0,"op":"ZTM Warszawa — buses","color":"#0059a9"},"geometry":{"type":"Point","coordinates":[20.923228,52.124917]}},{"type":"Feature","properties":{"text":"728 L-2 L12","n":3,"mode":"bus","angle":0,"op":"ZTM Warszawa — buses","color":"#0059a9"},"geometry":{"type":"Point","coordinates":[20.944805,52.109808]}},{"type":"Feature","properties":{"text":"23 29","n":2,"mode":"bus","angle":0,"op":"GPA Grodzisk — buses","color":"#0059a9"},"geometry":{"type":"Point","coordinates":[20.858498,52.145691]}},{"type":"Feature","properties":{"text":"L-8","n":1,"mode":"bus","angle":0,"op":"ZTM Warszawa — buses","color":"#0059a9"},"geometry":{"type":"Point","coordinates":[20.987959,52.308108]}},{"type":"Feature","properties":{"text":"R7","n":1,"mode":"bus","angle":0,"op":"Radzymin","color":"#0059a9"},"geometry":{"type":"Point","coordinates":[21.06502,52.300554]}},{"type":"Feature","properties":{"text":"L21","n":1,"mode":"bus","angle":-90,"op":"ZTM Warszawa — buses","color":"#0059a9"},"geometry":{"type":"Point","coordinates":[21.081973,52.125861]}},{"type":"Feature","properties":{"text":"94 743","n":2,"mode":"bus","angle":90,"op":"mix","color":"#0059a9"},"geometry":{"type":"Point","coordinates":[20.826132,52.218401]}},{"type":"Feature","properties":{"text":"750","n":1,"mode":"bus","angle":0,"op":"ZTM Warszawa — buses","color":"#0059a9"},"geometry":{"type":"Point","coordinates":[20.892404,52.294888]}},{"type":"Feature","properties":{"text":"L-3","n":1,"mode":"bus","angle":0,"op":"ZTM Warszawa — buses","color":"#0059a9"},"geometry":{"type":"Point","coordinates":[20.913981,52.117362]}},{"type":"Feature","properties":{"text":"L13","n":1,"mode":"bus","angle":0,"op":"ZTM Warszawa — buses","color":"#0059a9"},"geometry":{"type":"Point","coordinates":[20.991042,52.117362]}},{"type":"Feature","properties":{"text":"L24","n":1,"mode":"bus","angle":0,"op":"ZTM Warszawa — buses","color":"#0059a9"},"geometry":{"type":"Point","coordinates":[21.028031,52.124917]}},{"type":"Feature","properties":{"text":"L26","n":1,"mode":"bus","angle":0,"op":"ZTM Warszawa — buses","color":"#0059a9"},"geometry":{"type":"Point","coordinates":[21.098927,52.272225]}},{"type":"Feature","properties":{"text":"L37","n":1,"mode":"bus","angle":0,"op":"ZTM Warszawa — buses","color":"#0059a9"},"geometry":{"type":"Point","coordinates":[21.114339,52.262782]}},{"type":"Feature","properties":{"text":"R31","n":1,"mode":"bus","angle":0,"op":"Radzymin","color":"#0059a9"},"geometry":{"type":"Point","coordinates":[21.058855,52.315662]}},{"type":"Feature","properties":{"text":"40 42","n":2,"mode":"bus","angle":-90,"op":"GPA Grodzisk — buses","color":"#0059a9"},"geometry":{"type":"Point","coordinates":[20.804555,52.208958]}},{"type":"Feature","properties":{"text":"26","n":1,"mode":"bus","angle":0,"op":"GPA Grodzisk — buses","color":"#0059a9"},"geometry":{"type":"Point","coordinates":[20.778355,52.194794]}},{"type":"Feature","properties":{"text":"35","n":1,"mode":"bus","angle":-90,"op":"GPA Grodzisk — buses","color":"#0059a9"},"geometry":{"type":"Point","coordinates":[20.841544,52.150412]}},{"type":"Feature","properties":{"text":"83","n":1,"mode":"bus","angle":0,"op":"GPA Grodzisk — buses","color":"#0059a9"},"geometry":{"type":"Point","coordinates":[20.821508,52.128694]}},{"type":"Feature","properties":{"text":"43","n":1,"mode":"bus","angle":-90,"op":"GPA Grodzisk — buses","color":"#0059a9"},"geometry":{"type":"Point","coordinates":[20.801473,52.244841]}},{"type":"Feature","properties":{"text":"43 93","n":2,"mode":"bus","angle":-90,"op":"GPA Grodzisk — buses","color":"#0059a9"},"geometry":{"type":"Point","coordinates":[20.801473,52.244841]}},{"type":"Feature","properties":{"text":"68","n":1,"mode":"bus","angle":0,"op":"GPA Grodzisk — buses","color":"#0059a9"},"geometry":{"type":"Point","coordinates":[20.855415,52.185351]}},{"type":"Feature","properties":{"text":"78","n":1,"mode":"bus","angle":-90,"op":"GPA Grodzisk — buses","color":"#0059a9"},"geometry":{"type":"Point","coordinates":[20.856956,52.184407]}},{"type":"Feature","properties":{"text":"P12","n":1,"mode":"bus","angle":-90,"op":"Powiat miński","color":"#0059a9"},"geometry":{"type":"Point","coordinates":[21.19294,52.218401]}},{"type":"Feature","properties":{"text":"P10","n":1,"mode":"bus","angle":0,"op":"Powiat miński","color":"#0059a9"},"geometry":{"type":"Point","coordinates":[21.212976,52.172131]}},{"type":"Feature","properties":{"text":"P11","n":1,"mode":"bus","angle":-90,"op":"Powiat miński","color":"#0059a9"},"geometry":{"type":"Point","coordinates":[21.220682,52.218401]}},{"type":"Feature","properties":{"text":"P08","n":1,"mode":"bus","angle":-90,"op":"Powiat miński","color":"#0059a9"},"geometry":{"type":"Point","coordinates":[21.239177,52.218401]}},{"type":"Feature","properties":{"text":"157","n":1,"mode":"bus","angle":90,"op":"ZTM Warszawa — buses","color":"#0059a9"},"geometry":{"type":"Point","coordinates":[20.998748,52.237287]}},{"type":"Feature","properties":{"text":"174 N34 N36 N86","n":4,"mode":"bus","angle":90,"op":"ZTM Warszawa — buses","color":"#0059a9"},"geometry":{"type":"Point","coordinates":[21.011078,52.229732]}},{"type":"Feature","properties":{"text":"96 97","n":2,"mode":"bus","angle":-90,"op":"GPA Grodzisk — buses","color":"#0059a9"},"geometry":{"type":"Point","coordinates":[20.866204,52.229732]}},{"type":"Feature","properties":{"text":"P04 P12","n":2,"mode":"bus","angle":90,"op":"Powiat miński","color":"#0059a9"},"geometry":{"type":"Point","coordinates":[21.19294,52.237287]}},{"type":"Feature","properties":{"text":"2","n":1,"mode":"bus","angle":-45,"op":"KM Łomianki","color":"#0059a9"},"geometry":{"type":"Point","coordinates":[20.932476,52.292055]}},{"type":"Feature","properties":{"text":"3 150 750","n":3,"mode":"bus","angle":-45,"op":"mix","color":"#0059a9"},"geometry":{"type":"Point","coordinates":[20.895487,52.290167]}},{"type":"Feature","properties":{"text":"48 64 68 77","n":4,"mode":"bus","angle":45,"op":"GPA Grodzisk — buses","color":"#0059a9"},"geometry":{"type":"Point","coordinates":[20.852333,52.197627]}},{"type":"Feature","properties":{"text":"P10 Z10","n":2,"mode":"bus","angle":-45,"op":"Powiat miński","color":"#0059a9"},"geometry":{"type":"Point","coordinates":[21.191399,52.197627]}},{"type":"Feature","properties":{"text":"162 N14 N64","n":3,"mode":"bus","angle":45,"op":"ZTM Warszawa — buses","color":"#0059a9"},"geometry":{"type":"Point","coordinates":[21.034196,52.24673]}},{"type":"Feature","properties":{"text":"M2","n":1,"mode":"metro","angle":45,"op":"Metro","color":"#BB0000"},"geometry":{"type":"Point","coordinates":[21.037278,52.248618]}},{"type":"Feature","properties":{"text":"509 512","n":2,"mode":"bus","angle":45,"op":"ZTM Warszawa — buses","color":"#0059a9"},"geometry":{"type":"Point","coordinates":[21.037278,52.250507]}},{"type":"Feature","properties":{"text":"188 202","n":2,"mode":"bus","angle":45,"op":"mix","color":"#0059a9"},"geometry":{"type":"Point","coordinates":[21.083514,52.237287]}},{"type":"Feature","properties":{"text":"S1 S2","n":2,"mode":"skm","angle":45,"op":"mix","color":"#5a6672"},"geometry":{"type":"Point","coordinates":[21.083514,52.237287]}},{"type":"Feature","properties":{"text":"210 250 409 712 N41","n":5,"mode":"bus","angle":-45,"op":"ZTM Warszawa — buses","color":"#0059a9"},"geometry":{"type":"Point","coordinates":[20.938641,52.271281]}},{"type":"Feature","properties":{"text":"26 33 46","n":3,"mode":"tram","angle":-45,"op":"Tramwaje Warszawskie","color":"#d6212b"},"geometry":{"type":"Point","coordinates":[20.938641,52.271281]}},{"type":"Feature","properties":{"text":"1 22 24","n":3,"mode":"tram","angle":45,"op":"Tramwaje Warszawskie","color":"#d6212b"},"geometry":{"type":"Point","coordinates":[20.987959,52.237287]}},{"type":"Feature","properties":{"text":"107 166 402 503","n":4,"mode":"bus","angle":-45,"op":"ZTM Warszawa — buses","color":"#0059a9"},"geometry":{"type":"Point","coordinates":[21.046525,52.186295]}},{"type":"Feature","properties":{"text":"N13 N63","n":2,"mode":"bus","angle":-45,"op":"ZTM Warszawa — buses","color":"#0059a9"},"geometry":{"type":"Point","coordinates":[20.97563,52.269392]}},{"type":"Feature","properties":{"text":"185","n":1,"mode":"bus","angle":45,"op":"ZTM Warszawa — buses","color":"#0059a9"},"geometry":{"type":"Point","coordinates":[21.040361,52.241064]}},{"type":"Feature","properties":{"text":"186 326 705 735 N13 N63","n":6,"mode":"bus","angle":-45,"op":"ZTM Warszawa — buses","color":"#0059a9"},"geometry":{"type":"Point","coordinates":[20.984877,52.275058]}},{"type":"Feature","properties":{"text":"116 157 518 N44","n":4,"mode":"bus","angle":45,"op":"mix","color":"#0059a9"},"geometry":{"type":"Point","coordinates":[20.991042,52.263727]}},{"type":"Feature","properties":{"text":"6 15 36","n":3,"mode":"tram","angle":45,"op":"mix","color":"#d6212b"},"geometry":{"type":"Point","coordinates":[20.991042,52.263727]}},{"type":"Feature","properties":{"text":"M1","n":1,"mode":"metro","angle":45,"op":"mix","color":"#0000BB"},"geometry":{"type":"Point","coordinates":[20.991042,52.263727]}},{"type":"Feature","properties":{"text":"143 153 N24","n":3,"mode":"bus","angle":45,"op":"ZTM Warszawa — buses","color":"#0059a9"},"geometry":{"type":"Point","coordinates":[21.108174,52.242952]}},{"type":"Feature","properties":{"text":"147 305","n":2,"mode":"bus","angle":-45,"op":"ZTM Warszawa — buses","color":"#0059a9"},"geometry":{"type":"Point","coordinates":[21.095844,52.203292]}},{"type":"Feature","properties":{"text":"100","n":1,"mode":"bus","angle":45,"op":"ZTM Warszawa — buses","color":"#0059a9"},"geometry":{"type":"Point","coordinates":[21.040361,52.22029]}},{"type":"Feature","properties":{"text":"119 N34","n":2,"mode":"bus","angle":-45,"op":"ZTM Warszawa — buses","color":"#0059a9"},"geometry":{"type":"Point","coordinates":[21.015701,52.205181]}},{"type":"Feature","properties":{"text":"119 174 N34","n":3,"mode":"bus","angle":-45,"op":"ZTM Warszawa — buses","color":"#0059a9"},"geometry":{"type":"Point","coordinates":[21.015701,52.205181]}},{"type":"Feature","properties":{"text":"127 158 159","n":3,"mode":"bus","angle":-45,"op":"mix","color":"#0059a9"},"geometry":{"type":"Point","coordinates":[20.972547,52.225955]}},{"type":"Feature","properties":{"text":"S1 S2 S3","n":3,"mode":"skm","angle":-45,"op":"mix","color":"#5a6672"},"geometry":{"type":"Point","coordinates":[20.972547,52.225955]}},{"type":"Feature","properties":{"text":"WKD","n":1,"mode":"wkd","angle":-45,"op":"mix","color":"#a518a3"},"geometry":{"type":"Point","coordinates":[20.972547,52.225955]}},{"type":"Feature","properties":{"text":"159 172","n":2,"mode":"bus","angle":-45,"op":"ZTM Warszawa — buses","color":"#0059a9"},"geometry":{"type":"Point","coordinates":[20.95097,52.218401]}},{"type":"Feature","properties":{"text":"127 158 159 172 178 187 191 208 517 717 817 N01 N35 N85","n":14,"mode":"bus","angle":-45,"op":"mix","color":"#0059a9"},"geometry":{"type":"Point","coordinates":[20.944805,52.214624]}},{"type":"Feature","properties":{"text":"S1 S2 S3 S4 S40","n":5,"mode":"skm","angle":-45,"op":"mix","color":"#5a6672"},"geometry":{"type":"Point","coordinates":[20.944805,52.214624]}},{"type":"Feature","properties":{"text":"WKD","n":1,"mode":"wkd","angle":-45,"op":"mix","color":"#a518a3"},"geometry":{"type":"Point","coordinates":[20.944805,52.214624]}},{"type":"Feature","properties":{"text":"N38 N88","n":2,"mode":"bus","angle":-45,"op":"ZTM Warszawa — buses","color":"#0059a9"},"geometry":{"type":"Point","coordinates":[20.969465,52.20707]}},{"type":"Feature","properties":{"text":"1 9 15","n":3,"mode":"tram","angle":-45,"op":"Tramwaje Warszawskie","color":"#d6212b"},"geometry":{"type":"Point","coordinates":[20.969465,52.205181]}},{"type":"Feature","properties":{"text":"186","n":1,"mode":"bus","angle":-45,"op":"ZTM Warszawa — buses","color":"#0059a9"},"geometry":{"type":"Point","coordinates":[20.97563,52.205181]}},{"type":"Feature","properties":{"text":"504","n":1,"mode":"bus","angle":-45,"op":"ZTM Warszawa — buses","color":"#0059a9"},"geometry":{"type":"Point","coordinates":[20.981794,52.188184]}},{"type":"Feature","properties":{"text":"141 175 188 N32","n":4,"mode":"bus","angle":-45,"op":"ZTM Warszawa — buses","color":"#0059a9"},"geometry":{"type":"Point","coordinates":[20.981794,52.184407]}},{"type":"Feature","properties":{"text":"N03","n":1,"mode":"bus","angle":-45,"op":"ZTM Warszawa — buses","color":"#0059a9"},"geometry":{"type":"Point","coordinates":[21.034196,52.169298]}},{"type":"Feature","properties":{"text":"145 225 N24","n":3,"mode":"bus","angle":45,"op":"ZTM Warszawa — buses","color":"#0059a9"},"geometry":{"type":"Point","coordinates":[21.083514,52.242952]}},{"type":"Feature","properties":{"text":"Z3","n":1,"mode":"bus","angle":45,"op":"Ząbki","color":"#0059a9"},"geometry":{"type":"Point","coordinates":[21.068102,52.258061]}},{"type":"Feature","properties":{"text":"517","n":1,"mode":"bus","angle":-45,"op":"ZTM Warszawa — buses","color":"#0059a9"},"geometry":{"type":"Point","coordinates":[20.978712,52.222178]}},{"type":"Feature","properties":{"text":"154 228","n":2,"mode":"bus","angle":45,"op":"ZTM Warszawa — buses","color":"#0059a9"},"geometry":{"type":"Point","coordinates":[20.957135,52.184407]}},{"type":"Feature","properties":{"text":"100","n":1,"mode":"bus","angle":45,"op":"ZTM Warszawa — buses","color":"#0059a9"},"geometry":{"type":"Point","coordinates":[21.031113,52.225955]}},{"type":"Feature","properties":{"text":"95 96","n":2,"mode":"bus","angle":45,"op":"GPA Grodzisk — buses","color":"#0059a9"},"geometry":{"type":"Point","coordinates":[20.904734,52.254284]}},{"type":"Feature","properties":{"text":"100","n":1,"mode":"bus","angle":45,"op":"ZTM Warszawa — buses","color":"#0059a9"},"geometry":{"type":"Point","coordinates":[21.021866,52.258061]}},{"type":"Feature","properties":{"text":"193 N37","n":2,"mode":"bus","angle":-45,"op":"ZTM Warszawa — buses","color":"#0059a9"},"geometry":{"type":"Point","coordinates":[21.031113,52.165521]}},{"type":"Feature","properties":{"text":"185","n":1,"mode":"bus","angle":45,"op":"ZTM Warszawa — buses","color":"#0059a9"},"geometry":{"type":"Point","coordinates":[21.012619,52.25995]}},{"type":"Feature","properties":{"text":"717 817","n":2,"mode":"bus","angle":-45,"op":"ZTM Warszawa — buses","color":"#0059a9"},"geometry":{"type":"Point","coordinates":[20.913981,52.188184]}},{"type":"Feature","properties":{"text":"189 402","n":2,"mode":"bus","angle":45,"op":"ZTM Warszawa — buses","color":"#0059a9"},"geometry":{"type":"Point","coordinates":[20.929393,52.186295]}},{"type":"Feature","properties":{"text":"401 N38","n":2,"mode":"bus","angle":45,"op":"ZTM Warszawa — buses","color":"#0059a9"},"geometry":{"type":"Point","coordinates":[20.932476,52.186295]}},{"type":"Feature","properties":{"text":"L14","n":1,"mode":"bus","angle":-45,"op":"ZTM Warszawa — buses","color":"#0059a9"},"geometry":{"type":"Point","coordinates":[21.080432,52.146635]}},{"type":"Feature","properties":{"text":"509 N03","n":2,"mode":"bus","angle":45,"op":"ZTM Warszawa — buses","color":"#0059a9"},"geometry":{"type":"Point","coordinates":[21.012619,52.265615]}},{"type":"Feature","properties":{"text":"18 20","n":2,"mode":"tram","angle":45,"op":"Tramwaje Warszawskie","color":"#d6212b"},"geometry":{"type":"Point","coordinates":[21.012619,52.265615]}},{"type":"Feature","properties":{"text":"M1","n":1,"mode":"bus","angle":-45,"op":"Otwock","color":"#0059a9"},"geometry":{"type":"Point","coordinates":[21.111256,52.163632]}},{"type":"Feature","properties":{"text":"711","n":1,"mode":"bus","angle":45,"op":"ZTM Warszawa — buses","color":"#0059a9"},"geometry":{"type":"Point","coordinates":[20.883157,52.154189]}},{"type":"Feature","properties":{"text":"60 65 711","n":3,"mode":"bus","angle":45,"op":"mix","color":"#0059a9"},"geometry":{"type":"Point","coordinates":[20.883157,52.150412]}},{"type":"Feature","properties":{"text":"60 65","n":2,"mode":"bus","angle":45,"op":"GPA Grodzisk — buses","color":"#0059a9"},"geometry":{"type":"Point","coordinates":[20.883157,52.150412]}},{"type":"Feature","properties":{"text":"706 N88","n":2,"mode":"bus","angle":45,"op":"ZTM Warszawa — buses","color":"#0059a9"},"geometry":{"type":"Point","coordinates":[20.929393,52.157967]}},{"type":"Feature","properties":{"text":"R5","n":1,"mode":"bus","angle":45,"op":"Radzymin","color":"#0059a9"},"geometry":{"type":"Point","coordinates":[21.028031,52.329827]}},{"type":"Feature","properties":{"text":"L-1","n":1,"mode":"bus","angle":45,"op":"ZTM Warszawa — buses","color":"#0059a9"},"geometry":{"type":"Point","coordinates":[20.938641,52.152301]}},{"type":"Feature","properties":{"text":"707 L-1 L-3 L-4","n":4,"mode":"bus","angle":45,"op":"ZTM Warszawa — buses","color":"#0059a9"},"geometry":{"type":"Point","coordinates":[20.941723,52.137192]}},{"type":"Feature","properties":{"text":"712","n":1,"mode":"bus","angle":-45,"op":"ZTM Warszawa — buses","color":"#0059a9"},"geometry":{"type":"Point","coordinates":[20.883157,52.242952]}},{"type":"Feature","properties":{"text":"96","n":1,"mode":"bus","angle":-45,"op":"GPA Grodzisk — buses","color":"#0059a9"},"geometry":{"type":"Point","coordinates":[20.883157,52.24673]}},{"type":"Feature","properties":{"text":"714 729","n":2,"mode":"bus","angle":-45,"op":"ZTM Warszawa — buses","color":"#0059a9"},"geometry":{"type":"Point","coordinates":[20.864662,52.250507]}},{"type":"Feature","properties":{"text":"41","n":1,"mode":"bus","angle":-45,"op":"GPA Grodzisk — buses","color":"#0059a9"},"geometry":{"type":"Point","coordinates":[20.793767,52.229732]}},{"type":"Feature","properties":{"text":"736","n":1,"mode":"bus","angle":-45,"op":"ZTM Warszawa — buses","color":"#0059a9"},"geometry":{"type":"Point","coordinates":[20.957135,52.309052]}},{"type":"Feature","properties":{"text":"727 L-2 L12","n":3,"mode":"bus","angle":-45,"op":"ZTM Warszawa — buses","color":"#0059a9"},"geometry":{"type":"Point","coordinates":[20.978712,52.118307]}},{"type":"Feature","properties":{"text":"R1","n":1,"mode":"bus","angle":45,"op":"Radzymin","color":"#0059a9"},"geometry":{"type":"Point","coordinates":[21.086597,52.303387]}},{"type":"Feature","properties":{"text":"742","n":1,"mode":"bus","angle":45,"op":"ZTM Warszawa — buses","color":"#0059a9"},"geometry":{"type":"Point","coordinates":[21.07735,52.123972]}},{"type":"Feature","properties":{"text":"L28","n":1,"mode":"bus","angle":45,"op":"ZTM Warszawa — buses","color":"#0059a9"},"geometry":{"type":"Point","coordinates":[21.07735,52.135304]}},{"type":"Feature","properties":{"text":"L-4","n":1,"mode":"bus","angle":45,"op":"ZTM Warszawa — buses","color":"#0059a9"},"geometry":{"type":"Point","coordinates":[20.926311,52.131527]}},{"type":"Feature","properties":{"text":"W1","n":1,"mode":"bus","angle":-45,"op":"Wieliszew","color":"#0059a9"},"geometry":{"type":"Point","coordinates":[20.95097,52.327938]}},{"type":"Feature","properties":{"text":"L18 L32","n":2,"mode":"bus","angle":-45,"op":"ZTM Warszawa — buses","color":"#0059a9"},"geometry":{"type":"Point","coordinates":[20.978712,52.114529]}},{"type":"Feature","properties":{"text":"L14","n":1,"mode":"bus","angle":45,"op":"ZTM Warszawa — buses","color":"#0059a9"},"geometry":{"type":"Point","coordinates":[21.089679,52.146635]}},{"type":"Feature","properties":{"text":"L14","n":1,"mode":"bus","angle":-45,"op":"ZTM Warszawa — buses","color":"#0059a9"},"geometry":{"type":"Point","coordinates":[21.089679,52.152301]}},{"type":"Feature","properties":{"text":"L16","n":1,"mode":"bus","angle":-45,"op":"ZTM Warszawa — buses","color":"#0059a9"},"geometry":{"type":"Point","coordinates":[21.074267,52.152301]}},{"type":"Feature","properties":{"text":"L24","n":1,"mode":"bus","angle":-45,"op":"ZTM Warszawa — buses","color":"#0059a9"},"geometry":{"type":"Point","coordinates":[21.043443,52.129638]}},{"type":"Feature","properties":{"text":"L26 L37","n":2,"mode":"bus","angle":45,"op":"ZTM Warszawa — buses","color":"#0059a9"},"geometry":{"type":"Point","coordinates":[21.102009,52.267504]}},{"type":"Feature","properties":{"text":"L28","n":1,"mode":"bus","angle":45,"op":"ZTM Warszawa — buses","color":"#0059a9"},"geometry":{"type":"Point","coordinates":[21.028031,52.112641]}},{"type":"Feature","properties":{"text":"L44","n":1,"mode":"bus","angle":45,"op":"ZTM Warszawa — buses","color":"#0059a9"},"geometry":{"type":"Point","coordinates":[21.05269,52.284501]}},{"type":"Feature","properties":{"text":"29 32 33","n":3,"mode":"bus","angle":45,"op":"GPA Grodzisk — buses","color":"#0059a9"},"geometry":{"type":"Point","coordinates":[20.830756,52.157967]}},{"type":"Feature","properties":{"text":"19","n":1,"mode":"bus","angle":-45,"op":"GPA Grodzisk — buses","color":"#0059a9"},"geometry":{"type":"Point","coordinates":[20.778355,52.210847]}},{"type":"Feature","properties":{"text":"43","n":1,"mode":"bus","angle":45,"op":"GPA Grodzisk — buses","color":"#0059a9"},"geometry":{"type":"Point","coordinates":[20.793767,52.224067]}},{"type":"Feature","properties":{"text":"15 23 45","n":3,"mode":"bus","angle":45,"op":"GPA Grodzisk — buses","color":"#0059a9"},"geometry":{"type":"Point","coordinates":[20.840003,52.167409]}},{"type":"Feature","properties":{"text":"65","n":1,"mode":"bus","angle":45,"op":"GPA Grodzisk — buses","color":"#0059a9"},"geometry":{"type":"Point","coordinates":[20.86158,52.157967]}},{"type":"Feature","properties":{"text":"21","n":1,"mode":"bus","angle":45,"op":"GPA Grodzisk — buses","color":"#0059a9"},"geometry":{"type":"Point","coordinates":[20.803014,52.154189]}},{"type":"Feature","properties":{"text":"20","n":1,"mode":"bus","angle":45,"op":"GPA Grodzisk — buses","color":"#0059a9"},"geometry":{"type":"Point","coordinates":[20.77219,52.188184]}},{"type":"Feature","properties":{"text":"20","n":1,"mode":"bus","angle":45,"op":"GPA Grodzisk — buses","color":"#0059a9"},"geometry":{"type":"Point","coordinates":[20.769107,52.205181]}},{"type":"Feature","properties":{"text":"22 28 82","n":3,"mode":"bus","angle":45,"op":"GPA Grodzisk — buses","color":"#0059a9"},"geometry":{"type":"Point","coordinates":[20.812261,52.150412]}},{"type":"Feature","properties":{"text":"23 31 63","n":3,"mode":"bus","angle":45,"op":"GPA Grodzisk — buses","color":"#0059a9"},"geometry":{"type":"Point","coordinates":[20.821508,52.148524]}},{"type":"Feature","properties":{"text":"29 32 33 34 50","n":5,"mode":"bus","angle":45,"op":"GPA Grodzisk — buses","color":"#0059a9"},"geometry":{"type":"Point","coordinates":[20.840003,52.148524]}},{"type":"Feature","properties":{"text":"26","n":1,"mode":"bus","angle":45,"op":"GPA Grodzisk — buses","color":"#0059a9"},"geometry":{"type":"Point","coordinates":[20.790684,52.190072]}},{"type":"Feature","properties":{"text":"63","n":1,"mode":"bus","angle":-45,"op":"GPA Grodzisk — buses","color":"#0059a9"},"geometry":{"type":"Point","coordinates":[20.852333,52.137192]}},{"type":"Feature","properties":{"text":"31","n":1,"mode":"bus","angle":45,"op":"GPA Grodzisk — buses","color":"#0059a9"},"geometry":{"type":"Point","coordinates":[20.840003,52.135304]}},{"type":"Feature","properties":{"text":"63","n":1,"mode":"bus","angle":45,"op":"GPA Grodzisk — buses","color":"#0059a9"},"geometry":{"type":"Point","coordinates":[20.840003,52.135304]}},{"type":"Feature","properties":{"text":"32","n":1,"mode":"bus","angle":45,"op":"GPA Grodzisk — buses","color":"#0059a9"},"geometry":{"type":"Point","coordinates":[20.867745,52.125861]}},{"type":"Feature","properties":{"text":"32","n":1,"mode":"bus","angle":45,"op":"GPA Grodzisk — buses","color":"#0059a9"},"geometry":{"type":"Point","coordinates":[20.86158,52.137192]}},{"type":"Feature","properties":{"text":"67","n":1,"mode":"bus","angle":45,"op":"GPA Grodzisk — buses","color":"#0059a9"},"geometry":{"type":"Point","coordinates":[20.830756,52.186295]}},{"type":"Feature","properties":{"text":"82","n":1,"mode":"bus","angle":45,"op":"GPA Grodzisk — buses","color":"#0059a9"},"geometry":{"type":"Point","coordinates":[20.796849,52.127749]}},{"type":"Feature","properties":{"text":"P10","n":1,"mode":"bus","angle":45,"op":"Powiat miński","color":"#0059a9"},"geometry":{"type":"Point","coordinates":[21.212976,52.176852]}},{"type":"Feature","properties":{"text":"P13 Z10","n":2,"mode":"bus","angle":45,"op":"Powiat miński","color":"#0059a9"},"geometry":{"type":"Point","coordinates":[21.212976,52.19385]}},{"type":"Feature","properties":{"text":"P09","n":1,"mode":"bus","angle":-45,"op":"Powiat miński","color":"#0059a9"},"geometry":{"type":"Point","coordinates":[21.182152,52.20707]}},{"type":"Feature","properties":{"text":"P09","n":1,"mode":"bus","angle":-45,"op":"Powiat miński","color":"#0059a9"},"geometry":{"type":"Point","coordinates":[21.17907,52.212735]}},{"type":"Feature","properties":{"text":"P04","n":1,"mode":"bus","angle":-45,"op":"Powiat miński","color":"#0059a9"},"geometry":{"type":"Point","coordinates":[21.200647,52.24673]}},{"type":"Feature","properties":{"text":"P05","n":1,"mode":"bus","angle":-45,"op":"Powiat miński","color":"#0059a9"},"geometry":{"type":"Point","coordinates":[21.194482,52.19385]}},{"type":"Feature","properties":{"text":"P10","n":1,"mode":"bus","angle":-45,"op":"Powiat miński","color":"#0059a9"},"geometry":{"type":"Point","coordinates":[21.197564,52.188184]}},{"type":"Feature","properties":{"text":"P06","n":1,"mode":"bus","angle":45,"op":"Powiat miński","color":"#0059a9"},"geometry":{"type":"Point","coordinates":[21.16674,52.20707]}},{"type":"Feature","properties":{"text":"P07","n":1,"mode":"bus","angle":-45,"op":"Powiat miński","color":"#0059a9"},"geometry":{"type":"Point","coordinates":[21.209894,52.210847]}},{"type":"Feature","properties":{"text":"P08","n":1,"mode":"bus","angle":-45,"op":"Powiat miński","color":"#0059a9"},"geometry":{"type":"Point","coordinates":[21.246883,52.212735]}},{"type":"Feature","properties":{"text":"P13","n":1,"mode":"bus","angle":-45,"op":"Powiat miński","color":"#0059a9"},"geometry":{"type":"Point","coordinates":[21.219141,52.19385]}},{"type":"Feature","properties":{"text":"R4 R5","n":2,"mode":"bus","angle":45,"op":"Radzymin","color":"#0059a9"},"geometry":{"type":"Point","coordinates":[21.046525,52.320384]}},{"type":"Feature","properties":{"text":"S4","n":1,"mode":"skm","angle":-45,"op":"SKM","color":"#2F7B20"},"geometry":{"type":"Point","coordinates":[20.984877,52.318495]}},{"type":"Feature","properties":{"text":"107","n":1,"mode":"bus","angle":45,"op":"ZTM Warszawa — buses","color":"#0059a9"},"geometry":{"type":"Point","coordinates":[21.031113,52.231621]}},{"type":"Feature","properties":{"text":"173 402 520 N02 N21 N25 N71","n":7,"mode":"bus","angle":45,"op":"ZTM Warszawa — buses","color":"#0059a9"},"geometry":{"type":"Point","coordinates":[21.092762,52.231621]}},{"type":"Feature","properties":{"text":"100","n":1,"mode":"bus","angle":45,"op":"ZTM Warszawa — buses","color":"#0059a9"},"geometry":{"type":"Point","coordinates":[21.015701,52.231621]}},{"type":"Feature","properties":{"text":"S1 S2","n":2,"mode":"skm","angle":-45,"op":"mix","color":"#5a6672"},"geometry":{"type":"Point","coordinates":[20.997207,52.23351]}},{"type":"Feature","properties":{"text":"WKD","n":1,"mode":"wkd","angle":-45,"op":"mix","color":"#a518a3"},"geometry":{"type":"Point","coordinates":[20.997207,52.23351]}},{"type":"Feature","properties":{"text":"719","n":1,"mode":"bus","angle":-45,"op":"ZTM Warszawa — buses","color":"#0059a9"},"geometry":{"type":"Point","coordinates":[20.803014,52.235398]}},{"type":"Feature","properties":{"text":"43 93","n":2,"mode":"bus","angle":-45,"op":"GPA Grodzisk — buses","color":"#0059a9"},"geometry":{"type":"Point","coordinates":[20.803014,52.235398]}},{"type":"Feature","properties":{"text":"L16 L55","n":2,"mode":"bus","angle":-45,"op":"ZTM Warszawa — buses","color":"#0059a9"},"geometry":{"type":"Point","coordinates":[21.055773,52.140969]}},{"type":"Feature","properties":{"text":"23 29","n":2,"mode":"bus","angle":45,"op":"GPA Grodzisk — buses","color":"#0059a9"},"geometry":{"type":"Point","coordinates":[20.867745,52.144747]}},{"type":"Feature","properties":{"text":"750","n":1,"mode":"bus","angle":-90,"op":"ZTM Warszawa — buses","color":"#0059a9"},"geometry":{"type":"Point","coordinates":[20.881616,52.289222]}},{"type":"Feature","properties":{"text":"504","n":1,"mode":"bus","angle":-90,"op":"ZTM Warszawa — buses","color":"#0059a9"},"geometry":{"type":"Point","coordinates":[20.992583,52.198571]}},{"type":"Feature","properties":{"text":"64","n":1,"mode":"bus","angle":90,"op":"GPA Grodzisk — buses","color":"#0059a9"},"geometry":{"type":"Point","coordinates":[20.847709,52.196682]}},{"type":"Feature","properties":{"text":"103 106 136 N45 N95","n":5,"mode":"bus","angle":90,"op":"ZTM Warszawa — buses","color":"#0059a9"},"geometry":{"type":"Point","coordinates":[20.961759,52.247674]}},{"type":"Feature","properties":{"text":"N42","n":1,"mode":"bus","angle":0,"op":"ZTM Warszawa — buses","color":"#0059a9"},"geometry":{"type":"Point","coordinates":[20.967924,52.243897]}},{"type":"Feature","properties":{"text":"105 178","n":2,"mode":"bus","angle":0,"op":"mix","color":"#0059a9"},"geometry":{"type":"Point","coordinates":[20.955594,52.238231]}},{"type":"Feature","properties":{"text":"10 11","n":2,"mode":"tram","angle":0,"op":"mix","color":"#d6212b"},"geometry":{"type":"Point","coordinates":[20.955594,52.238231]}},{"type":"Feature","properties":{"text":"178 N45 N91 N95","n":4,"mode":"bus","angle":0,"op":"mix","color":"#0059a9"},"geometry":{"type":"Point","coordinates":[20.989501,52.24012]}},{"type":"Feature","properties":{"text":"10 11","n":2,"mode":"tram","angle":0,"op":"mix","color":"#d6212b"},"geometry":{"type":"Point","coordinates":[20.989501,52.24012]}},{"type":"Feature","properties":{"text":"M2","n":1,"mode":"metro","angle":0,"op":"Metro","color":"#BB0000"},"geometry":{"type":"Point","coordinates":[20.998748,52.242008]}},{"type":"Feature","properties":{"text":"129 189 194 320 N01 N41","n":6,"mode":"bus","angle":90,"op":"ZTM Warszawa — buses","color":"#0059a9"},"geometry":{"type":"Point","coordinates":[20.906275,52.21368]}},{"type":"Feature","properties":{"text":"100","n":1,"mode":"bus","angle":-90,"op":"ZTM Warszawa — buses","color":"#0059a9"},"geometry":{"type":"Point","coordinates":[20.980253,52.249562]}},{"type":"Feature","properties":{"text":"100","n":1,"mode":"bus","angle":0,"op":"ZTM Warszawa — buses","color":"#0059a9"},"geometry":{"type":"Point","coordinates":[20.989501,52.255228]}},{"type":"Feature","properties":{"text":"159 168","n":2,"mode":"bus","angle":0,"op":"ZTM Warszawa — buses","color":"#0059a9"},"geometry":{"type":"Point","coordinates":[21.060396,52.206125]}},{"type":"Feature","properties":{"text":"519","n":1,"mode":"bus","angle":0,"op":"ZTM Warszawa — buses","color":"#0059a9"},"geometry":{"type":"Point","coordinates":[21.035737,52.175908]}},{"type":"Feature","properties":{"text":"100","n":1,"mode":"bus","angle":-90,"op":"ZTM Warszawa — buses","color":"#0059a9"},"geometry":{"type":"Point","coordinates":[21.035737,52.24012]}},{"type":"Feature","properties":{"text":"108","n":1,"mode":"bus","angle":90,"op":"ZTM Warszawa — buses","color":"#0059a9"},"geometry":{"type":"Point","coordinates":[21.069644,52.208014]}},{"type":"Feature","properties":{"text":"112 156 N02","n":3,"mode":"bus","angle":0,"op":"ZTM Warszawa — buses","color":"#0059a9"},"geometry":{"type":"Point","coordinates":[20.974088,52.272225]}},{"type":"Feature","properties":{"text":"N72","n":1,"mode":"bus","angle":90,"op":"ZTM Warszawa — buses","color":"#0059a9"},"geometry":{"type":"Point","coordinates":[21.081973,52.217457]}},{"type":"Feature","properties":{"text":"20","n":1,"mode":"tram","angle":0,"op":"Tramwaje Warszawskie","color":"#d6212b"},"geometry":{"type":"Point","coordinates":[20.921687,52.247674]}},{"type":"Feature","properties":{"text":"N01","n":1,"mode":"bus","angle":0,"op":"ZTM Warszawa — buses","color":"#0059a9"},"geometry":{"type":"Point","coordinates":[20.952511,52.277891]}},{"type":"Feature","properties":{"text":"2","n":1,"mode":"tram","angle":0,"op":"Tramwaje Warszawskie","color":"#d6212b"},"geometry":{"type":"Point","coordinates":[20.955594,52.27978]}},{"type":"Feature","properties":{"text":"161","n":1,"mode":"bus","angle":-90,"op":"ZTM Warszawa — buses","color":"#0059a9"},"geometry":{"type":"Point","coordinates":[21.122045,52.192905]}},{"type":"Feature","properties":{"text":"100 116 166 180 503 E-2","n":6,"mode":"bus","angle":90,"op":"ZTM Warszawa — buses","color":"#0059a9"},"geometry":{"type":"Point","coordinates":[21.041902,52.219345]}},{"type":"Feature","properties":{"text":"116 166 180 503 E-2","n":5,"mode":"bus","angle":90,"op":"ZTM Warszawa — buses","color":"#0059a9"},"geometry":{"type":"Point","coordinates":[21.044984,52.209902]}},{"type":"Feature","properties":{"text":"217 N81","n":2,"mode":"bus","angle":90,"op":"mix","color":"#0059a9"},"geometry":{"type":"Point","coordinates":[21.057314,52.172131]}},{"type":"Feature","properties":{"text":"14 16 67","n":3,"mode":"tram","angle":90,"op":"mix","color":"#d6212b"},"geometry":{"type":"Point","coordinates":[21.057314,52.172131]}},{"type":"Feature","properties":{"text":"131 180 N31","n":3,"mode":"bus","angle":-90,"op":"ZTM Warszawa — buses","color":"#0059a9"},"geometry":{"type":"Point","coordinates":[21.063479,52.179685]}},{"type":"Feature","properties":{"text":"504 517","n":2,"mode":"bus","angle":0,"op":"ZTM Warszawa — buses","color":"#0059a9"},"geometry":{"type":"Point","coordinates":[21.004913,52.234454]}},{"type":"Feature","properties":{"text":"118 119 138 N37","n":4,"mode":"bus","angle":90,"op":"mix","color":"#0059a9"},"geometry":{"type":"Point","coordinates":[21.041902,52.209902]}},{"type":"Feature","properties":{"text":"4 10 17 18","n":4,"mode":"tram","angle":90,"op":"mix","color":"#d6212b"},"geometry":{"type":"Point","coordinates":[21.041902,52.209902]}},{"type":"Feature","properties":{"text":"17 19 67","n":3,"mode":"tram","angle":0,"op":"Tramwaje Warszawskie","color":"#d6212b"},"geometry":{"type":"Point","coordinates":[21.035737,52.206125]}},{"type":"Feature","properties":{"text":"138 168 N34","n":3,"mode":"bus","angle":90,"op":"mix","color":"#0059a9"},"geometry":{"type":"Point","coordinates":[21.011078,52.192905]}},{"type":"Feature","properties":{"text":"17 67","n":2,"mode":"tram","angle":90,"op":"mix","color":"#d6212b"},"geometry":{"type":"Point","coordinates":[21.011078,52.192905]}},{"type":"Feature","properties":{"text":"167 174 N34 N36 N86","n":5,"mode":"bus","angle":-90,"op":"mix","color":"#0059a9"},"geometry":{"type":"Point","coordinates":[21.01416,52.215568]}},{"type":"Feature","properties":{"text":"17 19 33","n":3,"mode":"tram","angle":-90,"op":"mix","color":"#d6212b"},"geometry":{"type":"Point","coordinates":[21.01416,52.215568]}},{"type":"Feature","properties":{"text":"M1","n":1,"mode":"metro","angle":-90,"op":"mix","color":"#0000BB"},"geometry":{"type":"Point","coordinates":[21.01416,52.215568]}},{"type":"Feature","properties":{"text":"119 146 147 N72","n":4,"mode":"bus","angle":90,"op":"ZTM Warszawa — buses","color":"#0059a9"},"geometry":{"type":"Point","coordinates":[21.085056,52.208014]}},{"type":"Feature","properties":{"text":"120 314 326 N14","n":4,"mode":"bus","angle":0,"op":"ZTM Warszawa — buses","color":"#0059a9"},"geometry":{"type":"Point","coordinates":[21.020325,52.296777]}},{"type":"Feature","properties":{"text":"124 N88","n":2,"mode":"bus","angle":0,"op":"ZTM Warszawa — buses","color":"#0059a9"},"geometry":{"type":"Point","coordinates":[20.952511,52.160799]}},{"type":"Feature","properties":{"text":"516 518","n":2,"mode":"bus","angle":0,"op":"ZTM Warszawa — buses","color":"#0059a9"},"geometry":{"type":"Point","coordinates":[20.952511,52.283557]}},{"type":"Feature","properties":{"text":"127 158 159","n":3,"mode":"bus","angle":0,"op":"mix","color":"#0059a9"},"geometry":{"type":"Point","coordinates":[20.983336,52.228788]}},{"type":"Feature","properties":{"text":"S1 S2 S3","n":3,"mode":"skm","angle":0,"op":"mix","color":"#5a6672"},"geometry":{"type":"Point","coordinates":[20.983336,52.228788]}},{"type":"Feature","properties":{"text":"WKD","n":1,"mode":"wkd","angle":0,"op":"mix","color":"#a518a3"},"geometry":{"type":"Point","coordinates":[20.983336,52.228788]}},{"type":"Feature","properties":{"text":"128 136 175 188 504 N32","n":6,"mode":"bus","angle":-90,"op":"ZTM Warszawa — buses","color":"#0059a9"},"geometry":{"type":"Point","coordinates":[20.992583,52.206125]}},{"type":"Feature","properties":{"text":"128 175 188 504 N32","n":5,"mode":"bus","angle":-90,"op":"ZTM Warszawa — buses","color":"#0059a9"},"geometry":{"type":"Point","coordinates":[20.995665,52.215568]}},{"type":"Feature","properties":{"text":"163 N31","n":2,"mode":"bus","angle":0,"op":"ZTM Warszawa — buses","color":"#0059a9"},"geometry":{"type":"Point","coordinates":[21.069644,52.183462]}},{"type":"Feature","properties":{"text":"136","n":1,"mode":"bus","angle":90,"op":"ZTM Warszawa — buses","color":"#0059a9"},"geometry":{"type":"Point","coordinates":[20.986418,52.183462]}},{"type":"Feature","properties":{"text":"136 331 504 709 727 739 N34 N83","n":8,"mode":"bus","angle":0,"op":"ZTM Warszawa — buses","color":"#0059a9"},"geometry":{"type":"Point","coordinates":[21.020325,52.166465]}},{"type":"Feature","properties":{"text":"504","n":1,"mode":"bus","angle":0,"op":"ZTM Warszawa — buses","color":"#0059a9"},"geometry":{"type":"Point","coordinates":[21.017242,52.158911]}},{"type":"Feature","properties":{"text":"239","n":1,"mode":"bus","angle":0,"op":"ZTM Warszawa — buses","color":"#0059a9"},"geometry":{"type":"Point","coordinates":[21.072726,52.157022]}},{"type":"Feature","properties":{"text":"Z2M Z4M","n":2,"mode":"bus","angle":-90,"op":"Ząbki","color":"#0059a9"},"geometry":{"type":"Point","coordinates":[21.088138,52.249562]}},{"type":"Feature","properties":{"text":"Z4M","n":1,"mode":"bus","angle":-90,"op":"Ząbki","color":"#0059a9"},"geometry":{"type":"Point","coordinates":[21.069644,52.264671]}},{"type":"Feature","properties":{"text":"148 331","n":2,"mode":"bus","angle":0,"op":"ZTM Warszawa — buses","color":"#0059a9"},"geometry":{"type":"Point","coordinates":[20.977171,52.162688]}},{"type":"Feature","properties":{"text":"1 2 3 97 150 N56","n":6,"mode":"bus","angle":0,"op":"mix","color":"#0059a9"},"geometry":{"type":"Point","coordinates":[20.91244,52.289222]}},{"type":"Feature","properties":{"text":"208","n":1,"mode":"bus","angle":0,"op":"ZTM Warszawa — buses","color":"#0059a9"},"geometry":{"type":"Point","coordinates":[20.955594,52.196682]}},{"type":"Feature","properties":{"text":"161 229","n":2,"mode":"bus","angle":-90,"op":"ZTM Warszawa — buses","color":"#0059a9"},"geometry":{"type":"Point","coordinates":[21.112797,52.177797]}},{"type":"Feature","properties":{"text":"N62","n":1,"mode":"bus","angle":-90,"op":"ZTM Warszawa — buses","color":"#0059a9"},"geometry":{"type":"Point","coordinates":[21.081973,52.260894]}},{"type":"Feature","properties":{"text":"717 817","n":2,"mode":"bus","angle":0,"op":"ZTM Warszawa — buses","color":"#0059a9"},"geometry":{"type":"Point","coordinates":[20.890863,52.181574]}},{"type":"Feature","properties":{"text":"208","n":1,"mode":"bus","angle":0,"op":"ZTM Warszawa — buses","color":"#0059a9"},"geometry":{"type":"Point","coordinates":[20.943264,52.196682]}},{"type":"Feature","properties":{"text":"61","n":1,"mode":"bus","angle":0,"op":"GPA Grodzisk — buses","color":"#0059a9"},"geometry":{"type":"Point","coordinates":[20.903193,52.179685]}},{"type":"Feature","properties":{"text":"WKD","n":1,"mode":"wkd","angle":0,"op":"WKD","color":"#a518a3"},"geometry":{"type":"Point","coordinates":[20.90011,52.177797]}},{"type":"Feature","properties":{"text":"706 L-1 N88","n":3,"mode":"bus","angle":0,"op":"ZTM Warszawa — buses","color":"#0059a9"},"geometry":{"type":"Point","coordinates":[20.927852,52.155134]}},{"type":"Feature","properties":{"text":"W3","n":1,"mode":"bus","angle":-90,"op":"Wieliszew","color":"#0059a9"},"geometry":{"type":"Point","coordinates":[21.140539,52.219345]}},{"type":"Feature","properties":{"text":"720 722 730","n":3,"mode":"bus","angle":90,"op":"ZTM Warszawa — buses","color":"#0059a9"},"geometry":{"type":"Point","coordinates":[21.131292,52.21368]}},{"type":"Feature","properties":{"text":"707 737 L-3","n":3,"mode":"bus","angle":0,"op":"ZTM Warszawa — buses","color":"#0059a9"},"geometry":{"type":"Point","coordinates":[20.967924,52.132471]}},{"type":"Feature","properties":{"text":"707 710","n":2,"mode":"bus","angle":0,"op":"ZTM Warszawa — buses","color":"#0059a9"},"geometry":{"type":"Point","coordinates":[20.998748,52.128694]}},{"type":"Feature","properties":{"text":"L-1","n":1,"mode":"bus","angle":0,"op":"ZTM Warszawa — buses","color":"#0059a9"},"geometry":{"type":"Point","coordinates":[20.980253,52.128694]}},{"type":"Feature","properties":{"text":"L-1","n":1,"mode":"bus","angle":0,"op":"ZTM Warszawa — buses","color":"#0059a9"},"geometry":{"type":"Point","coordinates":[20.995665,52.126805]}},{"type":"Feature","properties":{"text":"715 737 L33","n":3,"mode":"bus","angle":0,"op":"ZTM Warszawa — buses","color":"#0059a9"},"geometry":{"type":"Point","coordinates":[20.998748,52.141914]}},{"type":"Feature","properties":{"text":"710","n":1,"mode":"bus","angle":0,"op":"ZTM Warszawa — buses","color":"#0059a9"},"geometry":{"type":"Point","coordinates":[21.023407,52.130582]}},{"type":"Feature","properties":{"text":"L33","n":1,"mode":"bus","angle":0,"op":"ZTM Warszawa — buses","color":"#0059a9"},"geometry":{"type":"Point","coordinates":[20.977171,52.140025]}},{"type":"Feature","properties":{"text":"41 42","n":2,"mode":"bus","angle":90,"op":"GPA Grodzisk — buses","color":"#0059a9"},"geometry":{"type":"Point","coordinates":[20.801473,52.2269]}},{"type":"Feature","properties":{"text":"96","n":1,"mode":"bus","angle":90,"op":"GPA Grodzisk — buses","color":"#0059a9"},"geometry":{"type":"Point","coordinates":[20.866204,52.238231]}},{"type":"Feature","properties":{"text":"720","n":1,"mode":"bus","angle":0,"op":"ZTM Warszawa — buses","color":"#0059a9"},"geometry":{"type":"Point","coordinates":[21.168281,52.181574]}},{"type":"Feature","properties":{"text":"722","n":1,"mode":"bus","angle":90,"op":"ZTM Warszawa — buses","color":"#0059a9"},"geometry":{"type":"Point","coordinates":[21.137457,52.192905]}},{"type":"Feature","properties":{"text":"L12","n":1,"mode":"bus","angle":0,"op":"ZTM Warszawa — buses","color":"#0059a9"},"geometry":{"type":"Point","coordinates":[20.958676,52.117362]}},{"type":"Feature","properties":{"text":"727 L-2 L-5 L12 L13 L17 L18 L32 L52","n":9,"mode":"bus","angle":0,"op":"ZTM Warszawa — buses","color":"#0059a9"},"geometry":{"type":"Point","coordinates":[20.989501,52.121139]}},{"type":"Feature","properties":{"text":"727 737","n":2,"mode":"bus","angle":0,"op":"ZTM Warszawa — buses","color":"#0059a9"},"geometry":{"type":"Point","coordinates":[20.937099,52.124917]}},{"type":"Feature","properties":{"text":"737 L-4","n":2,"mode":"bus","angle":0,"op":"ZTM Warszawa — buses","color":"#0059a9"},"geometry":{"type":"Point","coordinates":[20.971006,52.134359]}},{"type":"Feature","properties":{"text":"R9","n":1,"mode":"bus","angle":0,"op":"Radzymin","color":"#0059a9"},"geometry":{"type":"Point","coordinates":[21.078891,52.300554]}},{"type":"Feature","properties":{"text":"742 L21","n":2,"mode":"bus","angle":-90,"op":"ZTM Warszawa — buses","color":"#0059a9"},"geometry":{"type":"Point","coordinates":[21.081973,52.117362]}},{"type":"Feature","properties":{"text":"743","n":1,"mode":"bus","angle":0,"op":"ZTM Warszawa — buses","color":"#0059a9"},"geometry":{"type":"Point","coordinates":[20.844627,52.225011]}},{"type":"Feature","properties":{"text":"94","n":1,"mode":"bus","angle":-90,"op":"GPA Grodzisk — buses","color":"#0059a9"},"geometry":{"type":"Point","coordinates":[20.829215,52.228788]}},{"type":"Feature","properties":{"text":"755","n":1,"mode":"bus","angle":0,"op":"ZTM Warszawa — buses","color":"#0059a9"},"geometry":{"type":"Point","coordinates":[20.875451,52.293]}},{"type":"Feature","properties":{"text":"WKD","n":1,"mode":"wkd","angle":90,"op":"WKD","color":"#a518a3"},"geometry":{"type":"Point","coordinates":[20.878533,52.177797]}},{"type":"Feature","properties":{"text":"L-7 L41","n":2,"mode":"bus","angle":0,"op":"ZTM Warszawa — buses","color":"#0059a9"},"geometry":{"type":"Point","coordinates":[20.875451,52.30622]}},{"type":"Feature","properties":{"text":"L-9 L11 W2","n":3,"mode":"bus","angle":0,"op":"mix","color":"#0059a9"},"geometry":{"type":"Point","coordinates":[20.977171,52.321328]}},{"type":"Feature","properties":{"text":"W1","n":1,"mode":"bus","angle":90,"op":"Wieliszew","color":"#0059a9"},"geometry":{"type":"Point","coordinates":[20.930935,52.317551]}},{"type":"Feature","properties":{"text":"L28","n":1,"mode":"bus","angle":0,"op":"ZTM Warszawa — buses","color":"#0059a9"},"geometry":{"type":"Point","coordinates":[21.017242,52.115474]}},{"type":"Feature","properties":{"text":"L15","n":1,"mode":"bus","angle":90,"op":"ZTM Warszawa — buses","color":"#0059a9"},"geometry":{"type":"Point","coordinates":[21.057314,52.119251]}},{"type":"Feature","properties":{"text":"L54","n":1,"mode":"bus","angle":0,"op":"ZTM Warszawa — buses","color":"#0059a9"},"geometry":{"type":"Point","coordinates":[21.063479,52.115474]}},{"type":"Feature","properties":{"text":"L27 L44","n":2,"mode":"bus","angle":-90,"op":"ZTM Warszawa — buses","color":"#0059a9"},"geometry":{"type":"Point","coordinates":[21.081973,52.283557]}},{"type":"Feature","properties":{"text":"L27 L37","n":2,"mode":"bus","angle":90,"op":"ZTM Warszawa — buses","color":"#0059a9"},"geometry":{"type":"Point","coordinates":[21.097385,52.274114]}},{"type":"Feature","properties":{"text":"L31 R1 R2 R31 R4 R5","n":6,"mode":"bus","angle":0,"op":"mix","color":"#0059a9"},"geometry":{"type":"Point","coordinates":[21.069644,52.308108]}},{"type":"Feature","properties":{"text":"L35","n":1,"mode":"bus","angle":0,"op":"ZTM Warszawa — buses","color":"#0059a9"},"geometry":{"type":"Point","coordinates":[21.12821,52.27978]}},{"type":"Feature","properties":{"text":"L38","n":1,"mode":"bus","angle":0,"op":"ZTM Warszawa — buses","color":"#0059a9"},"geometry":{"type":"Point","coordinates":[21.118962,52.268448]}},{"type":"Feature","properties":{"text":"L37","n":1,"mode":"bus","angle":0,"op":"ZTM Warszawa — buses","color":"#0059a9"},"geometry":{"type":"Point","coordinates":[21.12821,52.262782]}},{"type":"Feature","properties":{"text":"N72","n":1,"mode":"bus","angle":-90,"op":"mix","color":"#0059a9"},"geometry":{"type":"Point","coordinates":[21.118962,52.172131]}},{"type":"Feature","properties":{"text":"S1","n":1,"mode":"skm","angle":-90,"op":"mix","color":"#E84A4B"},"geometry":{"type":"Point","coordinates":[21.118962,52.172131]}},{"type":"Feature","properties":{"text":"12 43","n":2,"mode":"bus","angle":-90,"op":"GPA Grodzisk — buses","color":"#0059a9"},"geometry":{"type":"Point","coordinates":[20.79839,52.21368]}},{"type":"Feature","properties":{"text":"12 14 43","n":3,"mode":"bus","angle":90,"op":"GPA Grodzisk — buses","color":"#0059a9"},"geometry":{"type":"Point","coordinates":[20.801473,52.206125]}},{"type":"Feature","properties":{"text":"15 23 45","n":3,"mode":"bus","angle":90,"op":"GPA Grodzisk — buses","color":"#0059a9"},"geometry":{"type":"Point","coordinates":[20.844627,52.160799]}},{"type":"Feature","properties":{"text":"15 45","n":2,"mode":"bus","angle":-90,"op":"GPA Grodzisk — buses","color":"#0059a9"},"geometry":{"type":"Point","coordinates":[20.829215,52.164577]}},{"type":"Feature","properties":{"text":"20 80","n":2,"mode":"bus","angle":90,"op":"GPA Grodzisk — buses","color":"#0059a9"},"geometry":{"type":"Point","coordinates":[20.776813,52.179685]}},{"type":"Feature","properties":{"text":"23","n":1,"mode":"bus","angle":0,"op":"GPA Grodzisk — buses","color":"#0059a9"},"geometry":{"type":"Point","coordinates":[20.850791,52.143802]}},{"type":"Feature","properties":{"text":"25","n":1,"mode":"bus","angle":90,"op":"GPA Grodzisk — buses","color":"#0059a9"},"geometry":{"type":"Point","coordinates":[20.789143,52.174019]}},{"type":"Feature","properties":{"text":"25 26","n":2,"mode":"bus","angle":-90,"op":"GPA Grodzisk — buses","color":"#0059a9"},"geometry":{"type":"Point","coordinates":[20.782978,52.191017]}},{"type":"Feature","properties":{"text":"51","n":1,"mode":"bus","angle":90,"op":"GPA Grodzisk — buses","color":"#0059a9"},"geometry":{"type":"Point","coordinates":[20.841544,52.130582]}},{"type":"Feature","properties":{"text":"30","n":1,"mode":"bus","angle":90,"op":"GPA Grodzisk — buses","color":"#0059a9"},"geometry":{"type":"Point","coordinates":[20.829215,52.124917]}},{"type":"Feature","properties":{"text":"32 33 52","n":3,"mode":"bus","angle":0,"op":"GPA Grodzisk — buses","color":"#0059a9"},"geometry":{"type":"Point","coordinates":[20.869286,52.121139]}},{"type":"Feature","properties":{"text":"33","n":1,"mode":"bus","angle":-90,"op":"GPA Grodzisk — buses","color":"#0059a9"},"geometry":{"type":"Point","coordinates":[20.856956,52.136248]}},{"type":"Feature","properties":{"text":"35 55","n":2,"mode":"bus","angle":-90,"op":"GPA Grodzisk — buses","color":"#0059a9"},"geometry":{"type":"Point","coordinates":[20.835379,52.158911]}},{"type":"Feature","properties":{"text":"40","n":1,"mode":"bus","angle":-90,"op":"GPA Grodzisk — buses","color":"#0059a9"},"geometry":{"type":"Point","coordinates":[20.807638,52.215568]}},{"type":"Feature","properties":{"text":"41","n":1,"mode":"bus","angle":0,"op":"GPA Grodzisk — buses","color":"#0059a9"},"geometry":{"type":"Point","coordinates":[20.779896,52.225011]}},{"type":"Feature","properties":{"text":"41","n":1,"mode":"bus","angle":0,"op":"GPA Grodzisk — buses","color":"#0059a9"},"geometry":{"type":"Point","coordinates":[20.795308,52.223122]}},{"type":"Feature","properties":{"text":"77","n":1,"mode":"bus","angle":0,"op":"GPA Grodzisk — buses","color":"#0059a9"},"geometry":{"type":"Point","coordinates":[20.853874,52.183462]}},{"type":"Feature","properties":{"text":"77","n":1,"mode":"bus","angle":0,"op":"GPA Grodzisk — buses","color":"#0059a9"},"geometry":{"type":"Point","coordinates":[20.841544,52.202348]}},{"type":"Feature","properties":{"text":"77","n":1,"mode":"bus","angle":0,"op":"GPA Grodzisk — buses","color":"#0059a9"},"geometry":{"type":"Point","coordinates":[20.82305,52.198571]}},{"type":"Feature","properties":{"text":"C02","n":1,"mode":"bus","angle":90,"op":"Powiat miński","color":"#0059a9"},"geometry":{"type":"Point","coordinates":[21.220682,52.179685]}},{"type":"Feature","properties":{"text":"C02 P10","n":2,"mode":"bus","angle":-90,"op":"Powiat miński","color":"#0059a9"},"geometry":{"type":"Point","coordinates":[21.233012,52.187239]}},{"type":"Feature","properties":{"text":"P06","n":1,"mode":"bus","angle":0,"op":"Powiat miński","color":"#0059a9"},"geometry":{"type":"Point","coordinates":[21.186776,52.198571]}},{"type":"Feature","properties":{"text":"P02","n":1,"mode":"bus","angle":0,"op":"Powiat miński","color":"#0059a9"},"geometry":{"type":"Point","coordinates":[21.174446,52.238231]}},{"type":"Feature","properties":{"text":"P02 P03","n":2,"mode":"bus","angle":90,"op":"Powiat miński","color":"#0059a9"},"geometry":{"type":"Point","coordinates":[21.137457,52.238231]}},{"type":"Feature","properties":{"text":"P03","n":1,"mode":"bus","angle":90,"op":"Powiat miński","color":"#0059a9"},"geometry":{"type":"Point","coordinates":[21.155951,52.225011]}},{"type":"Feature","properties":{"text":"R1 R2","n":2,"mode":"bus","angle":0,"op":"Radzymin","color":"#0059a9"},"geometry":{"type":"Point","coordinates":[21.063479,52.31944]}},{"type":"Feature","properties":{"text":"Z3","n":1,"mode":"bus","angle":0,"op":"Ząbki","color":"#0059a9"},"geometry":{"type":"Point","coordinates":[21.063479,52.274114]}},{"type":"Feature","properties":{"text":"103","n":1,"mode":"bus","angle":90,"op":"ZTM Warszawa — buses","color":"#0059a9"},"geometry":{"type":"Point","coordinates":[20.958676,52.232565]}},{"type":"Feature","properties":{"text":"185","n":1,"mode":"bus","angle":90,"op":"ZTM Warszawa — buses","color":"#0059a9"},"geometry":{"type":"Point","coordinates":[21.044984,52.234454]}},{"type":"Feature","properties":{"text":"320 N41","n":2,"mode":"bus","angle":-90,"op":"mix","color":"#0059a9"},"geometry":{"type":"Point","coordinates":[20.909358,52.230677]}},{"type":"Feature","properties":{"text":"10 11 26","n":3,"mode":"tram","angle":-90,"op":"mix","color":"#d6212b"},"geometry":{"type":"Point","coordinates":[20.909358,52.230677]}},{"type":"Feature","properties":{"text":"167 197 N42","n":3,"mode":"bus","angle":90,"op":"ZTM Warszawa — buses","color":"#0059a9"},"geometry":{"type":"Point","coordinates":[20.930935,52.236342]}},{"type":"Feature","properties":{"text":"P01","n":1,"mode":"bus","angle":-90,"op":"Powiat miński","color":"#0059a9"},"geometry":{"type":"Point","coordinates":[21.180611,52.234454]}},{"type":"Feature","properties":{"text":"L-1","n":1,"mode":"bus","angle":-90,"op":"ZTM Warszawa — buses","color":"#0059a9"},"geometry":{"type":"Point","coordinates":[20.943264,52.145691]}},{"type":"Feature","properties":{"text":"82","n":1,"mode":"bus","angle":90,"op":"GPA Grodzisk — buses","color":"#0059a9"},"geometry":{"type":"Point","coordinates":[20.81072,52.140025]}},{"type":"Feature","properties":{"text":"152 511 723 731","n":4,"mode":"bus","angle":-90,"op":"ZTM Warszawa — buses","color":"#0059a9"},"geometry":{"type":"Point","coordinates":[20.977171,52.288278]}},{"type":"Feature","properties":{"text":"131 162 180 185 187 N33 N83","n":7,"mode":"bus","angle":90,"op":"ZTM Warszawa — buses","color":"#0059a9"},"geometry":{"type":"Point","coordinates":[21.054231,52.197627]}},{"type":"Feature","properties":{"text":"116 166 172 503 E-2 N31 N81","n":7,"mode":"bus","angle":90,"op":"mix","color":"#0059a9"},"geometry":{"type":"Point","coordinates":[21.044984,52.197627]}},{"type":"Feature","properties":{"text":"14 16 19 67","n":4,"mode":"tram","angle":90,"op":"mix","color":"#d6212b"},"geometry":{"type":"Point","coordinates":[21.044984,52.197627]}},{"type":"Feature","properties":{"text":"118 N37","n":2,"mode":"bus","angle":90,"op":"mix","color":"#0059a9"},"geometry":{"type":"Point","coordinates":[21.035737,52.195738]}},{"type":"Feature","properties":{"text":"4 10 18","n":3,"mode":"tram","angle":90,"op":"mix","color":"#d6212b"},"geometry":{"type":"Point","coordinates":[21.035737,52.195738]}},{"type":"Feature","properties":{"text":"119 174 N34","n":3,"mode":"bus","angle":90,"op":"mix","color":"#0059a9"},"geometry":{"type":"Point","coordinates":[21.011078,52.199515]}},{"type":"Feature","properties":{"text":"17 67","n":2,"mode":"tram","angle":90,"op":"mix","color":"#d6212b"},"geometry":{"type":"Point","coordinates":[21.011078,52.199515]}},{"type":"Feature","properties":{"text":"127 178 187 191 517 717 817 N01 N35 N85","n":10,"mode":"bus","angle":90,"op":"mix","color":"#0059a9"},"geometry":{"type":"Point","coordinates":[20.92477,52.199515]}},{"type":"Feature","properties":{"text":"S1","n":1,"mode":"skm","angle":90,"op":"mix","color":"#E84A4B"},"geometry":{"type":"Point","coordinates":[20.92477,52.199515]}},{"type":"Feature","properties":{"text":"WKD","n":1,"mode":"wkd","angle":90,"op":"mix","color":"#a518a3"},"geometry":{"type":"Point","coordinates":[20.92477,52.199515]}},{"type":"Feature","properties":{"text":"128","n":1,"mode":"bus","angle":90,"op":"ZTM Warszawa — buses","color":"#0059a9"},"geometry":{"type":"Point","coordinates":[20.971006,52.199515]}},{"type":"Feature","properties":{"text":"207","n":1,"mode":"bus","angle":-90,"op":"ZTM Warszawa — buses","color":"#0059a9"},"geometry":{"type":"Point","coordinates":[20.893945,52.199515]}},{"type":"Feature","properties":{"text":"142 702 N72","n":3,"mode":"bus","angle":-90,"op":"ZTM Warszawa — buses","color":"#0059a9"},"geometry":{"type":"Point","coordinates":[21.091221,52.197627]}},{"type":"Feature","properties":{"text":"187 194 N35","n":3,"mode":"bus","angle":-90,"op":"ZTM Warszawa — buses","color":"#0059a9"},"geometry":{"type":"Point","coordinates":[20.878533,52.197627]}},{"type":"Feature","properties":{"text":"S2 S3 S4 S40","n":4,"mode":"skm","angle":90,"op":"SKM","color":"#5a6672"},"geometry":{"type":"Point","coordinates":[20.934017,52.195738]}},{"type":"Feature","properties":{"text":"25","n":1,"mode":"bus","angle":90,"op":"GPA Grodzisk — buses","color":"#0059a9"},"geometry":{"type":"Point","coordinates":[20.786061,52.197627]}},{"type":"Feature","properties":{"text":"10 11","n":2,"mode":"bus","angle":90,"op":"GPA Grodzisk — buses","color":"#0059a9"},"geometry":{"type":"Point","coordinates":[20.79839,52.195738]}},{"type":"Feature","properties":{"text":"19","n":1,"mode":"bus","angle":90,"op":"GPA Grodzisk — buses","color":"#0059a9"},"geometry":{"type":"Point","coordinates":[20.79839,52.195738]}},{"type":"Feature","properties":{"text":"48 64 68","n":3,"mode":"bus","angle":90,"op":"GPA Grodzisk — buses","color":"#0059a9"},"geometry":{"type":"Point","coordinates":[20.847709,52.199515]}},{"type":"Feature","properties":{"text":"P01 P07 P08 P09","n":4,"mode":"bus","angle":90,"op":"Powiat miński","color":"#0059a9"},"geometry":{"type":"Point","coordinates":[21.196023,52.197627]}},{"type":"Feature","properties":{"text":"P10","n":1,"mode":"bus","angle":-90,"op":"Powiat miński","color":"#0059a9"},"geometry":{"type":"Point","coordinates":[21.199105,52.195738]}},{"type":"Feature","properties":{"text":"123 138 166 509 E-1 N02","n":6,"mode":"bus","angle":90,"op":"mix","color":"#0059a9"},"geometry":{"type":"Point","coordinates":[21.044984,52.242952]}},{"type":"Feature","properties":{"text":"7 22 25","n":3,"mode":"tram","angle":90,"op":"mix","color":"#d6212b"},"geometry":{"type":"Point","coordinates":[21.044984,52.242952]}},{"type":"Feature","properties":{"text":"123","n":1,"mode":"bus","angle":90,"op":"ZTM Warszawa — buses","color":"#0059a9"},"geometry":{"type":"Point","coordinates":[21.069644,52.242952]}},{"type":"Feature","properties":{"text":"156","n":1,"mode":"bus","angle":0,"op":"ZTM Warszawa — buses","color":"#0059a9"},"geometry":{"type":"Point","coordinates":[20.95097,52.270337]}},{"type":"Feature","properties":{"text":"M1","n":1,"mode":"metro","angle":0,"op":"Metro","color":"#0000BB"},"geometry":{"type":"Point","coordinates":[20.95097,52.270337]}},{"type":"Feature","properties":{"text":"114 N41 N91","n":3,"mode":"bus","angle":0,"op":"mix","color":"#0059a9"},"geometry":{"type":"Point","coordinates":[20.954053,52.26656]}},{"type":"Feature","properties":{"text":"16 19 22 28 33","n":5,"mode":"tram","angle":0,"op":"mix","color":"#d6212b"},"geometry":{"type":"Point","coordinates":[20.954053,52.26656]}},{"type":"Feature","properties":{"text":"186 414","n":2,"mode":"bus","angle":90,"op":"ZTM Warszawa — buses","color":"#0059a9"},"geometry":{"type":"Point","coordinates":[20.952511,52.256172]}},{"type":"Feature","properties":{"text":"180 409 N41 N91","n":4,"mode":"bus","angle":0,"op":"ZTM Warszawa — buses","color":"#0059a9"},"geometry":{"type":"Point","coordinates":[20.969465,52.257117]}},{"type":"Feature","properties":{"text":"136 171 190 N42","n":4,"mode":"bus","angle":0,"op":"ZTM Warszawa — buses","color":"#0059a9"},"geometry":{"type":"Point","coordinates":[20.957135,52.243897]}},{"type":"Feature","properties":{"text":"169 N02","n":2,"mode":"bus","angle":0,"op":"mix","color":"#0059a9"},"geometry":{"type":"Point","coordinates":[21.021866,52.272225]}},{"type":"Feature","properties":{"text":"M2","n":1,"mode":"metro","angle":0,"op":"mix","color":"#BB0000"},"geometry":{"type":"Point","coordinates":[21.021866,52.272225]}},{"type":"Feature","properties":{"text":"129 189 320 N01 N41","n":5,"mode":"bus","angle":-90,"op":"mix","color":"#0059a9"},"geometry":{"type":"Point","coordinates":[20.909358,52.224067]}},{"type":"Feature","properties":{"text":"10 11 26","n":3,"mode":"tram","angle":-90,"op":"mix","color":"#d6212b"},"geometry":{"type":"Point","coordinates":[20.909358,52.224067]}},{"type":"Feature","properties":{"text":"177 220","n":2,"mode":"bus","angle":90,"op":"ZTM Warszawa — buses","color":"#0059a9"},"geometry":{"type":"Point","coordinates":[20.90011,52.214624]}},{"type":"Feature","properties":{"text":"112 122 177 189 190 249 349 743 N42","n":9,"mode":"bus","angle":0,"op":"ZTM Warszawa — buses","color":"#0059a9"},"geometry":{"type":"Point","coordinates":[20.904734,52.2269]}},{"type":"Feature","properties":{"text":"249 743","n":2,"mode":"bus","angle":0,"op":"ZTM Warszawa — buses","color":"#0059a9"},"geometry":{"type":"Point","coordinates":[20.895487,52.2269]}},{"type":"Feature","properties":{"text":"106 N14 N16 N64","n":4,"mode":"bus","angle":0,"op":"ZTM Warszawa — buses","color":"#0059a9"},"geometry":{"type":"Point","coordinates":[21.031113,52.24012]}},{"type":"Feature","properties":{"text":"178 N14 N16 N44 N64","n":5,"mode":"bus","angle":0,"op":"mix","color":"#0059a9"},"geometry":{"type":"Point","coordinates":[21.021866,52.24012]}},{"type":"Feature","properties":{"text":"M2","n":1,"mode":"metro","angle":0,"op":"mix","color":"#BB0000"},"geometry":{"type":"Point","coordinates":[21.021866,52.24012]}},{"type":"Feature","properties":{"text":"S3","n":1,"mode":"skm","angle":0,"op":"mix","color":"#FFAC01"},"geometry":{"type":"Point","coordinates":[21.021866,52.24012]}},{"type":"Feature","properties":{"text":"106","n":1,"mode":"bus","angle":0,"op":"ZTM Warszawa — buses","color":"#0059a9"},"geometry":{"type":"Point","coordinates":[21.009536,52.245785]}},{"type":"Feature","properties":{"text":"106","n":1,"mode":"bus","angle":0,"op":"ZTM Warszawa — buses","color":"#0059a9"},"geometry":{"type":"Point","coordinates":[21.000289,52.245785]}},{"type":"Feature","properties":{"text":"106","n":1,"mode":"bus","angle":0,"op":"ZTM Warszawa — buses","color":"#0059a9"},"geometry":{"type":"Point","coordinates":[20.987959,52.243897]}},{"type":"Feature","properties":{"text":"171 190","n":2,"mode":"bus","angle":0,"op":"ZTM Warszawa — buses","color":"#0059a9"},"geometry":{"type":"Point","coordinates":[20.97563,52.245785]}},{"type":"Feature","properties":{"text":"171 190 N42","n":3,"mode":"bus","angle":0,"op":"mix","color":"#0059a9"},"geometry":{"type":"Point","coordinates":[20.994124,52.249562]}},{"type":"Feature","properties":{"text":"13 20 23 26","n":4,"mode":"tram","angle":0,"op":"mix","color":"#d6212b"},"geometry":{"type":"Point","coordinates":[20.994124,52.249562]}},{"type":"Feature","properties":{"text":"178 N14 N16 N44 N64","n":5,"mode":"bus","angle":0,"op":"mix","color":"#0059a9"},"geometry":{"type":"Point","coordinates":[21.009536,52.242008]}},{"type":"Feature","properties":{"text":"M2","n":1,"mode":"metro","angle":0,"op":"mix","color":"#BB0000"},"geometry":{"type":"Point","coordinates":[21.009536,52.242008]}},{"type":"Feature","properties":{"text":"160 190 N21 N71","n":4,"mode":"bus","angle":0,"op":"mix","color":"#0059a9"},"geometry":{"type":"Point","coordinates":[21.009536,52.25334]}},{"type":"Feature","properties":{"text":"4 13 20 23 26","n":5,"mode":"tram","angle":0,"op":"mix","color":"#d6212b"},"geometry":{"type":"Point","coordinates":[21.009536,52.25334]}},{"type":"Feature","properties":{"text":"171 N13 N42 N63","n":4,"mode":"bus","angle":0,"op":"ZTM Warszawa — buses","color":"#0059a9"},"geometry":{"type":"Point","coordinates":[21.003371,52.249562]}},{"type":"Feature","properties":{"text":"116 166 180","n":3,"mode":"bus","angle":90,"op":"ZTM Warszawa — buses","color":"#0059a9"},"geometry":{"type":"Point","coordinates":[21.041902,52.225955]}},{"type":"Feature","properties":{"text":"108 162","n":2,"mode":"bus","angle":90,"op":"ZTM Warszawa — buses","color":"#0059a9"},"geometry":{"type":"Point","coordinates":[21.048067,52.222178]}},{"type":"Feature","properties":{"text":"107 131 141 159 162 167 185 187 N33 N83","n":10,"mode":"bus","angle":90,"op":"ZTM Warszawa — buses","color":"#0059a9"},"geometry":{"type":"Point","coordinates":[21.054231,52.208958]}},{"type":"Feature","properties":{"text":"107 131 141 162 180 185 187 N31 N33 N81 N83","n":11,"mode":"bus","angle":90,"op":"ZTM Warszawa — buses","color":"#0059a9"},"geometry":{"type":"Point","coordinates":[21.054231,52.203292]}},{"type":"Feature","properties":{"text":"167 168 180 N31 N81","n":5,"mode":"bus","angle":0,"op":"ZTM Warszawa — buses","color":"#0059a9"},"geometry":{"type":"Point","coordinates":[21.049608,52.206125]}},{"type":"Feature","properties":{"text":"11","n":1,"mode":"tram","angle":0,"op":"Tramwaje Warszawskie","color":"#d6212b"},"geometry":{"type":"Point","coordinates":[21.049608,52.206125]}},{"type":"Feature","properties":{"text":"107","n":1,"mode":"bus","angle":90,"op":"ZTM Warszawa — buses","color":"#0059a9"},"geometry":{"type":"Point","coordinates":[21.048067,52.19385]}},{"type":"Feature","properties":{"text":"107 148 N03","n":3,"mode":"bus","angle":90,"op":"ZTM Warszawa — buses","color":"#0059a9"},"geometry":{"type":"Point","coordinates":[21.051149,52.191961]}},{"type":"Feature","properties":{"text":"402","n":1,"mode":"bus","angle":-90,"op":"ZTM Warszawa — buses","color":"#0059a9"},"geometry":{"type":"Point","coordinates":[21.054231,52.19385]}},{"type":"Feature","properties":{"text":"107 166","n":2,"mode":"bus","angle":90,"op":"ZTM Warszawa — buses","color":"#0059a9"},"geometry":{"type":"Point","coordinates":[21.041902,52.178741]}},{"type":"Feature","properties":{"text":"402 503","n":2,"mode":"bus","angle":90,"op":"ZTM Warszawa — buses","color":"#0059a9"},"geometry":{"type":"Point","coordinates":[21.041902,52.178741]}},{"type":"Feature","properties":{"text":"401","n":1,"mode":"bus","angle":90,"op":"mix","color":"#0059a9"},"geometry":{"type":"Point","coordinates":[21.02649,52.174964]}},{"type":"Feature","properties":{"text":"M1","n":1,"mode":"metro","angle":90,"op":"mix","color":"#0000BB"},"geometry":{"type":"Point","coordinates":[21.02649,52.174964]}},{"type":"Feature","properties":{"text":"M1","n":1,"mode":"metro","angle":-90,"op":"Metro","color":"#0000BB"},"geometry":{"type":"Point","coordinates":[21.02649,52.180629]}},{"type":"Feature","properties":{"text":"100 116 166 180 503 E-2","n":6,"mode":"bus","angle":90,"op":"ZTM Warszawa — buses","color":"#0059a9"},"geometry":{"type":"Point","coordinates":[21.035737,52.229732]}},{"type":"Feature","properties":{"text":"108 131 180 185 187 N33 N83","n":7,"mode":"bus","angle":90,"op":"ZTM Warszawa — buses","color":"#0059a9"},"geometry":{"type":"Point","coordinates":[21.060396,52.190072]}},{"type":"Feature","properties":{"text":"130","n":1,"mode":"bus","angle":0,"op":"ZTM Warszawa — buses","color":"#0059a9"},"geometry":{"type":"Point","coordinates":[21.055773,52.192905]}},{"type":"Feature","properties":{"text":"409","n":1,"mode":"bus","angle":0,"op":"ZTM Warszawa — buses","color":"#0059a9"},"geometry":{"type":"Point","coordinates":[20.917064,52.274114]}},{"type":"Feature","properties":{"text":"N91","n":1,"mode":"bus","angle":90,"op":"ZTM Warszawa — buses","color":"#0059a9"},"geometry":{"type":"Point","coordinates":[20.906275,52.265615]}},{"type":"Feature","properties":{"text":"121","n":1,"mode":"bus","angle":-90,"op":"ZTM Warszawa — buses","color":"#0059a9"},"geometry":{"type":"Point","coordinates":[20.971006,52.269392]}},{"type":"Feature","properties":{"text":"507 521","n":2,"mode":"bus","angle":0,"op":"mix","color":"#0059a9"},"geometry":{"type":"Point","coordinates":[21.040361,52.238231]}},{"type":"Feature","properties":{"text":"7 9 22 24 25","n":5,"mode":"tram","angle":0,"op":"mix","color":"#d6212b"},"geometry":{"type":"Point","coordinates":[21.040361,52.238231]}},{"type":"Feature","properties":{"text":"507 521","n":2,"mode":"bus","angle":0,"op":"mix","color":"#0059a9"},"geometry":{"type":"Point","coordinates":[21.028031,52.236342]}},{"type":"Feature","properties":{"text":"S1 S2","n":2,"mode":"skm","angle":0,"op":"mix","color":"#5a6672"},"geometry":{"type":"Point","coordinates":[21.028031,52.236342]}},{"type":"Feature","properties":{"text":"157 181 185 N46","n":4,"mode":"bus","angle":0,"op":"ZTM Warszawa — buses","color":"#0059a9"},"geometry":{"type":"Point","coordinates":[20.97563,52.272225]}},{"type":"Feature","properties":{"text":"145 199 245","n":3,"mode":"bus","angle":0,"op":"ZTM Warszawa — buses","color":"#0059a9"},"geometry":{"type":"Point","coordinates":[21.037278,52.272225]}},{"type":"Feature","properties":{"text":"M2","n":1,"mode":"metro","angle":0,"op":"Metro","color":"#BB0000"},"geometry":{"type":"Point","coordinates":[20.917064,52.24012]}},{"type":"Feature","properties":{"text":"132 134 226 326 N11","n":5,"mode":"bus","angle":0,"op":"ZTM Warszawa — buses","color":"#0059a9"},"geometry":{"type":"Point","coordinates":[21.034196,52.277891]}},{"type":"Feature","properties":{"text":"203","n":1,"mode":"bus","angle":0,"op":"ZTM Warszawa — buses","color":"#0059a9"},"geometry":{"type":"Point","coordinates":[20.926311,52.264671]}},{"type":"Feature","properties":{"text":"115 305 N25","n":3,"mode":"bus","angle":90,"op":"ZTM Warszawa — buses","color":"#0059a9"},"geometry":{"type":"Point","coordinates":[21.106633,52.224067]}},{"type":"Feature","properties":{"text":"115 N25","n":2,"mode":"bus","angle":90,"op":"ZTM Warszawa — buses","color":"#0059a9"},"geometry":{"type":"Point","coordinates":[21.106633,52.224067]}},{"type":"Feature","properties":{"text":"411 502","n":2,"mode":"bus","angle":0,"op":"ZTM Warszawa — buses","color":"#0059a9"},"geometry":{"type":"Point","coordinates":[21.111256,52.221234]}},{"type":"Feature","properties":{"text":"704 720 722 730","n":4,"mode":"bus","angle":0,"op":"ZTM Warszawa — buses","color":"#0059a9"},"geometry":{"type":"Point","coordinates":[21.111256,52.221234]}},{"type":"Feature","properties":{"text":"119 213 219 521 N22","n":5,"mode":"bus","angle":-90,"op":"mix","color":"#0059a9"},"geometry":{"type":"Point","coordinates":[21.10355,52.208958]}},{"type":"Feature","properties":{"text":"S1","n":1,"mode":"skm","angle":-90,"op":"mix","color":"#E84A4B"},"geometry":{"type":"Point","coordinates":[21.10355,52.208958]}},{"type":"Feature","properties":{"text":"115 319 521 N22","n":4,"mode":"bus","angle":90,"op":"mix","color":"#0059a9"},"geometry":{"type":"Point","coordinates":[21.109715,52.191961]}},{"type":"Feature","properties":{"text":"S1","n":1,"mode":"skm","angle":90,"op":"mix","color":"#E84A4B"},"geometry":{"type":"Point","coordinates":[21.109715,52.191961]}},{"type":"Feature","properties":{"text":"142 213 319","n":3,"mode":"bus","angle":0,"op":"ZTM Warszawa — buses","color":"#0059a9"},"geometry":{"type":"Point","coordinates":[21.108174,52.187239]}},{"type":"Feature","properties":{"text":"409 500 N12 N62","n":4,"mode":"bus","angle":0,"op":"mix","color":"#0059a9"},"geometry":{"type":"Point","coordinates":[21.000289,52.260894]}},{"type":"Feature","properties":{"text":"1 28","n":2,"mode":"tram","angle":0,"op":"mix","color":"#d6212b"},"geometry":{"type":"Point","coordinates":[21.000289,52.260894]}},{"type":"Feature","properties":{"text":"S4 S40","n":2,"mode":"skm","angle":0,"op":"mix","color":"#5a6672"},"geometry":{"type":"Point","coordinates":[21.000289,52.260894]}},{"type":"Feature","properties":{"text":"116 166 503 E-2","n":4,"mode":"bus","angle":90,"op":"mix","color":"#0059a9"},"geometry":{"type":"Point","coordinates":[21.044984,52.203292]}},{"type":"Feature","properties":{"text":"14 16 19 67","n":4,"mode":"tram","angle":90,"op":"mix","color":"#d6212b"},"geometry":{"type":"Point","coordinates":[21.044984,52.203292]}},{"type":"Feature","properties":{"text":"E-2","n":1,"mode":"bus","angle":90,"op":"ZTM Warszawa — buses","color":"#0059a9"},"geometry":{"type":"Point","coordinates":[21.048067,52.190072]}},{"type":"Feature","properties":{"text":"164 251 263 519 N31 N50","n":6,"mode":"bus","angle":90,"op":"ZTM Warszawa — buses","color":"#0059a9"},"geometry":{"type":"Point","coordinates":[21.063479,52.173075]}},{"type":"Feature","properties":{"text":"117 160 521 N11 N12 N13 N14 N16 N21 N32 N35 N38 N41 N44 N45 N46 N61 N62 N63 N64 N71 N85 N88 N91","n":24,"mode":"bus","angle":90,"op":"mix","color":"#0059a9"},"geometry":{"type":"Point","coordinates":[21.011078,52.237287]}},{"type":"Feature","properties":{"text":"S3","n":1,"mode":"skm","angle":90,"op":"mix","color":"#FFAC01"},"geometry":{"type":"Point","coordinates":[21.011078,52.237287]}},{"type":"Feature","properties":{"text":"117 127 128 131 158 175 507 517 520 521 525 N22 N24 N25 N31 N32 N33 N35 N37 N38 N42 N72 N81 N83 N85 N88","n":26,"mode":"bus","angle":0,"op":"mix","color":"#0059a9"},"geometry":{"type":"Point","coordinates":[21.015701,52.234454]}},{"type":"Feature","properties":{"text":"7 9 22 24 25","n":5,"mode":"tram","angle":0,"op":"mix","color":"#d6212b"},"geometry":{"type":"Point","coordinates":[21.015701,52.234454]}},{"type":"Feature","properties":{"text":"127 128 158 175 N32 N35 N38 N43 N85 N88","n":10,"mode":"bus","angle":0,"op":"mix","color":"#0059a9"},"geometry":{"type":"Point","coordinates":[21.003371,52.232565]}},{"type":"Feature","properties":{"text":"7 9 22 24 25","n":5,"mode":"tram","angle":0,"op":"mix","color":"#d6212b"},"geometry":{"type":"Point","coordinates":[21.003371,52.232565]}},{"type":"Feature","properties":{"text":"S1 S2","n":2,"mode":"skm","angle":0,"op":"SKM","color":"#5a6672"},"geometry":{"type":"Point","coordinates":[21.012619,52.236342]}},{"type":"Feature","properties":{"text":"117 146","n":2,"mode":"bus","angle":90,"op":"ZTM Warszawa — buses","color":"#0059a9"},"geometry":{"type":"Point","coordinates":[21.054231,52.229732]}},{"type":"Feature","properties":{"text":"118 151 411 502 514 520 525 N25 N31 N37 N81","n":11,"mode":"bus","angle":90,"op":"mix","color":"#0059a9"},"geometry":{"type":"Point","coordinates":[21.032654,52.224067]}},{"type":"Feature","properties":{"text":"15 36","n":2,"mode":"tram","angle":90,"op":"mix","color":"#d6212b"},"geometry":{"type":"Point","coordinates":[21.032654,52.224067]}},{"type":"Feature","properties":{"text":"M1","n":1,"mode":"metro","angle":90,"op":"mix","color":"#0000BB"},"geometry":{"type":"Point","coordinates":[21.032654,52.224067]}},{"type":"Feature","properties":{"text":"159","n":1,"mode":"bus","angle":0,"op":"ZTM Warszawa — buses","color":"#0059a9"},"geometry":{"type":"Point","coordinates":[21.028031,52.2269]}},{"type":"Feature","properties":{"text":"10 11 14 15 17 19 36","n":7,"mode":"tram","angle":0,"op":"Tramwaje Warszawskie","color":"#d6212b"},"geometry":{"type":"Point","coordinates":[21.028031,52.221234]}},{"type":"Feature","properties":{"text":"N31 N81","n":2,"mode":"bus","angle":90,"op":"ZTM Warszawa — buses","color":"#0059a9"},"geometry":{"type":"Point","coordinates":[21.035737,52.214624]}},{"type":"Feature","properties":{"text":"N37","n":1,"mode":"bus","angle":-90,"op":"ZTM Warszawa — buses","color":"#0059a9"},"geometry":{"type":"Point","coordinates":[21.038819,52.218401]}},{"type":"Feature","properties":{"text":"4 10 11 14 16 17 18 19","n":8,"mode":"tram","angle":90,"op":"Tramwaje Warszawskie","color":"#d6212b"},"geometry":{"type":"Point","coordinates":[21.038819,52.212735]}},{"type":"Feature","properties":{"text":"4 10 11 14 16 17 18 19","n":8,"mode":"tram","angle":-90,"op":"Tramwaje Warszawskie","color":"#d6212b"},"geometry":{"type":"Point","coordinates":[21.038819,52.218401]}},{"type":"Feature","properties":{"text":"4 10 18","n":3,"mode":"tram","angle":-90,"op":"Tramwaje Warszawskie","color":"#d6212b"},"geometry":{"type":"Point","coordinates":[21.038819,52.20707]}},{"type":"Feature","properties":{"text":"141 172","n":2,"mode":"bus","angle":0,"op":"ZTM Warszawa — buses","color":"#0059a9"},"geometry":{"type":"Point","coordinates":[21.031113,52.192905]}},{"type":"Feature","properties":{"text":"118","n":1,"mode":"bus","angle":0,"op":"ZTM Warszawa — buses","color":"#0059a9"},"geometry":{"type":"Point","coordinates":[21.028031,52.187239]}},{"type":"Feature","properties":{"text":"218 228 308 N36 N86","n":5,"mode":"bus","angle":0,"op":"mix","color":"#0059a9"},"geometry":{"type":"Point","coordinates":[21.021866,52.183462]}},{"type":"Feature","properties":{"text":"18 31","n":2,"mode":"tram","angle":0,"op":"mix","color":"#d6212b"},"geometry":{"type":"Point","coordinates":[21.021866,52.183462]}},{"type":"Feature","properties":{"text":"136 138 N01 N33 N34 N36","n":6,"mode":"bus","angle":90,"op":"mix","color":"#0059a9"},"geometry":{"type":"Point","coordinates":[21.011078,52.180629]}},{"type":"Feature","properties":{"text":"17 18 31 67","n":4,"mode":"tram","angle":90,"op":"mix","color":"#d6212b"},"geometry":{"type":"Point","coordinates":[21.011078,52.180629]}},{"type":"Feature","properties":{"text":"138 168 N01 N34","n":4,"mode":"bus","angle":-90,"op":"ZTM Warszawa — buses","color":"#0059a9"},"geometry":{"type":"Point","coordinates":[21.011078,52.186295]}},{"type":"Feature","properties":{"text":"17 67","n":2,"mode":"tram","angle":-90,"op":"Tramwaje Warszawskie","color":"#d6212b"},"geometry":{"type":"Point","coordinates":[21.011078,52.186295]}},{"type":"Feature","properties":{"text":"138 168 174 N36 N86","n":5,"mode":"bus","angle":90,"op":"ZTM Warszawa — buses","color":"#0059a9"},"geometry":{"type":"Point","coordinates":[21.02649,52.201404]}},{"type":"Feature","properties":{"text":"167 168","n":2,"mode":"bus","angle":0,"op":"ZTM Warszawa — buses","color":"#0059a9"},"geometry":{"type":"Point","coordinates":[21.034196,52.209902]}},{"type":"Feature","properties":{"text":"119 213 219 N22","n":4,"mode":"bus","angle":0,"op":"ZTM Warszawa — buses","color":"#0059a9"},"geometry":{"type":"Point","coordinates":[21.095844,52.21368]}},{"type":"Feature","properties":{"text":"142 305 411 702 N22","n":5,"mode":"bus","angle":-90,"op":"ZTM Warszawa — buses","color":"#0059a9"},"geometry":{"type":"Point","coordinates":[21.091221,52.216512]}},{"type":"Feature","properties":{"text":"125 319 525 N25","n":4,"mode":"bus","angle":0,"op":"ZTM Warszawa — buses","color":"#0059a9"},"geometry":{"type":"Point","coordinates":[21.114339,52.208014]}},{"type":"Feature","properties":{"text":"160 190 N11 N16 N21 N61 N71","n":7,"mode":"bus","angle":0,"op":"mix","color":"#0059a9"},"geometry":{"type":"Point","coordinates":[21.028031,52.25334]}},{"type":"Feature","properties":{"text":"4 13 20 23 26","n":5,"mode":"tram","angle":0,"op":"mix","color":"#d6212b"},"geometry":{"type":"Point","coordinates":[21.028031,52.25334]}},{"type":"Feature","properties":{"text":"120 160 190 512 N02 N11 N61","n":7,"mode":"bus","angle":0,"op":"ZTM Warszawa — buses","color":"#0059a9"},"geometry":{"type":"Point","coordinates":[21.043443,52.257117]}},{"type":"Feature","properties":{"text":"332","n":1,"mode":"bus","angle":0,"op":"ZTM Warszawa — buses","color":"#0059a9"},"geometry":{"type":"Point","coordinates":[21.031113,52.277891]}},{"type":"Feature","properties":{"text":"134 326","n":2,"mode":"bus","angle":0,"op":"ZTM Warszawa — buses","color":"#0059a9"},"geometry":{"type":"Point","coordinates":[21.024948,52.291111]}},{"type":"Feature","properties":{"text":"120 226","n":2,"mode":"bus","angle":0,"op":"ZTM Warszawa — buses","color":"#0059a9"},"geometry":{"type":"Point","coordinates":[21.021866,52.293]}},{"type":"Feature","properties":{"text":"122","n":1,"mode":"bus","angle":90,"op":"ZTM Warszawa — buses","color":"#0059a9"},"geometry":{"type":"Point","coordinates":[20.977171,52.271281]}},{"type":"Feature","properties":{"text":"521 N24","n":2,"mode":"bus","angle":0,"op":"mix","color":"#0059a9"},"geometry":{"type":"Point","coordinates":[21.061938,52.24012]}},{"type":"Feature","properties":{"text":"9 24","n":2,"mode":"tram","angle":0,"op":"mix","color":"#d6212b"},"geometry":{"type":"Point","coordinates":[21.061938,52.24012]}},{"type":"Feature","properties":{"text":"220","n":1,"mode":"bus","angle":0,"op":"ZTM Warszawa — buses","color":"#0059a9"},"geometry":{"type":"Point","coordinates":[20.932476,52.170242]}},{"type":"Feature","properties":{"text":"N88","n":1,"mode":"bus","angle":0,"op":"ZTM Warszawa — buses","color":"#0059a9"},"geometry":{"type":"Point","coordinates":[20.935558,52.164577]}},{"type":"Feature","properties":{"text":"126 152 186 211 314 509 518 N03 N13","n":9,"mode":"bus","angle":0,"op":"ZTM Warszawa — buses","color":"#0059a9"},"geometry":{"type":"Point","coordinates":[20.969465,52.285445]}},{"type":"Feature","properties":{"text":"126 314 326 705 735 736","n":6,"mode":"bus","angle":0,"op":"ZTM Warszawa — buses","color":"#0059a9"},"geometry":{"type":"Point","coordinates":[20.987959,52.281668]}},{"type":"Feature","properties":{"text":"159","n":1,"mode":"bus","angle":0,"op":"ZTM Warszawa — buses","color":"#0059a9"},"geometry":{"type":"Point","coordinates":[21.000289,52.228788]}},{"type":"Feature","properties":{"text":"517 523","n":2,"mode":"bus","angle":0,"op":"ZTM Warszawa — buses","color":"#0059a9"},"geometry":{"type":"Point","coordinates":[20.969465,52.219345]}},{"type":"Feature","properties":{"text":"136 167 178 184 186 414 N43","n":7,"mode":"bus","angle":-90,"op":"mix","color":"#0059a9"},"geometry":{"type":"Point","coordinates":[20.952511,52.222178]}},{"type":"Feature","properties":{"text":"S4 S40","n":2,"mode":"skm","angle":-90,"op":"mix","color":"#5a6672"},"geometry":{"type":"Point","coordinates":[20.952511,52.222178]}},{"type":"Feature","properties":{"text":"129 178 189 191 320 N01 N41","n":7,"mode":"bus","angle":90,"op":"ZTM Warszawa — buses","color":"#0059a9"},"geometry":{"type":"Point","coordinates":[20.906275,52.203292]}},{"type":"Feature","properties":{"text":"154","n":1,"mode":"bus","angle":-90,"op":"ZTM Warszawa — buses","color":"#0059a9"},"geometry":{"type":"Point","coordinates":[20.967924,52.20707]}},{"type":"Feature","properties":{"text":"128 172 N01","n":3,"mode":"bus","angle":0,"op":"ZTM Warszawa — buses","color":"#0059a9"},"geometry":{"type":"Point","coordinates":[20.97563,52.196682]}},{"type":"Feature","properties":{"text":"128 136 172 175 188 N01 N32","n":7,"mode":"bus","angle":-90,"op":"ZTM Warszawa — buses","color":"#0059a9"},"geometry":{"type":"Point","coordinates":[20.986418,52.19385]}},{"type":"Feature","properties":{"text":"136","n":1,"mode":"bus","angle":0,"op":"ZTM Warszawa — buses","color":"#0059a9"},"geometry":{"type":"Point","coordinates":[20.984877,52.208014]}},{"type":"Feature","properties":{"text":"128 175 N32","n":3,"mode":"bus","angle":-90,"op":"ZTM Warszawa — buses","color":"#0059a9"},"geometry":{"type":"Point","coordinates":[20.995665,52.222178]}},{"type":"Feature","properties":{"text":"14 15 33 36","n":4,"mode":"tram","angle":0,"op":"Tramwaje Warszawskie","color":"#d6212b"},"geometry":{"type":"Point","coordinates":[20.991042,52.225011]}},{"type":"Feature","properties":{"text":"184 197 201","n":3,"mode":"bus","angle":90,"op":"ZTM Warszawa — buses","color":"#0059a9"},"geometry":{"type":"Point","coordinates":[20.937099,52.24673]}},{"type":"Feature","properties":{"text":"129 201 249","n":3,"mode":"bus","angle":90,"op":"ZTM Warszawa — buses","color":"#0059a9"},"geometry":{"type":"Point","coordinates":[20.943264,52.250507]}},{"type":"Feature","properties":{"text":"N45 N95","n":2,"mode":"bus","angle":0,"op":"mix","color":"#0059a9"},"geometry":{"type":"Point","coordinates":[20.947888,52.25334]}},{"type":"Feature","properties":{"text":"20 23 24","n":3,"mode":"tram","angle":0,"op":"mix","color":"#d6212b"},"geometry":{"type":"Point","coordinates":[20.947888,52.25334]}},{"type":"Feature","properties":{"text":"171 190 523 N42 N43","n":5,"mode":"bus","angle":0,"op":"ZTM Warszawa — buses","color":"#0059a9"},"geometry":{"type":"Point","coordinates":[20.944805,52.245785]}},{"type":"Feature","properties":{"text":"167 171 190 249 523 N43","n":6,"mode":"bus","angle":0,"op":"ZTM Warszawa — buses","color":"#0059a9"},"geometry":{"type":"Point","coordinates":[20.932476,52.243897]}},{"type":"Feature","properties":{"text":"M2","n":1,"mode":"metro","angle":0,"op":"Metro","color":"#BB0000"},"geometry":{"type":"Point","coordinates":[20.932476,52.243897]}},{"type":"Feature","properties":{"text":"129","n":1,"mode":"bus","angle":0,"op":"ZTM Warszawa — buses","color":"#0059a9"},"geometry":{"type":"Point","coordinates":[20.898569,52.196682]}},{"type":"Feature","properties":{"text":"207","n":1,"mode":"bus","angle":90,"op":"ZTM Warszawa — buses","color":"#0059a9"},"geometry":{"type":"Point","coordinates":[20.893945,52.19385]}},{"type":"Feature","properties":{"text":"N63","n":1,"mode":"bus","angle":0,"op":"ZTM Warszawa — buses","color":"#0059a9"},"geometry":{"type":"Point","coordinates":[20.9633,52.289222]}},{"type":"Feature","properties":{"text":"135 151 311","n":3,"mode":"bus","angle":0,"op":"ZTM Warszawa — buses","color":"#0059a9"},"geometry":{"type":"Point","coordinates":[21.074267,52.2269]}},{"type":"Feature","properties":{"text":"136 186 191 N01 N43","n":5,"mode":"bus","angle":0,"op":"ZTM Warszawa — buses","color":"#0059a9"},"geometry":{"type":"Point","coordinates":[20.966382,52.21368]}},{"type":"Feature","properties":{"text":"136 228","n":2,"mode":"bus","angle":0,"op":"ZTM Warszawa — buses","color":"#0059a9"},"geometry":{"type":"Point","coordinates":[20.994124,52.177797]}},{"type":"Feature","properties":{"text":"165 189 218 317 N01 N33","n":6,"mode":"bus","angle":0,"op":"ZTM Warszawa — buses","color":"#0059a9"},"geometry":{"type":"Point","coordinates":[21.009536,52.172131]}},{"type":"Feature","properties":{"text":"401 402","n":2,"mode":"bus","angle":0,"op":"ZTM Warszawa — buses","color":"#0059a9"},"geometry":{"type":"Point","coordinates":[21.009536,52.172131]}},{"type":"Feature","properties":{"text":"136 163 504","n":3,"mode":"bus","angle":0,"op":"ZTM Warszawa — buses","color":"#0059a9"},"geometry":{"type":"Point","coordinates":[21.028031,52.158911]}},{"type":"Feature","properties":{"text":"192","n":1,"mode":"bus","angle":0,"op":"ZTM Warszawa — buses","color":"#0059a9"},"geometry":{"type":"Point","coordinates":[21.012619,52.157022]}},{"type":"Feature","properties":{"text":"138 338","n":2,"mode":"bus","angle":0,"op":"ZTM Warszawa — buses","color":"#0059a9"},"geometry":{"type":"Point","coordinates":[21.068102,52.251451]}},{"type":"Feature","properties":{"text":"141 172","n":2,"mode":"bus","angle":0,"op":"ZTM Warszawa — buses","color":"#0059a9"},"geometry":{"type":"Point","coordinates":[21.018784,52.191017]}},{"type":"Feature","properties":{"text":"139","n":1,"mode":"bus","angle":0,"op":"ZTM Warszawa — buses","color":"#0059a9"},"geometry":{"type":"Point","coordinates":[21.055773,52.147579]}},{"type":"Feature","properties":{"text":"140 N61","n":2,"mode":"bus","angle":0,"op":"ZTM Warszawa — buses","color":"#0059a9"},"geometry":{"type":"Point","coordinates":[21.058855,52.291111]}},{"type":"Feature","properties":{"text":"L40 L46","n":2,"mode":"bus","angle":0,"op":"ZTM Warszawa — buses","color":"#0059a9"},"geometry":{"type":"Point","coordinates":[21.061938,52.27978]}},{"type":"Feature","properties":{"text":"189 401 402 N38","n":4,"mode":"bus","angle":0,"op":"ZTM Warszawa — buses","color":"#0059a9"},"geometry":{"type":"Point","coordinates":[20.941723,52.183462]}},{"type":"Feature","properties":{"text":"141 154 175 188 N32","n":5,"mode":"bus","angle":-90,"op":"ZTM Warszawa — buses","color":"#0059a9"},"geometry":{"type":"Point","coordinates":[20.977171,52.178741]}},{"type":"Feature","properties":{"text":"504","n":1,"mode":"bus","angle":-90,"op":"mix","color":"#0059a9"},"geometry":{"type":"Point","coordinates":[20.977171,52.178741]}},{"type":"Feature","properties":{"text":"S2 S3 S4 S40","n":4,"mode":"skm","angle":-90,"op":"mix","color":"#5a6672"},"geometry":{"type":"Point","coordinates":[20.977171,52.178741]}},{"type":"Feature","properties":{"text":"154 228","n":2,"mode":"bus","angle":0,"op":"ZTM Warszawa — buses","color":"#0059a9"},"geometry":{"type":"Point","coordinates":[20.972547,52.181574]}},{"type":"Feature","properties":{"text":"213","n":1,"mode":"bus","angle":-90,"op":"ZTM Warszawa — buses","color":"#0059a9"},"geometry":{"type":"Point","coordinates":[21.10355,52.190072]}},{"type":"Feature","properties":{"text":"229","n":1,"mode":"bus","angle":90,"op":"ZTM Warszawa — buses","color":"#0059a9"},"geometry":{"type":"Point","coordinates":[21.10355,52.184407]}},{"type":"Feature","properties":{"text":"219","n":1,"mode":"bus","angle":0,"op":"ZTM Warszawa — buses","color":"#0059a9"},"geometry":{"type":"Point","coordinates":[21.095844,52.194794]}},{"type":"Feature","properties":{"text":"145","n":1,"mode":"bus","angle":-90,"op":"ZTM Warszawa — buses","color":"#0059a9"},"geometry":{"type":"Point","coordinates":[21.072726,52.252395]}},{"type":"Feature","properties":{"text":"213 702","n":2,"mode":"bus","angle":90,"op":"ZTM Warszawa — buses","color":"#0059a9"},"geometry":{"type":"Point","coordinates":[21.100468,52.176852]}},{"type":"Feature","properties":{"text":"161","n":1,"mode":"bus","angle":90,"op":"ZTM Warszawa — buses","color":"#0059a9"},"geometry":{"type":"Point","coordinates":[21.109715,52.178741]}},{"type":"Feature","properties":{"text":"198 N21","n":2,"mode":"bus","angle":-90,"op":"ZTM Warszawa — buses","color":"#0059a9"},"geometry":{"type":"Point","coordinates":[21.122045,52.218401]}},{"type":"Feature","properties":{"text":"709 727 739 N83 N86","n":5,"mode":"bus","angle":90,"op":"ZTM Warszawa — buses","color":"#0059a9"},"geometry":{"type":"Point","coordinates":[21.011078,52.156078]}},{"type":"Feature","properties":{"text":"175 188 N32","n":3,"mode":"bus","angle":-90,"op":"mix","color":"#0059a9"},"geometry":{"type":"Point","coordinates":[20.977171,52.169298]}},{"type":"Feature","properties":{"text":"S4 S40","n":2,"mode":"skm","angle":-90,"op":"mix","color":"#5a6672"},"geometry":{"type":"Point","coordinates":[20.977171,52.169298]}},{"type":"Feature","properties":{"text":"1","n":1,"mode":"bus","angle":90,"op":"KM Łomianki","color":"#0059a9"},"geometry":{"type":"Point","coordinates":[20.927852,52.282612]}},{"type":"Feature","properties":{"text":"154 157","n":2,"mode":"bus","angle":90,"op":"ZTM Warszawa — buses","color":"#0059a9"},"geometry":{"type":"Point","coordinates":[20.967924,52.212735]}},{"type":"Feature","properties":{"text":"191 N38 N43 N88","n":4,"mode":"bus","angle":90,"op":"ZTM Warszawa — buses","color":"#0059a9"},"geometry":{"type":"Point","coordinates":[20.986418,52.222178]}},{"type":"Feature","properties":{"text":"159","n":1,"mode":"bus","angle":0,"op":"ZTM Warszawa — buses","color":"#0059a9"},"geometry":{"type":"Point","coordinates":[21.015701,52.228788]}},{"type":"Feature","properties":{"text":"160 190 N11 N16 N21 N61 N71","n":7,"mode":"bus","angle":0,"op":"mix","color":"#0059a9"},"geometry":{"type":"Point","coordinates":[21.018784,52.25334]}},{"type":"Feature","properties":{"text":"4 13 20 23 26","n":5,"mode":"tram","angle":0,"op":"mix","color":"#d6212b"},"geometry":{"type":"Point","coordinates":[21.018784,52.25334]}},{"type":"Feature","properties":{"text":"263","n":1,"mode":"bus","angle":-90,"op":"ZTM Warszawa — buses","color":"#0059a9"},"geometry":{"type":"Point","coordinates":[21.075808,52.186295]}},{"type":"Feature","properties":{"text":"166 179 N37","n":3,"mode":"bus","angle":90,"op":"ZTM Warszawa — buses","color":"#0059a9"},"geometry":{"type":"Point","coordinates":[21.048067,52.161744]}},{"type":"Feature","properties":{"text":"167 171 190 249 N43","n":5,"mode":"bus","angle":0,"op":"ZTM Warszawa — buses","color":"#0059a9"},"geometry":{"type":"Point","coordinates":[20.923228,52.243897]}},{"type":"Feature","properties":{"text":"167 171 190 249 523 N43","n":6,"mode":"bus","angle":0,"op":"ZTM Warszawa — buses","color":"#0059a9"},"geometry":{"type":"Point","coordinates":[20.923228,52.243897]}},{"type":"Feature","properties":{"text":"173","n":1,"mode":"bus","angle":-90,"op":"ZTM Warszawa — buses","color":"#0059a9"},"geometry":{"type":"Point","coordinates":[21.125127,52.229732]}},{"type":"Feature","properties":{"text":"177","n":1,"mode":"bus","angle":90,"op":"ZTM Warszawa — buses","color":"#0059a9"},"geometry":{"type":"Point","coordinates":[20.881616,52.201404]}},{"type":"Feature","properties":{"text":"194","n":1,"mode":"bus","angle":-90,"op":"ZTM Warszawa — buses","color":"#0059a9"},"geometry":{"type":"Point","coordinates":[20.881616,52.20707]}},{"type":"Feature","properties":{"text":"187 N35","n":2,"mode":"bus","angle":-90,"op":"ZTM Warszawa — buses","color":"#0059a9"},"geometry":{"type":"Point","coordinates":[20.878533,52.191961]}},{"type":"Feature","properties":{"text":"100 409 500 N12 N62","n":5,"mode":"bus","angle":0,"op":"mix","color":"#0059a9"},"geometry":{"type":"Point","coordinates":[21.009536,52.260894]}},{"type":"Feature","properties":{"text":"S4 S40","n":2,"mode":"skm","angle":0,"op":"mix","color":"#5a6672"},"geometry":{"type":"Point","coordinates":[21.009536,52.260894]}},{"type":"Feature","properties":{"text":"1 22 27","n":3,"mode":"tram","angle":90,"op":"Tramwaje Warszawskie","color":"#d6212b"},"geometry":{"type":"Point","coordinates":[20.977171,52.250507]}},{"type":"Feature","properties":{"text":"N13","n":1,"mode":"bus","angle":0,"op":"ZTM Warszawa — buses","color":"#0059a9"},"geometry":{"type":"Point","coordinates":[20.95097,52.287334]}},{"type":"Feature","properties":{"text":"518","n":1,"mode":"bus","angle":0,"op":"ZTM Warszawa — buses","color":"#0059a9"},"geometry":{"type":"Point","coordinates":[20.95097,52.289222]}},{"type":"Feature","properties":{"text":"189 401 402 504","n":4,"mode":"bus","angle":0,"op":"ZTM Warszawa — buses","color":"#0059a9"},"geometry":{"type":"Point","coordinates":[20.994124,52.172131]}},{"type":"Feature","properties":{"text":"17 18 31 67","n":4,"mode":"tram","angle":0,"op":"mix","color":"#d6212b"},"geometry":{"type":"Point","coordinates":[20.994124,52.172131]}},{"type":"Feature","properties":{"text":"198 N21","n":2,"mode":"bus","angle":-90,"op":"ZTM Warszawa — buses","color":"#0059a9"},"geometry":{"type":"Point","coordinates":[21.118962,52.225955]}},{"type":"Feature","properties":{"text":"Z4M","n":1,"mode":"bus","angle":0,"op":"Ząbki","color":"#0059a9"},"geometry":{"type":"Point","coordinates":[21.06502,52.268448]}},{"type":"Feature","properties":{"text":"199","n":1,"mode":"bus","angle":90,"op":"ZTM Warszawa — buses","color":"#0059a9"},"geometry":{"type":"Point","coordinates":[21.078891,52.261838]}},{"type":"Feature","properties":{"text":"199","n":1,"mode":"bus","angle":90,"op":"ZTM Warszawa — buses","color":"#0059a9"},"geometry":{"type":"Point","coordinates":[21.081973,52.254284]}},{"type":"Feature","properties":{"text":"715 815","n":2,"mode":"bus","angle":0,"op":"ZTM Warszawa — buses","color":"#0059a9"},"geometry":{"type":"Point","coordinates":[20.97563,52.149468]}},{"type":"Feature","properties":{"text":"98 210 N58","n":3,"mode":"bus","angle":90,"op":"mix","color":"#0059a9"},"geometry":{"type":"Point","coordinates":[20.878533,52.271281]}},{"type":"Feature","properties":{"text":"98","n":1,"mode":"bus","angle":90,"op":"GPA Grodzisk — buses","color":"#0059a9"},"geometry":{"type":"Point","coordinates":[20.878533,52.271281]}},{"type":"Feature","properties":{"text":"511","n":1,"mode":"bus","angle":0,"op":"ZTM Warszawa — buses","color":"#0059a9"},"geometry":{"type":"Point","coordinates":[20.954053,52.293]}},{"type":"Feature","properties":{"text":"220","n":1,"mode":"bus","angle":-90,"op":"ZTM Warszawa — buses","color":"#0059a9"},"geometry":{"type":"Point","coordinates":[20.909358,52.182518]}},{"type":"Feature","properties":{"text":"221","n":1,"mode":"bus","angle":0,"op":"ZTM Warszawa — buses","color":"#0059a9"},"geometry":{"type":"Point","coordinates":[20.984877,52.260894]}},{"type":"Feature","properties":{"text":"245","n":1,"mode":"bus","angle":-90,"op":"ZTM Warszawa — buses","color":"#0059a9"},"geometry":{"type":"Point","coordinates":[21.075808,52.258061]}},{"type":"Feature","properties":{"text":"249","n":1,"mode":"bus","angle":90,"op":"ZTM Warszawa — buses","color":"#0059a9"},"geometry":{"type":"Point","coordinates":[20.890863,52.224067]}},{"type":"Feature","properties":{"text":"742 L21","n":2,"mode":"bus","angle":0,"op":"ZTM Warszawa — buses","color":"#0059a9"},"geometry":{"type":"Point","coordinates":[21.06502,52.140025]}},{"type":"Feature","properties":{"text":"326 705 735 736 N14","n":5,"mode":"bus","angle":-90,"op":"ZTM Warszawa — buses","color":"#0059a9"},"geometry":{"type":"Point","coordinates":[21.007995,52.293944]}},{"type":"Feature","properties":{"text":"705 735 736","n":3,"mode":"bus","angle":-90,"op":"ZTM Warszawa — buses","color":"#0059a9"},"geometry":{"type":"Point","coordinates":[21.007995,52.29961]}},{"type":"Feature","properties":{"text":"M1 W1","n":2,"mode":"bus","angle":0,"op":"mix","color":"#0059a9"},"geometry":{"type":"Point","coordinates":[21.117421,52.158911]}},{"type":"Feature","properties":{"text":"703","n":1,"mode":"bus","angle":-90,"op":"ZTM Warszawa — buses","color":"#0059a9"},"geometry":{"type":"Point","coordinates":[20.893945,52.135304]}},{"type":"Feature","properties":{"text":"62","n":1,"mode":"bus","angle":0,"op":"GPA Grodzisk — buses","color":"#0059a9"},"geometry":{"type":"Point","coordinates":[20.901651,52.158911]}},{"type":"Feature","properties":{"text":"705","n":1,"mode":"bus","angle":90,"op":"ZTM Warszawa — buses","color":"#0059a9"},"geometry":{"type":"Point","coordinates":[21.020325,52.324161]}},{"type":"Feature","properties":{"text":"705 L31","n":2,"mode":"bus","angle":0,"op":"ZTM Warszawa — buses","color":"#0059a9"},"geometry":{"type":"Point","coordinates":[21.012619,52.317551]}},{"type":"Feature","properties":{"text":"705 R5","n":2,"mode":"bus","angle":0,"op":"mix","color":"#0059a9"},"geometry":{"type":"Point","coordinates":[21.037278,52.326994]}},{"type":"Feature","properties":{"text":"721 728","n":2,"mode":"bus","angle":90,"op":"ZTM Warszawa — buses","color":"#0059a9"},"geometry":{"type":"Point","coordinates":[20.915522,52.137192]}},{"type":"Feature","properties":{"text":"707 L-3","n":2,"mode":"bus","angle":0,"op":"ZTM Warszawa — buses","color":"#0059a9"},"geometry":{"type":"Point","coordinates":[20.957135,52.132471]}},{"type":"Feature","properties":{"text":"707 709","n":2,"mode":"bus","angle":0,"op":"ZTM Warszawa — buses","color":"#0059a9"},"geometry":{"type":"Point","coordinates":[21.000289,52.130582]}},{"type":"Feature","properties":{"text":"L53","n":1,"mode":"bus","angle":0,"op":"ZTM Warszawa — buses","color":"#0059a9"},"geometry":{"type":"Point","coordinates":[21.015701,52.134359]}},{"type":"Feature","properties":{"text":"L33 L53","n":2,"mode":"bus","angle":0,"op":"ZTM Warszawa — buses","color":"#0059a9"},"geometry":{"type":"Point","coordinates":[21.009536,52.134359]}},{"type":"Feature","properties":{"text":"L-4","n":1,"mode":"bus","angle":0,"op":"ZTM Warszawa — buses","color":"#0059a9"},"geometry":{"type":"Point","coordinates":[21.000289,52.138137]}},{"type":"Feature","properties":{"text":"95 96 712","n":3,"mode":"bus","angle":0,"op":"mix","color":"#0059a9"},"geometry":{"type":"Point","coordinates":[20.889322,52.257117]}},{"type":"Feature","properties":{"text":"96 712","n":2,"mode":"bus","angle":0,"op":"mix","color":"#0059a9"},"geometry":{"type":"Point","coordinates":[20.889322,52.257117]}},{"type":"Feature","properties":{"text":"96","n":1,"mode":"bus","angle":90,"op":"GPA Grodzisk — buses","color":"#0059a9"},"geometry":{"type":"Point","coordinates":[20.875451,52.227844]}},{"type":"Feature","properties":{"text":"743","n":1,"mode":"bus","angle":-90,"op":"ZTM Warszawa — buses","color":"#0059a9"},"geometry":{"type":"Point","coordinates":[20.847709,52.214624]}},{"type":"Feature","properties":{"text":"97 743","n":2,"mode":"bus","angle":-90,"op":"mix","color":"#0059a9"},"geometry":{"type":"Point","coordinates":[20.860039,52.212735]}},{"type":"Feature","properties":{"text":"14 713","n":2,"mode":"bus","angle":0,"op":"mix","color":"#0059a9"},"geometry":{"type":"Point","coordinates":[20.883157,52.215568]}},{"type":"Feature","properties":{"text":"96","n":1,"mode":"bus","angle":90,"op":"GPA Grodzisk — buses","color":"#0059a9"},"geometry":{"type":"Point","coordinates":[20.860039,52.242952]}},{"type":"Feature","properties":{"text":"729","n":1,"mode":"bus","angle":90,"op":"ZTM Warszawa — buses","color":"#0059a9"},"geometry":{"type":"Point","coordinates":[20.866204,52.244841]}},{"type":"Feature","properties":{"text":"715 815","n":2,"mode":"bus","angle":0,"op":"ZTM Warszawa — buses","color":"#0059a9"},"geometry":{"type":"Point","coordinates":[20.9633,52.147579]}},{"type":"Feature","properties":{"text":"S1","n":1,"mode":"skm","angle":90,"op":"SKM","color":"#E84A4B"},"geometry":{"type":"Point","coordinates":[20.875451,52.190072]}},{"type":"Feature","properties":{"text":"97","n":1,"mode":"bus","angle":-90,"op":"GPA Grodzisk — buses","color":"#0059a9"},"geometry":{"type":"Point","coordinates":[20.872368,52.201404]}},{"type":"Feature","properties":{"text":"42 43 44","n":3,"mode":"bus","angle":0,"op":"GPA Grodzisk — buses","color":"#0059a9"},"geometry":{"type":"Point","coordinates":[20.793767,52.232565]}},{"type":"Feature","properties":{"text":"94 719","n":2,"mode":"bus","angle":0,"op":"mix","color":"#0059a9"},"geometry":{"type":"Point","coordinates":[20.827673,52.238231]}},{"type":"Feature","properties":{"text":"94","n":1,"mode":"bus","angle":0,"op":"GPA Grodzisk — buses","color":"#0059a9"},"geometry":{"type":"Point","coordinates":[20.827673,52.238231]}},{"type":"Feature","properties":{"text":"96","n":1,"mode":"bus","angle":0,"op":"GPA Grodzisk — buses","color":"#0059a9"},"geometry":{"type":"Point","coordinates":[20.830756,52.230677]}},{"type":"Feature","properties":{"text":"719","n":1,"mode":"bus","angle":0,"op":"ZTM Warszawa — buses","color":"#0059a9"},"geometry":{"type":"Point","coordinates":[20.852333,52.238231]}},{"type":"Feature","properties":{"text":"720","n":1,"mode":"bus","angle":0,"op":"ZTM Warszawa — buses","color":"#0059a9"},"geometry":{"type":"Point","coordinates":[21.157493,52.181574]}},{"type":"Feature","properties":{"text":"720 722","n":2,"mode":"bus","angle":-90,"op":"ZTM Warszawa — buses","color":"#0059a9"},"geometry":{"type":"Point","coordinates":[21.143622,52.186295]}},{"type":"Feature","properties":{"text":"720","n":1,"mode":"bus","angle":-90,"op":"ZTM Warszawa — buses","color":"#0059a9"},"geometry":{"type":"Point","coordinates":[21.152869,52.190072]}},{"type":"Feature","properties":{"text":"728 L-3","n":2,"mode":"bus","angle":90,"op":"ZTM Warszawa — buses","color":"#0059a9"},"geometry":{"type":"Point","coordinates":[20.915522,52.127749]}},{"type":"Feature","properties":{"text":"731 L-8 L-9 L11","n":4,"mode":"bus","angle":0,"op":"ZTM Warszawa — buses","color":"#0059a9"},"geometry":{"type":"Point","coordinates":[20.957135,52.30622]}},{"type":"Feature","properties":{"text":"729","n":1,"mode":"bus","angle":0,"op":"ZTM Warszawa — buses","color":"#0059a9"},"geometry":{"type":"Point","coordinates":[20.840003,52.249562]}},{"type":"Feature","properties":{"text":"729","n":1,"mode":"bus","angle":90,"op":"ZTM Warszawa — buses","color":"#0059a9"},"geometry":{"type":"Point","coordinates":[20.841544,52.241064]}},{"type":"Feature","properties":{"text":"731 L10","n":2,"mode":"bus","angle":0,"op":"ZTM Warszawa — buses","color":"#0059a9"},"geometry":{"type":"Point","coordinates":[20.954053,52.315662]}},{"type":"Feature","properties":{"text":"737 L-1 L-5","n":3,"mode":"bus","angle":0,"op":"ZTM Warszawa — buses","color":"#0059a9"},"geometry":{"type":"Point","coordinates":[20.966382,52.126805]}},{"type":"Feature","properties":{"text":"L-5","n":1,"mode":"bus","angle":0,"op":"ZTM Warszawa — buses","color":"#0059a9"},"geometry":{"type":"Point","coordinates":[20.969465,52.124917]}},{"type":"Feature","properties":{"text":"L-4","n":1,"mode":"bus","angle":0,"op":"ZTM Warszawa — buses","color":"#0059a9"},"geometry":{"type":"Point","coordinates":[20.960218,52.134359]}},{"type":"Feature","properties":{"text":"L-4","n":1,"mode":"bus","angle":0,"op":"ZTM Warszawa — buses","color":"#0059a9"},"geometry":{"type":"Point","coordinates":[20.981794,52.134359]}},{"type":"Feature","properties":{"text":"R38 R7","n":2,"mode":"bus","angle":-90,"op":"Radzymin","color":"#0059a9"},"geometry":{"type":"Point","coordinates":[21.075808,52.305275]}},{"type":"Feature","properties":{"text":"739 L33","n":2,"mode":"bus","angle":0,"op":"ZTM Warszawa — buses","color":"#0059a9"},"geometry":{"type":"Point","coordinates":[21.024948,52.136248]}},{"type":"Feature","properties":{"text":"L33 L39","n":2,"mode":"bus","angle":0,"op":"ZTM Warszawa — buses","color":"#0059a9"},"geometry":{"type":"Point","coordinates":[21.024948,52.143802]}},{"type":"Feature","properties":{"text":"L15 L54","n":2,"mode":"bus","angle":0,"op":"ZTM Warszawa — buses","color":"#0059a9"},"geometry":{"type":"Point","coordinates":[21.07735,52.113585]}},{"type":"Feature","properties":{"text":"L21 L28","n":2,"mode":"bus","angle":0,"op":"ZTM Warszawa — buses","color":"#0059a9"},"geometry":{"type":"Point","coordinates":[21.07735,52.130582]}},{"type":"Feature","properties":{"text":"96 743","n":2,"mode":"bus","angle":0,"op":"mix","color":"#0059a9"},"geometry":{"type":"Point","coordinates":[20.870827,52.225011]}},{"type":"Feature","properties":{"text":"97 743","n":2,"mode":"bus","angle":-90,"op":"mix","color":"#0059a9"},"geometry":{"type":"Point","coordinates":[20.860039,52.218401]}},{"type":"Feature","properties":{"text":"743","n":1,"mode":"bus","angle":90,"op":"ZTM Warszawa — buses","color":"#0059a9"},"geometry":{"type":"Point","coordinates":[20.850791,52.222178]}},{"type":"Feature","properties":{"text":"743","n":1,"mode":"bus","angle":0,"op":"ZTM Warszawa — buses","color":"#0059a9"},"geometry":{"type":"Point","coordinates":[20.833838,52.225011]}},{"type":"Feature","properties":{"text":"94 743","n":2,"mode":"bus","angle":90,"op":"mix","color":"#0059a9"},"geometry":{"type":"Point","coordinates":[20.829215,52.208958]}},{"type":"Feature","properties":{"text":"743","n":1,"mode":"bus","angle":90,"op":"ZTM Warszawa — buses","color":"#0059a9"},"geometry":{"type":"Point","coordinates":[20.829215,52.203292]}},{"type":"Feature","properties":{"text":"750","n":1,"mode":"bus","angle":0,"op":"ZTM Warszawa — buses","color":"#0059a9"},"geometry":{"type":"Point","coordinates":[20.86158,52.294888]}},{"type":"Feature","properties":{"text":"3 750 755","n":3,"mode":"bus","angle":0,"op":"mix","color":"#0059a9"},"geometry":{"type":"Point","coordinates":[20.904734,52.294888]}},{"type":"Feature","properties":{"text":"755","n":1,"mode":"bus","angle":0,"op":"ZTM Warszawa — buses","color":"#0059a9"},"geometry":{"type":"Point","coordinates":[20.886239,52.293]}},{"type":"Feature","properties":{"text":"817 N85","n":2,"mode":"bus","angle":-90,"op":"ZTM Warszawa — buses","color":"#0059a9"},"geometry":{"type":"Point","coordinates":[20.860039,52.174964]}},{"type":"Feature","properties":{"text":"60 62 65","n":3,"mode":"bus","angle":90,"op":"GPA Grodzisk — buses","color":"#0059a9"},"geometry":{"type":"Point","coordinates":[20.860039,52.174964]}},{"type":"Feature","properties":{"text":"62","n":1,"mode":"bus","angle":0,"op":"GPA Grodzisk — buses","color":"#0059a9"},"geometry":{"type":"Point","coordinates":[20.87391,52.181574]}},{"type":"Feature","properties":{"text":"WKD","n":1,"mode":"wkd","angle":0,"op":"WKD","color":"#a518a3"},"geometry":{"type":"Point","coordinates":[20.883157,52.181574]}},{"type":"Feature","properties":{"text":"L-1 L-4","n":2,"mode":"bus","angle":-90,"op":"ZTM Warszawa — buses","color":"#0059a9"},"geometry":{"type":"Point","coordinates":[20.930935,52.131527]}},{"type":"Feature","properties":{"text":"L-3 L-4","n":2,"mode":"bus","angle":0,"op":"ZTM Warszawa — buses","color":"#0059a9"},"geometry":{"type":"Point","coordinates":[20.926311,52.134359]}},{"type":"Feature","properties":{"text":"L-7 L41","n":2,"mode":"bus","angle":0,"op":"ZTM Warszawa — buses","color":"#0059a9"},"geometry":{"type":"Point","coordinates":[20.889322,52.304331]}},{"type":"Feature","properties":{"text":"L-7 L11 L41","n":3,"mode":"bus","angle":0,"op":"ZTM Warszawa — buses","color":"#0059a9"},"geometry":{"type":"Point","coordinates":[20.864662,52.30622]}},{"type":"Feature","properties":{"text":"W3","n":1,"mode":"bus","angle":0,"op":"Wieliszew","color":"#0059a9"},"geometry":{"type":"Point","coordinates":[20.95097,52.325105]}},{"type":"Feature","properties":{"text":"L11 W1","n":2,"mode":"bus","angle":0,"op":"mix","color":"#0059a9"},"geometry":{"type":"Point","coordinates":[20.938641,52.323217]}},{"type":"Feature","properties":{"text":"W2","n":1,"mode":"bus","angle":0,"op":"Wieliszew","color":"#0059a9"},"geometry":{"type":"Point","coordinates":[20.904734,52.313774]}},{"type":"Feature","properties":{"text":"L11","n":1,"mode":"bus","angle":0,"op":"ZTM Warszawa — buses","color":"#0059a9"},"geometry":{"type":"Point","coordinates":[20.901651,52.315662]}},{"type":"Feature","properties":{"text":"L13 L28","n":2,"mode":"bus","angle":0,"op":"ZTM Warszawa — buses","color":"#0059a9"},"geometry":{"type":"Point","coordinates":[20.991042,52.119251]}},{"type":"Feature","properties":{"text":"L28","n":1,"mode":"bus","angle":0,"op":"ZTM Warszawa — buses","color":"#0059a9"},"geometry":{"type":"Point","coordinates":[21.049608,52.124917]}},{"type":"Feature","properties":{"text":"L19","n":1,"mode":"bus","angle":0,"op":"ZTM Warszawa — buses","color":"#0059a9"},"geometry":{"type":"Point","coordinates":[21.000289,52.096588]}},{"type":"Feature","properties":{"text":"L28 L54","n":2,"mode":"bus","angle":0,"op":"ZTM Warszawa — buses","color":"#0059a9"},"geometry":{"type":"Point","coordinates":[21.040361,52.119251]}},{"type":"Feature","properties":{"text":"L26","n":1,"mode":"bus","angle":90,"op":"ZTM Warszawa — buses","color":"#0059a9"},"geometry":{"type":"Point","coordinates":[21.106633,52.265615]}},{"type":"Feature","properties":{"text":"L46","n":1,"mode":"bus","angle":90,"op":"ZTM Warszawa — buses","color":"#0059a9"},"geometry":{"type":"Point","coordinates":[21.094303,52.261838]}},{"type":"Feature","properties":{"text":"L46","n":1,"mode":"bus","angle":0,"op":"ZTM Warszawa — buses","color":"#0059a9"},"geometry":{"type":"Point","coordinates":[21.089679,52.26656]}},{"type":"Feature","properties":{"text":"L38","n":1,"mode":"bus","angle":90,"op":"ZTM Warszawa — buses","color":"#0059a9"},"geometry":{"type":"Point","coordinates":[21.11588,52.276947]}},{"type":"Feature","properties":{"text":"L35","n":1,"mode":"bus","angle":0,"op":"ZTM Warszawa — buses","color":"#0059a9"},"geometry":{"type":"Point","coordinates":[21.132833,52.276002]}},{"type":"Feature","properties":{"text":"L36","n":1,"mode":"bus","angle":0,"op":"ZTM Warszawa — buses","color":"#0059a9"},"geometry":{"type":"Point","coordinates":[21.102009,52.289222]}},{"type":"Feature","properties":{"text":"R8","n":1,"mode":"bus","angle":0,"op":"Radzymin","color":"#0059a9"},"geometry":{"type":"Point","coordinates":[21.105091,52.285445]}},{"type":"Feature","properties":{"text":"L40","n":1,"mode":"bus","angle":0,"op":"ZTM Warszawa — buses","color":"#0059a9"},"geometry":{"type":"Point","coordinates":[21.07735,52.272225]}},{"type":"Feature","properties":{"text":"15 25","n":2,"mode":"bus","angle":0,"op":"GPA Grodzisk — buses","color":"#0059a9"},"geometry":{"type":"Point","coordinates":[20.809179,52.166465]}},{"type":"Feature","properties":{"text":"18","n":1,"mode":"bus","angle":-90,"op":"GPA Grodzisk — buses","color":"#0059a9"},"geometry":{"type":"Point","coordinates":[20.813802,52.169298]}},{"type":"Feature","properties":{"text":"82","n":1,"mode":"bus","angle":0,"op":"GPA Grodzisk — buses","color":"#0059a9"},"geometry":{"type":"Point","coordinates":[20.812261,52.160799]}},{"type":"Feature","properties":{"text":"0 13 16 17 20 23 26 31 46 63","n":10,"mode":"bus","angle":0,"op":"GPA Grodzisk — buses","color":"#0059a9"},"geometry":{"type":"Point","coordinates":[20.815344,52.155134]}},{"type":"Feature","properties":{"text":"23 31 63","n":3,"mode":"bus","angle":90,"op":"GPA Grodzisk — buses","color":"#0059a9"},"geometry":{"type":"Point","coordinates":[20.816885,52.154189]}},{"type":"Feature","properties":{"text":"30 C1","n":2,"mode":"bus","angle":90,"op":"GPA Grodzisk — buses","color":"#0059a9"},"geometry":{"type":"Point","coordinates":[20.82305,52.154189]}},{"type":"Feature","properties":{"text":"0 15 16 17 29 45 46","n":7,"mode":"bus","angle":-90,"op":"GPA Grodzisk — buses","color":"#0059a9"},"geometry":{"type":"Point","coordinates":[20.819967,52.167409]}},{"type":"Feature","properties":{"text":"32 33 34","n":3,"mode":"bus","angle":0,"op":"GPA Grodzisk — buses","color":"#0059a9"},"geometry":{"type":"Point","coordinates":[20.821508,52.160799]}},{"type":"Feature","properties":{"text":"10","n":1,"mode":"bus","angle":0,"op":"GPA Grodzisk — buses","color":"#0059a9"},"geometry":{"type":"Point","coordinates":[20.784519,52.208014]}},{"type":"Feature","properties":{"text":"10 19","n":2,"mode":"bus","angle":90,"op":"GPA Grodzisk — buses","color":"#0059a9"},"geometry":{"type":"Point","coordinates":[20.789143,52.205181]}},{"type":"Feature","properties":{"text":"10","n":1,"mode":"bus","angle":0,"op":"GPA Grodzisk — buses","color":"#0059a9"},"geometry":{"type":"Point","coordinates":[20.790684,52.20046]}},{"type":"Feature","properties":{"text":"40 42","n":2,"mode":"bus","angle":-90,"op":"GPA Grodzisk — buses","color":"#0059a9"},"geometry":{"type":"Point","coordinates":[20.807638,52.205181]}},{"type":"Feature","properties":{"text":"13 27","n":2,"mode":"bus","angle":-90,"op":"GPA Grodzisk — buses","color":"#0059a9"},"geometry":{"type":"Point","coordinates":[20.81072,52.174964]}},{"type":"Feature","properties":{"text":"13","n":1,"mode":"bus","angle":-90,"op":"GPA Grodzisk — buses","color":"#0059a9"},"geometry":{"type":"Point","coordinates":[20.807638,52.182518]}},{"type":"Feature","properties":{"text":"26","n":1,"mode":"bus","angle":0,"op":"GPA Grodzisk — buses","color":"#0059a9"},"geometry":{"type":"Point","coordinates":[20.803014,52.185351]}},{"type":"Feature","properties":{"text":"26","n":1,"mode":"bus","angle":0,"op":"GPA Grodzisk — buses","color":"#0059a9"},"geometry":{"type":"Point","coordinates":[20.812261,52.170242]}},{"type":"Feature","properties":{"text":"14","n":1,"mode":"bus","angle":0,"op":"GPA Grodzisk — buses","color":"#0059a9"},"geometry":{"type":"Point","coordinates":[20.815344,52.211791]}},{"type":"Feature","properties":{"text":"49","n":1,"mode":"bus","angle":0,"op":"GPA Grodzisk — buses","color":"#0059a9"},"geometry":{"type":"Point","coordinates":[20.818426,52.209902]}},{"type":"Feature","properties":{"text":"14","n":1,"mode":"bus","angle":-90,"op":"GPA Grodzisk — buses","color":"#0059a9"},"geometry":{"type":"Point","coordinates":[20.82305,52.20707]}},{"type":"Feature","properties":{"text":"17 35","n":2,"mode":"bus","angle":90,"op":"GPA Grodzisk — buses","color":"#0059a9"},"geometry":{"type":"Point","coordinates":[20.838462,52.169298]}},{"type":"Feature","properties":{"text":"WKD","n":1,"mode":"wkd","angle":0,"op":"WKD","color":"#a518a3"},"geometry":{"type":"Point","coordinates":[20.840003,52.164577]}},{"type":"Feature","properties":{"text":"WKD","n":1,"mode":"wkd","angle":0,"op":"WKD","color":"#a518a3"},"geometry":{"type":"Point","coordinates":[20.852333,52.162688]}},{"type":"Feature","properties":{"text":"23 55","n":2,"mode":"bus","angle":0,"op":"GPA Grodzisk — buses","color":"#0059a9"},"geometry":{"type":"Point","coordinates":[20.858498,52.153245]}},{"type":"Feature","properties":{"text":"15 45 55","n":3,"mode":"bus","angle":-90,"op":"GPA Grodzisk — buses","color":"#0059a9"},"geometry":{"type":"Point","coordinates":[20.844627,52.154189]}},{"type":"Feature","properties":{"text":"15","n":1,"mode":"bus","angle":90,"op":"GPA Grodzisk — buses","color":"#0059a9"},"geometry":{"type":"Point","coordinates":[20.801473,52.167409]}},{"type":"Feature","properties":{"text":"17 65","n":2,"mode":"bus","angle":-90,"op":"GPA Grodzisk — buses","color":"#0059a9"},"geometry":{"type":"Point","coordinates":[20.853874,52.171187]}},{"type":"Feature","properties":{"text":"48 64 69","n":3,"mode":"bus","angle":0,"op":"GPA Grodzisk — buses","color":"#0059a9"},"geometry":{"type":"Point","coordinates":[20.840003,52.175908]}},{"type":"Feature","properties":{"text":"35","n":1,"mode":"bus","angle":90,"op":"GPA Grodzisk — buses","color":"#0059a9"},"geometry":{"type":"Point","coordinates":[20.835379,52.165521]}},{"type":"Feature","properties":{"text":"20 80","n":2,"mode":"bus","angle":-90,"op":"GPA Grodzisk — buses","color":"#0059a9"},"geometry":{"type":"Point","coordinates":[20.782978,52.176852]}},{"type":"Feature","properties":{"text":"20 44","n":2,"mode":"bus","angle":0,"op":"GPA Grodzisk — buses","color":"#0059a9"},"geometry":{"type":"Point","coordinates":[20.75986,52.208014]}},{"type":"Feature","properties":{"text":"20","n":1,"mode":"bus","angle":-90,"op":"GPA Grodzisk — buses","color":"#0059a9"},"geometry":{"type":"Point","coordinates":[20.761401,52.203292]}},{"type":"Feature","properties":{"text":"35","n":1,"mode":"bus","angle":-90,"op":"GPA Grodzisk — buses","color":"#0059a9"},"geometry":{"type":"Point","coordinates":[20.844627,52.146635]}},{"type":"Feature","properties":{"text":"50","n":1,"mode":"bus","angle":-90,"op":"GPA Grodzisk — buses","color":"#0059a9"},"geometry":{"type":"Point","coordinates":[20.829215,52.152301]}},{"type":"Feature","properties":{"text":"63","n":1,"mode":"bus","angle":-90,"op":"GPA Grodzisk — buses","color":"#0059a9"},"geometry":{"type":"Point","coordinates":[20.847709,52.133415]}},{"type":"Feature","properties":{"text":"30","n":1,"mode":"bus","angle":-90,"op":"GPA Grodzisk — buses","color":"#0059a9"},"geometry":{"type":"Point","coordinates":[20.838462,52.122084]}},{"type":"Feature","properties":{"text":"51","n":1,"mode":"bus","angle":90,"op":"GPA Grodzisk — buses","color":"#0059a9"},"geometry":{"type":"Point","coordinates":[20.850791,52.127749]}},{"type":"Feature","properties":{"text":"31","n":1,"mode":"bus","angle":0,"op":"GPA Grodzisk — buses","color":"#0059a9"},"geometry":{"type":"Point","coordinates":[20.846168,52.117362]}},{"type":"Feature","properties":{"text":"31 32","n":2,"mode":"bus","angle":-90,"op":"GPA Grodzisk — buses","color":"#0059a9"},"geometry":{"type":"Point","coordinates":[20.847709,52.122084]}},{"type":"Feature","properties":{"text":"33","n":1,"mode":"bus","angle":0,"op":"GPA Grodzisk — buses","color":"#0059a9"},"geometry":{"type":"Point","coordinates":[20.880075,52.121139]}},{"type":"Feature","properties":{"text":"40","n":1,"mode":"bus","angle":0,"op":"GPA Grodzisk — buses","color":"#0059a9"},"geometry":{"type":"Point","coordinates":[20.812261,52.221234]}},{"type":"Feature","properties":{"text":"40 42","n":2,"mode":"bus","angle":90,"op":"GPA Grodzisk — buses","color":"#0059a9"},"geometry":{"type":"Point","coordinates":[20.804555,52.216512]}},{"type":"Feature","properties":{"text":"43","n":1,"mode":"bus","angle":-90,"op":"GPA Grodzisk — buses","color":"#0059a9"},"geometry":{"type":"Point","coordinates":[20.786061,52.227844]}},{"type":"Feature","properties":{"text":"42","n":1,"mode":"bus","angle":-90,"op":"GPA Grodzisk — buses","color":"#0059a9"},"geometry":{"type":"Point","coordinates":[20.730577,52.216512]}},{"type":"Feature","properties":{"text":"42 44","n":2,"mode":"bus","angle":0,"op":"GPA Grodzisk — buses","color":"#0059a9"},"geometry":{"type":"Point","coordinates":[20.784519,52.232565]}},{"type":"Feature","properties":{"text":"43 93","n":2,"mode":"bus","angle":-90,"op":"GPA Grodzisk — buses","color":"#0059a9"},"geometry":{"type":"Point","coordinates":[20.807638,52.24673]}},{"type":"Feature","properties":{"text":"48 77","n":2,"mode":"bus","angle":-90,"op":"GPA Grodzisk — buses","color":"#0059a9"},"geometry":{"type":"Point","coordinates":[20.866204,52.186295]}},{"type":"Feature","properties":{"text":"48 64 68 77","n":4,"mode":"bus","angle":0,"op":"GPA Grodzisk — buses","color":"#0059a9"},"geometry":{"type":"Point","coordinates":[20.843085,52.20046]}},{"type":"Feature","properties":{"text":"78","n":1,"mode":"bus","angle":0,"op":"GPA Grodzisk — buses","color":"#0059a9"},"geometry":{"type":"Point","coordinates":[20.840003,52.194794]}},{"type":"Feature","properties":{"text":"64","n":1,"mode":"bus","angle":0,"op":"GPA Grodzisk — buses","color":"#0059a9"},"geometry":{"type":"Point","coordinates":[20.852333,52.192905]}},{"type":"Feature","properties":{"text":"60 65","n":2,"mode":"bus","angle":90,"op":"GPA Grodzisk — buses","color":"#0059a9"},"geometry":{"type":"Point","coordinates":[20.863121,52.171187]}},{"type":"Feature","properties":{"text":"62","n":1,"mode":"bus","angle":0,"op":"GPA Grodzisk — buses","color":"#0059a9"},"geometry":{"type":"Point","coordinates":[20.867745,52.170242]}},{"type":"Feature","properties":{"text":"63","n":1,"mode":"bus","angle":-90,"op":"GPA Grodzisk — buses","color":"#0059a9"},"geometry":{"type":"Point","coordinates":[20.863121,52.139081]}},{"type":"Feature","properties":{"text":"83","n":1,"mode":"bus","angle":0,"op":"GPA Grodzisk — buses","color":"#0059a9"},"geometry":{"type":"Point","coordinates":[20.806096,52.123028]}},{"type":"Feature","properties":{"text":"M3","n":1,"mode":"bus","angle":0,"op":"Otwock","color":"#0059a9"},"geometry":{"type":"Point","coordinates":[21.132833,52.166465]}},{"type":"Feature","properties":{"text":"C01","n":1,"mode":"bus","angle":0,"op":"Powiat miński","color":"#0059a9"},"geometry":{"type":"Point","coordinates":[21.225306,52.192905]}},{"type":"Feature","properties":{"text":"C01 P10","n":2,"mode":"bus","angle":90,"op":"Powiat miński","color":"#0059a9"},"geometry":{"type":"Point","coordinates":[21.242259,52.174964]}},{"type":"Feature","properties":{"text":"C01 P10","n":2,"mode":"bus","angle":0,"op":"Powiat miński","color":"#0059a9"},"geometry":{"type":"Point","coordinates":[21.225306,52.175908]}},{"type":"Feature","properties":{"text":"C01 C02 Z10","n":3,"mode":"bus","angle":0,"op":"Powiat miński","color":"#0059a9"},"geometry":{"type":"Point","coordinates":[21.225306,52.172131]}},{"type":"Feature","properties":{"text":"C02 P10","n":2,"mode":"bus","angle":0,"op":"Powiat miński","color":"#0059a9"},"geometry":{"type":"Point","coordinates":[21.231471,52.177797]}},{"type":"Feature","properties":{"text":"A1 P02 P03","n":3,"mode":"bus","angle":90,"op":"mix","color":"#0059a9"},"geometry":{"type":"Point","coordinates":[21.140539,52.229732]}},{"type":"Feature","properties":{"text":"P11","n":1,"mode":"bus","angle":0,"op":"Powiat miński","color":"#0059a9"},"geometry":{"type":"Point","coordinates":[21.200647,52.204237]}},{"type":"Feature","properties":{"text":"P05","n":1,"mode":"bus","angle":0,"op":"Powiat miński","color":"#0059a9"},"geometry":{"type":"Point","coordinates":[21.194482,52.179685]}},{"type":"Feature","properties":{"text":"P05 P10","n":2,"mode":"bus","angle":90,"op":"Powiat miński","color":"#0059a9"},"geometry":{"type":"Point","coordinates":[21.19294,52.182518]}},{"type":"Feature","properties":{"text":"P11","n":1,"mode":"bus","angle":90,"op":"Powiat miński","color":"#0059a9"},"geometry":{"type":"Point","coordinates":[21.214517,52.244841]}},{"type":"Feature","properties":{"text":"P08","n":1,"mode":"bus","angle":0,"op":"Powiat miński","color":"#0059a9"},"geometry":{"type":"Point","coordinates":[21.216059,52.202348]}},{"type":"Feature","properties":{"text":"R38 R7","n":2,"mode":"bus","angle":0,"op":"Radzymin","color":"#0059a9"},"geometry":{"type":"Point","coordinates":[21.068102,52.304331]}},{"type":"Feature","properties":{"text":"W3","n":1,"mode":"bus","angle":0,"op":"Wieliszew","color":"#0059a9"},"geometry":{"type":"Point","coordinates":[20.917064,52.326994]}},{"type":"Feature","properties":{"text":"136 167 178 184 186 414 523 N43","n":8,"mode":"bus","angle":90,"op":"ZTM Warszawa — buses","color":"#0059a9"},"geometry":{"type":"Point","coordinates":[20.946347,52.23351]}},{"type":"Feature","properties":{"text":"105 122 189 190 220 349 N45","n":7,"mode":"bus","angle":-90,"op":"ZTM Warszawa — buses","color":"#0059a9"},"geometry":{"type":"Point","coordinates":[20.903193,52.235398]}},{"type":"Feature","properties":{"text":"10 11 17 19 33","n":5,"mode":"tram","angle":90,"op":"Tramwaje Warszawskie","color":"#d6212b"},"geometry":{"type":"Point","coordinates":[21.011078,52.231621]}},{"type":"Feature","properties":{"text":"135 148 158 311","n":4,"mode":"bus","angle":-90,"op":"ZTM Warszawa — buses","color":"#0059a9"},"geometry":{"type":"Point","coordinates":[21.069644,52.23351]}},{"type":"Feature","properties":{"text":"94 96","n":2,"mode":"bus","angle":90,"op":"GPA Grodzisk — buses","color":"#0059a9"},"geometry":{"type":"Point","coordinates":[20.826132,52.23351]}},{"type":"Feature","properties":{"text":"150","n":1,"mode":"bus","angle":45,"op":"ZTM Warszawa — buses","color":"#0059a9"},"geometry":{"type":"Point","coordinates":[20.903193,52.291111]}},{"type":"Feature","properties":{"text":"176 N64","n":2,"mode":"bus","angle":45,"op":"ZTM Warszawa — buses","color":"#0059a9"},"geometry":{"type":"Point","coordinates":[20.986418,52.289222]}},{"type":"Feature","properties":{"text":"516 N13","n":2,"mode":"bus","angle":-45,"op":"ZTM Warszawa — buses","color":"#0059a9"},"geometry":{"type":"Point","coordinates":[20.946347,52.289222]}},{"type":"Feature","properties":{"text":"L27 L44","n":2,"mode":"bus","angle":45,"op":"ZTM Warszawa — buses","color":"#0059a9"},"geometry":{"type":"Point","coordinates":[21.078891,52.289222]}},{"type":"Feature","properties":{"text":"108","n":1,"mode":"bus","angle":45,"op":"ZTM Warszawa — buses","color":"#0059a9"},"geometry":{"type":"Point","coordinates":[21.072726,52.198571]}},{"type":"Feature","properties":{"text":"127 178 191 228 N85","n":5,"mode":"bus","angle":45,"op":"mix","color":"#0059a9"},"geometry":{"type":"Point","coordinates":[20.921687,52.198571]}},{"type":"Feature","properties":{"text":"128 136 175 188 N32","n":5,"mode":"bus","angle":-45,"op":"ZTM Warszawa — buses","color":"#0059a9"},"geometry":{"type":"Point","coordinates":[20.989501,52.198571]}},{"type":"Feature","properties":{"text":"187 189 N01 N35","n":4,"mode":"bus","angle":45,"op":"ZTM Warszawa — buses","color":"#0059a9"},"geometry":{"type":"Point","coordinates":[20.91244,52.196682]}},{"type":"Feature","properties":{"text":"320 401 517 N41","n":4,"mode":"bus","angle":45,"op":"ZTM Warszawa — buses","color":"#0059a9"},"geometry":{"type":"Point","coordinates":[20.91244,52.196682]}},{"type":"Feature","properties":{"text":"187","n":1,"mode":"bus","angle":45,"op":"ZTM Warszawa — buses","color":"#0059a9"},"geometry":{"type":"Point","coordinates":[20.903193,52.198571]}},{"type":"Feature","properties":{"text":"187","n":1,"mode":"bus","angle":45,"op":"ZTM Warszawa — buses","color":"#0059a9"},"geometry":{"type":"Point","coordinates":[20.881616,52.198571]}},{"type":"Feature","properties":{"text":"67 77","n":2,"mode":"bus","angle":45,"op":"GPA Grodzisk — buses","color":"#0059a9"},"geometry":{"type":"Point","coordinates":[20.813802,52.198571]}},{"type":"Feature","properties":{"text":"P05 P08 P10 P13 Z10","n":5,"mode":"bus","angle":45,"op":"Powiat miński","color":"#0059a9"},"geometry":{"type":"Point","coordinates":[21.199105,52.198571]}},{"type":"Feature","properties":{"text":"P06 P11","n":2,"mode":"bus","angle":-45,"op":"Powiat miński","color":"#0059a9"},"geometry":{"type":"Point","coordinates":[21.19294,52.198571]}},{"type":"Feature","properties":{"text":"135","n":1,"mode":"bus","angle":45,"op":"ZTM Warszawa — buses","color":"#0059a9"},"geometry":{"type":"Point","coordinates":[21.038819,52.247674]}},{"type":"Feature","properties":{"text":"102 188 202 523 N21 N71","n":6,"mode":"bus","angle":45,"op":"mix","color":"#0059a9"},"geometry":{"type":"Point","coordinates":[21.075808,52.242008]}},{"type":"Feature","properties":{"text":"S1 S2","n":2,"mode":"skm","angle":45,"op":"mix","color":"#5a6672"},"geometry":{"type":"Point","coordinates":[21.075808,52.242008]}},{"type":"Feature","properties":{"text":"114 121 203 N01 N02 N58","n":6,"mode":"bus","angle":-45,"op":"ZTM Warszawa — buses","color":"#0059a9"},"geometry":{"type":"Point","coordinates":[20.940182,52.270337]}},{"type":"Feature","properties":{"text":"409","n":1,"mode":"bus","angle":-45,"op":"ZTM Warszawa — buses","color":"#0059a9"},"geometry":{"type":"Point","coordinates":[20.940182,52.272225]}},{"type":"Feature","properties":{"text":"103","n":1,"mode":"bus","angle":-45,"op":"ZTM Warszawa — buses","color":"#0059a9"},"geometry":{"type":"Point","coordinates":[20.949429,52.26656]}},{"type":"Feature","properties":{"text":"197","n":1,"mode":"bus","angle":-45,"op":"ZTM Warszawa — buses","color":"#0059a9"},"geometry":{"type":"Point","coordinates":[20.946347,52.260894]}},{"type":"Feature","properties":{"text":"186 414","n":2,"mode":"bus","angle":-45,"op":"ZTM Warszawa — buses","color":"#0059a9"},"geometry":{"type":"Point","coordinates":[20.958676,52.260894]}},{"type":"Feature","properties":{"text":"N45 N95","n":2,"mode":"bus","angle":45,"op":"mix","color":"#0059a9"},"geometry":{"type":"Point","coordinates":[20.964841,52.249562]}},{"type":"Feature","properties":{"text":"20 23 24","n":3,"mode":"tram","angle":45,"op":"mix","color":"#d6212b"},"geometry":{"type":"Point","coordinates":[20.964841,52.249562]}},{"type":"Feature","properties":{"text":"171 190 N42","n":3,"mode":"bus","angle":-45,"op":"ZTM Warszawa — buses","color":"#0059a9"},"geometry":{"type":"Point","coordinates":[20.964841,52.245785]}},{"type":"Feature","properties":{"text":"106","n":1,"mode":"bus","angle":-45,"op":"mix","color":"#0059a9"},"geometry":{"type":"Point","coordinates":[20.971006,52.242008]}},{"type":"Feature","properties":{"text":"13 26 27","n":3,"mode":"tram","angle":-45,"op":"mix","color":"#d6212b"},"geometry":{"type":"Point","coordinates":[20.971006,52.242008]}},{"type":"Feature","properties":{"text":"N45 N95","n":2,"mode":"bus","angle":-45,"op":"ZTM Warszawa — buses","color":"#0059a9"},"geometry":{"type":"Point","coordinates":[20.964841,52.242008]}},{"type":"Feature","properties":{"text":"M2","n":1,"mode":"metro","angle":45,"op":"Metro","color":"#BB0000"},"geometry":{"type":"Point","coordinates":[20.955594,52.242008]}},{"type":"Feature","properties":{"text":"105 194 713 716 N42","n":5,"mode":"bus","angle":-45,"op":"mix","color":"#0059a9"},"geometry":{"type":"Point","coordinates":[20.915522,52.223122]}},{"type":"Feature","properties":{"text":"197 N42","n":2,"mode":"bus","angle":-45,"op":"mix","color":"#0059a9"},"geometry":{"type":"Point","coordinates":[20.921687,52.2269]}},{"type":"Feature","properties":{"text":"10 11 26","n":3,"mode":"tram","angle":-45,"op":"mix","color":"#d6212b"},"geometry":{"type":"Point","coordinates":[20.921687,52.2269]}},{"type":"Feature","properties":{"text":"14","n":1,"mode":"bus","angle":-45,"op":"GPA Grodzisk — buses","color":"#0059a9"},"geometry":{"type":"Point","coordinates":[20.91244,52.223122]}},{"type":"Feature","properties":{"text":"14 105 713 716 N42","n":5,"mode":"bus","angle":-45,"op":"mix","color":"#0059a9"},"geometry":{"type":"Point","coordinates":[20.906275,52.219345]}},{"type":"Feature","properties":{"text":"149 167 220 N45 N95","n":5,"mode":"bus","angle":-45,"op":"ZTM Warszawa — buses","color":"#0059a9"},"geometry":{"type":"Point","coordinates":[20.906275,52.243897]}},{"type":"Feature","properties":{"text":"106 118 N16","n":3,"mode":"bus","angle":45,"op":"ZTM Warszawa — buses","color":"#0059a9"},"geometry":{"type":"Point","coordinates":[21.023407,52.249562]}},{"type":"Feature","properties":{"text":"106 118","n":2,"mode":"bus","angle":45,"op":"ZTM Warszawa — buses","color":"#0059a9"},"geometry":{"type":"Point","coordinates":[21.023407,52.247674]}},{"type":"Feature","properties":{"text":"106 111 116 180 503","n":5,"mode":"bus","angle":45,"op":"ZTM Warszawa — buses","color":"#0059a9"},"geometry":{"type":"Point","coordinates":[21.023407,52.242008]}},{"type":"Feature","properties":{"text":"M2","n":1,"mode":"metro","angle":-45,"op":"mix","color":"#BB0000"},"geometry":{"type":"Point","coordinates":[21.029572,52.242008]}},{"type":"Feature","properties":{"text":"S3","n":1,"mode":"skm","angle":-45,"op":"mix","color":"#FFAC01"},"geometry":{"type":"Point","coordinates":[21.029572,52.242008]}},{"type":"Feature","properties":{"text":"111","n":1,"mode":"bus","angle":45,"op":"ZTM Warszawa — buses","color":"#0059a9"},"geometry":{"type":"Point","coordinates":[21.020325,52.247674]}},{"type":"Feature","properties":{"text":"111 116 128 175 180 503 E-2","n":7,"mode":"bus","angle":45,"op":"ZTM Warszawa — buses","color":"#0059a9"},"geometry":{"type":"Point","coordinates":[21.02649,52.242008]}},{"type":"Feature","properties":{"text":"116 128 175 178 180 N44","n":6,"mode":"bus","angle":45,"op":"ZTM Warszawa — buses","color":"#0059a9"},"geometry":{"type":"Point","coordinates":[21.020325,52.249562]}},{"type":"Feature","properties":{"text":"503 E-2","n":2,"mode":"bus","angle":45,"op":"ZTM Warszawa — buses","color":"#0059a9"},"geometry":{"type":"Point","coordinates":[21.020325,52.249562]}},{"type":"Feature","properties":{"text":"107 171 N11 N13 N16 N21 N41 N42 N61 N63 N71 N91","n":12,"mode":"bus","angle":45,"op":"mix","color":"#0059a9"},"geometry":{"type":"Point","coordinates":[21.011078,52.247674]}},{"type":"Feature","properties":{"text":"4 15 16 18 36","n":5,"mode":"tram","angle":45,"op":"mix","color":"#d6212b"},"geometry":{"type":"Point","coordinates":[21.011078,52.247674]}},{"type":"Feature","properties":{"text":"106 157","n":2,"mode":"bus","angle":45,"op":"ZTM Warszawa — buses","color":"#0059a9"},"geometry":{"type":"Point","coordinates":[20.992583,52.247674]}},{"type":"Feature","properties":{"text":"107 503","n":2,"mode":"bus","angle":45,"op":"ZTM Warszawa — buses","color":"#0059a9"},"geometry":{"type":"Point","coordinates":[21.017242,52.245785]}},{"type":"Feature","properties":{"text":"20 23 24","n":3,"mode":"tram","angle":45,"op":"mix","color":"#d6212b"},"geometry":{"type":"Point","coordinates":[20.971006,52.245785]}},{"type":"Feature","properties":{"text":"106 171 190 N42","n":4,"mode":"bus","angle":-45,"op":"mix","color":"#0059a9"},"geometry":{"type":"Point","coordinates":[20.983336,52.247674]}},{"type":"Feature","properties":{"text":"13 20 23 26","n":4,"mode":"tram","angle":-45,"op":"mix","color":"#d6212b"},"geometry":{"type":"Point","coordinates":[20.983336,52.247674]}},{"type":"Feature","properties":{"text":"160 N12 N13 N21 N46 N62 N63 N71","n":8,"mode":"bus","angle":45,"op":"mix","color":"#0059a9"},"geometry":{"type":"Point","coordinates":[21.00183,52.243897]}},{"type":"Feature","properties":{"text":"17 19 33","n":3,"mode":"tram","angle":45,"op":"mix","color":"#d6212b"},"geometry":{"type":"Point","coordinates":[21.00183,52.243897]}},{"type":"Feature","properties":{"text":"100 160 174 N12 N13 N14 N16 N21 N44 N45 N46 N62 N63 N64 N71 N91 N95","n":17,"mode":"bus","angle":45,"op":"mix","color":"#0059a9"},"geometry":{"type":"Point","coordinates":[21.007995,52.236342]}},{"type":"Feature","properties":{"text":"10 11 17 19 33","n":5,"mode":"tram","angle":45,"op":"mix","color":"#d6212b"},"geometry":{"type":"Point","coordinates":[21.007995,52.236342]}},{"type":"Feature","properties":{"text":"107","n":1,"mode":"bus","angle":45,"op":"ZTM Warszawa — buses","color":"#0059a9"},"geometry":{"type":"Point","coordinates":[21.023407,52.238231]}},{"type":"Feature","properties":{"text":"N11 N16 N21 N61 N71","n":5,"mode":"bus","angle":-45,"op":"ZTM Warszawa — buses","color":"#0059a9"},"geometry":{"type":"Point","coordinates":[21.011078,52.251451]}},{"type":"Feature","properties":{"text":"503","n":1,"mode":"bus","angle":45,"op":"ZTM Warszawa — buses","color":"#0059a9"},"geometry":{"type":"Point","coordinates":[21.011078,52.251451]}},{"type":"Feature","properties":{"text":"107 159","n":2,"mode":"bus","angle":45,"op":"ZTM Warszawa — buses","color":"#0059a9"},"geometry":{"type":"Point","coordinates":[21.044984,52.2269]}},{"type":"Feature","properties":{"text":"116 118 166 180","n":4,"mode":"bus","angle":45,"op":"ZTM Warszawa — buses","color":"#0059a9"},"geometry":{"type":"Point","coordinates":[21.038819,52.230677]}},{"type":"Feature","properties":{"text":"107 159 187 N33 N83","n":5,"mode":"bus","angle":45,"op":"ZTM Warszawa — buses","color":"#0059a9"},"geometry":{"type":"Point","coordinates":[21.051149,52.223122]}},{"type":"Feature","properties":{"text":"108 162","n":2,"mode":"bus","angle":45,"op":"ZTM Warszawa — buses","color":"#0059a9"},"geometry":{"type":"Point","coordinates":[21.051149,52.217457]}},{"type":"Feature","properties":{"text":"116 166 172 503 N31 N81","n":6,"mode":"bus","angle":45,"op":"ZTM Warszawa — buses","color":"#0059a9"},"geometry":{"type":"Point","coordinates":[21.048067,52.192905]}},{"type":"Feature","properties":{"text":"130 N37","n":2,"mode":"bus","angle":-45,"op":"mix","color":"#0059a9"},"geometry":{"type":"Point","coordinates":[21.029572,52.179685]}},{"type":"Feature","properties":{"text":"4 10","n":2,"mode":"tram","angle":-45,"op":"mix","color":"#d6212b"},"geometry":{"type":"Point","coordinates":[21.029572,52.179685]}},{"type":"Feature","properties":{"text":"300 331 709 727 739 N37","n":6,"mode":"bus","angle":-45,"op":"ZTM Warszawa — buses","color":"#0059a9"},"geometry":{"type":"Point","coordinates":[21.023407,52.175908]}},{"type":"Feature","properties":{"text":"131 171","n":2,"mode":"bus","angle":45,"op":"ZTM Warszawa — buses","color":"#0059a9"},"geometry":{"type":"Point","coordinates":[21.048067,52.228788]}},{"type":"Feature","properties":{"text":"108 163 172 185 187 189 N33 N83","n":8,"mode":"bus","angle":-45,"op":"ZTM Warszawa — buses","color":"#0059a9"},"geometry":{"type":"Point","coordinates":[21.057314,52.185351]}},{"type":"Feature","properties":{"text":"108 148 163 185 187 189 519 N03 N33 N83","n":10,"mode":"bus","angle":-45,"op":"ZTM Warszawa — buses","color":"#0059a9"},"geometry":{"type":"Point","coordinates":[21.048067,52.181574]}},{"type":"Feature","properties":{"text":"19","n":1,"mode":"tram","angle":-45,"op":"Tramwaje Warszawskie","color":"#d6212b"},"geometry":{"type":"Point","coordinates":[21.048067,52.179685]}},{"type":"Feature","properties":{"text":"97","n":1,"mode":"bus","angle":-45,"op":"GPA Grodzisk — buses","color":"#0059a9"},"geometry":{"type":"Point","coordinates":[20.927852,52.285445]}},{"type":"Feature","properties":{"text":"97 110 N91","n":3,"mode":"bus","angle":-45,"op":"mix","color":"#0059a9"},"geometry":{"type":"Point","coordinates":[20.909358,52.270337]}},{"type":"Feature","properties":{"text":"97","n":1,"mode":"bus","angle":-45,"op":"GPA Grodzisk — buses","color":"#0059a9"},"geometry":{"type":"Point","coordinates":[20.90011,52.26656]}},{"type":"Feature","properties":{"text":"114 116 121 203 409 N02 N43","n":7,"mode":"bus","angle":-45,"op":"ZTM Warszawa — buses","color":"#0059a9"},"geometry":{"type":"Point","coordinates":[20.934017,52.26656]}},{"type":"Feature","properties":{"text":"112 132 134 156 186 326 414 518 705 735 N02 N13 N63","n":13,"mode":"bus","angle":-45,"op":"ZTM Warszawa — buses","color":"#0059a9"},"geometry":{"type":"Point","coordinates":[20.971006,52.270337]}},{"type":"Feature","properties":{"text":"186 414","n":2,"mode":"bus","angle":-45,"op":"ZTM Warszawa — buses","color":"#0059a9"},"geometry":{"type":"Point","coordinates":[20.964841,52.264671]}},{"type":"Feature","properties":{"text":"N13 N63","n":2,"mode":"bus","angle":45,"op":"mix","color":"#0059a9"},"geometry":{"type":"Point","coordinates":[20.974088,52.264671]}},{"type":"Feature","properties":{"text":"17 27","n":2,"mode":"tram","angle":45,"op":"mix","color":"#d6212b"},"geometry":{"type":"Point","coordinates":[20.974088,52.264671]}},{"type":"Feature","properties":{"text":"N12 N13 N46 N62 N63","n":5,"mode":"bus","angle":45,"op":"mix","color":"#0059a9"},"geometry":{"type":"Point","coordinates":[20.989501,52.255228]}},{"type":"Feature","properties":{"text":"17 19 33","n":3,"mode":"tram","angle":45,"op":"mix","color":"#d6212b"},"geometry":{"type":"Point","coordinates":[20.989501,52.255228]}},{"type":"Feature","properties":{"text":"146 147","n":2,"mode":"bus","angle":45,"op":"ZTM Warszawa — buses","color":"#0059a9"},"geometry":{"type":"Point","coordinates":[21.044984,52.24012]}},{"type":"Feature","properties":{"text":"166","n":1,"mode":"bus","angle":-45,"op":"ZTM Warszawa — buses","color":"#0059a9"},"geometry":{"type":"Point","coordinates":[21.044984,52.236342]}},{"type":"Feature","properties":{"text":"111 123 147 411 507 509 E-1 N02 N22 N72","n":10,"mode":"bus","angle":45,"op":"ZTM Warszawa — buses","color":"#0059a9"},"geometry":{"type":"Point","coordinates":[21.063479,52.2269]}},{"type":"Feature","properties":{"text":"117 123 311 N22 N72","n":5,"mode":"bus","angle":45,"op":"ZTM Warszawa — buses","color":"#0059a9"},"geometry":{"type":"Point","coordinates":[21.072726,52.223122]}},{"type":"Feature","properties":{"text":"111 123 213 509 N02 N22 N72","n":7,"mode":"bus","angle":45,"op":"ZTM Warszawa — buses","color":"#0059a9"},"geometry":{"type":"Point","coordinates":[21.078891,52.223122]}},{"type":"Feature","properties":{"text":"219 411","n":2,"mode":"bus","angle":45,"op":"ZTM Warszawa — buses","color":"#0059a9"},"geometry":{"type":"Point","coordinates":[21.085056,52.219345]}},{"type":"Feature","properties":{"text":"402 N22","n":2,"mode":"bus","angle":-45,"op":"ZTM Warszawa — buses","color":"#0059a9"},"geometry":{"type":"Point","coordinates":[21.085056,52.223122]}},{"type":"Feature","properties":{"text":"112 122 171 184 N01 N41 N43","n":7,"mode":"bus","angle":-45,"op":"mix","color":"#0059a9"},"geometry":{"type":"Point","coordinates":[20.934017,52.260894]}},{"type":"Feature","properties":{"text":"19 26 28 46","n":4,"mode":"tram","angle":-45,"op":"mix","color":"#d6212b"},"geometry":{"type":"Point","coordinates":[20.934017,52.260894]}},{"type":"Feature","properties":{"text":"122 171 201 220","n":4,"mode":"bus","angle":-45,"op":"ZTM Warszawa — buses","color":"#0059a9"},"geometry":{"type":"Point","coordinates":[20.927852,52.257117]}},{"type":"Feature","properties":{"text":"112 114 184 N01 N02 N41 N43","n":7,"mode":"bus","angle":-45,"op":"mix","color":"#0059a9"},"geometry":{"type":"Point","coordinates":[20.940182,52.264671]}},{"type":"Feature","properties":{"text":"19 26 28 46","n":4,"mode":"tram","angle":-45,"op":"mix","color":"#d6212b"},"geometry":{"type":"Point","coordinates":[20.940182,52.264671]}},{"type":"Feature","properties":{"text":"518","n":1,"mode":"bus","angle":-45,"op":"ZTM Warszawa — buses","color":"#0059a9"},"geometry":{"type":"Point","coordinates":[20.983336,52.276002]}},{"type":"Feature","properties":{"text":"114","n":1,"mode":"bus","angle":-45,"op":"ZTM Warszawa — buses","color":"#0059a9"},"geometry":{"type":"Point","coordinates":[20.995665,52.272225]}},{"type":"Feature","properties":{"text":"509 N03","n":2,"mode":"bus","angle":45,"op":"mix","color":"#0059a9"},"geometry":{"type":"Point","coordinates":[21.00183,52.272225]}},{"type":"Feature","properties":{"text":"18 20","n":2,"mode":"tram","angle":45,"op":"mix","color":"#d6212b"},"geometry":{"type":"Point","coordinates":[21.00183,52.272225]}},{"type":"Feature","properties":{"text":"112 114 134 145 156 414 N02","n":7,"mode":"bus","angle":45,"op":"mix","color":"#0059a9"},"geometry":{"type":"Point","coordinates":[21.007995,52.274114]}},{"type":"Feature","properties":{"text":"S3 S4 S40","n":3,"mode":"skm","angle":45,"op":"mix","color":"#5a6672"},"geometry":{"type":"Point","coordinates":[21.007995,52.274114]}},{"type":"Feature","properties":{"text":"112 114 134 145 156 N02","n":6,"mode":"bus","angle":45,"op":"ZTM Warszawa — buses","color":"#0059a9"},"geometry":{"type":"Point","coordinates":[21.007995,52.274114]}},{"type":"Feature","properties":{"text":"M2","n":1,"mode":"metro","angle":45,"op":"Metro","color":"#BB0000"},"geometry":{"type":"Point","coordinates":[21.038819,52.270337]}},{"type":"Feature","properties":{"text":"129","n":1,"mode":"bus","angle":-45,"op":"ZTM Warszawa — buses","color":"#0059a9"},"geometry":{"type":"Point","coordinates":[20.91244,52.230677]}},{"type":"Feature","properties":{"text":"167 171 190 249 523 N43","n":6,"mode":"bus","angle":-45,"op":"ZTM Warszawa — buses","color":"#0059a9"},"geometry":{"type":"Point","coordinates":[20.915522,52.242008]}},{"type":"Feature","properties":{"text":"320 523 N41","n":3,"mode":"bus","angle":-45,"op":"ZTM Warszawa — buses","color":"#0059a9"},"geometry":{"type":"Point","coordinates":[20.915522,52.243897]}},{"type":"Feature","properties":{"text":"112 N43","n":2,"mode":"bus","angle":-45,"op":"ZTM Warszawa — buses","color":"#0059a9"},"geometry":{"type":"Point","coordinates":[20.921687,52.251451]}},{"type":"Feature","properties":{"text":"N41","n":1,"mode":"bus","angle":-45,"op":"mix","color":"#0059a9"},"geometry":{"type":"Point","coordinates":[20.921687,52.251451]}},{"type":"Feature","properties":{"text":"11 23 24 26 28 46","n":6,"mode":"tram","angle":-45,"op":"mix","color":"#d6212b"},"geometry":{"type":"Point","coordinates":[20.921687,52.251451]}},{"type":"Feature","properties":{"text":"126 176 N64","n":3,"mode":"bus","angle":45,"op":"mix","color":"#0059a9"},"geometry":{"type":"Point","coordinates":[21.004913,52.274114]}},{"type":"Feature","properties":{"text":"150 750 755 N56","n":4,"mode":"bus","angle":45,"op":"ZTM Warszawa — buses","color":"#0059a9"},"geometry":{"type":"Point","coordinates":[20.937099,52.283557]}},{"type":"Feature","properties":{"text":"114 303 N41 N91","n":4,"mode":"bus","angle":45,"op":"ZTM Warszawa — buses","color":"#0059a9"},"geometry":{"type":"Point","coordinates":[20.961759,52.264671]}},{"type":"Feature","properties":{"text":"185","n":1,"mode":"bus","angle":45,"op":"ZTM Warszawa — buses","color":"#0059a9"},"geometry":{"type":"Point","coordinates":[21.00183,52.264671]}},{"type":"Feature","properties":{"text":"115","n":1,"mode":"bus","angle":45,"op":"ZTM Warszawa — buses","color":"#0059a9"},"geometry":{"type":"Point","coordinates":[21.100468,52.251451]}},{"type":"Feature","properties":{"text":"153 225","n":2,"mode":"bus","angle":-45,"op":"ZTM Warszawa — buses","color":"#0059a9"},"geometry":{"type":"Point","coordinates":[21.094303,52.251451]}},{"type":"Feature","properties":{"text":"199 N24","n":2,"mode":"bus","angle":45,"op":"ZTM Warszawa — buses","color":"#0059a9"},"geometry":{"type":"Point","coordinates":[21.097385,52.245785]}},{"type":"Feature","properties":{"text":"143 225 Z2M Z4M","n":4,"mode":"bus","angle":45,"op":"mix","color":"#0059a9"},"geometry":{"type":"Point","coordinates":[21.091221,52.243897]}},{"type":"Feature","properties":{"text":"305","n":1,"mode":"bus","angle":-45,"op":"ZTM Warszawa — buses","color":"#0059a9"},"geometry":{"type":"Point","coordinates":[21.094303,52.225011]}},{"type":"Feature","properties":{"text":"116 178 503 518 N44","n":5,"mode":"bus","angle":45,"op":"ZTM Warszawa — buses","color":"#0059a9"},"geometry":{"type":"Point","coordinates":[21.004913,52.255228]}},{"type":"Feature","properties":{"text":"116 178 N44","n":3,"mode":"bus","angle":45,"op":"ZTM Warszawa — buses","color":"#0059a9"},"geometry":{"type":"Point","coordinates":[21.004913,52.255228]}},{"type":"Feature","properties":{"text":"100 178 503","n":3,"mode":"bus","angle":-45,"op":"ZTM Warszawa — buses","color":"#0059a9"},"geometry":{"type":"Point","coordinates":[21.00183,52.259005]}},{"type":"Feature","properties":{"text":"100","n":1,"mode":"bus","angle":45,"op":"ZTM Warszawa — buses","color":"#0059a9"},"geometry":{"type":"Point","coordinates":[21.00183,52.255228]}},{"type":"Feature","properties":{"text":"167 168 N31 N81","n":4,"mode":"bus","angle":45,"op":"ZTM Warszawa — buses","color":"#0059a9"},"geometry":{"type":"Point","coordinates":[21.041902,52.211791]}},{"type":"Feature","properties":{"text":"11 14 16 19 67","n":5,"mode":"tram","angle":45,"op":"mix","color":"#d6212b"},"geometry":{"type":"Point","coordinates":[21.041902,52.208014]}},{"type":"Feature","properties":{"text":"128 171 175 N32 N35 N38 N42 N85 N88","n":9,"mode":"bus","angle":45,"op":"mix","color":"#0059a9"},"geometry":{"type":"Point","coordinates":[21.017242,52.24012]}},{"type":"Feature","properties":{"text":"4 15 16 18 36","n":5,"mode":"tram","angle":45,"op":"mix","color":"#d6212b"},"geometry":{"type":"Point","coordinates":[21.017242,52.24012]}},{"type":"Feature","properties":{"text":"M1","n":1,"mode":"metro","angle":45,"op":"mix","color":"#0000BB"},"geometry":{"type":"Point","coordinates":[21.017242,52.24012]}},{"type":"Feature","properties":{"text":"118 N31 N81","n":3,"mode":"bus","angle":45,"op":"ZTM Warszawa — buses","color":"#0059a9"},"geometry":{"type":"Point","coordinates":[21.035737,52.217457]}},{"type":"Feature","properties":{"text":"119 138 167 168","n":4,"mode":"bus","angle":-45,"op":"ZTM Warszawa — buses","color":"#0059a9"},"geometry":{"type":"Point","coordinates":[21.035737,52.21368]}},{"type":"Feature","properties":{"text":"118 119 138 N37","n":4,"mode":"bus","angle":-45,"op":"mix","color":"#0059a9"},"geometry":{"type":"Point","coordinates":[21.038819,52.204237]}},{"type":"Feature","properties":{"text":"138","n":1,"mode":"bus","angle":-45,"op":"ZTM Warszawa — buses","color":"#0059a9"},"geometry":{"type":"Point","coordinates":[21.029572,52.20046]}},{"type":"Feature","properties":{"text":"141 172","n":2,"mode":"bus","angle":-45,"op":"ZTM Warszawa — buses","color":"#0059a9"},"geometry":{"type":"Point","coordinates":[21.038819,52.194794]}},{"type":"Feature","properties":{"text":"118","n":1,"mode":"bus","angle":-45,"op":"ZTM Warszawa — buses","color":"#0059a9"},"geometry":{"type":"Point","coordinates":[21.020325,52.185351]}},{"type":"Feature","properties":{"text":"118 136 168 218 228 308 N33 N36 N86","n":9,"mode":"bus","angle":-45,"op":"ZTM Warszawa — buses","color":"#0059a9"},"geometry":{"type":"Point","coordinates":[21.004913,52.181574]}},{"type":"Feature","properties":{"text":"100","n":1,"mode":"bus","angle":45,"op":"ZTM Warszawa — buses","color":"#0059a9"},"geometry":{"type":"Point","coordinates":[21.032654,52.247674]}},{"type":"Feature","properties":{"text":"119","n":1,"mode":"bus","angle":45,"op":"ZTM Warszawa — buses","color":"#0059a9"},"geometry":{"type":"Point","coordinates":[21.01416,52.20046]}},{"type":"Feature","properties":{"text":"119 138 167 168","n":4,"mode":"bus","angle":-45,"op":"ZTM Warszawa — buses","color":"#0059a9"},"geometry":{"type":"Point","coordinates":[21.023407,52.209902]}},{"type":"Feature","properties":{"text":"119 148 168 402 N03","n":5,"mode":"bus","angle":-45,"op":"ZTM Warszawa — buses","color":"#0059a9"},"geometry":{"type":"Point","coordinates":[21.069644,52.208014]}},{"type":"Feature","properties":{"text":"119","n":1,"mode":"bus","angle":-45,"op":"ZTM Warszawa — buses","color":"#0059a9"},"geometry":{"type":"Point","coordinates":[21.078891,52.211791]}},{"type":"Feature","properties":{"text":"119 148 402 N03","n":4,"mode":"bus","angle":-45,"op":"ZTM Warszawa — buses","color":"#0059a9"},"geometry":{"type":"Point","coordinates":[21.075808,52.215568]}},{"type":"Feature","properties":{"text":"119 147","n":2,"mode":"bus","angle":-45,"op":"ZTM Warszawa — buses","color":"#0059a9"},"geometry":{"type":"Point","coordinates":[21.112797,52.209902]}},{"type":"Feature","properties":{"text":"156","n":1,"mode":"bus","angle":-45,"op":"ZTM Warszawa — buses","color":"#0059a9"},"geometry":{"type":"Point","coordinates":[21.051149,52.251451]}},{"type":"Feature","properties":{"text":"7","n":1,"mode":"tram","angle":-45,"op":"Tramwaje Warszawskie","color":"#d6212b"},"geometry":{"type":"Point","coordinates":[21.048067,52.251451]}},{"type":"Feature","properties":{"text":"120 135 160 190 N02 N03 N11 N61","n":8,"mode":"bus","angle":-45,"op":"ZTM Warszawa — buses","color":"#0059a9"},"geometry":{"type":"Point","coordinates":[21.035737,52.255228]}},{"type":"Feature","properties":{"text":"170 338 N16","n":3,"mode":"bus","angle":45,"op":"ZTM Warszawa — buses","color":"#0059a9"},"geometry":{"type":"Point","coordinates":[21.038819,52.251451]}},{"type":"Feature","properties":{"text":"509 N14 N64","n":3,"mode":"bus","angle":45,"op":"ZTM Warszawa — buses","color":"#0059a9"},"geometry":{"type":"Point","coordinates":[21.029572,52.255228]}},{"type":"Feature","properties":{"text":"512","n":1,"mode":"bus","angle":-45,"op":"mix","color":"#0059a9"},"geometry":{"type":"Point","coordinates":[21.035737,52.255228]}},{"type":"Feature","properties":{"text":"M2","n":1,"mode":"metro","angle":-45,"op":"mix","color":"#BB0000"},"geometry":{"type":"Point","coordinates":[21.035737,52.255228]}},{"type":"Feature","properties":{"text":"135 N14 N64","n":3,"mode":"bus","angle":45,"op":"mix","color":"#0059a9"},"geometry":{"type":"Point","coordinates":[21.035737,52.259005]}},{"type":"Feature","properties":{"text":"S3","n":1,"mode":"skm","angle":45,"op":"mix","color":"#FFAC01"},"geometry":{"type":"Point","coordinates":[21.035737,52.259005]}},{"type":"Feature","properties":{"text":"120 156 160 212 356 N02 N12 N62","n":8,"mode":"bus","angle":45,"op":"ZTM Warszawa — buses","color":"#0059a9"},"geometry":{"type":"Point","coordinates":[21.035737,52.260894]}},{"type":"Feature","properties":{"text":"140 212 262 340 738 N62 Z2M Z4M","n":8,"mode":"bus","angle":45,"op":"mix","color":"#0059a9"},"geometry":{"type":"Point","coordinates":[21.044984,52.262782]}},{"type":"Feature","properties":{"text":"120 234","n":2,"mode":"bus","angle":45,"op":"ZTM Warszawa — buses","color":"#0059a9"},"geometry":{"type":"Point","coordinates":[21.032654,52.287334]}},{"type":"Feature","properties":{"text":"121 181 197 N46","n":4,"mode":"bus","angle":-45,"op":"ZTM Warszawa — buses","color":"#0059a9"},"geometry":{"type":"Point","coordinates":[20.964841,52.272225]}},{"type":"Feature","properties":{"text":"124 N88","n":2,"mode":"bus","angle":45,"op":"ZTM Warszawa — buses","color":"#0059a9"},"geometry":{"type":"Point","coordinates":[20.937099,52.164577]}},{"type":"Feature","properties":{"text":"124","n":1,"mode":"bus","angle":45,"op":"ZTM Warszawa — buses","color":"#0059a9"},"geometry":{"type":"Point","coordinates":[20.961759,52.158911]}},{"type":"Feature","properties":{"text":"521","n":1,"mode":"bus","angle":45,"op":"mix","color":"#0059a9"},"geometry":{"type":"Point","coordinates":[21.094303,52.221234]}},{"type":"Feature","properties":{"text":"S1","n":1,"mode":"skm","angle":45,"op":"mix","color":"#E84A4B"},"geometry":{"type":"Point","coordinates":[21.094303,52.221234]}},{"type":"Feature","properties":{"text":"516 N63","n":2,"mode":"bus","angle":-45,"op":"ZTM Warszawa — buses","color":"#0059a9"},"geometry":{"type":"Point","coordinates":[20.964841,52.285445]}},{"type":"Feature","properties":{"text":"126","n":1,"mode":"bus","angle":-45,"op":"ZTM Warszawa — buses","color":"#0059a9"},"geometry":{"type":"Point","coordinates":[20.983336,52.283557]}},{"type":"Feature","properties":{"text":"126 N64","n":2,"mode":"bus","angle":-45,"op":"ZTM Warszawa — buses","color":"#0059a9"},"geometry":{"type":"Point","coordinates":[20.998748,52.283557]}},{"type":"Feature","properties":{"text":"326 705 735 736","n":4,"mode":"bus","angle":-45,"op":"ZTM Warszawa — buses","color":"#0059a9"},"geometry":{"type":"Point","coordinates":[21.007995,52.287334]}},{"type":"Feature","properties":{"text":"157 517 N35 N38 N43 N85 N88","n":7,"mode":"bus","angle":-45,"op":"ZTM Warszawa — buses","color":"#0059a9"},"geometry":{"type":"Point","coordinates":[20.989501,52.2269]}},{"type":"Feature","properties":{"text":"1 7 9 25","n":4,"mode":"tram","angle":-45,"op":"Tramwaje Warszawskie","color":"#d6212b"},"geometry":{"type":"Point","coordinates":[20.989501,52.228788]}},{"type":"Feature","properties":{"text":"154 167 172 182 187 N35 N85","n":7,"mode":"bus","angle":45,"op":"ZTM Warszawa — buses","color":"#0059a9"},"geometry":{"type":"Point","coordinates":[20.971006,52.221234]}},{"type":"Feature","properties":{"text":"127 154 158 159 167 172 182 187 517 717 817 N35 N85","n":13,"mode":"bus","angle":-45,"op":"mix","color":"#0059a9"},"geometry":{"type":"Point","coordinates":[20.958676,52.219345]}},{"type":"Feature","properties":{"text":"S1 S2 S3","n":3,"mode":"skm","angle":-45,"op":"mix","color":"#5a6672"},"geometry":{"type":"Point","coordinates":[20.958676,52.219345]}},{"type":"Feature","properties":{"text":"WKD","n":1,"mode":"wkd","angle":-45,"op":"mix","color":"#a518a3"},"geometry":{"type":"Point","coordinates":[20.958676,52.219345]}},{"type":"Feature","properties":{"text":"136 184 186 191 208 414 N01 N43","n":8,"mode":"bus","angle":45,"op":"ZTM Warszawa — buses","color":"#0059a9"},"geometry":{"type":"Point","coordinates":[20.958676,52.215568]}},{"type":"Feature","properties":{"text":"159 172","n":2,"mode":"bus","angle":-45,"op":"ZTM Warszawa — buses","color":"#0059a9"},"geometry":{"type":"Point","coordinates":[20.943264,52.21368]}},{"type":"Feature","properties":{"text":"127 178 187 191 208 717 817 N01 N35 N85","n":10,"mode":"bus","angle":-45,"op":"ZTM Warszawa — buses","color":"#0059a9"},"geometry":{"type":"Point","coordinates":[20.930935,52.208014]}},{"type":"Feature","properties":{"text":"208","n":1,"mode":"bus","angle":45,"op":"mix","color":"#0059a9"},"geometry":{"type":"Point","coordinates":[20.930935,52.202348]}},{"type":"Feature","properties":{"text":"S2 S3 S4 S40","n":4,"mode":"skm","angle":45,"op":"mix","color":"#5a6672"},"geometry":{"type":"Point","coordinates":[20.930935,52.202348]}},{"type":"Feature","properties":{"text":"WKD","n":1,"mode":"wkd","angle":-45,"op":"WKD","color":"#a518a3"},"geometry":{"type":"Point","coordinates":[20.930935,52.209902]}},{"type":"Feature","properties":{"text":"187 517 717 817 N01 N35","n":6,"mode":"bus","angle":-45,"op":"mix","color":"#0059a9"},"geometry":{"type":"Point","coordinates":[20.921687,52.194794]}},{"type":"Feature","properties":{"text":"WKD","n":1,"mode":"wkd","angle":-45,"op":"mix","color":"#a518a3"},"geometry":{"type":"Point","coordinates":[20.921687,52.194794]}},{"type":"Feature","properties":{"text":"228","n":1,"mode":"bus","angle":45,"op":"ZTM Warszawa — buses","color":"#0059a9"},"geometry":{"type":"Point","coordinates":[20.930935,52.194794]}},{"type":"Feature","properties":{"text":"178 191","n":2,"mode":"bus","angle":45,"op":"mix","color":"#0059a9"},"geometry":{"type":"Point","coordinates":[20.915522,52.202348]}},{"type":"Feature","properties":{"text":"S1","n":1,"mode":"skm","angle":45,"op":"mix","color":"#E84A4B"},"geometry":{"type":"Point","coordinates":[20.915522,52.202348]}},{"type":"Feature","properties":{"text":"127 228 N85","n":3,"mode":"bus","angle":-45,"op":"ZTM Warszawa — buses","color":"#0059a9"},"geometry":{"type":"Point","coordinates":[20.909358,52.208014]}},{"type":"Feature","properties":{"text":"228","n":1,"mode":"bus","angle":-45,"op":"ZTM Warszawa — buses","color":"#0059a9"},"geometry":{"type":"Point","coordinates":[20.909358,52.211791]}},{"type":"Feature","properties":{"text":"127 194 N85","n":3,"mode":"bus","angle":45,"op":"ZTM Warszawa — buses","color":"#0059a9"},"geometry":{"type":"Point","coordinates":[20.903193,52.208014]}},{"type":"Feature","properties":{"text":"228","n":1,"mode":"bus","angle":-45,"op":"mix","color":"#0059a9"},"geometry":{"type":"Point","coordinates":[20.903193,52.204237]}},{"type":"Feature","properties":{"text":"S1","n":1,"mode":"skm","angle":-45,"op":"mix","color":"#E84A4B"},"geometry":{"type":"Point","coordinates":[20.903193,52.204237]}},{"type":"Feature","properties":{"text":"128 186 208 414","n":4,"mode":"bus","angle":45,"op":"ZTM Warszawa — buses","color":"#0059a9"},"geometry":{"type":"Point","coordinates":[20.958676,52.204237]}},{"type":"Feature","properties":{"text":"157 184 208 414","n":4,"mode":"bus","angle":-45,"op":"ZTM Warszawa — buses","color":"#0059a9"},"geometry":{"type":"Point","coordinates":[20.958676,52.208014]}},{"type":"Feature","properties":{"text":"184 208 414","n":3,"mode":"bus","angle":-45,"op":"ZTM Warszawa — buses","color":"#0059a9"},"geometry":{"type":"Point","coordinates":[20.958676,52.211791]}},{"type":"Feature","properties":{"text":"128 N01","n":2,"mode":"bus","angle":45,"op":"ZTM Warszawa — buses","color":"#0059a9"},"geometry":{"type":"Point","coordinates":[20.983336,52.194794]}},{"type":"Feature","properties":{"text":"172 186 N01","n":3,"mode":"bus","angle":-45,"op":"ZTM Warszawa — buses","color":"#0059a9"},"geometry":{"type":"Point","coordinates":[20.977171,52.202348]}},{"type":"Feature","properties":{"text":"129 201 249 N45 N95","n":5,"mode":"bus","angle":-45,"op":"mix","color":"#0059a9"},"geometry":{"type":"Point","coordinates":[20.940182,52.251451]}},{"type":"Feature","properties":{"text":"20 23 24","n":3,"mode":"tram","angle":-45,"op":"mix","color":"#d6212b"},"geometry":{"type":"Point","coordinates":[20.940182,52.251451]}},{"type":"Feature","properties":{"text":"129 167 190 197 N42","n":5,"mode":"bus","angle":-45,"op":"ZTM Warszawa — buses","color":"#0059a9"},"geometry":{"type":"Point","coordinates":[20.934017,52.242008]}},{"type":"Feature","properties":{"text":"129 190","n":2,"mode":"bus","angle":-45,"op":"ZTM Warszawa — buses","color":"#0059a9"},"geometry":{"type":"Point","coordinates":[20.927852,52.238231]}},{"type":"Feature","properties":{"text":"207 N35 N85","n":3,"mode":"bus","angle":-45,"op":"ZTM Warszawa — buses","color":"#0059a9"},"geometry":{"type":"Point","coordinates":[20.890863,52.194794]}},{"type":"Feature","properties":{"text":"133","n":1,"mode":"bus","angle":-45,"op":"ZTM Warszawa — buses","color":"#0059a9"},"geometry":{"type":"Point","coordinates":[20.974088,52.293]}},{"type":"Feature","properties":{"text":"511","n":1,"mode":"bus","angle":45,"op":"ZTM Warszawa — buses","color":"#0059a9"},"geometry":{"type":"Point","coordinates":[20.964841,52.293]}},{"type":"Feature","properties":{"text":"326","n":1,"mode":"bus","angle":45,"op":"ZTM Warszawa — buses","color":"#0059a9"},"geometry":{"type":"Point","coordinates":[21.029572,52.293]}},{"type":"Feature","properties":{"text":"134 226 326 332 N14","n":5,"mode":"bus","angle":45,"op":"ZTM Warszawa — buses","color":"#0059a9"},"geometry":{"type":"Point","coordinates":[21.023407,52.285445]}},{"type":"Feature","properties":{"text":"135 169 212","n":3,"mode":"bus","angle":45,"op":"ZTM Warszawa — buses","color":"#0059a9"},"geometry":{"type":"Point","coordinates":[21.029572,52.259005]}},{"type":"Feature","properties":{"text":"169","n":1,"mode":"bus","angle":45,"op":"mix","color":"#0059a9"},"geometry":{"type":"Point","coordinates":[21.029572,52.259005]}},{"type":"Feature","properties":{"text":"3 4 25","n":3,"mode":"tram","angle":45,"op":"mix","color":"#d6212b"},"geometry":{"type":"Point","coordinates":[21.029572,52.259005]}},{"type":"Feature","properties":{"text":"170 509 N03","n":3,"mode":"bus","angle":45,"op":"mix","color":"#0059a9"},"geometry":{"type":"Point","coordinates":[21.020325,52.259005]}},{"type":"Feature","properties":{"text":"6 20 28","n":3,"mode":"tram","angle":45,"op":"mix","color":"#d6212b"},"geometry":{"type":"Point","coordinates":[21.020325,52.259005]}},{"type":"Feature","properties":{"text":"136 186 414 523 N43","n":5,"mode":"bus","angle":-45,"op":"ZTM Warszawa — buses","color":"#0059a9"},"geometry":{"type":"Point","coordinates":[20.949429,52.242008]}},{"type":"Feature","properties":{"text":"13 26 27","n":3,"mode":"tram","angle":-45,"op":"Tramwaje Warszawskie","color":"#d6212b"},"geometry":{"type":"Point","coordinates":[20.943264,52.238231]}},{"type":"Feature","properties":{"text":"136 167 178 184 186 414 N43","n":7,"mode":"bus","angle":45,"op":"ZTM Warszawa — buses","color":"#0059a9"},"geometry":{"type":"Point","coordinates":[20.949429,52.2269]}},{"type":"Feature","properties":{"text":"523","n":1,"mode":"bus","angle":45,"op":"ZTM Warszawa — buses","color":"#0059a9"},"geometry":{"type":"Point","coordinates":[20.949429,52.228788]}},{"type":"Feature","properties":{"text":"136 172 186 N01","n":4,"mode":"bus","angle":45,"op":"mix","color":"#0059a9"},"geometry":{"type":"Point","coordinates":[20.977171,52.209902]}},{"type":"Feature","properties":{"text":"1 7 14 33","n":4,"mode":"tram","angle":45,"op":"mix","color":"#d6212b"},"geometry":{"type":"Point","coordinates":[20.977171,52.209902]}},{"type":"Feature","properties":{"text":"172","n":1,"mode":"bus","angle":45,"op":"ZTM Warszawa — buses","color":"#0059a9"},"geometry":{"type":"Point","coordinates":[20.971006,52.21368]}},{"type":"Feature","properties":{"text":"191 N38 N43 N88","n":4,"mode":"bus","angle":-45,"op":"mix","color":"#0059a9"},"geometry":{"type":"Point","coordinates":[20.977171,52.21368]}},{"type":"Feature","properties":{"text":"1 7 9 14 15 33","n":6,"mode":"tram","angle":-45,"op":"mix","color":"#d6212b"},"geometry":{"type":"Point","coordinates":[20.977171,52.21368]}},{"type":"Feature","properties":{"text":"136 138 218 N01 N33 N34","n":6,"mode":"bus","angle":-45,"op":"mix","color":"#0059a9"},"geometry":{"type":"Point","coordinates":[21.007995,52.174019]}},{"type":"Feature","properties":{"text":"17 18 31 67","n":4,"mode":"tram","angle":-45,"op":"mix","color":"#d6212b"},"geometry":{"type":"Point","coordinates":[21.007995,52.174019]}},{"type":"Feature","properties":{"text":"165","n":1,"mode":"bus","angle":-45,"op":"ZTM Warszawa — buses","color":"#0059a9"},"geometry":{"type":"Point","coordinates":[21.00183,52.170242]}},{"type":"Feature","properties":{"text":"300 331 709 727 739 N83","n":6,"mode":"bus","angle":-45,"op":"ZTM Warszawa — buses","color":"#0059a9"},"geometry":{"type":"Point","coordinates":[21.017242,52.168354]}},{"type":"Feature","properties":{"text":"300","n":1,"mode":"bus","angle":-45,"op":"ZTM Warszawa — buses","color":"#0059a9"},"geometry":{"type":"Point","coordinates":[21.011078,52.164577]}},{"type":"Feature","properties":{"text":"179 715 737 N01 N03 N37","n":6,"mode":"bus","angle":-45,"op":"ZTM Warszawa — buses","color":"#0059a9"},"geometry":{"type":"Point","coordinates":[21.029572,52.166465]}},{"type":"Feature","properties":{"text":"136 192 209 715 737 809 815 N34","n":8,"mode":"bus","angle":-45,"op":"ZTM Warszawa — buses","color":"#0059a9"},"geometry":{"type":"Point","coordinates":[21.020325,52.158911]}},{"type":"Feature","properties":{"text":"179 209 715 737 809 815 N86","n":7,"mode":"bus","angle":-45,"op":"ZTM Warszawa — buses","color":"#0059a9"},"geometry":{"type":"Point","coordinates":[21.020325,52.155134]}},{"type":"Feature","properties":{"text":"179 N86","n":2,"mode":"bus","angle":-45,"op":"ZTM Warszawa — buses","color":"#0059a9"},"geometry":{"type":"Point","coordinates":[21.02649,52.160799]}},{"type":"Feature","properties":{"text":"148 179 185 229 319 503","n":6,"mode":"bus","angle":-45,"op":"ZTM Warszawa — buses","color":"#0059a9"},"geometry":{"type":"Point","coordinates":[21.038819,52.164577]}},{"type":"Feature","properties":{"text":"192 503","n":2,"mode":"bus","angle":-45,"op":"ZTM Warszawa — buses","color":"#0059a9"},"geometry":{"type":"Point","coordinates":[21.035737,52.157022]}},{"type":"Feature","properties":{"text":"228","n":1,"mode":"bus","angle":45,"op":"ZTM Warszawa — buses","color":"#0059a9"},"geometry":{"type":"Point","coordinates":[20.983336,52.185351]}},{"type":"Feature","properties":{"text":"338","n":1,"mode":"bus","angle":45,"op":"ZTM Warszawa — buses","color":"#0059a9"},"geometry":{"type":"Point","coordinates":[21.057314,52.255228]}},{"type":"Feature","properties":{"text":"139 239","n":2,"mode":"bus","angle":-45,"op":"ZTM Warszawa — buses","color":"#0059a9"},"geometry":{"type":"Point","coordinates":[21.063479,52.157022]}},{"type":"Feature","properties":{"text":"139 166 192 239 710 742 N37","n":7,"mode":"bus","angle":-45,"op":"ZTM Warszawa — buses","color":"#0059a9"},"geometry":{"type":"Point","coordinates":[21.048067,52.153245]}},{"type":"Feature","properties":{"text":"519","n":1,"mode":"bus","angle":-45,"op":"ZTM Warszawa — buses","color":"#0059a9"},"geometry":{"type":"Point","coordinates":[21.054231,52.151357]}},{"type":"Feature","properties":{"text":"L40","n":1,"mode":"bus","angle":45,"op":"ZTM Warszawa — buses","color":"#0059a9"},"geometry":{"type":"Point","coordinates":[21.060396,52.277891]}},{"type":"Feature","properties":{"text":"240 R9","n":2,"mode":"bus","angle":45,"op":"mix","color":"#0059a9"},"geometry":{"type":"Point","coordinates":[21.051149,52.27978]}},{"type":"Feature","properties":{"text":"262","n":1,"mode":"bus","angle":45,"op":"ZTM Warszawa — buses","color":"#0059a9"},"geometry":{"type":"Point","coordinates":[21.048067,52.262782]}},{"type":"Feature","properties":{"text":"212 N11","n":2,"mode":"bus","angle":45,"op":"ZTM Warszawa — buses","color":"#0059a9"},"geometry":{"type":"Point","coordinates":[21.041902,52.264671]}},{"type":"Feature","properties":{"text":"156 356","n":2,"mode":"bus","angle":45,"op":"ZTM Warszawa — buses","color":"#0059a9"},"geometry":{"type":"Point","coordinates":[21.051149,52.259005]}},{"type":"Feature","properties":{"text":"141 189 401 402","n":4,"mode":"bus","angle":45,"op":"ZTM Warszawa — buses","color":"#0059a9"},"geometry":{"type":"Point","coordinates":[20.955594,52.179685]}},{"type":"Feature","properties":{"text":"189 401 402 504","n":4,"mode":"bus","angle":45,"op":"mix","color":"#0059a9"},"geometry":{"type":"Point","coordinates":[20.986418,52.174019]}},{"type":"Feature","properties":{"text":"S2 S3 S4 S40","n":4,"mode":"skm","angle":45,"op":"mix","color":"#5a6672"},"geometry":{"type":"Point","coordinates":[20.986418,52.174019]}},{"type":"Feature","properties":{"text":"168","n":1,"mode":"bus","angle":45,"op":"ZTM Warszawa — buses","color":"#0059a9"},"geometry":{"type":"Point","coordinates":[21.081973,52.230677]}},{"type":"Feature","properties":{"text":"146","n":1,"mode":"bus","angle":45,"op":"ZTM Warszawa — buses","color":"#0059a9"},"geometry":{"type":"Point","coordinates":[21.091221,52.187239]}},{"type":"Feature","properties":{"text":"142 702 N72","n":3,"mode":"bus","angle":45,"op":"ZTM Warszawa — buses","color":"#0059a9"},"geometry":{"type":"Point","coordinates":[21.094303,52.192905]}},{"type":"Feature","properties":{"text":"142","n":1,"mode":"bus","angle":-45,"op":"ZTM Warszawa — buses","color":"#0059a9"},"geometry":{"type":"Point","coordinates":[21.088138,52.192905]}},{"type":"Feature","properties":{"text":"175 188 N32","n":3,"mode":"bus","angle":-45,"op":"ZTM Warszawa — buses","color":"#0059a9"},"geometry":{"type":"Point","coordinates":[20.974088,52.164577]}},{"type":"Feature","properties":{"text":"S4 S40","n":2,"mode":"skm","angle":45,"op":"mix","color":"#5a6672"},"geometry":{"type":"Point","coordinates":[20.980253,52.164577]}},{"type":"Feature","properties":{"text":"179","n":1,"mode":"bus","angle":-45,"op":"ZTM Warszawa — buses","color":"#0059a9"},"geometry":{"type":"Point","coordinates":[21.023407,52.155134]}},{"type":"Feature","properties":{"text":"S2 S3","n":2,"mode":"skm","angle":-45,"op":"mix","color":"#5a6672"},"geometry":{"type":"Point","coordinates":[20.971006,52.170242]}},{"type":"Feature","properties":{"text":"149 320","n":2,"mode":"bus","angle":-45,"op":"ZTM Warszawa — buses","color":"#0059a9"},"geometry":{"type":"Point","coordinates":[20.897028,52.242008]}},{"type":"Feature","properties":{"text":"149 320 N95","n":3,"mode":"bus","angle":-45,"op":"ZTM Warszawa — buses","color":"#0059a9"},"geometry":{"type":"Point","coordinates":[20.893945,52.243897]}},{"type":"Feature","properties":{"text":"1 2 3 97 150 N56","n":6,"mode":"bus","angle":-45,"op":"mix","color":"#0059a9"},"geometry":{"type":"Point","coordinates":[20.903193,52.287334]}},{"type":"Feature","properties":{"text":"154 157 172","n":3,"mode":"bus","angle":-45,"op":"ZTM Warszawa — buses","color":"#0059a9"},"geometry":{"type":"Point","coordinates":[20.971006,52.217457]}},{"type":"Feature","properties":{"text":"154 157","n":2,"mode":"bus","angle":-45,"op":"ZTM Warszawa — buses","color":"#0059a9"},"geometry":{"type":"Point","coordinates":[20.964841,52.208014]}},{"type":"Feature","properties":{"text":"154 208 414 N38 N88","n":5,"mode":"bus","angle":-45,"op":"ZTM Warszawa — buses","color":"#0059a9"},"geometry":{"type":"Point","coordinates":[20.958676,52.194794]}},{"type":"Feature","properties":{"text":"1 9 15","n":3,"mode":"tram","angle":-45,"op":"Tramwaje Warszawskie","color":"#d6212b"},"geometry":{"type":"Point","coordinates":[20.958676,52.191017]}},{"type":"Feature","properties":{"text":"317","n":1,"mode":"bus","angle":45,"op":"mix","color":"#0059a9"},"geometry":{"type":"Point","coordinates":[20.983336,52.172131]}},{"type":"Feature","properties":{"text":"157 N35 N38 N43 N85 N88","n":6,"mode":"bus","angle":-45,"op":"mix","color":"#0059a9"},"geometry":{"type":"Point","coordinates":[20.983336,52.221234]}},{"type":"Feature","properties":{"text":"1 7 9 14 15 33","n":6,"mode":"tram","angle":-45,"op":"mix","color":"#d6212b"},"geometry":{"type":"Point","coordinates":[20.983336,52.221234]}},{"type":"Feature","properties":{"text":"158","n":1,"mode":"bus","angle":45,"op":"ZTM Warszawa — buses","color":"#0059a9"},"geometry":{"type":"Point","coordinates":[21.060396,52.236342]}},{"type":"Feature","properties":{"text":"N72","n":1,"mode":"bus","angle":45,"op":"ZTM Warszawa — buses","color":"#0059a9"},"geometry":{"type":"Point","coordinates":[21.11588,52.177797]}},{"type":"Feature","properties":{"text":"S1","n":1,"mode":"skm","angle":45,"op":"SKM","color":"#E84A4B"},"geometry":{"type":"Point","coordinates":[21.11588,52.177797]}},{"type":"Feature","properties":{"text":"163 164 263 N31","n":4,"mode":"bus","angle":-45,"op":"ZTM Warszawa — buses","color":"#0059a9"},"geometry":{"type":"Point","coordinates":[21.066561,52.172131]}},{"type":"Feature","properties":{"text":"163 217 229 319","n":4,"mode":"bus","angle":-45,"op":"ZTM Warszawa — buses","color":"#0059a9"},"geometry":{"type":"Point","coordinates":[21.054231,52.166465]}},{"type":"Feature","properties":{"text":"164","n":1,"mode":"bus","angle":45,"op":"ZTM Warszawa — buses","color":"#0059a9"},"geometry":{"type":"Point","coordinates":[21.081973,52.170242]}},{"type":"Feature","properties":{"text":"165 218","n":2,"mode":"bus","angle":-45,"op":"ZTM Warszawa — buses","color":"#0059a9"},"geometry":{"type":"Point","coordinates":[21.017242,52.174019]}},{"type":"Feature","properties":{"text":"166 192","n":2,"mode":"bus","angle":-45,"op":"ZTM Warszawa — buses","color":"#0059a9"},"geometry":{"type":"Point","coordinates":[21.044984,52.155134]}},{"type":"Feature","properties":{"text":"193","n":1,"mode":"bus","angle":-45,"op":"ZTM Warszawa — buses","color":"#0059a9"},"geometry":{"type":"Point","coordinates":[21.035737,52.164577]}},{"type":"Feature","properties":{"text":"197 N42","n":2,"mode":"bus","angle":-45,"op":"mix","color":"#0059a9"},"geometry":{"type":"Point","coordinates":[20.927852,52.230677]}},{"type":"Feature","properties":{"text":"10 11 13 26 27","n":5,"mode":"tram","angle":-45,"op":"mix","color":"#d6212b"},"geometry":{"type":"Point","coordinates":[20.927852,52.230677]}},{"type":"Feature","properties":{"text":"N14 N64","n":2,"mode":"bus","angle":45,"op":"mix","color":"#0059a9"},"geometry":{"type":"Point","coordinates":[21.023407,52.264671]}},{"type":"Feature","properties":{"text":"1 3 4 25","n":4,"mode":"tram","angle":45,"op":"mix","color":"#d6212b"},"geometry":{"type":"Point","coordinates":[21.023407,52.264671]}},{"type":"Feature","properties":{"text":"S3","n":1,"mode":"skm","angle":45,"op":"mix","color":"#FFAC01"},"geometry":{"type":"Point","coordinates":[21.023407,52.264671]}},{"type":"Feature","properties":{"text":"A2","n":1,"mode":"bus","angle":45,"op":"Sulejówek & Wiązowna","color":"#0059a9"},"geometry":{"type":"Point","coordinates":[21.131292,52.223122]}},{"type":"Feature","properties":{"text":"198","n":1,"mode":"bus","angle":45,"op":"ZTM Warszawa — buses","color":"#0059a9"},"geometry":{"type":"Point","coordinates":[21.11588,52.230677]}},{"type":"Feature","properties":{"text":"174","n":1,"mode":"bus","angle":-45,"op":"ZTM Warszawa — buses","color":"#0059a9"},"geometry":{"type":"Point","coordinates":[21.023407,52.181574]}},{"type":"Feature","properties":{"text":"177 401 517","n":3,"mode":"bus","angle":-45,"op":"ZTM Warszawa — buses","color":"#0059a9"},"geometry":{"type":"Point","coordinates":[20.881616,52.191017]}},{"type":"Feature","properties":{"text":"181 303 409","n":3,"mode":"bus","angle":-45,"op":"ZTM Warszawa — buses","color":"#0059a9"},"geometry":{"type":"Point","coordinates":[20.927852,52.274114]}},{"type":"Feature","properties":{"text":"17","n":1,"mode":"tram","angle":-45,"op":"Tramwaje Warszawskie","color":"#d6212b"},"geometry":{"type":"Point","coordinates":[20.952511,52.277891]}},{"type":"Feature","properties":{"text":"509 516","n":2,"mode":"bus","angle":45,"op":"ZTM Warszawa — buses","color":"#0059a9"},"geometry":{"type":"Point","coordinates":[20.989501,52.277891]}},{"type":"Feature","properties":{"text":"189 401 N38","n":3,"mode":"bus","angle":45,"op":"mix","color":"#0059a9"},"geometry":{"type":"Point","coordinates":[20.921687,52.191017]}},{"type":"Feature","properties":{"text":"192","n":1,"mode":"bus","angle":-45,"op":"ZTM Warszawa — buses","color":"#0059a9"},"geometry":{"type":"Point","coordinates":[21.004913,52.155134]}},{"type":"Feature","properties":{"text":"197","n":1,"mode":"bus","angle":-45,"op":"ZTM Warszawa — buses","color":"#0059a9"},"geometry":{"type":"Point","coordinates":[20.940182,52.255228]}},{"type":"Feature","properties":{"text":"Z1","n":1,"mode":"bus","angle":-45,"op":"Ząbki","color":"#0059a9"},"geometry":{"type":"Point","coordinates":[21.066561,52.26656]}},{"type":"Feature","properties":{"text":"256","n":1,"mode":"bus","angle":45,"op":"ZTM Warszawa — buses","color":"#0059a9"},"geometry":{"type":"Point","coordinates":[21.041902,52.285445]}},{"type":"Feature","properties":{"text":"98 210 N58","n":3,"mode":"bus","angle":-45,"op":"mix","color":"#0059a9"},"geometry":{"type":"Point","coordinates":[20.875451,52.26656]}},{"type":"Feature","properties":{"text":"N01","n":1,"mode":"bus","angle":-45,"op":"mix","color":"#0059a9"},"geometry":{"type":"Point","coordinates":[20.964841,52.281668]}},{"type":"Feature","properties":{"text":"2 17","n":2,"mode":"tram","angle":-45,"op":"mix","color":"#d6212b"},"geometry":{"type":"Point","coordinates":[20.964841,52.281668]}},{"type":"Feature","properties":{"text":"723 L-7 N63","n":3,"mode":"bus","angle":45,"op":"ZTM Warszawa — buses","color":"#0059a9"},"geometry":{"type":"Point","coordinates":[20.952511,52.298665]}},{"type":"Feature","properties":{"text":"211","n":1,"mode":"bus","angle":-45,"op":"ZTM Warszawa — buses","color":"#0059a9"},"geometry":{"type":"Point","coordinates":[20.946347,52.293]}},{"type":"Feature","properties":{"text":"228","n":1,"mode":"bus","angle":-45,"op":"ZTM Warszawa — buses","color":"#0059a9"},"geometry":{"type":"Point","coordinates":[20.915522,52.215568]}},{"type":"Feature","properties":{"text":"239 L16","n":2,"mode":"bus","angle":-45,"op":"ZTM Warszawa — buses","color":"#0059a9"},"geometry":{"type":"Point","coordinates":[21.085056,52.160799]}},{"type":"Feature","properties":{"text":"523","n":1,"mode":"bus","angle":45,"op":"ZTM Warszawa — buses","color":"#0059a9"},"geometry":{"type":"Point","coordinates":[20.955594,52.225011]}},{"type":"Feature","properties":{"text":"M3","n":1,"mode":"bus","angle":-45,"op":"Otwock","color":"#0059a9"},"geometry":{"type":"Point","coordinates":[21.12821,52.157022]}},{"type":"Feature","properties":{"text":"M3","n":1,"mode":"bus","angle":-45,"op":"Otwock","color":"#0059a9"},"geometry":{"type":"Point","coordinates":[21.125127,52.160799]}},{"type":"Feature","properties":{"text":"703 711","n":2,"mode":"bus","angle":-45,"op":"ZTM Warszawa — buses","color":"#0059a9"},"geometry":{"type":"Point","coordinates":[20.897028,52.151357]}},{"type":"Feature","properties":{"text":"61","n":1,"mode":"bus","angle":45,"op":"GPA Grodzisk — buses","color":"#0059a9"},"geometry":{"type":"Point","coordinates":[20.90011,52.155134]}},{"type":"Feature","properties":{"text":"62 63 703 706 707 711 721 728 83 N88","n":10,"mode":"bus","angle":-45,"op":"mix","color":"#0059a9"},"geometry":{"type":"Point","coordinates":[20.921687,52.158911]}},{"type":"Feature","properties":{"text":"W3","n":1,"mode":"bus","angle":45,"op":"Wieliszew","color":"#0059a9"},"geometry":{"type":"Point","coordinates":[21.143622,52.21368]}},{"type":"Feature","properties":{"text":"735","n":1,"mode":"bus","angle":45,"op":"ZTM Warszawa — buses","color":"#0059a9"},"geometry":{"type":"Point","coordinates":[21.00183,52.317551]}},{"type":"Feature","properties":{"text":"736 L-8","n":2,"mode":"bus","angle":45,"op":"ZTM Warszawa — buses","color":"#0059a9"},"geometry":{"type":"Point","coordinates":[21.004913,52.304331]}},{"type":"Feature","properties":{"text":"R4","n":1,"mode":"bus","angle":-45,"op":"Radzymin","color":"#0059a9"},"geometry":{"type":"Point","coordinates":[21.051149,52.330771]}},{"type":"Feature","properties":{"text":"R5","n":1,"mode":"bus","angle":45,"op":"Radzymin","color":"#0059a9"},"geometry":{"type":"Point","coordinates":[21.044984,52.325105]}},{"type":"Feature","properties":{"text":"L-1 L-3 L-4","n":3,"mode":"bus","angle":-45,"op":"ZTM Warszawa — buses","color":"#0059a9"},"geometry":{"type":"Point","coordinates":[20.934017,52.136248]}},{"type":"Feature","properties":{"text":"712","n":1,"mode":"bus","angle":-45,"op":"ZTM Warszawa — buses","color":"#0059a9"},"geometry":{"type":"Point","coordinates":[20.903193,52.259005]}},{"type":"Feature","properties":{"text":"713","n":1,"mode":"bus","angle":45,"op":"ZTM Warszawa — buses","color":"#0059a9"},"geometry":{"type":"Point","coordinates":[20.838462,52.21368]}},{"type":"Feature","properties":{"text":"713","n":1,"mode":"bus","angle":45,"op":"ZTM Warszawa — buses","color":"#0059a9"},"geometry":{"type":"Point","coordinates":[20.853874,52.211791]}},{"type":"Feature","properties":{"text":"14 97 713","n":3,"mode":"bus","angle":-45,"op":"mix","color":"#0059a9"},"geometry":{"type":"Point","coordinates":[20.872368,52.21368]}},{"type":"Feature","properties":{"text":"97","n":1,"mode":"bus","angle":-45,"op":"GPA Grodzisk — buses","color":"#0059a9"},"geometry":{"type":"Point","coordinates":[20.875451,52.211791]}},{"type":"Feature","properties":{"text":"96 714 729","n":3,"mode":"bus","angle":-45,"op":"mix","color":"#0059a9"},"geometry":{"type":"Point","coordinates":[20.856956,52.243897]}},{"type":"Feature","properties":{"text":"96 729","n":2,"mode":"bus","angle":-45,"op":"mix","color":"#0059a9"},"geometry":{"type":"Point","coordinates":[20.850791,52.24012]}},{"type":"Feature","properties":{"text":"737","n":1,"mode":"bus","angle":-45,"op":"ZTM Warszawa — buses","color":"#0059a9"},"geometry":{"type":"Point","coordinates":[20.980253,52.136248]}},{"type":"Feature","properties":{"text":"717 817","n":2,"mode":"bus","angle":45,"op":"ZTM Warszawa — buses","color":"#0059a9"},"geometry":{"type":"Point","coordinates":[20.881616,52.183462]}},{"type":"Feature","properties":{"text":"717","n":1,"mode":"bus","angle":45,"op":"ZTM Warszawa — buses","color":"#0059a9"},"geometry":{"type":"Point","coordinates":[20.881616,52.183462]}},{"type":"Feature","properties":{"text":"719","n":1,"mode":"bus","angle":45,"op":"ZTM Warszawa — buses","color":"#0059a9"},"geometry":{"type":"Point","coordinates":[20.835379,52.236342]}},{"type":"Feature","properties":{"text":"719 729","n":2,"mode":"bus","angle":-45,"op":"ZTM Warszawa — buses","color":"#0059a9"},"geometry":{"type":"Point","coordinates":[20.844627,52.236342]}},{"type":"Feature","properties":{"text":"97","n":1,"mode":"bus","angle":-45,"op":"GPA Grodzisk — buses","color":"#0059a9"},"geometry":{"type":"Point","coordinates":[20.869286,52.236342]}},{"type":"Feature","properties":{"text":"720","n":1,"mode":"bus","angle":-45,"op":"ZTM Warszawa — buses","color":"#0059a9"},"geometry":{"type":"Point","coordinates":[21.149787,52.185351]}},{"type":"Feature","properties":{"text":"722","n":1,"mode":"bus","angle":-45,"op":"ZTM Warszawa — buses","color":"#0059a9"},"geometry":{"type":"Point","coordinates":[21.131292,52.206125]}},{"type":"Feature","properties":{"text":"L-4","n":1,"mode":"bus","angle":45,"op":"ZTM Warszawa — buses","color":"#0059a9"},"geometry":{"type":"Point","coordinates":[20.909358,52.136248]}},{"type":"Feature","properties":{"text":"L10","n":1,"mode":"bus","angle":-45,"op":"ZTM Warszawa — buses","color":"#0059a9"},"geometry":{"type":"Point","coordinates":[20.946347,52.309997]}},{"type":"Feature","properties":{"text":"731","n":1,"mode":"bus","angle":45,"op":"ZTM Warszawa — buses","color":"#0059a9"},"geometry":{"type":"Point","coordinates":[20.952511,52.302442]}},{"type":"Feature","properties":{"text":"L41","n":1,"mode":"bus","angle":45,"op":"ZTM Warszawa — buses","color":"#0059a9"},"geometry":{"type":"Point","coordinates":[20.952511,52.302442]}},{"type":"Feature","properties":{"text":"727","n":1,"mode":"bus","angle":45,"op":"ZTM Warszawa — buses","color":"#0059a9"},"geometry":{"type":"Point","coordinates":[20.949429,52.124917]}},{"type":"Feature","properties":{"text":"L-2","n":1,"mode":"bus","angle":-45,"op":"ZTM Warszawa — buses","color":"#0059a9"},"geometry":{"type":"Point","coordinates":[20.967924,52.113585]}},{"type":"Feature","properties":{"text":"L-5","n":1,"mode":"bus","angle":45,"op":"ZTM Warszawa — buses","color":"#0059a9"},"geometry":{"type":"Point","coordinates":[20.977171,52.123028]}},{"type":"Feature","properties":{"text":"727 L-2 L-5 L12 L13 L17 L18 L19","n":8,"mode":"bus","angle":-45,"op":"ZTM Warszawa — buses","color":"#0059a9"},"geometry":{"type":"Point","coordinates":[21.011078,52.126805]}},{"type":"Feature","properties":{"text":"L-1 L-5","n":2,"mode":"bus","angle":45,"op":"ZTM Warszawa — buses","color":"#0059a9"},"geometry":{"type":"Point","coordinates":[20.934017,52.121139]}},{"type":"Feature","properties":{"text":"L-2","n":1,"mode":"bus","angle":-45,"op":"ZTM Warszawa — buses","color":"#0059a9"},"geometry":{"type":"Point","coordinates":[20.961759,52.107919]}},{"type":"Feature","properties":{"text":"728 L-2","n":2,"mode":"bus","angle":45,"op":"ZTM Warszawa — buses","color":"#0059a9"},"geometry":{"type":"Point","coordinates":[20.934017,52.111697]}},{"type":"Feature","properties":{"text":"L12","n":1,"mode":"bus","angle":-45,"op":"ZTM Warszawa — buses","color":"#0059a9"},"geometry":{"type":"Point","coordinates":[20.940182,52.111697]}},{"type":"Feature","properties":{"text":"728 L-3","n":2,"mode":"bus","angle":45,"op":"ZTM Warszawa — buses","color":"#0059a9"},"geometry":{"type":"Point","coordinates":[20.918605,52.121139]}},{"type":"Feature","properties":{"text":"731","n":1,"mode":"bus","angle":45,"op":"mix","color":"#0059a9"},"geometry":{"type":"Point","coordinates":[20.964841,52.311885]}},{"type":"Feature","properties":{"text":"S4 S40","n":2,"mode":"skm","angle":45,"op":"mix","color":"#5a6672"},"geometry":{"type":"Point","coordinates":[20.964841,52.311885]}},{"type":"Feature","properties":{"text":"733","n":1,"mode":"bus","angle":-45,"op":"ZTM Warszawa — buses","color":"#0059a9"},"geometry":{"type":"Point","coordinates":[20.872368,52.134359]}},{"type":"Feature","properties":{"text":"23","n":1,"mode":"bus","angle":45,"op":"GPA Grodzisk — buses","color":"#0059a9"},"geometry":{"type":"Point","coordinates":[20.869286,52.145691]}},{"type":"Feature","properties":{"text":"738 N61 R9","n":3,"mode":"bus","angle":-45,"op":"mix","color":"#0059a9"},"geometry":{"type":"Point","coordinates":[21.078891,52.304331]}},{"type":"Feature","properties":{"text":"N61 R9","n":2,"mode":"bus","angle":-45,"op":"mix","color":"#0059a9"},"geometry":{"type":"Point","coordinates":[21.078891,52.304331]}},{"type":"Feature","properties":{"text":"L45","n":1,"mode":"bus","angle":45,"op":"ZTM Warszawa — buses","color":"#0059a9"},"geometry":{"type":"Point","coordinates":[21.072726,52.294888]}},{"type":"Feature","properties":{"text":"739 L53","n":2,"mode":"bus","angle":-45,"op":"ZTM Warszawa — buses","color":"#0059a9"},"geometry":{"type":"Point","coordinates":[21.023407,52.140025]}},{"type":"Feature","properties":{"text":"L28","n":1,"mode":"bus","angle":-45,"op":"ZTM Warszawa — buses","color":"#0059a9"},"geometry":{"type":"Point","coordinates":[21.069644,52.128694]}},{"type":"Feature","properties":{"text":"743","n":1,"mode":"bus","angle":-45,"op":"ZTM Warszawa — buses","color":"#0059a9"},"geometry":{"type":"Point","coordinates":[20.884698,52.225011]}},{"type":"Feature","properties":{"text":"97","n":1,"mode":"bus","angle":-45,"op":"GPA Grodzisk — buses","color":"#0059a9"},"geometry":{"type":"Point","coordinates":[20.863121,52.223122]}},{"type":"Feature","properties":{"text":"62 78 817 N85","n":4,"mode":"bus","angle":45,"op":"mix","color":"#0059a9"},"geometry":{"type":"Point","coordinates":[20.863121,52.177797]}},{"type":"Feature","properties":{"text":"L-1","n":1,"mode":"bus","angle":45,"op":"ZTM Warszawa — buses","color":"#0059a9"},"geometry":{"type":"Point","coordinates":[20.952511,52.136248]}},{"type":"Feature","properties":{"text":"L-4","n":1,"mode":"bus","angle":-45,"op":"ZTM Warszawa — buses","color":"#0059a9"},"geometry":{"type":"Point","coordinates":[20.992583,52.136248]}},{"type":"Feature","properties":{"text":"L49","n":1,"mode":"bus","angle":45,"op":"ZTM Warszawa — buses","color":"#0059a9"},"geometry":{"type":"Point","coordinates":[20.934017,52.30622]}},{"type":"Feature","properties":{"text":"L-8 L45","n":2,"mode":"bus","angle":45,"op":"ZTM Warszawa — buses","color":"#0059a9"},"geometry":{"type":"Point","coordinates":[21.035737,52.309997]}},{"type":"Feature","properties":{"text":"S4 S40","n":2,"mode":"skm","angle":-45,"op":"SKM","color":"#5a6672"},"geometry":{"type":"Point","coordinates":[20.977171,52.313774]}},{"type":"Feature","properties":{"text":"L11","n":1,"mode":"bus","angle":-45,"op":"ZTM Warszawa — buses","color":"#0059a9"},"geometry":{"type":"Point","coordinates":[20.952511,52.323217]}},{"type":"Feature","properties":{"text":"L11 W2","n":2,"mode":"bus","angle":-45,"op":"mix","color":"#0059a9"},"geometry":{"type":"Point","coordinates":[20.918605,52.315662]}},{"type":"Feature","properties":{"text":"L11 W2","n":2,"mode":"bus","angle":-45,"op":"mix","color":"#0059a9"},"geometry":{"type":"Point","coordinates":[20.893945,52.313774]}},{"type":"Feature","properties":{"text":"L11","n":1,"mode":"bus","angle":-45,"op":"ZTM Warszawa — buses","color":"#0059a9"},"geometry":{"type":"Point","coordinates":[20.884698,52.311885]}},{"type":"Feature","properties":{"text":"L12","n":1,"mode":"bus","angle":-45,"op":"ZTM Warszawa — buses","color":"#0059a9"},"geometry":{"type":"Point","coordinates":[20.946347,52.117362]}},{"type":"Feature","properties":{"text":"L15","n":1,"mode":"bus","angle":-45,"op":"ZTM Warszawa — buses","color":"#0059a9"},"geometry":{"type":"Point","coordinates":[21.054231,52.128694]}},{"type":"Feature","properties":{"text":"L15","n":1,"mode":"bus","angle":-45,"op":"ZTM Warszawa — buses","color":"#0059a9"},"geometry":{"type":"Point","coordinates":[21.060396,52.124917]}},{"type":"Feature","properties":{"text":"L54","n":1,"mode":"bus","angle":45,"op":"ZTM Warszawa — buses","color":"#0059a9"},"geometry":{"type":"Point","coordinates":[21.048067,52.117362]}},{"type":"Feature","properties":{"text":"L32","n":1,"mode":"bus","angle":45,"op":"ZTM Warszawa — buses","color":"#0059a9"},"geometry":{"type":"Point","coordinates":[20.980253,52.107919]}},{"type":"Feature","properties":{"text":"L19","n":1,"mode":"bus","angle":45,"op":"ZTM Warszawa — buses","color":"#0059a9"},"geometry":{"type":"Point","coordinates":[20.974088,52.092811]}},{"type":"Feature","properties":{"text":"L19","n":1,"mode":"bus","angle":-45,"op":"ZTM Warszawa — buses","color":"#0059a9"},"geometry":{"type":"Point","coordinates":[21.007995,52.098477]}},{"type":"Feature","properties":{"text":"L39","n":1,"mode":"bus","angle":-45,"op":"ZTM Warszawa — buses","color":"#0059a9"},"geometry":{"type":"Point","coordinates":[21.011078,52.123028]}},{"type":"Feature","properties":{"text":"L25 L54","n":2,"mode":"bus","angle":45,"op":"ZTM Warszawa — buses","color":"#0059a9"},"geometry":{"type":"Point","coordinates":[21.020325,52.123028]}},{"type":"Feature","properties":{"text":"L23","n":1,"mode":"bus","angle":-45,"op":"ZTM Warszawa — buses","color":"#0059a9"},"geometry":{"type":"Point","coordinates":[21.023407,52.126805]}},{"type":"Feature","properties":{"text":"L25 L28","n":2,"mode":"bus","angle":45,"op":"ZTM Warszawa — buses","color":"#0059a9"},"geometry":{"type":"Point","coordinates":[21.038819,52.117362]}},{"type":"Feature","properties":{"text":"L28","n":1,"mode":"bus","angle":-45,"op":"ZTM Warszawa — buses","color":"#0059a9"},"geometry":{"type":"Point","coordinates":[21.038819,52.111697]}},{"type":"Feature","properties":{"text":"L25","n":1,"mode":"bus","angle":45,"op":"ZTM Warszawa — buses","color":"#0059a9"},"geometry":{"type":"Point","coordinates":[21.044984,52.107919]}},{"type":"Feature","properties":{"text":"L26 L27 L44","n":3,"mode":"bus","angle":-45,"op":"ZTM Warszawa — buses","color":"#0059a9"},"geometry":{"type":"Point","coordinates":[21.085056,52.281668]}},{"type":"Feature","properties":{"text":"L26 L40 N62","n":3,"mode":"bus","angle":-45,"op":"ZTM Warszawa — buses","color":"#0059a9"},"geometry":{"type":"Point","coordinates":[21.088138,52.27978]}},{"type":"Feature","properties":{"text":"R31","n":1,"mode":"bus","angle":-45,"op":"Radzymin","color":"#0059a9"},"geometry":{"type":"Point","coordinates":[21.066561,52.309997]}},{"type":"Feature","properties":{"text":"L35 L37 N62 R8","n":4,"mode":"bus","angle":45,"op":"mix","color":"#0059a9"},"geometry":{"type":"Point","coordinates":[21.10355,52.277891]}},{"type":"Feature","properties":{"text":"L37","n":1,"mode":"bus","angle":45,"op":"ZTM Warszawa — buses","color":"#0059a9"},"geometry":{"type":"Point","coordinates":[21.11588,52.276002]}},{"type":"Feature","properties":{"text":"L38 L40 L44 N62","n":4,"mode":"bus","angle":45,"op":"ZTM Warszawa — buses","color":"#0059a9"},"geometry":{"type":"Point","coordinates":[21.112797,52.281668]}},{"type":"Feature","properties":{"text":"L36","n":1,"mode":"bus","angle":45,"op":"ZTM Warszawa — buses","color":"#0059a9"},"geometry":{"type":"Point","coordinates":[21.10355,52.27978]}},{"type":"Feature","properties":{"text":"L36","n":1,"mode":"bus","angle":45,"op":"ZTM Warszawa — buses","color":"#0059a9"},"geometry":{"type":"Point","coordinates":[21.11588,52.287334]}},{"type":"Feature","properties":{"text":"L40 L44 N62 R8","n":4,"mode":"bus","angle":-45,"op":"mix","color":"#0059a9"},"geometry":{"type":"Point","coordinates":[21.106633,52.283557]}},{"type":"Feature","properties":{"text":"L46","n":1,"mode":"bus","angle":45,"op":"ZTM Warszawa — buses","color":"#0059a9"},"geometry":{"type":"Point","coordinates":[21.072726,52.277891]}},{"type":"Feature","properties":{"text":"L45 R7","n":2,"mode":"bus","angle":45,"op":"mix","color":"#0059a9"},"geometry":{"type":"Point","coordinates":[21.051149,52.304331]}},{"type":"Feature","properties":{"text":"25","n":1,"mode":"bus","angle":45,"op":"GPA Grodzisk — buses","color":"#0059a9"},"geometry":{"type":"Point","coordinates":[20.81072,52.168354]}},{"type":"Feature","properties":{"text":"0 13 15 18 24 25 26","n":7,"mode":"bus","angle":45,"op":"GPA Grodzisk — buses","color":"#0059a9"},"geometry":{"type":"Point","coordinates":[20.816885,52.166465]}},{"type":"Feature","properties":{"text":"WKD","n":1,"mode":"wkd","angle":-45,"op":"WKD","color":"#a518a3"},"geometry":{"type":"Point","coordinates":[20.82305,52.160799]}},{"type":"Feature","properties":{"text":"15 16 45","n":3,"mode":"bus","angle":-45,"op":"GPA Grodzisk — buses","color":"#0059a9"},"geometry":{"type":"Point","coordinates":[20.826132,52.168354]}},{"type":"Feature","properties":{"text":"0 17 29 46","n":4,"mode":"bus","angle":45,"op":"GPA Grodzisk — buses","color":"#0059a9"},"geometry":{"type":"Point","coordinates":[20.82305,52.168354]}},{"type":"Feature","properties":{"text":"10 19","n":2,"mode":"bus","angle":45,"op":"GPA Grodzisk — buses","color":"#0059a9"},"geometry":{"type":"Point","coordinates":[20.776813,52.206125]}},{"type":"Feature","properties":{"text":"11","n":1,"mode":"bus","angle":45,"op":"GPA Grodzisk — buses","color":"#0059a9"},"geometry":{"type":"Point","coordinates":[20.792225,52.21368]}},{"type":"Feature","properties":{"text":"43","n":1,"mode":"bus","angle":45,"op":"GPA Grodzisk — buses","color":"#0059a9"},"geometry":{"type":"Point","coordinates":[20.792225,52.219345]}},{"type":"Feature","properties":{"text":"24","n":1,"mode":"bus","angle":45,"op":"GPA Grodzisk — buses","color":"#0059a9"},"geometry":{"type":"Point","coordinates":[20.801473,52.174019]}},{"type":"Feature","properties":{"text":"19","n":1,"mode":"bus","angle":45,"op":"GPA Grodzisk — buses","color":"#0059a9"},"geometry":{"type":"Point","coordinates":[20.807638,52.194794]}},{"type":"Feature","properties":{"text":"49","n":1,"mode":"bus","angle":-45,"op":"GPA Grodzisk — buses","color":"#0059a9"},"geometry":{"type":"Point","coordinates":[20.813802,52.217457]}},{"type":"Feature","properties":{"text":"14 49","n":2,"mode":"bus","angle":-45,"op":"GPA Grodzisk — buses","color":"#0059a9"},"geometry":{"type":"Point","coordinates":[20.826132,52.206125]}},{"type":"Feature","properties":{"text":"17 65 66","n":3,"mode":"bus","angle":-45,"op":"GPA Grodzisk — buses","color":"#0059a9"},"geometry":{"type":"Point","coordinates":[20.841544,52.174019]}},{"type":"Feature","properties":{"text":"15 23 45","n":3,"mode":"bus","angle":45,"op":"GPA Grodzisk — buses","color":"#0059a9"},"geometry":{"type":"Point","coordinates":[20.847709,52.155134]}},{"type":"Feature","properties":{"text":"15 45","n":2,"mode":"bus","angle":45,"op":"GPA Grodzisk — buses","color":"#0059a9"},"geometry":{"type":"Point","coordinates":[20.832297,52.158911]}},{"type":"Feature","properties":{"text":"25","n":1,"mode":"bus","angle":45,"op":"GPA Grodzisk — buses","color":"#0059a9"},"geometry":{"type":"Point","coordinates":[20.79839,52.166465]}},{"type":"Feature","properties":{"text":"15 45 55","n":3,"mode":"bus","angle":45,"op":"GPA Grodzisk — buses","color":"#0059a9"},"geometry":{"type":"Point","coordinates":[20.844627,52.158911]}},{"type":"Feature","properties":{"text":"16 46","n":2,"mode":"bus","angle":45,"op":"GPA Grodzisk — buses","color":"#0059a9"},"geometry":{"type":"Point","coordinates":[20.82305,52.174019]}},{"type":"Feature","properties":{"text":"18","n":1,"mode":"bus","angle":45,"op":"GPA Grodzisk — buses","color":"#0059a9"},"geometry":{"type":"Point","coordinates":[20.829215,52.175908]}},{"type":"Feature","properties":{"text":"WKD","n":1,"mode":"wkd","angle":-45,"op":"WKD","color":"#a518a3"},"geometry":{"type":"Point","coordinates":[20.863121,52.164577]}},{"type":"Feature","properties":{"text":"64 67","n":2,"mode":"bus","angle":45,"op":"GPA Grodzisk — buses","color":"#0059a9"},"geometry":{"type":"Point","coordinates":[20.841544,52.177797]}},{"type":"Feature","properties":{"text":"26","n":1,"mode":"bus","angle":45,"op":"GPA Grodzisk — buses","color":"#0059a9"},"geometry":{"type":"Point","coordinates":[20.813802,52.183462]}},{"type":"Feature","properties":{"text":"18","n":1,"mode":"bus","angle":45,"op":"GPA Grodzisk — buses","color":"#0059a9"},"geometry":{"type":"Point","coordinates":[20.826132,52.179685]}},{"type":"Feature","properties":{"text":"19","n":1,"mode":"bus","angle":-45,"op":"GPA Grodzisk — buses","color":"#0059a9"},"geometry":{"type":"Point","coordinates":[20.804555,52.191017]}},{"type":"Feature","properties":{"text":"20","n":1,"mode":"bus","angle":45,"op":"GPA Grodzisk — buses","color":"#0059a9"},"geometry":{"type":"Point","coordinates":[20.789143,52.166465]}},{"type":"Feature","properties":{"text":"20","n":1,"mode":"bus","angle":45,"op":"GPA Grodzisk — buses","color":"#0059a9"},"geometry":{"type":"Point","coordinates":[20.779896,52.183462]}},{"type":"Feature","properties":{"text":"24","n":1,"mode":"bus","angle":-45,"op":"GPA Grodzisk — buses","color":"#0059a9"},"geometry":{"type":"Point","coordinates":[20.779896,52.177797]}},{"type":"Feature","properties":{"text":"80","n":1,"mode":"bus","angle":45,"op":"GPA Grodzisk — buses","color":"#0059a9"},"geometry":{"type":"Point","coordinates":[20.779896,52.181574]}},{"type":"Feature","properties":{"text":"22 28 58 82","n":4,"mode":"bus","angle":45,"op":"GPA Grodzisk — buses","color":"#0059a9"},"geometry":{"type":"Point","coordinates":[20.816885,52.149468]}},{"type":"Feature","properties":{"text":"22 28 82","n":3,"mode":"bus","angle":-45,"op":"GPA Grodzisk — buses","color":"#0059a9"},"geometry":{"type":"Point","coordinates":[20.816885,52.145691]}},{"type":"Feature","properties":{"text":"29","n":1,"mode":"bus","angle":-45,"op":"GPA Grodzisk — buses","color":"#0059a9"},"geometry":{"type":"Point","coordinates":[20.847709,52.145691]}},{"type":"Feature","properties":{"text":"34","n":1,"mode":"bus","angle":45,"op":"GPA Grodzisk — buses","color":"#0059a9"},"geometry":{"type":"Point","coordinates":[20.832297,52.153245]}},{"type":"Feature","properties":{"text":"83","n":1,"mode":"bus","angle":45,"op":"GPA Grodzisk — buses","color":"#0059a9"},"geometry":{"type":"Point","coordinates":[20.853874,52.128694]}},{"type":"Feature","properties":{"text":"30","n":1,"mode":"bus","angle":-45,"op":"GPA Grodzisk — buses","color":"#0059a9"},"geometry":{"type":"Point","coordinates":[20.841544,52.130582]}},{"type":"Feature","properties":{"text":"63 83","n":2,"mode":"bus","angle":-45,"op":"GPA Grodzisk — buses","color":"#0059a9"},"geometry":{"type":"Point","coordinates":[20.856956,52.132471]}},{"type":"Feature","properties":{"text":"31","n":1,"mode":"bus","angle":-45,"op":"GPA Grodzisk — buses","color":"#0059a9"},"geometry":{"type":"Point","coordinates":[20.853874,52.117362]}},{"type":"Feature","properties":{"text":"31","n":1,"mode":"bus","angle":-45,"op":"GPA Grodzisk — buses","color":"#0059a9"},"geometry":{"type":"Point","coordinates":[20.838462,52.117362]}},{"type":"Feature","properties":{"text":"31","n":1,"mode":"bus","angle":45,"op":"GPA Grodzisk — buses","color":"#0059a9"},"geometry":{"type":"Point","coordinates":[20.850791,52.107919]}},{"type":"Feature","properties":{"text":"33 52","n":2,"mode":"bus","angle":45,"op":"GPA Grodzisk — buses","color":"#0059a9"},"geometry":{"type":"Point","coordinates":[20.869286,52.126805]}},{"type":"Feature","properties":{"text":"32 52","n":2,"mode":"bus","angle":45,"op":"GPA Grodzisk — buses","color":"#0059a9"},"geometry":{"type":"Point","coordinates":[20.860039,52.130582]}},{"type":"Feature","properties":{"text":"33 52","n":2,"mode":"bus","angle":45,"op":"GPA Grodzisk — buses","color":"#0059a9"},"geometry":{"type":"Point","coordinates":[20.860039,52.130582]}},{"type":"Feature","properties":{"text":"33","n":1,"mode":"bus","angle":45,"op":"GPA Grodzisk — buses","color":"#0059a9"},"geometry":{"type":"Point","coordinates":[20.863121,52.132471]}},{"type":"Feature","properties":{"text":"51 63","n":2,"mode":"bus","angle":-45,"op":"GPA Grodzisk — buses","color":"#0059a9"},"geometry":{"type":"Point","coordinates":[20.850791,52.138137]}},{"type":"Feature","properties":{"text":"49","n":1,"mode":"bus","angle":45,"op":"GPA Grodzisk — buses","color":"#0059a9"},"geometry":{"type":"Point","coordinates":[20.819967,52.219345]}},{"type":"Feature","properties":{"text":"92","n":1,"mode":"bus","angle":45,"op":"GPA Grodzisk — buses","color":"#0059a9"},"geometry":{"type":"Point","coordinates":[20.773731,52.236342]}},{"type":"Feature","properties":{"text":"93","n":1,"mode":"bus","angle":-45,"op":"GPA Grodzisk — buses","color":"#0059a9"},"geometry":{"type":"Point","coordinates":[20.804555,52.251451]}},{"type":"Feature","properties":{"text":"48 77 78","n":3,"mode":"bus","angle":45,"op":"mix","color":"#0059a9"},"geometry":{"type":"Point","coordinates":[20.866204,52.183462]}},{"type":"Feature","properties":{"text":"S1","n":1,"mode":"skm","angle":45,"op":"mix","color":"#E84A4B"},"geometry":{"type":"Point","coordinates":[20.866204,52.183462]}},{"type":"Feature","properties":{"text":"60 65 66","n":3,"mode":"bus","angle":-45,"op":"GPA Grodzisk — buses","color":"#0059a9"},"geometry":{"type":"Point","coordinates":[20.860039,52.181574]}},{"type":"Feature","properties":{"text":"48 68 77","n":3,"mode":"bus","angle":45,"op":"GPA Grodzisk — buses","color":"#0059a9"},"geometry":{"type":"Point","coordinates":[20.863121,52.191017]}},{"type":"Feature","properties":{"text":"68 78","n":2,"mode":"bus","angle":-45,"op":"GPA Grodzisk — buses","color":"#0059a9"},"geometry":{"type":"Point","coordinates":[20.841544,52.192905]}},{"type":"Feature","properties":{"text":"48 64","n":2,"mode":"bus","angle":-45,"op":"GPA Grodzisk — buses","color":"#0059a9"},"geometry":{"type":"Point","coordinates":[20.841544,52.191017]}},{"type":"Feature","properties":{"text":"48 64 67","n":3,"mode":"bus","angle":45,"op":"GPA Grodzisk — buses","color":"#0059a9"},"geometry":{"type":"Point","coordinates":[20.832297,52.181574]}},{"type":"Feature","properties":{"text":"68","n":1,"mode":"bus","angle":45,"op":"GPA Grodzisk — buses","color":"#0059a9"},"geometry":{"type":"Point","coordinates":[20.850791,52.189128]}},{"type":"Feature","properties":{"text":"52 83","n":2,"mode":"bus","angle":45,"op":"GPA Grodzisk — buses","color":"#0059a9"},"geometry":{"type":"Point","coordinates":[20.863121,52.124917]}},{"type":"Feature","properties":{"text":"66 78","n":2,"mode":"bus","angle":45,"op":"GPA Grodzisk — buses","color":"#0059a9"},"geometry":{"type":"Point","coordinates":[20.850791,52.181574]}},{"type":"Feature","properties":{"text":"WKD","n":1,"mode":"wkd","angle":-45,"op":"WKD","color":"#a518a3"},"geometry":{"type":"Point","coordinates":[20.869286,52.168354]}},{"type":"Feature","properties":{"text":"77","n":1,"mode":"bus","angle":-45,"op":"GPA Grodzisk — buses","color":"#0059a9"},"geometry":{"type":"Point","coordinates":[20.832297,52.20046]}},{"type":"Feature","properties":{"text":"M1","n":1,"mode":"bus","angle":45,"op":"Otwock","color":"#0059a9"},"geometry":{"type":"Point","coordinates":[21.109715,52.153245]}},{"type":"Feature","properties":{"text":"P13","n":1,"mode":"bus","angle":-45,"op":"Powiat miński","color":"#0059a9"},"geometry":{"type":"Point","coordinates":[21.233012,52.194794]}},{"type":"Feature","properties":{"text":"C01 P10","n":2,"mode":"bus","angle":45,"op":"Powiat miński","color":"#0059a9"},"geometry":{"type":"Point","coordinates":[21.22993,52.185351]}},{"type":"Feature","properties":{"text":"C01 C02 P10","n":3,"mode":"bus","angle":45,"op":"Powiat miński","color":"#0059a9"},"geometry":{"type":"Point","coordinates":[21.239177,52.179685]}},{"type":"Feature","properties":{"text":"P10","n":1,"mode":"bus","angle":45,"op":"Powiat miński","color":"#0059a9"},"geometry":{"type":"Point","coordinates":[21.236094,52.174019]}},{"type":"Feature","properties":{"text":"A1","n":1,"mode":"bus","angle":-45,"op":"Sulejówek & Wiązowna","color":"#0059a9"},"geometry":{"type":"Point","coordinates":[21.143622,52.228788]}},{"type":"Feature","properties":{"text":"W3","n":1,"mode":"bus","angle":45,"op":"Wieliszew","color":"#0059a9"},"geometry":{"type":"Point","coordinates":[21.137457,52.228788]}},{"type":"Feature","properties":{"text":"P03","n":1,"mode":"bus","angle":-45,"op":"Powiat miński","color":"#0059a9"},"geometry":{"type":"Point","coordinates":[21.152869,52.219345]}},{"type":"Feature","properties":{"text":"P07","n":1,"mode":"bus","angle":-45,"op":"Powiat miński","color":"#0059a9"},"geometry":{"type":"Point","coordinates":[21.202188,52.20046]}},{"type":"Feature","properties":{"text":"P09","n":1,"mode":"bus","angle":-45,"op":"Powiat miński","color":"#0059a9"},"geometry":{"type":"Point","coordinates":[21.168281,52.202348]}},{"type":"Feature","properties":{"text":"P08","n":1,"mode":"bus","angle":45,"op":"Powiat miński","color":"#0059a9"},"geometry":{"type":"Point","coordinates":[21.248424,52.217457]}},{"type":"Feature","properties":{"text":"P08","n":1,"mode":"bus","angle":-45,"op":"Powiat miński","color":"#0059a9"},"geometry":{"type":"Point","coordinates":[21.208353,52.20046]}},{"type":"Feature","properties":{"text":"P11","n":1,"mode":"bus","angle":45,"op":"Powiat miński","color":"#0059a9"},"geometry":{"type":"Point","coordinates":[21.2176,52.225011]}},{"type":"Feature","properties":{"text":"R4 R5","n":2,"mode":"bus","angle":45,"op":"Radzymin","color":"#0059a9"},"geometry":{"type":"Point","coordinates":[21.054231,52.321328]}},{"type":"Feature","properties":{"text":"R1 R2 R4 R5","n":4,"mode":"bus","angle":45,"op":"Radzymin","color":"#0059a9"},"geometry":{"type":"Point","coordinates":[21.060396,52.313774]}},{"type":"Feature","properties":{"text":"R7","n":1,"mode":"bus","angle":-45,"op":"Radzymin","color":"#0059a9"},"geometry":{"type":"Point","coordinates":[21.066561,52.315662]}},{"type":"Feature","properties":{"text":"S4","n":1,"mode":"skm","angle":-45,"op":"SKM","color":"#2F7B20"},"geometry":{"type":"Point","coordinates":[20.992583,52.323217]}},{"type":"Feature","properties":{"text":"105 167 184","n":3,"mode":"bus","angle":-45,"op":"mix","color":"#0059a9"},"geometry":{"type":"Point","coordinates":[20.940182,52.234454]}},{"type":"Feature","properties":{"text":"10 11","n":2,"mode":"tram","angle":-45,"op":"mix","color":"#d6212b"},"geometry":{"type":"Point","coordinates":[20.940182,52.234454]}},{"type":"Feature","properties":{"text":"127 131 171 517 N33 N83","n":6,"mode":"bus","angle":45,"op":"ZTM Warszawa — buses","color":"#0059a9"},"geometry":{"type":"Point","coordinates":[21.029572,52.234454]}},{"type":"Feature","properties":{"text":"116 180 503 E-2","n":4,"mode":"bus","angle":45,"op":"ZTM Warszawa — buses","color":"#0059a9"},"geometry":{"type":"Point","coordinates":[21.032654,52.234454]}},{"type":"Feature","properties":{"text":"108 131 162 171 N33 N83","n":6,"mode":"bus","angle":45,"op":"ZTM Warszawa — buses","color":"#0059a9"},"geometry":{"type":"Point","coordinates":[21.041902,52.232565]}},{"type":"Feature","properties":{"text":"111 123 N02 N22 N72","n":5,"mode":"bus","angle":45,"op":"ZTM Warszawa — buses","color":"#0059a9"},"geometry":{"type":"Point","coordinates":[21.057314,52.234454]}},{"type":"Feature","properties":{"text":"507 509","n":2,"mode":"bus","angle":45,"op":"ZTM Warszawa — buses","color":"#0059a9"},"geometry":{"type":"Point","coordinates":[21.057314,52.234454]}},{"type":"Feature","properties":{"text":"125 142 143 145 173 183 702 704 720 722 730 N21 N24 N71","n":14,"mode":"bus","angle":45,"op":"mix","color":"#0059a9"},"geometry":{"type":"Point","coordinates":[21.081973,52.232565]}},{"type":"Feature","properties":{"text":"3 6 9 24","n":4,"mode":"tram","angle":45,"op":"mix","color":"#d6212b"},"geometry":{"type":"Point","coordinates":[21.081973,52.232565]}},{"type":"Feature","properties":{"text":"521","n":1,"mode":"bus","angle":45,"op":"ZTM Warszawa — buses","color":"#0059a9"},"geometry":{"type":"Point","coordinates":[21.081973,52.232565]}},{"type":"Feature","properties":{"text":"S3","n":1,"mode":"skm","angle":-45,"op":"SKM","color":"#FFAC01"},"geometry":{"type":"Point","coordinates":[21.00183,52.234454]}},{"type":"Feature","properties":{"text":"13 26 27","n":3,"mode":"tram","angle":-45,"op":"Tramwaje Warszawskie","color":"#d6212b"},"geometry":{"type":"Point","coordinates":[20.934017,52.234454]}},{"type":"Feature","properties":{"text":"41","n":1,"mode":"bus","angle":45,"op":"GPA Grodzisk — buses","color":"#0059a9"},"geometry":{"type":"Point","coordinates":[20.795308,52.234454]}},{"type":"Feature","properties":{"text":"44","n":1,"mode":"bus","angle":-45,"op":"GPA Grodzisk — buses","color":"#0059a9"},"geometry":{"type":"Point","coordinates":[20.773731,52.232565]}},{"type":"Feature","properties":{"text":"P02","n":1,"mode":"bus","angle":-45,"op":"Powiat miński","color":"#0059a9"},"geometry":{"type":"Point","coordinates":[21.155951,52.232565]}},{"type":"Feature","properties":{"text":"L33 L39","n":2,"mode":"bus","angle":-45,"op":"ZTM Warszawa — buses","color":"#0059a9"},"geometry":{"type":"Point","coordinates":[21.017242,52.141914]}},{"type":"Feature","properties":{"text":"58","n":1,"mode":"bus","angle":-45,"op":"GPA Grodzisk — buses","color":"#0059a9"},"geometry":{"type":"Point","coordinates":[20.816885,52.141914]}},{"type":"Feature","properties":{"text":"32 33","n":2,"mode":"bus","angle":45,"op":"GPA Grodzisk — buses","color":"#0059a9"},"geometry":{"type":"Point","coordinates":[20.847709,52.141914]}},{"type":"Feature","properties":{"text":"31 63","n":2,"mode":"bus","angle":45,"op":"GPA Grodzisk — buses","color":"#0059a9"},"geometry":{"type":"Point","coordinates":[20.829215,52.141914]}},{"type":"Feature","properties":{"text":"L27","n":1,"mode":"bus","angle":90,"op":"ZTM Warszawa — buses","color":"#0059a9"},"geometry":{"type":"Point","coordinates":[21.075808,52.289222]}},{"type":"Feature","properties":{"text":"115 319 521 N22","n":4,"mode":"bus","angle":90,"op":"mix","color":"#0059a9"},"geometry":{"type":"Point","coordinates":[21.109715,52.196682]}},{"type":"Feature","properties":{"text":"S1","n":1,"mode":"skm","angle":90,"op":"mix","color":"#E84A4B"},"geometry":{"type":"Point","coordinates":[21.109715,52.196682]}},{"type":"Feature","properties":{"text":"154 208 414 N38 N88","n":5,"mode":"bus","angle":90,"op":"mix","color":"#0059a9"},"geometry":{"type":"Point","coordinates":[20.961759,52.198571]}},{"type":"Feature","properties":{"text":"1 9 15","n":3,"mode":"tram","angle":90,"op":"mix","color":"#d6212b"},"geometry":{"type":"Point","coordinates":[20.961759,52.198571]}},{"type":"Feature","properties":{"text":"401 517","n":2,"mode":"bus","angle":90,"op":"ZTM Warszawa — buses","color":"#0059a9"},"geometry":{"type":"Point","coordinates":[20.909358,52.196682]}},{"type":"Feature","properties":{"text":"194","n":1,"mode":"bus","angle":-90,"op":"mix","color":"#0059a9"},"geometry":{"type":"Point","coordinates":[20.893945,52.198571]}},{"type":"Feature","properties":{"text":"S1","n":1,"mode":"skm","angle":-90,"op":"mix","color":"#E84A4B"},"geometry":{"type":"Point","coordinates":[20.893945,52.198571]}},{"type":"Feature","properties":{"text":"517 N35 N85","n":3,"mode":"bus","angle":-90,"op":"ZTM Warszawa — buses","color":"#0059a9"},"geometry":{"type":"Point","coordinates":[20.890863,52.198571]}},{"type":"Feature","properties":{"text":"174 N36 N86","n":3,"mode":"bus","angle":90,"op":"ZTM Warszawa — buses","color":"#0059a9"},"geometry":{"type":"Point","coordinates":[21.02649,52.196682]}},{"type":"Feature","properties":{"text":"401 517 716 N35 N85","n":5,"mode":"bus","angle":-90,"op":"ZTM Warszawa — buses","color":"#0059a9"},"geometry":{"type":"Point","coordinates":[20.884698,52.198571]}},{"type":"Feature","properties":{"text":"187 N85","n":2,"mode":"bus","angle":-90,"op":"ZTM Warszawa — buses","color":"#0059a9"},"geometry":{"type":"Point","coordinates":[20.90011,52.196682]}},{"type":"Feature","properties":{"text":"48 68","n":2,"mode":"bus","angle":90,"op":"GPA Grodzisk — buses","color":"#0059a9"},"geometry":{"type":"Point","coordinates":[20.844627,52.196682]}},{"type":"Feature","properties":{"text":"P04 P05 P12 P13","n":4,"mode":"bus","angle":90,"op":"Powiat miński","color":"#0059a9"},"geometry":{"type":"Point","coordinates":[21.19294,52.196682]}},{"type":"Feature","properties":{"text":"P08","n":1,"mode":"bus","angle":90,"op":"Powiat miński","color":"#0059a9"},"geometry":{"type":"Point","coordinates":[21.20527,52.196682]}},{"type":"Feature","properties":{"text":"S1 S2 S3","n":3,"mode":"skm","angle":-90,"op":"SKM","color":"#5a6672"},"geometry":{"type":"Point","coordinates":[21.048067,52.245785]}},{"type":"Feature","properties":{"text":"146 147","n":2,"mode":"bus","angle":90,"op":"ZTM Warszawa — buses","color":"#0059a9"},"geometry":{"type":"Point","coordinates":[21.041902,52.243897]}},{"type":"Feature","properties":{"text":"311","n":1,"mode":"bus","angle":90,"op":"ZTM Warszawa — buses","color":"#0059a9"},"geometry":{"type":"Point","coordinates":[21.060396,52.247674]}},{"type":"Feature","properties":{"text":"188 202 523 N21 N71","n":5,"mode":"bus","angle":0,"op":"mix","color":"#0059a9"},"geometry":{"type":"Point","coordinates":[21.069644,52.243897]}},{"type":"Feature","properties":{"text":"S2","n":1,"mode":"skm","angle":0,"op":"mix","color":"#2E8EC8"},"geometry":{"type":"Point","coordinates":[21.069644,52.243897]}},{"type":"Feature","properties":{"text":"181","n":1,"mode":"bus","angle":0,"op":"ZTM Warszawa — buses","color":"#0059a9"},"geometry":{"type":"Point","coordinates":[20.958676,52.270337]}},{"type":"Feature","properties":{"text":"110 112 116 303 N02 N44","n":6,"mode":"bus","angle":0,"op":"ZTM Warszawa — buses","color":"#0059a9"},"geometry":{"type":"Point","coordinates":[20.949429,52.268448]}},{"type":"Feature","properties":{"text":"103 122 180 409","n":4,"mode":"bus","angle":0,"op":"ZTM Warszawa — buses","color":"#0059a9"},"geometry":{"type":"Point","coordinates":[20.946347,52.262782]}},{"type":"Feature","properties":{"text":"122 180 409","n":3,"mode":"bus","angle":0,"op":"ZTM Warszawa — buses","color":"#0059a9"},"geometry":{"type":"Point","coordinates":[20.940182,52.262782]}},{"type":"Feature","properties":{"text":"103 122 180 409","n":4,"mode":"bus","angle":0,"op":"ZTM Warszawa — buses","color":"#0059a9"},"geometry":{"type":"Point","coordinates":[20.955594,52.259005]}},{"type":"Feature","properties":{"text":"103 180 221 N41 N91","n":5,"mode":"bus","angle":0,"op":"ZTM Warszawa — buses","color":"#0059a9"},"geometry":{"type":"Point","coordinates":[20.961759,52.259005]}},{"type":"Feature","properties":{"text":"122 221 N41 N91","n":4,"mode":"bus","angle":0,"op":"ZTM Warszawa — buses","color":"#0059a9"},"geometry":{"type":"Point","coordinates":[20.964841,52.260894]}},{"type":"Feature","properties":{"text":"S4 S40","n":2,"mode":"skm","angle":0,"op":"SKM","color":"#5a6672"},"geometry":{"type":"Point","coordinates":[20.967924,52.255228]}},{"type":"Feature","properties":{"text":"103 106 N45 N95","n":4,"mode":"bus","angle":90,"op":"ZTM Warszawa — buses","color":"#0059a9"},"geometry":{"type":"Point","coordinates":[20.961759,52.242008]}},{"type":"Feature","properties":{"text":"221","n":1,"mode":"bus","angle":0,"op":"ZTM Warszawa — buses","color":"#0059a9"},"geometry":{"type":"Point","coordinates":[20.967924,52.259005]}},{"type":"Feature","properties":{"text":"112 169 N14 N64","n":4,"mode":"bus","angle":0,"op":"ZTM Warszawa — buses","color":"#0059a9"},"geometry":{"type":"Point","coordinates":[21.023407,52.274114]}},{"type":"Feature","properties":{"text":"132 134 226 326","n":4,"mode":"bus","angle":0,"op":"ZTM Warszawa — buses","color":"#0059a9"},"geometry":{"type":"Point","coordinates":[21.023407,52.276002]}},{"type":"Feature","properties":{"text":"104","n":1,"mode":"bus","angle":0,"op":"ZTM Warszawa — buses","color":"#0059a9"},"geometry":{"type":"Point","coordinates":[21.017242,52.27978]}},{"type":"Feature","properties":{"text":"204 234 332 N14","n":4,"mode":"bus","angle":0,"op":"ZTM Warszawa — buses","color":"#0059a9"},"geometry":{"type":"Point","coordinates":[21.023407,52.281668]}},{"type":"Feature","properties":{"text":"204 234","n":2,"mode":"bus","angle":0,"op":"ZTM Warszawa — buses","color":"#0059a9"},"geometry":{"type":"Point","coordinates":[21.01416,52.283557]}},{"type":"Feature","properties":{"text":"314 332","n":2,"mode":"bus","angle":90,"op":"ZTM Warszawa — buses","color":"#0059a9"},"geometry":{"type":"Point","coordinates":[21.01416,52.283557]}},{"type":"Feature","properties":{"text":"152 314 332","n":3,"mode":"bus","angle":0,"op":"ZTM Warszawa — buses","color":"#0059a9"},"geometry":{"type":"Point","coordinates":[21.017242,52.287334]}},{"type":"Feature","properties":{"text":"106 N91","n":2,"mode":"bus","angle":-90,"op":"mix","color":"#0059a9"},"geometry":{"type":"Point","coordinates":[20.983336,52.242008]}},{"type":"Feature","properties":{"text":"1 22 24","n":3,"mode":"tram","angle":-90,"op":"mix","color":"#d6212b"},"geometry":{"type":"Point","coordinates":[20.983336,52.242008]}},{"type":"Feature","properties":{"text":"136 186 414 523 N43","n":5,"mode":"bus","angle":-90,"op":"ZTM Warszawa — buses","color":"#0059a9"},"geometry":{"type":"Point","coordinates":[20.946347,52.238231]}},{"type":"Feature","properties":{"text":"167","n":1,"mode":"bus","angle":0,"op":"mix","color":"#0059a9"},"geometry":{"type":"Point","coordinates":[20.934017,52.232565]}},{"type":"Feature","properties":{"text":"10 11","n":2,"mode":"tram","angle":0,"op":"mix","color":"#d6212b"},"geometry":{"type":"Point","coordinates":[20.934017,52.232565]}},{"type":"Feature","properties":{"text":"14 194 197 713 716","n":5,"mode":"bus","angle":-90,"op":"mix","color":"#0059a9"},"geometry":{"type":"Point","coordinates":[20.918605,52.2269]}},{"type":"Feature","properties":{"text":"14 112 713 716","n":4,"mode":"bus","angle":0,"op":"mix","color":"#0059a9"},"geometry":{"type":"Point","coordinates":[20.893945,52.215568]}},{"type":"Feature","properties":{"text":"105 122 189 190 220 349 N45","n":7,"mode":"bus","angle":-90,"op":"ZTM Warszawa — buses","color":"#0059a9"},"geometry":{"type":"Point","coordinates":[20.90011,52.228788]}},{"type":"Feature","properties":{"text":"714 719 729 N95","n":4,"mode":"bus","angle":0,"op":"ZTM Warszawa — buses","color":"#0059a9"},"geometry":{"type":"Point","coordinates":[20.90011,52.238231]}},{"type":"Feature","properties":{"text":"118 127","n":2,"mode":"bus","angle":0,"op":"ZTM Warszawa — buses","color":"#0059a9"},"geometry":{"type":"Point","coordinates":[21.032654,52.243897]}},{"type":"Feature","properties":{"text":"162 N14 N64","n":3,"mode":"bus","angle":-90,"op":"ZTM Warszawa — buses","color":"#0059a9"},"geometry":{"type":"Point","coordinates":[21.035737,52.242008]}},{"type":"Feature","properties":{"text":"162","n":1,"mode":"bus","angle":90,"op":"ZTM Warszawa — buses","color":"#0059a9"},"geometry":{"type":"Point","coordinates":[21.035737,52.238231]}},{"type":"Feature","properties":{"text":"106 178 N44","n":3,"mode":"bus","angle":-90,"op":"ZTM Warszawa — buses","color":"#0059a9"},"geometry":{"type":"Point","coordinates":[21.023407,52.243897]}},{"type":"Feature","properties":{"text":"106 111 116 180","n":4,"mode":"bus","angle":0,"op":"ZTM Warszawa — buses","color":"#0059a9"},"geometry":{"type":"Point","coordinates":[21.023407,52.24012]}},{"type":"Feature","properties":{"text":"106","n":1,"mode":"bus","angle":0,"op":"ZTM Warszawa — buses","color":"#0059a9"},"geometry":{"type":"Point","coordinates":[21.020325,52.245785]}},{"type":"Feature","properties":{"text":"128 171 175 N11 N13 N16 N21 N41 N42 N44 N61 N63 N71 N91","n":14,"mode":"bus","angle":90,"op":"mix","color":"#0059a9"},"geometry":{"type":"Point","coordinates":[21.01416,52.243897]}},{"type":"Feature","properties":{"text":"4 15 16 18 36","n":5,"mode":"tram","angle":90,"op":"mix","color":"#d6212b"},"geometry":{"type":"Point","coordinates":[21.01416,52.243897]}},{"type":"Feature","properties":{"text":"100","n":1,"mode":"bus","angle":0,"op":"ZTM Warszawa — buses","color":"#0059a9"},"geometry":{"type":"Point","coordinates":[20.986418,52.243897]}},{"type":"Feature","properties":{"text":"106 107 111 116 180","n":5,"mode":"bus","angle":90,"op":"ZTM Warszawa — buses","color":"#0059a9"},"geometry":{"type":"Point","coordinates":[21.020325,52.242008]}},{"type":"Feature","properties":{"text":"N91","n":1,"mode":"bus","angle":-90,"op":"ZTM Warszawa — buses","color":"#0059a9"},"geometry":{"type":"Point","coordinates":[20.980253,52.247674]}},{"type":"Feature","properties":{"text":"100 106 178 N45 N91 N95","n":6,"mode":"bus","angle":0,"op":"mix","color":"#0059a9"},"geometry":{"type":"Point","coordinates":[21.00183,52.242008]}},{"type":"Feature","properties":{"text":"10 11","n":2,"mode":"tram","angle":0,"op":"mix","color":"#d6212b"},"geometry":{"type":"Point","coordinates":[21.00183,52.242008]}},{"type":"Feature","properties":{"text":"107 111 180 N41 N91","n":5,"mode":"bus","angle":0,"op":"ZTM Warszawa — buses","color":"#0059a9"},"geometry":{"type":"Point","coordinates":[20.983336,52.25334]}},{"type":"Feature","properties":{"text":"111 180 N41 N91","n":4,"mode":"bus","angle":0,"op":"ZTM Warszawa — buses","color":"#0059a9"},"geometry":{"type":"Point","coordinates":[20.989501,52.25334]}},{"type":"Feature","properties":{"text":"157","n":1,"mode":"bus","angle":-90,"op":"ZTM Warszawa — buses","color":"#0059a9"},"geometry":{"type":"Point","coordinates":[20.986418,52.255228]}},{"type":"Feature","properties":{"text":"107","n":1,"mode":"bus","angle":0,"op":"ZTM Warszawa — buses","color":"#0059a9"},"geometry":{"type":"Point","coordinates":[20.986418,52.251451]}},{"type":"Feature","properties":{"text":"107 111 518","n":3,"mode":"bus","angle":0,"op":"ZTM Warszawa — buses","color":"#0059a9"},"geometry":{"type":"Point","coordinates":[21.011078,52.249562]}},{"type":"Feature","properties":{"text":"117 158 N22 N24 N72","n":5,"mode":"bus","angle":0,"op":"mix","color":"#0059a9"},"geometry":{"type":"Point","coordinates":[21.029572,52.236342]}},{"type":"Feature","properties":{"text":"7 9 22 24 25","n":5,"mode":"tram","angle":0,"op":"mix","color":"#d6212b"},"geometry":{"type":"Point","coordinates":[21.029572,52.236342]}},{"type":"Feature","properties":{"text":"107 118 159","n":3,"mode":"bus","angle":0,"op":"ZTM Warszawa — buses","color":"#0059a9"},"geometry":{"type":"Point","coordinates":[21.038819,52.228788]}},{"type":"Feature","properties":{"text":"118","n":1,"mode":"bus","angle":-90,"op":"ZTM Warszawa — buses","color":"#0059a9"},"geometry":{"type":"Point","coordinates":[21.035737,52.230677]}},{"type":"Feature","properties":{"text":"108 131 162 171 N33 N83","n":6,"mode":"bus","angle":-90,"op":"ZTM Warszawa — buses","color":"#0059a9"},"geometry":{"type":"Point","coordinates":[21.048067,52.2269]}},{"type":"Feature","properties":{"text":"107 131 141 159 185 187 N33 N83","n":8,"mode":"bus","angle":90,"op":"ZTM Warszawa — buses","color":"#0059a9"},"geometry":{"type":"Point","coordinates":[21.054231,52.217457]}},{"type":"Feature","properties":{"text":"107 131 141 159 185 187 N33 N83","n":8,"mode":"bus","angle":-90,"op":"ZTM Warszawa — buses","color":"#0059a9"},"geometry":{"type":"Point","coordinates":[21.051149,52.223122]}},{"type":"Feature","properties":{"text":"107 108 131 141 159 162 185 187 N33 N83","n":10,"mode":"bus","angle":90,"op":"ZTM Warszawa — buses","color":"#0059a9"},"geometry":{"type":"Point","coordinates":[21.054231,52.21368]}},{"type":"Feature","properties":{"text":"141 N31 N81","n":3,"mode":"bus","angle":0,"op":"ZTM Warszawa — buses","color":"#0059a9"},"geometry":{"type":"Point","coordinates":[21.051149,52.20046]}},{"type":"Feature","properties":{"text":"107 163 164 217 251","n":5,"mode":"bus","angle":0,"op":"ZTM Warszawa — buses","color":"#0059a9"},"geometry":{"type":"Point","coordinates":[21.038819,52.175908]}},{"type":"Feature","properties":{"text":"164 217 251","n":3,"mode":"bus","angle":0,"op":"ZTM Warszawa — buses","color":"#0059a9"},"geometry":{"type":"Point","coordinates":[21.038819,52.175908]}},{"type":"Feature","properties":{"text":"128 175","n":2,"mode":"bus","angle":-90,"op":"ZTM Warszawa — buses","color":"#0059a9"},"geometry":{"type":"Point","coordinates":[21.017242,52.249562]}},{"type":"Feature","properties":{"text":"108","n":1,"mode":"bus","angle":90,"op":"ZTM Warszawa — buses","color":"#0059a9"},"geometry":{"type":"Point","coordinates":[21.069644,52.202348]}},{"type":"Feature","properties":{"text":"108 130 162","n":3,"mode":"bus","angle":0,"op":"ZTM Warszawa — buses","color":"#0059a9"},"geometry":{"type":"Point","coordinates":[21.072726,52.194794]}},{"type":"Feature","properties":{"text":"97 110","n":2,"mode":"bus","angle":0,"op":"mix","color":"#0059a9"},"geometry":{"type":"Point","coordinates":[20.921687,52.27978]}},{"type":"Feature","properties":{"text":"210 N58","n":2,"mode":"bus","angle":0,"op":"ZTM Warszawa — buses","color":"#0059a9"},"geometry":{"type":"Point","coordinates":[20.906275,52.26656]}},{"type":"Feature","properties":{"text":"110 210 250 712 N58 N91","n":6,"mode":"bus","angle":0,"op":"ZTM Warszawa — buses","color":"#0059a9"},"geometry":{"type":"Point","coordinates":[20.930935,52.268448]}},{"type":"Feature","properties":{"text":"110 116 N01 N41 N43 N91","n":6,"mode":"bus","angle":0,"op":"ZTM Warszawa — buses","color":"#0059a9"},"geometry":{"type":"Point","coordinates":[20.943264,52.268448]}},{"type":"Feature","properties":{"text":"110 112 116 N02 N44","n":5,"mode":"bus","angle":0,"op":"ZTM Warszawa — buses","color":"#0059a9"},"geometry":{"type":"Point","coordinates":[20.958676,52.268448]}},{"type":"Feature","properties":{"text":"110 112 116 156 N02 N44","n":6,"mode":"bus","angle":0,"op":"mix","color":"#0059a9"},"geometry":{"type":"Point","coordinates":[20.964841,52.268448]}},{"type":"Feature","properties":{"text":"6 17 36","n":3,"mode":"tram","angle":0,"op":"mix","color":"#d6212b"},"geometry":{"type":"Point","coordinates":[20.964841,52.268448]}},{"type":"Feature","properties":{"text":"M1","n":1,"mode":"metro","angle":0,"op":"Metro","color":"#0000BB"},"geometry":{"type":"Point","coordinates":[20.967924,52.26656]}},{"type":"Feature","properties":{"text":"111 117 158 N22 N24 N72","n":6,"mode":"bus","angle":0,"op":"ZTM Warszawa — buses","color":"#0059a9"},"geometry":{"type":"Point","coordinates":[21.041902,52.238231]}},{"type":"Feature","properties":{"text":"158 521 N24","n":3,"mode":"bus","angle":0,"op":"ZTM Warszawa — buses","color":"#0059a9"},"geometry":{"type":"Point","coordinates":[21.051149,52.238231]}},{"type":"Feature","properties":{"text":"9 24","n":2,"mode":"tram","angle":0,"op":"Tramwaje Warszawskie","color":"#d6212b"},"geometry":{"type":"Point","coordinates":[21.051149,52.238231]}},{"type":"Feature","properties":{"text":"111 123","n":2,"mode":"bus","angle":90,"op":"ZTM Warszawa — buses","color":"#0059a9"},"geometry":{"type":"Point","coordinates":[21.060396,52.230677]}},{"type":"Feature","properties":{"text":"147","n":1,"mode":"bus","angle":0,"op":"ZTM Warszawa — buses","color":"#0059a9"},"geometry":{"type":"Point","coordinates":[21.057314,52.232565]}},{"type":"Feature","properties":{"text":"147 507 509 N02 N22 N72","n":6,"mode":"bus","angle":90,"op":"ZTM Warszawa — buses","color":"#0059a9"},"geometry":{"type":"Point","coordinates":[21.060396,52.230677]}},{"type":"Feature","properties":{"text":"141 143 151 182 188 411 502 514 520 523 525 N25","n":12,"mode":"bus","angle":0,"op":"ZTM Warszawa — buses","color":"#0059a9"},"geometry":{"type":"Point","coordinates":[21.057314,52.228788]}},{"type":"Feature","properties":{"text":"E-1","n":1,"mode":"bus","angle":0,"op":"ZTM Warszawa — buses","color":"#0059a9"},"geometry":{"type":"Point","coordinates":[21.054231,52.230677]}},{"type":"Feature","properties":{"text":"117","n":1,"mode":"bus","angle":0,"op":"ZTM Warszawa — buses","color":"#0059a9"},"geometry":{"type":"Point","coordinates":[21.060396,52.225011]}},{"type":"Feature","properties":{"text":"111 311","n":2,"mode":"bus","angle":0,"op":"ZTM Warszawa — buses","color":"#0059a9"},"geometry":{"type":"Point","coordinates":[21.072726,52.225011]}},{"type":"Feature","properties":{"text":"117 123 219 311","n":4,"mode":"bus","angle":0,"op":"ZTM Warszawa — buses","color":"#0059a9"},"geometry":{"type":"Point","coordinates":[21.078891,52.221234]}},{"type":"Feature","properties":{"text":"112 184 201 N01 N41 N43","n":6,"mode":"bus","angle":90,"op":"mix","color":"#0059a9"},"geometry":{"type":"Point","coordinates":[20.92477,52.255228]}},{"type":"Feature","properties":{"text":"11 23 24 26 28 46","n":6,"mode":"tram","angle":90,"op":"mix","color":"#d6212b"},"geometry":{"type":"Point","coordinates":[20.92477,52.255228]}},{"type":"Feature","properties":{"text":"114 171 180 N02 N43","n":5,"mode":"bus","angle":0,"op":"ZTM Warszawa — buses","color":"#0059a9"},"geometry":{"type":"Point","coordinates":[20.934017,52.262782]}},{"type":"Feature","properties":{"text":"409","n":1,"mode":"bus","angle":0,"op":"ZTM Warszawa — buses","color":"#0059a9"},"geometry":{"type":"Point","coordinates":[20.934017,52.262782]}},{"type":"Feature","properties":{"text":"132 134","n":2,"mode":"bus","angle":0,"op":"ZTM Warszawa — buses","color":"#0059a9"},"geometry":{"type":"Point","coordinates":[21.011078,52.274114]}},{"type":"Feature","properties":{"text":"112 126 145 156 169 199 212 245 409 500 N02","n":11,"mode":"bus","angle":0,"op":"mix","color":"#0059a9"},"geometry":{"type":"Point","coordinates":[21.029572,52.272225]}},{"type":"Feature","properties":{"text":"M2","n":1,"mode":"metro","angle":0,"op":"mix","color":"#BB0000"},"geometry":{"type":"Point","coordinates":[21.029572,52.272225]}},{"type":"Feature","properties":{"text":"112 R9","n":2,"mode":"bus","angle":0,"op":"mix","color":"#0059a9"},"geometry":{"type":"Point","coordinates":[21.038819,52.276002]}},{"type":"Feature","properties":{"text":"112","n":1,"mode":"bus","angle":0,"op":"ZTM Warszawa — buses","color":"#0059a9"},"geometry":{"type":"Point","coordinates":[21.041902,52.277891]}},{"type":"Feature","properties":{"text":"112 122 129 177 190 249 349 743 N01 N42","n":10,"mode":"bus","angle":-90,"op":"mix","color":"#0059a9"},"geometry":{"type":"Point","coordinates":[20.91244,52.230677]}},{"type":"Feature","properties":{"text":"112 122 177 190 249 320 349 743 N01 N41 N42","n":11,"mode":"bus","angle":-90,"op":"mix","color":"#0059a9"},"geometry":{"type":"Point","coordinates":[20.91244,52.238231]}},{"type":"Feature","properties":{"text":"10 11 26","n":3,"mode":"tram","angle":-90,"op":"mix","color":"#d6212b"},"geometry":{"type":"Point","coordinates":[20.91244,52.238231]}},{"type":"Feature","properties":{"text":"112 122 167 171 N01 N43","n":6,"mode":"bus","angle":-90,"op":"mix","color":"#0059a9"},"geometry":{"type":"Point","coordinates":[20.915522,52.245785]}},{"type":"Feature","properties":{"text":"11 26 28 46","n":4,"mode":"tram","angle":-90,"op":"mix","color":"#d6212b"},"geometry":{"type":"Point","coordinates":[20.915522,52.245785]}},{"type":"Feature","properties":{"text":"122 171 220 N01 N45 N95","n":6,"mode":"bus","angle":0,"op":"mix","color":"#0059a9"},"geometry":{"type":"Point","coordinates":[20.921687,52.249562]}},{"type":"Feature","properties":{"text":"23 24","n":2,"mode":"tram","angle":0,"op":"mix","color":"#d6212b"},"geometry":{"type":"Point","coordinates":[20.921687,52.249562]}},{"type":"Feature","properties":{"text":"167 220 320 523 N45 N95","n":6,"mode":"bus","angle":0,"op":"ZTM Warszawa — buses","color":"#0059a9"},"geometry":{"type":"Point","coordinates":[20.91244,52.251451]}},{"type":"Feature","properties":{"text":"122 171 184 220 N01","n":5,"mode":"bus","angle":90,"op":"ZTM Warszawa — buses","color":"#0059a9"},"geometry":{"type":"Point","coordinates":[20.92477,52.251451]}},{"type":"Feature","properties":{"text":"140 190 340 738 N61","n":5,"mode":"bus","angle":90,"op":"ZTM Warszawa — buses","color":"#0059a9"},"geometry":{"type":"Point","coordinates":[21.051149,52.272225]}},{"type":"Feature","properties":{"text":"Z1 Z3","n":2,"mode":"bus","angle":0,"op":"Ząbki","color":"#0059a9"},"geometry":{"type":"Point","coordinates":[21.054231,52.274114]}},{"type":"Feature","properties":{"text":"114 181 303 409 N41","n":5,"mode":"bus","angle":0,"op":"ZTM Warszawa — buses","color":"#0059a9"},"geometry":{"type":"Point","coordinates":[20.937099,52.277891]}},{"type":"Feature","properties":{"text":"6 36","n":2,"mode":"tram","angle":0,"op":"Tramwaje Warszawskie","color":"#d6212b"},"geometry":{"type":"Point","coordinates":[20.946347,52.276002]}},{"type":"Feature","properties":{"text":"114 303 N41 N91","n":4,"mode":"bus","angle":0,"op":"mix","color":"#0059a9"},"geometry":{"type":"Point","coordinates":[20.967924,52.262782]}},{"type":"Feature","properties":{"text":"16 19 22 28 33","n":5,"mode":"tram","angle":0,"op":"mix","color":"#d6212b"},"geometry":{"type":"Point","coordinates":[20.967924,52.262782]}},{"type":"Feature","properties":{"text":"114 122 303","n":3,"mode":"bus","angle":0,"op":"ZTM Warszawa — buses","color":"#0059a9"},"geometry":{"type":"Point","coordinates":[20.974088,52.262782]}},{"type":"Feature","properties":{"text":"16 19 22 28 33","n":5,"mode":"tram","angle":0,"op":"Tramwaje Warszawskie","color":"#d6212b"},"geometry":{"type":"Point","coordinates":[20.977171,52.260894]}},{"type":"Feature","properties":{"text":"N46","n":1,"mode":"bus","angle":90,"op":"ZTM Warszawa — buses","color":"#0059a9"},"geometry":{"type":"Point","coordinates":[20.980253,52.262782]}},{"type":"Feature","properties":{"text":"114 185","n":2,"mode":"bus","angle":0,"op":"ZTM Warszawa — buses","color":"#0059a9"},"geometry":{"type":"Point","coordinates":[20.989501,52.26656]}},{"type":"Feature","properties":{"text":"114","n":1,"mode":"bus","angle":-90,"op":"ZTM Warszawa — buses","color":"#0059a9"},"geometry":{"type":"Point","coordinates":[20.992583,52.268448]}},{"type":"Feature","properties":{"text":"114 126 145 156 N14 N64","n":6,"mode":"bus","angle":0,"op":"ZTM Warszawa — buses","color":"#0059a9"},"geometry":{"type":"Point","coordinates":[21.023407,52.270337]}},{"type":"Feature","properties":{"text":"414","n":1,"mode":"bus","angle":0,"op":"ZTM Warszawa — buses","color":"#0059a9"},"geometry":{"type":"Point","coordinates":[21.023407,52.270337]}},{"type":"Feature","properties":{"text":"153","n":1,"mode":"bus","angle":-90,"op":"ZTM Warszawa — buses","color":"#0059a9"},"geometry":{"type":"Point","coordinates":[21.097385,52.255228]}},{"type":"Feature","properties":{"text":"153 225 Z2M Z4M","n":4,"mode":"bus","angle":-90,"op":"mix","color":"#0059a9"},"geometry":{"type":"Point","coordinates":[21.097385,52.243897]}},{"type":"Feature","properties":{"text":"115 173 402 520 N02 N25 N71","n":7,"mode":"bus","angle":0,"op":"ZTM Warszawa — buses","color":"#0059a9"},"geometry":{"type":"Point","coordinates":[21.10355,52.230677]}},{"type":"Feature","properties":{"text":"115 173 305 402 520 N02 N21 N25","n":8,"mode":"bus","angle":0,"op":"ZTM Warszawa — buses","color":"#0059a9"},"geometry":{"type":"Point","coordinates":[21.10355,52.230677]}},{"type":"Feature","properties":{"text":"115 305 N25","n":3,"mode":"bus","angle":90,"op":"ZTM Warszawa — buses","color":"#0059a9"},"geometry":{"type":"Point","coordinates":[21.106633,52.228788]}},{"type":"Feature","properties":{"text":"115 125 305 525 N25","n":5,"mode":"bus","angle":90,"op":"ZTM Warszawa — buses","color":"#0059a9"},"geometry":{"type":"Point","coordinates":[21.106633,52.219345]}},{"type":"Feature","properties":{"text":"125 305 411 502 525 704 720 722 730","n":9,"mode":"bus","angle":0,"op":"ZTM Warszawa — buses","color":"#0059a9"},"geometry":{"type":"Point","coordinates":[21.10355,52.221234]}},{"type":"Feature","properties":{"text":"305","n":1,"mode":"bus","angle":90,"op":"ZTM Warszawa — buses","color":"#0059a9"},"geometry":{"type":"Point","coordinates":[21.106633,52.219345]}},{"type":"Feature","properties":{"text":"319 521 N22","n":3,"mode":"bus","angle":90,"op":"ZTM Warszawa — buses","color":"#0059a9"},"geometry":{"type":"Point","coordinates":[21.10355,52.204237]}},{"type":"Feature","properties":{"text":"115","n":1,"mode":"bus","angle":90,"op":"mix","color":"#0059a9"},"geometry":{"type":"Point","coordinates":[21.109715,52.20046]}},{"type":"Feature","properties":{"text":"115 142 161","n":3,"mode":"bus","angle":90,"op":"ZTM Warszawa — buses","color":"#0059a9"},"geometry":{"type":"Point","coordinates":[21.118962,52.181574]}},{"type":"Feature","properties":{"text":"115 142 161 N22","n":4,"mode":"bus","angle":-90,"op":"ZTM Warszawa — buses","color":"#0059a9"},"geometry":{"type":"Point","coordinates":[21.122045,52.187239]}},{"type":"Feature","properties":{"text":"115 142 N22","n":3,"mode":"bus","angle":0,"op":"ZTM Warszawa — buses","color":"#0059a9"},"geometry":{"type":"Point","coordinates":[21.125127,52.189128]}},{"type":"Feature","properties":{"text":"161 213 521 N22","n":4,"mode":"bus","angle":90,"op":"mix","color":"#0059a9"},"geometry":{"type":"Point","coordinates":[21.112797,52.183462]}},{"type":"Feature","properties":{"text":"S1","n":1,"mode":"skm","angle":90,"op":"mix","color":"#E84A4B"},"geometry":{"type":"Point","coordinates":[21.112797,52.183462]}},{"type":"Feature","properties":{"text":"409 500 N12 N62","n":4,"mode":"bus","angle":0,"op":"mix","color":"#0059a9"},"geometry":{"type":"Point","coordinates":[20.989501,52.259005]}},{"type":"Feature","properties":{"text":"1 28","n":2,"mode":"tram","angle":0,"op":"mix","color":"#d6212b"},"geometry":{"type":"Point","coordinates":[20.989501,52.259005]}},{"type":"Feature","properties":{"text":"S4 S40","n":2,"mode":"skm","angle":0,"op":"mix","color":"#5a6672"},"geometry":{"type":"Point","coordinates":[20.989501,52.259005]}},{"type":"Feature","properties":{"text":"157","n":1,"mode":"bus","angle":0,"op":"ZTM Warszawa — buses","color":"#0059a9"},"geometry":{"type":"Point","coordinates":[20.995665,52.257117]}},{"type":"Feature","properties":{"text":"178 503","n":2,"mode":"bus","angle":0,"op":"ZTM Warszawa — buses","color":"#0059a9"},"geometry":{"type":"Point","coordinates":[21.00183,52.257117]}},{"type":"Feature","properties":{"text":"16","n":1,"mode":"tram","angle":0,"op":"Tramwaje Warszawskie","color":"#d6212b"},"geometry":{"type":"Point","coordinates":[20.995665,52.257117]}},{"type":"Feature","properties":{"text":"518","n":1,"mode":"bus","angle":0,"op":"ZTM Warszawa — buses","color":"#0059a9"},"geometry":{"type":"Point","coordinates":[21.011078,52.251451]}},{"type":"Feature","properties":{"text":"14 16 19 67","n":4,"mode":"tram","angle":90,"op":"Tramwaje Warszawskie","color":"#d6212b"},"geometry":{"type":"Point","coordinates":[21.048067,52.189128]}},{"type":"Feature","properties":{"text":"116 519 E-2 N31 N81","n":5,"mode":"bus","angle":90,"op":"ZTM Warszawa — buses","color":"#0059a9"},"geometry":{"type":"Point","coordinates":[21.057314,52.177797]}},{"type":"Feature","properties":{"text":"14 16 67","n":3,"mode":"tram","angle":90,"op":"mix","color":"#d6212b"},"geometry":{"type":"Point","coordinates":[21.054231,52.179685]}},{"type":"Feature","properties":{"text":"116 164 251 317 519 E-2 N31 N50","n":8,"mode":"bus","angle":0,"op":"ZTM Warszawa — buses","color":"#0059a9"},"geometry":{"type":"Point","coordinates":[21.060396,52.175908]}},{"type":"Feature","properties":{"text":"118 127","n":2,"mode":"bus","angle":90,"op":"ZTM Warszawa — buses","color":"#0059a9"},"geometry":{"type":"Point","coordinates":[21.041902,52.236342]}},{"type":"Feature","properties":{"text":"143 151 182 187 188 411 502 514 520 523 525 N25","n":12,"mode":"bus","angle":0,"op":"ZTM Warszawa — buses","color":"#0059a9"},"geometry":{"type":"Point","coordinates":[21.035737,52.221234]}},{"type":"Feature","properties":{"text":"118 119 N37","n":3,"mode":"bus","angle":90,"op":"mix","color":"#0059a9"},"geometry":{"type":"Point","coordinates":[21.035737,52.20046]}},{"type":"Feature","properties":{"text":"4 10 18","n":3,"mode":"tram","angle":90,"op":"mix","color":"#d6212b"},"geometry":{"type":"Point","coordinates":[21.035737,52.20046]}},{"type":"Feature","properties":{"text":"119","n":1,"mode":"bus","angle":0,"op":"ZTM Warszawa — buses","color":"#0059a9"},"geometry":{"type":"Point","coordinates":[21.038819,52.198571]}},{"type":"Feature","properties":{"text":"118 N37","n":2,"mode":"bus","angle":90,"op":"mix","color":"#0059a9"},"geometry":{"type":"Point","coordinates":[21.032654,52.189128]}},{"type":"Feature","properties":{"text":"4 10 18","n":3,"mode":"tram","angle":90,"op":"mix","color":"#d6212b"},"geometry":{"type":"Point","coordinates":[21.032654,52.189128]}},{"type":"Feature","properties":{"text":"174 N36 N86","n":3,"mode":"bus","angle":-90,"op":"ZTM Warszawa — buses","color":"#0059a9"},"geometry":{"type":"Point","coordinates":[21.023407,52.189128]}},{"type":"Feature","properties":{"text":"118 218 228 308 N36 N86","n":6,"mode":"bus","angle":0,"op":"mix","color":"#0059a9"},"geometry":{"type":"Point","coordinates":[21.01416,52.183462]}},{"type":"Feature","properties":{"text":"18 31","n":2,"mode":"tram","angle":0,"op":"mix","color":"#d6212b"},"geometry":{"type":"Point","coordinates":[21.01416,52.183462]}},{"type":"Feature","properties":{"text":"118 168","n":2,"mode":"bus","angle":-90,"op":"ZTM Warszawa — buses","color":"#0059a9"},"geometry":{"type":"Point","coordinates":[21.00183,52.181574]}},{"type":"Feature","properties":{"text":"119 138 168 174","n":4,"mode":"bus","angle":0,"op":"ZTM Warszawa — buses","color":"#0059a9"},"geometry":{"type":"Point","coordinates":[21.01416,52.196682]}},{"type":"Feature","properties":{"text":"138 168 174","n":3,"mode":"bus","angle":0,"op":"ZTM Warszawa — buses","color":"#0059a9"},"geometry":{"type":"Point","coordinates":[21.023407,52.198571]}},{"type":"Feature","properties":{"text":"17 19 67","n":3,"mode":"tram","angle":0,"op":"Tramwaje Warszawskie","color":"#d6212b"},"geometry":{"type":"Point","coordinates":[21.023407,52.208014]}},{"type":"Feature","properties":{"text":"119 147 N72","n":3,"mode":"bus","angle":0,"op":"ZTM Warszawa — buses","color":"#0059a9"},"geometry":{"type":"Point","coordinates":[21.088138,52.204237]}},{"type":"Feature","properties":{"text":"142 147 305 702 N72","n":5,"mode":"bus","angle":90,"op":"ZTM Warszawa — buses","color":"#0059a9"},"geometry":{"type":"Point","coordinates":[21.091221,52.202348]}},{"type":"Feature","properties":{"text":"138 170 338 N16","n":4,"mode":"bus","angle":0,"op":"ZTM Warszawa — buses","color":"#0059a9"},"geometry":{"type":"Point","coordinates":[21.038819,52.249562]}},{"type":"Feature","properties":{"text":"162 N14 N64","n":3,"mode":"bus","angle":90,"op":"ZTM Warszawa — buses","color":"#0059a9"},"geometry":{"type":"Point","coordinates":[21.032654,52.251451]}},{"type":"Feature","properties":{"text":"512","n":1,"mode":"bus","angle":-90,"op":"ZTM Warszawa — buses","color":"#0059a9"},"geometry":{"type":"Point","coordinates":[21.048067,52.259005]}},{"type":"Feature","properties":{"text":"M2","n":1,"mode":"metro","angle":-90,"op":"Metro","color":"#BB0000"},"geometry":{"type":"Point","coordinates":[21.038819,52.260894]}},{"type":"Feature","properties":{"text":"120 156 160 356 N02","n":5,"mode":"bus","angle":0,"op":"ZTM Warszawa — buses","color":"#0059a9"},"geometry":{"type":"Point","coordinates":[21.035737,52.262782]}},{"type":"Feature","properties":{"text":"132 332","n":2,"mode":"bus","angle":0,"op":"ZTM Warszawa — buses","color":"#0059a9"},"geometry":{"type":"Point","coordinates":[21.029572,52.276002]}},{"type":"Feature","properties":{"text":"120 132 240 256 N11 R9","n":6,"mode":"bus","angle":-90,"op":"mix","color":"#0059a9"},"geometry":{"type":"Point","coordinates":[21.038819,52.281668]}},{"type":"Feature","properties":{"text":"204 240 256 R9","n":4,"mode":"bus","angle":0,"op":"mix","color":"#0059a9"},"geometry":{"type":"Point","coordinates":[21.044984,52.281668]}},{"type":"Feature","properties":{"text":"204 256","n":2,"mode":"bus","angle":0,"op":"ZTM Warszawa — buses","color":"#0059a9"},"geometry":{"type":"Point","coordinates":[21.041902,52.283557]}},{"type":"Feature","properties":{"text":"132 160 204 234 527 N11","n":6,"mode":"bus","angle":0,"op":"ZTM Warszawa — buses","color":"#0059a9"},"geometry":{"type":"Point","coordinates":[21.032654,52.285445]}},{"type":"Feature","properties":{"text":"120 314 N14","n":3,"mode":"bus","angle":-90,"op":"ZTM Warszawa — buses","color":"#0059a9"},"geometry":{"type":"Point","coordinates":[21.01416,52.294888]}},{"type":"Feature","properties":{"text":"326 N14","n":2,"mode":"bus","angle":0,"op":"ZTM Warszawa — buses","color":"#0059a9"},"geometry":{"type":"Point","coordinates":[21.011078,52.296777]}},{"type":"Feature","properties":{"text":"120 134 314 N14","n":4,"mode":"bus","angle":0,"op":"ZTM Warszawa — buses","color":"#0059a9"},"geometry":{"type":"Point","coordinates":[21.029572,52.296777]}},{"type":"Feature","properties":{"text":"141 143 148 188 523","n":5,"mode":"bus","angle":90,"op":"ZTM Warszawa — buses","color":"#0059a9"},"geometry":{"type":"Point","coordinates":[21.069644,52.238231]}},{"type":"Feature","properties":{"text":"123 135 141 148 N03","n":5,"mode":"bus","angle":90,"op":"ZTM Warszawa — buses","color":"#0059a9"},"geometry":{"type":"Point","coordinates":[21.075808,52.236342]}},{"type":"Feature","properties":{"text":"123 148 168 225 N02 N03","n":6,"mode":"bus","angle":90,"op":"ZTM Warszawa — buses","color":"#0059a9"},"geometry":{"type":"Point","coordinates":[21.075808,52.228788]}},{"type":"Feature","properties":{"text":"141 143 158 182 502 514 520 525 N25","n":9,"mode":"bus","angle":0,"op":"ZTM Warszawa — buses","color":"#0059a9"},"geometry":{"type":"Point","coordinates":[21.072726,52.230677]}},{"type":"Feature","properties":{"text":"311","n":1,"mode":"bus","angle":0,"op":"ZTM Warszawa — buses","color":"#0059a9"},"geometry":{"type":"Point","coordinates":[21.072726,52.2269]}},{"type":"Feature","properties":{"text":"311","n":1,"mode":"bus","angle":90,"op":"ZTM Warszawa — buses","color":"#0059a9"},"geometry":{"type":"Point","coordinates":[21.057314,52.243897]}},{"type":"Feature","properties":{"text":"125 411 502 525 704 720 722 730","n":8,"mode":"bus","angle":0,"op":"ZTM Warszawa — buses","color":"#0059a9"},"geometry":{"type":"Point","coordinates":[21.094303,52.223122]}},{"type":"Feature","properties":{"text":"305","n":1,"mode":"bus","angle":0,"op":"ZTM Warszawa — buses","color":"#0059a9"},"geometry":{"type":"Point","coordinates":[21.097385,52.221234]}},{"type":"Feature","properties":{"text":"125 142 702 704 720 722 730 N22","n":8,"mode":"bus","angle":-90,"op":"ZTM Warszawa — buses","color":"#0059a9"},"geometry":{"type":"Point","coordinates":[21.091221,52.225011]}},{"type":"Feature","properties":{"text":"142 702 N22","n":3,"mode":"bus","angle":90,"op":"ZTM Warszawa — buses","color":"#0059a9"},"geometry":{"type":"Point","coordinates":[21.091221,52.221234]}},{"type":"Feature","properties":{"text":"142 305 411 702 N22","n":5,"mode":"bus","angle":90,"op":"ZTM Warszawa — buses","color":"#0059a9"},"geometry":{"type":"Point","coordinates":[21.091221,52.221234]}},{"type":"Feature","properties":{"text":"502 521 525","n":3,"mode":"bus","angle":-90,"op":"mix","color":"#0059a9"},"geometry":{"type":"Point","coordinates":[21.088138,52.2269]}},{"type":"Feature","properties":{"text":"S1","n":1,"mode":"skm","angle":-90,"op":"mix","color":"#E84A4B"},"geometry":{"type":"Point","coordinates":[21.088138,52.2269]}},{"type":"Feature","properties":{"text":"143 145 173 183 225 402 514 520 N02 N21 N24 N25 N71","n":13,"mode":"bus","angle":-90,"op":"mix","color":"#0059a9"},"geometry":{"type":"Point","coordinates":[21.088138,52.230677]}},{"type":"Feature","properties":{"text":"125 135 311 N03 N21 N71","n":6,"mode":"bus","angle":0,"op":"mix","color":"#0059a9"},"geometry":{"type":"Point","coordinates":[21.060396,52.242008]}},{"type":"Feature","properties":{"text":"3 6 22 26","n":4,"mode":"tram","angle":0,"op":"mix","color":"#d6212b"},"geometry":{"type":"Point","coordinates":[21.060396,52.242008]}},{"type":"Feature","properties":{"text":"135 311","n":2,"mode":"bus","angle":90,"op":"ZTM Warszawa — buses","color":"#0059a9"},"geometry":{"type":"Point","coordinates":[21.063479,52.24012]}},{"type":"Feature","properties":{"text":"126 186 314 511 723 731 N03 N13 N63","n":9,"mode":"bus","angle":90,"op":"ZTM Warszawa — buses","color":"#0059a9"},"geometry":{"type":"Point","coordinates":[20.977171,52.283557]}},{"type":"Feature","properties":{"text":"126 176 314 N64","n":4,"mode":"bus","angle":90,"op":"mix","color":"#0059a9"},"geometry":{"type":"Point","coordinates":[20.995665,52.281668]}},{"type":"Feature","properties":{"text":"S3 S4 S40","n":3,"mode":"skm","angle":90,"op":"mix","color":"#5a6672"},"geometry":{"type":"Point","coordinates":[20.995665,52.281668]}},{"type":"Feature","properties":{"text":"314","n":1,"mode":"bus","angle":0,"op":"ZTM Warszawa — buses","color":"#0059a9"},"geometry":{"type":"Point","coordinates":[21.004913,52.27978]}},{"type":"Feature","properties":{"text":"128 175 N32","n":3,"mode":"bus","angle":90,"op":"ZTM Warszawa — buses","color":"#0059a9"},"geometry":{"type":"Point","coordinates":[20.995665,52.2269]}},{"type":"Feature","properties":{"text":"158","n":1,"mode":"bus","angle":0,"op":"mix","color":"#0059a9"},"geometry":{"type":"Point","coordinates":[20.937099,52.211791]}},{"type":"Feature","properties":{"text":"WKD","n":1,"mode":"wkd","angle":0,"op":"mix","color":"#a518a3"},"geometry":{"type":"Point","coordinates":[20.937099,52.211791]}},{"type":"Feature","properties":{"text":"127 129 228 N85","n":4,"mode":"bus","angle":-90,"op":"ZTM Warszawa — buses","color":"#0059a9"},"geometry":{"type":"Point","coordinates":[20.915522,52.206125]}},{"type":"Feature","properties":{"text":"129","n":1,"mode":"bus","angle":0,"op":"ZTM Warszawa — buses","color":"#0059a9"},"geometry":{"type":"Point","coordinates":[20.91244,52.204237]}},{"type":"Feature","properties":{"text":"127 129 228","n":3,"mode":"bus","angle":0,"op":"ZTM Warszawa — buses","color":"#0059a9"},"geometry":{"type":"Point","coordinates":[20.909358,52.209902]}},{"type":"Feature","properties":{"text":"127 189 194 228 320 N01 N41","n":7,"mode":"bus","angle":90,"op":"ZTM Warszawa — buses","color":"#0059a9"},"geometry":{"type":"Point","coordinates":[20.906275,52.208014]}},{"type":"Feature","properties":{"text":"128 186","n":2,"mode":"bus","angle":0,"op":"ZTM Warszawa — buses","color":"#0059a9"},"geometry":{"type":"Point","coordinates":[20.967924,52.202348]}},{"type":"Feature","properties":{"text":"157","n":1,"mode":"bus","angle":0,"op":"ZTM Warszawa — buses","color":"#0059a9"},"geometry":{"type":"Point","coordinates":[20.958676,52.206125]}},{"type":"Feature","properties":{"text":"128 172 N01","n":3,"mode":"bus","angle":0,"op":"ZTM Warszawa — buses","color":"#0059a9"},"geometry":{"type":"Point","coordinates":[20.983336,52.196682]}},{"type":"Feature","properties":{"text":"136 141 175 188 N32","n":5,"mode":"bus","angle":90,"op":"ZTM Warszawa — buses","color":"#0059a9"},"geometry":{"type":"Point","coordinates":[20.986418,52.189128]}},{"type":"Feature","properties":{"text":"197 201","n":2,"mode":"bus","angle":-90,"op":"ZTM Warszawa — buses","color":"#0059a9"},"geometry":{"type":"Point","coordinates":[20.934017,52.251451]}},{"type":"Feature","properties":{"text":"184","n":1,"mode":"bus","angle":90,"op":"ZTM Warszawa — buses","color":"#0059a9"},"geometry":{"type":"Point","coordinates":[20.940182,52.243897]}},{"type":"Feature","properties":{"text":"129 178 191 N35","n":4,"mode":"bus","angle":90,"op":"ZTM Warszawa — buses","color":"#0059a9"},"geometry":{"type":"Point","coordinates":[20.906275,52.194794]}},{"type":"Feature","properties":{"text":"178 207","n":2,"mode":"bus","angle":90,"op":"ZTM Warszawa — buses","color":"#0059a9"},"geometry":{"type":"Point","coordinates":[20.906275,52.191017]}},{"type":"Feature","properties":{"text":"129 191 207 220 401 517 N35","n":7,"mode":"bus","angle":-90,"op":"ZTM Warszawa — buses","color":"#0059a9"},"geometry":{"type":"Point","coordinates":[20.903193,52.194794]}},{"type":"Feature","properties":{"text":"187 194","n":2,"mode":"bus","angle":0,"op":"mix","color":"#0059a9"},"geometry":{"type":"Point","coordinates":[20.890863,52.196682]}},{"type":"Feature","properties":{"text":"207 517","n":2,"mode":"bus","angle":90,"op":"ZTM Warszawa — buses","color":"#0059a9"},"geometry":{"type":"Point","coordinates":[20.893945,52.192905]}},{"type":"Feature","properties":{"text":"N37","n":1,"mode":"bus","angle":-90,"op":"mix","color":"#0059a9"},"geometry":{"type":"Point","coordinates":[21.032654,52.183462]}},{"type":"Feature","properties":{"text":"4 10","n":2,"mode":"tram","angle":-90,"op":"mix","color":"#d6212b"},"geometry":{"type":"Point","coordinates":[21.032654,52.183462]}},{"type":"Feature","properties":{"text":"138","n":1,"mode":"bus","angle":-90,"op":"ZTM Warszawa — buses","color":"#0059a9"},"geometry":{"type":"Point","coordinates":[21.051149,52.228788]}},{"type":"Feature","properties":{"text":"N64","n":1,"mode":"bus","angle":-90,"op":"mix","color":"#0059a9"},"geometry":{"type":"Point","coordinates":[21.01416,52.276002]}},{"type":"Feature","properties":{"text":"25","n":1,"mode":"tram","angle":-90,"op":"mix","color":"#d6212b"},"geometry":{"type":"Point","coordinates":[21.01416,52.276002]}},{"type":"Feature","properties":{"text":"234","n":1,"mode":"bus","angle":0,"op":"ZTM Warszawa — buses","color":"#0059a9"},"geometry":{"type":"Point","coordinates":[21.029572,52.281668]}},{"type":"Feature","properties":{"text":"152","n":1,"mode":"bus","angle":0,"op":"ZTM Warszawa — buses","color":"#0059a9"},"geometry":{"type":"Point","coordinates":[21.02649,52.285445]}},{"type":"Feature","properties":{"text":"133 176 N64","n":3,"mode":"bus","angle":90,"op":"ZTM Warszawa — buses","color":"#0059a9"},"geometry":{"type":"Point","coordinates":[20.980253,52.296777]}},{"type":"Feature","properties":{"text":"511 723 731","n":3,"mode":"bus","angle":0,"op":"ZTM Warszawa — buses","color":"#0059a9"},"geometry":{"type":"Point","coordinates":[20.974088,52.291111]}},{"type":"Feature","properties":{"text":"211","n":1,"mode":"bus","angle":0,"op":"ZTM Warszawa — buses","color":"#0059a9"},"geometry":{"type":"Point","coordinates":[20.964841,52.287334]}},{"type":"Feature","properties":{"text":"134 226 326 332 N11","n":5,"mode":"bus","angle":90,"op":"ZTM Warszawa — buses","color":"#0059a9"},"geometry":{"type":"Point","coordinates":[21.02649,52.27978]}},{"type":"Feature","properties":{"text":"135 N14 N64","n":3,"mode":"bus","angle":0,"op":"ZTM Warszawa — buses","color":"#0059a9"},"geometry":{"type":"Point","coordinates":[21.029572,52.260894]}},{"type":"Feature","properties":{"text":"135 212","n":2,"mode":"bus","angle":0,"op":"ZTM Warszawa — buses","color":"#0059a9"},"geometry":{"type":"Point","coordinates":[21.029572,52.257117]}},{"type":"Feature","properties":{"text":"409 500 N12 N62","n":4,"mode":"bus","angle":0,"op":"mix","color":"#0059a9"},"geometry":{"type":"Point","coordinates":[21.020325,52.260894]}},{"type":"Feature","properties":{"text":"1","n":1,"mode":"tram","angle":0,"op":"mix","color":"#d6212b"},"geometry":{"type":"Point","coordinates":[21.020325,52.260894]}},{"type":"Feature","properties":{"text":"N36 N86","n":2,"mode":"bus","angle":0,"op":"ZTM Warszawa — buses","color":"#0059a9"},"geometry":{"type":"Point","coordinates":[21.01416,52.175908]}},{"type":"Feature","properties":{"text":"189 401 402 504","n":4,"mode":"bus","angle":0,"op":"mix","color":"#0059a9"},"geometry":{"type":"Point","coordinates":[21.00183,52.172131]}},{"type":"Feature","properties":{"text":"17 18 31 67","n":4,"mode":"tram","angle":0,"op":"mix","color":"#d6212b"},"geometry":{"type":"Point","coordinates":[21.00183,52.172131]}},{"type":"Feature","properties":{"text":"138","n":1,"mode":"bus","angle":90,"op":"ZTM Warszawa — buses","color":"#0059a9"},"geometry":{"type":"Point","coordinates":[21.004913,52.168354]}},{"type":"Feature","properties":{"text":"N01 N37","n":2,"mode":"bus","angle":-90,"op":"mix","color":"#0059a9"},"geometry":{"type":"Point","coordinates":[21.02649,52.168354]}},{"type":"Feature","properties":{"text":"M1","n":1,"mode":"metro","angle":-90,"op":"mix","color":"#0000BB"},"geometry":{"type":"Point","coordinates":[21.02649,52.168354]}},{"type":"Feature","properties":{"text":"136 179 N34","n":3,"mode":"bus","angle":0,"op":"ZTM Warszawa — buses","color":"#0059a9"},"geometry":{"type":"Point","coordinates":[21.020325,52.162688]}},{"type":"Feature","properties":{"text":"136 179 192 N34","n":4,"mode":"bus","angle":0,"op":"ZTM Warszawa — buses","color":"#0059a9"},"geometry":{"type":"Point","coordinates":[21.020325,52.160799]}},{"type":"Feature","properties":{"text":"503 504","n":2,"mode":"bus","angle":90,"op":"ZTM Warszawa — buses","color":"#0059a9"},"geometry":{"type":"Point","coordinates":[21.032654,52.157022]}},{"type":"Feature","properties":{"text":"M1","n":1,"mode":"metro","angle":0,"op":"Metro","color":"#0000BB"},"geometry":{"type":"Point","coordinates":[21.032654,52.160799]}},{"type":"Feature","properties":{"text":"163 217","n":2,"mode":"bus","angle":0,"op":"ZTM Warszawa — buses","color":"#0059a9"},"geometry":{"type":"Point","coordinates":[21.041902,52.162688]}},{"type":"Feature","properties":{"text":"N86","n":1,"mode":"bus","angle":90,"op":"mix","color":"#0059a9"},"geometry":{"type":"Point","coordinates":[21.038819,52.157022]}},{"type":"Feature","properties":{"text":"M1","n":1,"mode":"metro","angle":90,"op":"mix","color":"#0000BB"},"geometry":{"type":"Point","coordinates":[21.038819,52.157022]}},{"type":"Feature","properties":{"text":"136 N33 N36 N86","n":4,"mode":"bus","angle":0,"op":"ZTM Warszawa — buses","color":"#0059a9"},"geometry":{"type":"Point","coordinates":[21.00183,52.175908]}},{"type":"Feature","properties":{"text":"138","n":1,"mode":"bus","angle":0,"op":"ZTM Warszawa — buses","color":"#0059a9"},"geometry":{"type":"Point","coordinates":[21.057314,52.25334]}},{"type":"Feature","properties":{"text":"138 174 193 N36 N86","n":5,"mode":"bus","angle":0,"op":"ZTM Warszawa — buses","color":"#0059a9"},"geometry":{"type":"Point","coordinates":[20.998748,52.164577]}},{"type":"Feature","properties":{"text":"174 193 N36 N86","n":4,"mode":"bus","angle":0,"op":"ZTM Warszawa — buses","color":"#0059a9"},"geometry":{"type":"Point","coordinates":[21.007995,52.166465]}},{"type":"Feature","properties":{"text":"165 N86","n":2,"mode":"bus","angle":90,"op":"ZTM Warszawa — buses","color":"#0059a9"},"geometry":{"type":"Point","coordinates":[20.992583,52.160799]}},{"type":"Feature","properties":{"text":"139 251 710 742 N50","n":5,"mode":"bus","angle":-90,"op":"ZTM Warszawa — buses","color":"#0059a9"},"geometry":{"type":"Point","coordinates":[21.060396,52.149468]}},{"type":"Feature","properties":{"text":"139 239 710 742","n":4,"mode":"bus","angle":0,"op":"ZTM Warszawa — buses","color":"#0059a9"},"geometry":{"type":"Point","coordinates":[21.054231,52.155134]}},{"type":"Feature","properties":{"text":"140 738 L44 L45 N61 R9","n":6,"mode":"bus","angle":90,"op":"mix","color":"#0059a9"},"geometry":{"type":"Point","coordinates":[21.063479,52.287334]}},{"type":"Feature","properties":{"text":"141 175 188 228 N32","n":5,"mode":"bus","angle":-90,"op":"mix","color":"#0059a9"},"geometry":{"type":"Point","coordinates":[20.977171,52.183462]}},{"type":"Feature","properties":{"text":"S2 S3 S4 S40","n":4,"mode":"skm","angle":-90,"op":"mix","color":"#5a6672"},"geometry":{"type":"Point","coordinates":[20.977171,52.183462]}},{"type":"Feature","properties":{"text":"142 702 N72","n":3,"mode":"bus","angle":-90,"op":"ZTM Warszawa — buses","color":"#0059a9"},"geometry":{"type":"Point","coordinates":[21.097385,52.187239]}},{"type":"Feature","properties":{"text":"142","n":1,"mode":"bus","angle":0,"op":"ZTM Warszawa — buses","color":"#0059a9"},"geometry":{"type":"Point","coordinates":[21.094303,52.189128]}},{"type":"Feature","properties":{"text":"153","n":1,"mode":"bus","angle":0,"op":"ZTM Warszawa — buses","color":"#0059a9"},"geometry":{"type":"Point","coordinates":[21.109715,52.24012]}},{"type":"Feature","properties":{"text":"145 225 N24","n":3,"mode":"bus","angle":-90,"op":"ZTM Warszawa — buses","color":"#0059a9"},"geometry":{"type":"Point","coordinates":[21.088138,52.236342]}},{"type":"Feature","properties":{"text":"174 N34 N36 N86","n":4,"mode":"bus","angle":-90,"op":"mix","color":"#0059a9"},"geometry":{"type":"Point","coordinates":[21.01416,52.221234]}},{"type":"Feature","properties":{"text":"17 19 33","n":3,"mode":"tram","angle":-90,"op":"mix","color":"#d6212b"},"geometry":{"type":"Point","coordinates":[21.01416,52.221234]}},{"type":"Feature","properties":{"text":"225 N24","n":2,"mode":"bus","angle":0,"op":"ZTM Warszawa — buses","color":"#0059a9"},"geometry":{"type":"Point","coordinates":[21.081973,52.245785]}},{"type":"Feature","properties":{"text":"145 245 N62 Z1 Z2M Z4M","n":6,"mode":"bus","angle":-90,"op":"mix","color":"#0059a9"},"geometry":{"type":"Point","coordinates":[21.072726,52.257117]}},{"type":"Feature","properties":{"text":"145 245 N62 Z2M","n":4,"mode":"bus","angle":0,"op":"mix","color":"#0059a9"},"geometry":{"type":"Point","coordinates":[21.063479,52.262782]}},{"type":"Feature","properties":{"text":"N62","n":1,"mode":"bus","angle":0,"op":"ZTM Warszawa — buses","color":"#0059a9"},"geometry":{"type":"Point","coordinates":[21.069644,52.262782]}},{"type":"Feature","properties":{"text":"229","n":1,"mode":"bus","angle":90,"op":"ZTM Warszawa — buses","color":"#0059a9"},"geometry":{"type":"Point","coordinates":[21.106633,52.179685]}},{"type":"Feature","properties":{"text":"147 173 198 411 502 N21","n":6,"mode":"bus","angle":0,"op":"ZTM Warszawa — buses","color":"#0059a9"},"geometry":{"type":"Point","coordinates":[21.125127,52.215568]}},{"type":"Feature","properties":{"text":"148 175 188 331 N32","n":5,"mode":"bus","angle":90,"op":"ZTM Warszawa — buses","color":"#0059a9"},"geometry":{"type":"Point","coordinates":[20.971006,52.164577]}},{"type":"Feature","properties":{"text":"148 331","n":2,"mode":"bus","angle":0,"op":"ZTM Warszawa — buses","color":"#0059a9"},"geometry":{"type":"Point","coordinates":[20.992583,52.157022]}},{"type":"Feature","properties":{"text":"331 N86","n":2,"mode":"bus","angle":90,"op":"ZTM Warszawa — buses","color":"#0059a9"},"geometry":{"type":"Point","coordinates":[20.995665,52.155134]}},{"type":"Feature","properties":{"text":"148 N86","n":2,"mode":"bus","angle":0,"op":"ZTM Warszawa — buses","color":"#0059a9"},"geometry":{"type":"Point","coordinates":[21.00183,52.158911]}},{"type":"Feature","properties":{"text":"148 331 N86","n":3,"mode":"bus","angle":0,"op":"ZTM Warszawa — buses","color":"#0059a9"},"geometry":{"type":"Point","coordinates":[21.007995,52.158911]}},{"type":"Feature","properties":{"text":"185 192 319 N34","n":4,"mode":"bus","angle":90,"op":"ZTM Warszawa — buses","color":"#0059a9"},"geometry":{"type":"Point","coordinates":[21.02649,52.155134]}},{"type":"Feature","properties":{"text":"148 331","n":2,"mode":"bus","angle":0,"op":"ZTM Warszawa — buses","color":"#0059a9"},"geometry":{"type":"Point","coordinates":[20.971006,52.168354]}},{"type":"Feature","properties":{"text":"149 320 N95","n":3,"mode":"bus","angle":0,"op":"ZTM Warszawa — buses","color":"#0059a9"},"geometry":{"type":"Point","coordinates":[20.906275,52.247674]}},{"type":"Feature","properties":{"text":"714 729","n":2,"mode":"bus","angle":0,"op":"ZTM Warszawa — buses","color":"#0059a9"},"geometry":{"type":"Point","coordinates":[20.890863,52.24012]}},{"type":"Feature","properties":{"text":"167 220 320 N45 N95","n":5,"mode":"bus","angle":-90,"op":"mix","color":"#0059a9"},"geometry":{"type":"Point","coordinates":[20.909358,52.249562]}},{"type":"Feature","properties":{"text":"20","n":1,"mode":"tram","angle":-90,"op":"mix","color":"#d6212b"},"geometry":{"type":"Point","coordinates":[20.909358,52.249562]}},{"type":"Feature","properties":{"text":"1 2 97 150 750 755 N56","n":7,"mode":"bus","angle":0,"op":"mix","color":"#0059a9"},"geometry":{"type":"Point","coordinates":[20.92477,52.289222]}},{"type":"Feature","properties":{"text":"152","n":1,"mode":"bus","angle":0,"op":"ZTM Warszawa — buses","color":"#0059a9"},"geometry":{"type":"Point","coordinates":[20.980253,52.291111]}},{"type":"Feature","properties":{"text":"199 N24 Z2M Z4M","n":4,"mode":"bus","angle":0,"op":"mix","color":"#0059a9"},"geometry":{"type":"Point","coordinates":[21.088138,52.249562]}},{"type":"Feature","properties":{"text":"157 167 182 187 523 N35 N85","n":7,"mode":"bus","angle":0,"op":"ZTM Warszawa — buses","color":"#0059a9"},"geometry":{"type":"Point","coordinates":[20.977171,52.219345]}},{"type":"Feature","properties":{"text":"157","n":1,"mode":"bus","angle":0,"op":"ZTM Warszawa — buses","color":"#0059a9"},"geometry":{"type":"Point","coordinates":[20.964841,52.209902]}},{"type":"Feature","properties":{"text":"154 228 N38 N88","n":4,"mode":"bus","angle":90,"op":"ZTM Warszawa — buses","color":"#0059a9"},"geometry":{"type":"Point","coordinates":[20.952511,52.189128]}},{"type":"Feature","properties":{"text":"154 228 414 N38 N88","n":5,"mode":"bus","angle":90,"op":"ZTM Warszawa — buses","color":"#0059a9"},"geometry":{"type":"Point","coordinates":[20.955594,52.191017]}},{"type":"Feature","properties":{"text":"N38 N88","n":2,"mode":"bus","angle":90,"op":"ZTM Warszawa — buses","color":"#0059a9"},"geometry":{"type":"Point","coordinates":[20.952511,52.185351]}},{"type":"Feature","properties":{"text":"1 9 15","n":3,"mode":"tram","angle":90,"op":"Tramwaje Warszawskie","color":"#d6212b"},"geometry":{"type":"Point","coordinates":[20.955594,52.187239]}},{"type":"Feature","properties":{"text":"N38 N43 N88","n":3,"mode":"bus","angle":90,"op":"mix","color":"#0059a9"},"geometry":{"type":"Point","coordinates":[20.980253,52.217457]}},{"type":"Feature","properties":{"text":"1 7 9 14 15 33","n":6,"mode":"tram","angle":90,"op":"mix","color":"#d6212b"},"geometry":{"type":"Point","coordinates":[20.980253,52.217457]}},{"type":"Feature","properties":{"text":"16","n":1,"mode":"tram","angle":0,"op":"Tramwaje Warszawskie","color":"#d6212b"},"geometry":{"type":"Point","coordinates":[20.986418,52.259005]}},{"type":"Feature","properties":{"text":"159","n":1,"mode":"bus","angle":0,"op":"ZTM Warszawa — buses","color":"#0059a9"},"geometry":{"type":"Point","coordinates":[21.007995,52.228788]}},{"type":"Feature","properties":{"text":"10 11 17 19 33","n":5,"mode":"tram","angle":90,"op":"Tramwaje Warszawskie","color":"#d6212b"},"geometry":{"type":"Point","coordinates":[21.01416,52.225011]}},{"type":"Feature","properties":{"text":"161","n":1,"mode":"bus","angle":0,"op":"ZTM Warszawa — buses","color":"#0059a9"},"geometry":{"type":"Point","coordinates":[21.118962,52.196682]}},{"type":"Feature","properties":{"text":"164","n":1,"mode":"bus","angle":90,"op":"ZTM Warszawa — buses","color":"#0059a9"},"geometry":{"type":"Point","coordinates":[21.085056,52.166465]}},{"type":"Feature","properties":{"text":"20","n":1,"mode":"tram","angle":-90,"op":"Tramwaje Warszawskie","color":"#d6212b"},"geometry":{"type":"Point","coordinates":[20.91244,52.255228]}},{"type":"Feature","properties":{"text":"S2","n":1,"mode":"skm","angle":-90,"op":"SKM","color":"#2E8EC8"},"geometry":{"type":"Point","coordinates":[21.118962,52.236342]}},{"type":"Feature","properties":{"text":"173 198 514 N21 N71","n":5,"mode":"bus","angle":0,"op":"mix","color":"#0059a9"},"geometry":{"type":"Point","coordinates":[21.11588,52.232565]}},{"type":"Feature","properties":{"text":"S2","n":1,"mode":"skm","angle":0,"op":"mix","color":"#2E8EC8"},"geometry":{"type":"Point","coordinates":[21.11588,52.232565]}},{"type":"Feature","properties":{"text":"198 N21","n":2,"mode":"bus","angle":90,"op":"ZTM Warszawa — buses","color":"#0059a9"},"geometry":{"type":"Point","coordinates":[21.118962,52.230677]}},{"type":"Feature","properties":{"text":"177 194 207 220 N85","n":5,"mode":"bus","angle":90,"op":"ZTM Warszawa — buses","color":"#0059a9"},"geometry":{"type":"Point","coordinates":[20.893945,52.206125]}},{"type":"Feature","properties":{"text":"194 716 N85","n":3,"mode":"bus","angle":0,"op":"mix","color":"#0059a9"},"geometry":{"type":"Point","coordinates":[20.881616,52.194794]}},{"type":"Feature","properties":{"text":"S1","n":1,"mode":"skm","angle":0,"op":"mix","color":"#E84A4B"},"geometry":{"type":"Point","coordinates":[20.881616,52.194794]}},{"type":"Feature","properties":{"text":"185","n":1,"mode":"bus","angle":0,"op":"ZTM Warszawa — buses","color":"#0059a9"},"geometry":{"type":"Point","coordinates":[21.023407,52.153245]}},{"type":"Feature","properties":{"text":"209 715 737 809 815 N86","n":6,"mode":"bus","angle":0,"op":"ZTM Warszawa — buses","color":"#0059a9"},"geometry":{"type":"Point","coordinates":[21.01416,52.153245]}},{"type":"Feature","properties":{"text":"180 409 N41 N91","n":4,"mode":"bus","angle":0,"op":"mix","color":"#0059a9"},"geometry":{"type":"Point","coordinates":[20.977171,52.257117]}},{"type":"Feature","properties":{"text":"S4 S40","n":2,"mode":"skm","angle":0,"op":"mix","color":"#5a6672"},"geometry":{"type":"Point","coordinates":[20.977171,52.257117]}},{"type":"Feature","properties":{"text":"N45 N95","n":2,"mode":"bus","angle":0,"op":"mix","color":"#0059a9"},"geometry":{"type":"Point","coordinates":[20.955594,52.25334]}},{"type":"Feature","properties":{"text":"20 23 24","n":3,"mode":"tram","angle":0,"op":"mix","color":"#d6212b"},"geometry":{"type":"Point","coordinates":[20.955594,52.25334]}},{"type":"Feature","properties":{"text":"211 509 516 723 731 736 N03","n":7,"mode":"bus","angle":0,"op":"ZTM Warszawa — buses","color":"#0059a9"},"geometry":{"type":"Point","coordinates":[20.995665,52.276002]}},{"type":"Feature","properties":{"text":"211","n":1,"mode":"bus","angle":0,"op":"ZTM Warszawa — buses","color":"#0059a9"},"geometry":{"type":"Point","coordinates":[20.983336,52.27978]}},{"type":"Feature","properties":{"text":"N35","n":1,"mode":"bus","angle":0,"op":"ZTM Warszawa — buses","color":"#0059a9"},"geometry":{"type":"Point","coordinates":[20.881616,52.20046]}},{"type":"Feature","properties":{"text":"716","n":1,"mode":"bus","angle":-90,"op":"ZTM Warszawa — buses","color":"#0059a9"},"geometry":{"type":"Point","coordinates":[20.890863,52.202348]}},{"type":"Feature","properties":{"text":"189 193 317 N33 N50 N83","n":6,"mode":"bus","angle":0,"op":"ZTM Warszawa — buses","color":"#0059a9"},"geometry":{"type":"Point","coordinates":[21.032654,52.174019]}},{"type":"Feature","properties":{"text":"402","n":1,"mode":"bus","angle":0,"op":"ZTM Warszawa — buses","color":"#0059a9"},"geometry":{"type":"Point","coordinates":[21.029572,52.172131]}},{"type":"Feature","properties":{"text":"207","n":1,"mode":"bus","angle":-90,"op":"ZTM Warszawa — buses","color":"#0059a9"},"geometry":{"type":"Point","coordinates":[20.887781,52.189128]}},{"type":"Feature","properties":{"text":"191 N35 N85","n":3,"mode":"bus","angle":0,"op":"ZTM Warszawa — buses","color":"#0059a9"},"geometry":{"type":"Point","coordinates":[20.893945,52.189128]}},{"type":"Feature","properties":{"text":"191 517 N35 N85","n":4,"mode":"bus","angle":-90,"op":"ZTM Warszawa — buses","color":"#0059a9"},"geometry":{"type":"Point","coordinates":[20.897028,52.191017]}},{"type":"Feature","properties":{"text":"207","n":1,"mode":"bus","angle":90,"op":"ZTM Warszawa — buses","color":"#0059a9"},"geometry":{"type":"Point","coordinates":[20.897028,52.187239]}},{"type":"Feature","properties":{"text":"11 13 27","n":3,"mode":"tram","angle":0,"op":"Tramwaje Warszawskie","color":"#d6212b"},"geometry":{"type":"Point","coordinates":[20.921687,52.228788]}},{"type":"Feature","properties":{"text":"201","n":1,"mode":"bus","angle":-90,"op":"ZTM Warszawa — buses","color":"#0059a9"},"geometry":{"type":"Point","coordinates":[20.934017,52.255228]}},{"type":"Feature","properties":{"text":"411 502 704 720 722 730","n":6,"mode":"bus","angle":0,"op":"ZTM Warszawa — buses","color":"#0059a9"},"geometry":{"type":"Point","coordinates":[21.118962,52.221234]}},{"type":"Feature","properties":{"text":"Z4M","n":1,"mode":"bus","angle":0,"op":"Ząbki","color":"#0059a9"},"geometry":{"type":"Point","coordinates":[21.057314,52.268448]}},{"type":"Feature","properties":{"text":"199","n":1,"mode":"bus","angle":0,"op":"ZTM Warszawa — buses","color":"#0059a9"},"geometry":{"type":"Point","coordinates":[21.060396,52.26656]}},{"type":"Feature","properties":{"text":"Z1 Z3","n":2,"mode":"bus","angle":-90,"op":"Ząbki","color":"#0059a9"},"geometry":{"type":"Point","coordinates":[21.063479,52.268448]}},{"type":"Feature","properties":{"text":"Z1","n":1,"mode":"bus","angle":90,"op":"Ząbki","color":"#0059a9"},"geometry":{"type":"Point","coordinates":[21.072726,52.264671]}},{"type":"Feature","properties":{"text":"N24","n":1,"mode":"bus","angle":90,"op":"ZTM Warszawa — buses","color":"#0059a9"},"geometry":{"type":"Point","coordinates":[21.085056,52.247674]}},{"type":"Feature","properties":{"text":"204 N14","n":2,"mode":"bus","angle":90,"op":"mix","color":"#0059a9"},"geometry":{"type":"Point","coordinates":[21.007995,52.277891]}},{"type":"Feature","properties":{"text":"1 4","n":2,"mode":"tram","angle":90,"op":"mix","color":"#d6212b"},"geometry":{"type":"Point","coordinates":[21.007995,52.277891]}},{"type":"Feature","properties":{"text":"220 717 817","n":3,"mode":"bus","angle":0,"op":"ZTM Warszawa — buses","color":"#0059a9"},"geometry":{"type":"Point","coordinates":[20.906275,52.185351]}},{"type":"Feature","properties":{"text":"715","n":1,"mode":"bus","angle":90,"op":"ZTM Warszawa — buses","color":"#0059a9"},"geometry":{"type":"Point","coordinates":[20.980253,52.147579]}},{"type":"Feature","properties":{"text":"209 709 715 727 737 739 809 815 N83","n":9,"mode":"bus","angle":-90,"op":"ZTM Warszawa — buses","color":"#0059a9"},"geometry":{"type":"Point","coordinates":[21.011078,52.151357]}},{"type":"Feature","properties":{"text":"210 N58","n":2,"mode":"bus","angle":0,"op":"ZTM Warszawa — buses","color":"#0059a9"},"geometry":{"type":"Point","coordinates":[20.866204,52.264671]}},{"type":"Feature","properties":{"text":"95 97 98 210 N58","n":5,"mode":"bus","angle":0,"op":"mix","color":"#0059a9"},"geometry":{"type":"Point","coordinates":[20.875451,52.262782]}},{"type":"Feature","properties":{"text":"95 210 N58","n":3,"mode":"bus","angle":0,"op":"mix","color":"#0059a9"},"geometry":{"type":"Point","coordinates":[20.869286,52.262782]}},{"type":"Feature","properties":{"text":"97 N58","n":2,"mode":"bus","angle":90,"op":"mix","color":"#0059a9"},"geometry":{"type":"Point","coordinates":[20.869286,52.259005]}},{"type":"Feature","properties":{"text":"95 98","n":2,"mode":"bus","angle":90,"op":"GPA Grodzisk — buses","color":"#0059a9"},"geometry":{"type":"Point","coordinates":[20.878533,52.260894]}},{"type":"Feature","properties":{"text":"211","n":1,"mode":"bus","angle":0,"op":"ZTM Warszawa — buses","color":"#0059a9"},"geometry":{"type":"Point","coordinates":[20.964841,52.27978]}},{"type":"Feature","properties":{"text":"211 516 N63","n":3,"mode":"bus","angle":0,"op":"ZTM Warszawa — buses","color":"#0059a9"},"geometry":{"type":"Point","coordinates":[20.971006,52.287334]}},{"type":"Feature","properties":{"text":"211 516 N13","n":3,"mode":"bus","angle":0,"op":"ZTM Warszawa — buses","color":"#0059a9"},"geometry":{"type":"Point","coordinates":[20.952511,52.291111]}},{"type":"Feature","properties":{"text":"211","n":1,"mode":"bus","angle":0,"op":"ZTM Warszawa — buses","color":"#0059a9"},"geometry":{"type":"Point","coordinates":[20.952511,52.294888]}},{"type":"Feature","properties":{"text":"723 731 L-7 L49 N63","n":5,"mode":"bus","angle":0,"op":"ZTM Warszawa — buses","color":"#0059a9"},"geometry":{"type":"Point","coordinates":[20.958676,52.294888]}},{"type":"Feature","properties":{"text":"731 L49","n":2,"mode":"bus","angle":-90,"op":"ZTM Warszawa — buses","color":"#0059a9"},"geometry":{"type":"Point","coordinates":[20.955594,52.298665]}},{"type":"Feature","properties":{"text":"213 219","n":2,"mode":"bus","angle":0,"op":"ZTM Warszawa — buses","color":"#0059a9"},"geometry":{"type":"Point","coordinates":[21.10355,52.194794]}},{"type":"Feature","properties":{"text":"221","n":1,"mode":"bus","angle":0,"op":"ZTM Warszawa — buses","color":"#0059a9"},"geometry":{"type":"Point","coordinates":[20.977171,52.260894]}},{"type":"Feature","properties":{"text":"234","n":1,"mode":"bus","angle":0,"op":"ZTM Warszawa — buses","color":"#0059a9"},"geometry":{"type":"Point","coordinates":[21.035737,52.291111]}},{"type":"Feature","properties":{"text":"L16","n":1,"mode":"bus","angle":90,"op":"ZTM Warszawa — buses","color":"#0059a9"},"geometry":{"type":"Point","coordinates":[21.081973,52.157022]}},{"type":"Feature","properties":{"text":"L14 L16","n":2,"mode":"bus","angle":0,"op":"ZTM Warszawa — buses","color":"#0059a9"},"geometry":{"type":"Point","coordinates":[21.063479,52.145691]}},{"type":"Feature","properties":{"text":"251 710 L24","n":3,"mode":"bus","angle":0,"op":"ZTM Warszawa — buses","color":"#0059a9"},"geometry":{"type":"Point","coordinates":[21.044984,52.134359]}},{"type":"Feature","properties":{"text":"251 710 N50","n":3,"mode":"bus","angle":0,"op":"ZTM Warszawa — buses","color":"#0059a9"},"geometry":{"type":"Point","coordinates":[21.054231,52.136248]}},{"type":"Feature","properties":{"text":"L16","n":1,"mode":"bus","angle":-90,"op":"ZTM Warszawa — buses","color":"#0059a9"},"geometry":{"type":"Point","coordinates":[21.048067,52.136248]}},{"type":"Feature","properties":{"text":"900","n":1,"mode":"bus","angle":-90,"op":"ZTM Warszawa — buses","color":"#0059a9"},"geometry":{"type":"Point","coordinates":[20.964841,52.298665]}},{"type":"Feature","properties":{"text":"702 M1 M2 M3","n":4,"mode":"bus","angle":0,"op":"mix","color":"#0059a9"},"geometry":{"type":"Point","coordinates":[21.122045,52.155134]}},{"type":"Feature","properties":{"text":"702 M1","n":2,"mode":"bus","angle":0,"op":"mix","color":"#0059a9"},"geometry":{"type":"Point","coordinates":[21.11588,52.155134]}},{"type":"Feature","properties":{"text":"702","n":1,"mode":"bus","angle":-90,"op":"ZTM Warszawa — buses","color":"#0059a9"},"geometry":{"type":"Point","coordinates":[21.112797,52.157022]}},{"type":"Feature","properties":{"text":"60","n":1,"mode":"bus","angle":90,"op":"GPA Grodzisk — buses","color":"#0059a9"},"geometry":{"type":"Point","coordinates":[20.887781,52.145691]}},{"type":"Feature","properties":{"text":"61 703 711","n":3,"mode":"bus","angle":0,"op":"mix","color":"#0059a9"},"geometry":{"type":"Point","coordinates":[20.906275,52.153245]}},{"type":"Feature","properties":{"text":"704","n":1,"mode":"bus","angle":0,"op":"ZTM Warszawa — buses","color":"#0059a9"},"geometry":{"type":"Point","coordinates":[21.134374,52.217457]}},{"type":"Feature","properties":{"text":"R4 R5","n":2,"mode":"bus","angle":90,"op":"Radzymin","color":"#0059a9"},"geometry":{"type":"Point","coordinates":[21.041902,52.325105]}},{"type":"Feature","properties":{"text":"L-1 L-4","n":2,"mode":"bus","angle":0,"op":"ZTM Warszawa — buses","color":"#0059a9"},"geometry":{"type":"Point","coordinates":[20.952511,52.134359]}},{"type":"Feature","properties":{"text":"737","n":1,"mode":"bus","angle":90,"op":"ZTM Warszawa — buses","color":"#0059a9"},"geometry":{"type":"Point","coordinates":[20.974088,52.130582]}},{"type":"Feature","properties":{"text":"709 727","n":2,"mode":"bus","angle":0,"op":"ZTM Warszawa — buses","color":"#0059a9"},"geometry":{"type":"Point","coordinates":[21.004913,52.132471]}},{"type":"Feature","properties":{"text":"727","n":1,"mode":"bus","angle":0,"op":"ZTM Warszawa — buses","color":"#0059a9"},"geometry":{"type":"Point","coordinates":[21.004913,52.132471]}},{"type":"Feature","properties":{"text":"710 L23 L24 L25 L54 L55 N83","n":7,"mode":"bus","angle":0,"op":"ZTM Warszawa — buses","color":"#0059a9"},"geometry":{"type":"Point","coordinates":[20.998748,52.130582]}},{"type":"Feature","properties":{"text":"727 L-2 L-3 L-5 L12 L13 L17 L18 L19 L23 L24 L25 L32 L39 L52 L54 L55","n":17,"mode":"bus","angle":0,"op":"ZTM Warszawa — buses","color":"#0059a9"},"geometry":{"type":"Point","coordinates":[21.004913,52.124917]}},{"type":"Feature","properties":{"text":"L53 N83","n":2,"mode":"bus","angle":0,"op":"ZTM Warszawa — buses","color":"#0059a9"},"geometry":{"type":"Point","coordinates":[21.011078,52.132471]}},{"type":"Feature","properties":{"text":"709 727 L33 N83","n":4,"mode":"bus","angle":-90,"op":"ZTM Warszawa — buses","color":"#0059a9"},"geometry":{"type":"Point","coordinates":[21.004913,52.136248]}},{"type":"Feature","properties":{"text":"739 L39","n":2,"mode":"bus","angle":0,"op":"ZTM Warszawa — buses","color":"#0059a9"},"geometry":{"type":"Point","coordinates":[21.007995,52.138137]}},{"type":"Feature","properties":{"text":"710 L39 L55 N83","n":4,"mode":"bus","angle":0,"op":"ZTM Warszawa — buses","color":"#0059a9"},"geometry":{"type":"Point","coordinates":[21.01416,52.130582]}},{"type":"Feature","properties":{"text":"60 65 711","n":3,"mode":"bus","angle":90,"op":"mix","color":"#0059a9"},"geometry":{"type":"Point","coordinates":[20.878533,52.155134]}},{"type":"Feature","properties":{"text":"95 96 712","n":3,"mode":"bus","angle":0,"op":"mix","color":"#0059a9"},"geometry":{"type":"Point","coordinates":[20.897028,52.257117]}},{"type":"Feature","properties":{"text":"96 97 98 712","n":4,"mode":"bus","angle":90,"op":"mix","color":"#0059a9"},"geometry":{"type":"Point","coordinates":[20.878533,52.238231]}},{"type":"Feature","properties":{"text":"96 97 98 714","n":4,"mode":"bus","angle":-90,"op":"mix","color":"#0059a9"},"geometry":{"type":"Point","coordinates":[20.878533,52.242008]}},{"type":"Feature","properties":{"text":"14 713","n":2,"mode":"bus","angle":0,"op":"mix","color":"#0059a9"},"geometry":{"type":"Point","coordinates":[20.838462,52.211791]}},{"type":"Feature","properties":{"text":"14","n":1,"mode":"bus","angle":0,"op":"GPA Grodzisk — buses","color":"#0059a9"},"geometry":{"type":"Point","coordinates":[20.832297,52.211791]}},{"type":"Feature","properties":{"text":"14 713","n":2,"mode":"bus","angle":0,"op":"mix","color":"#0059a9"},"geometry":{"type":"Point","coordinates":[20.853874,52.209902]}},{"type":"Feature","properties":{"text":"14 97 713","n":3,"mode":"bus","angle":0,"op":"mix","color":"#0059a9"},"geometry":{"type":"Point","coordinates":[20.863121,52.209902]}},{"type":"Feature","properties":{"text":"97","n":1,"mode":"bus","angle":-90,"op":"GPA Grodzisk — buses","color":"#0059a9"},"geometry":{"type":"Point","coordinates":[20.869286,52.255228]}},{"type":"Feature","properties":{"text":"97 98 714","n":3,"mode":"bus","angle":90,"op":"mix","color":"#0059a9"},"geometry":{"type":"Point","coordinates":[20.878533,52.245785]}},{"type":"Feature","properties":{"text":"715 737 809 L33","n":4,"mode":"bus","angle":0,"op":"ZTM Warszawa — buses","color":"#0059a9"},"geometry":{"type":"Point","coordinates":[20.986418,52.140025]}},{"type":"Feature","properties":{"text":"62 97 716 717 N85","n":5,"mode":"bus","angle":0,"op":"mix","color":"#0059a9"},"geometry":{"type":"Point","coordinates":[20.872368,52.196682]}},{"type":"Feature","properties":{"text":"62 97 717 N85","n":4,"mode":"bus","angle":90,"op":"mix","color":"#0059a9"},"geometry":{"type":"Point","coordinates":[20.875451,52.191017]}},{"type":"Feature","properties":{"text":"62 97 817 N85","n":4,"mode":"bus","angle":90,"op":"mix","color":"#0059a9"},"geometry":{"type":"Point","coordinates":[20.878533,52.183462]}},{"type":"Feature","properties":{"text":"S1","n":1,"mode":"skm","angle":90,"op":"mix","color":"#E84A4B"},"geometry":{"type":"Point","coordinates":[20.878533,52.183462]}},{"type":"Feature","properties":{"text":"94 719","n":2,"mode":"bus","angle":0,"op":"mix","color":"#0059a9"},"geometry":{"type":"Point","coordinates":[20.819967,52.238231]}},{"type":"Feature","properties":{"text":"94","n":1,"mode":"bus","angle":0,"op":"GPA Grodzisk — buses","color":"#0059a9"},"geometry":{"type":"Point","coordinates":[20.819967,52.238231]}},{"type":"Feature","properties":{"text":"96 729","n":2,"mode":"bus","angle":-90,"op":"mix","color":"#0059a9"},"geometry":{"type":"Point","coordinates":[20.841544,52.236342]}},{"type":"Feature","properties":{"text":"96","n":1,"mode":"bus","angle":0,"op":"GPA Grodzisk — buses","color":"#0059a9"},"geometry":{"type":"Point","coordinates":[20.844627,52.238231]}},{"type":"Feature","properties":{"text":"96 719","n":2,"mode":"bus","angle":0,"op":"mix","color":"#0059a9"},"geometry":{"type":"Point","coordinates":[20.866204,52.24012]}},{"type":"Feature","properties":{"text":"96 97","n":2,"mode":"bus","angle":90,"op":"GPA Grodzisk — buses","color":"#0059a9"},"geometry":{"type":"Point","coordinates":[20.866204,52.236342]}},{"type":"Feature","properties":{"text":"720 722","n":2,"mode":"bus","angle":-90,"op":"ZTM Warszawa — buses","color":"#0059a9"},"geometry":{"type":"Point","coordinates":[21.140539,52.192905]}},{"type":"Feature","properties":{"text":"722","n":1,"mode":"bus","angle":90,"op":"ZTM Warszawa — buses","color":"#0059a9"},"geometry":{"type":"Point","coordinates":[21.140539,52.185351]}},{"type":"Feature","properties":{"text":"721 728 L-3","n":3,"mode":"bus","angle":-90,"op":"ZTM Warszawa — buses","color":"#0059a9"},"geometry":{"type":"Point","coordinates":[20.915522,52.132471]}},{"type":"Feature","properties":{"text":"L-3 L-4","n":2,"mode":"bus","angle":0,"op":"ZTM Warszawa — buses","color":"#0059a9"},"geometry":{"type":"Point","coordinates":[20.918605,52.134359]}},{"type":"Feature","properties":{"text":"L10 L34","n":2,"mode":"bus","angle":0,"op":"ZTM Warszawa — buses","color":"#0059a9"},"geometry":{"type":"Point","coordinates":[20.946347,52.30622]}},{"type":"Feature","properties":{"text":"L-7 L41 L49","n":3,"mode":"bus","angle":0,"op":"ZTM Warszawa — buses","color":"#0059a9"},"geometry":{"type":"Point","coordinates":[20.943264,52.302442]}},{"type":"Feature","properties":{"text":"L13 L17 L18 L32 L52","n":5,"mode":"bus","angle":90,"op":"ZTM Warszawa — buses","color":"#0059a9"},"geometry":{"type":"Point","coordinates":[20.983336,52.119251]}},{"type":"Feature","properties":{"text":"L54","n":1,"mode":"bus","angle":0,"op":"ZTM Warszawa — buses","color":"#0059a9"},"geometry":{"type":"Point","coordinates":[21.011078,52.124917]}},{"type":"Feature","properties":{"text":"L-1 L-4","n":2,"mode":"bus","angle":-90,"op":"ZTM Warszawa — buses","color":"#0059a9"},"geometry":{"type":"Point","coordinates":[20.930935,52.126805]}},{"type":"Feature","properties":{"text":"L-3","n":1,"mode":"bus","angle":0,"op":"ZTM Warszawa — buses","color":"#0059a9"},"geometry":{"type":"Point","coordinates":[20.92477,52.117362]}},{"type":"Feature","properties":{"text":"731","n":1,"mode":"bus","angle":0,"op":"ZTM Warszawa — buses","color":"#0059a9"},"geometry":{"type":"Point","coordinates":[20.958676,52.313774]}},{"type":"Feature","properties":{"text":"L-8","n":1,"mode":"bus","angle":0,"op":"ZTM Warszawa — buses","color":"#0059a9"},"geometry":{"type":"Point","coordinates":[20.977171,52.308108]}},{"type":"Feature","properties":{"text":"L10","n":1,"mode":"bus","angle":0,"op":"ZTM Warszawa — buses","color":"#0059a9"},"geometry":{"type":"Point","coordinates":[20.961759,52.315662]}},{"type":"Feature","properties":{"text":"733","n":1,"mode":"bus","angle":90,"op":"ZTM Warszawa — buses","color":"#0059a9"},"geometry":{"type":"Point","coordinates":[20.872368,52.140025]}},{"type":"Feature","properties":{"text":"738 R4 R5 R8 R9","n":5,"mode":"bus","angle":-90,"op":"mix","color":"#0059a9"},"geometry":{"type":"Point","coordinates":[21.081973,52.304331]}},{"type":"Feature","properties":{"text":"R8","n":1,"mode":"bus","angle":90,"op":"Radzymin","color":"#0059a9"},"geometry":{"type":"Point","coordinates":[21.085056,52.298665]}},{"type":"Feature","properties":{"text":"L44 L45","n":2,"mode":"bus","angle":0,"op":"ZTM Warszawa — buses","color":"#0059a9"},"geometry":{"type":"Point","coordinates":[21.069644,52.293]}},{"type":"Feature","properties":{"text":"739 L39 L53","n":3,"mode":"bus","angle":0,"op":"ZTM Warszawa — buses","color":"#0059a9"},"geometry":{"type":"Point","coordinates":[21.023407,52.134359]}},{"type":"Feature","properties":{"text":"739 L33 L39 L53","n":4,"mode":"bus","angle":-90,"op":"ZTM Warszawa — buses","color":"#0059a9"},"geometry":{"type":"Point","coordinates":[21.029572,52.138137]}},{"type":"Feature","properties":{"text":"739","n":1,"mode":"bus","angle":0,"op":"ZTM Warszawa — buses","color":"#0059a9"},"geometry":{"type":"Point","coordinates":[21.017242,52.136248]}},{"type":"Feature","properties":{"text":"L33","n":1,"mode":"bus","angle":-90,"op":"ZTM Warszawa — buses","color":"#0059a9"},"geometry":{"type":"Point","coordinates":[21.01416,52.138137]}},{"type":"Feature","properties":{"text":"742 L15 L21 L54","n":4,"mode":"bus","angle":-90,"op":"ZTM Warszawa — buses","color":"#0059a9"},"geometry":{"type":"Point","coordinates":[21.081973,52.111697]}},{"type":"Feature","properties":{"text":"L54","n":1,"mode":"bus","angle":90,"op":"ZTM Warszawa — buses","color":"#0059a9"},"geometry":{"type":"Point","coordinates":[21.081973,52.107919]}},{"type":"Feature","properties":{"text":"L21 L28","n":2,"mode":"bus","angle":0,"op":"ZTM Warszawa — buses","color":"#0059a9"},"geometry":{"type":"Point","coordinates":[21.069644,52.136248]}},{"type":"Feature","properties":{"text":"755","n":1,"mode":"bus","angle":0,"op":"ZTM Warszawa — buses","color":"#0059a9"},"geometry":{"type":"Point","coordinates":[20.897028,52.294888]}},{"type":"Feature","properties":{"text":"3 750 755","n":3,"mode":"bus","angle":0,"op":"mix","color":"#0059a9"},"geometry":{"type":"Point","coordinates":[20.91244,52.294888]}},{"type":"Feature","properties":{"text":"2 3 750 755","n":4,"mode":"bus","angle":0,"op":"mix","color":"#0059a9"},"geometry":{"type":"Point","coordinates":[20.915522,52.293]}},{"type":"Feature","properties":{"text":"60 65 66 78","n":4,"mode":"bus","angle":-90,"op":"GPA Grodzisk — buses","color":"#0059a9"},"geometry":{"type":"Point","coordinates":[20.860039,52.181574]}},{"type":"Feature","properties":{"text":"L-9 L10 L11","n":3,"mode":"bus","angle":0,"op":"ZTM Warszawa — buses","color":"#0059a9"},"geometry":{"type":"Point","coordinates":[20.967924,52.315662]}},{"type":"Feature","properties":{"text":"L-9 L10 L11","n":3,"mode":"bus","angle":-90,"op":"ZTM Warszawa — buses","color":"#0059a9"},"geometry":{"type":"Point","coordinates":[20.977171,52.321328]}},{"type":"Feature","properties":{"text":"L10 L11 W2","n":3,"mode":"bus","angle":0,"op":"mix","color":"#0059a9"},"geometry":{"type":"Point","coordinates":[20.974088,52.323217]}},{"type":"Feature","properties":{"text":"W3","n":1,"mode":"bus","angle":0,"op":"Wieliszew","color":"#0059a9"},"geometry":{"type":"Point","coordinates":[20.974088,52.323217]}},{"type":"Feature","properties":{"text":"L-9 L10 L11 W3","n":4,"mode":"bus","angle":-90,"op":"mix","color":"#0059a9"},"geometry":{"type":"Point","coordinates":[20.961759,52.325105]}},{"type":"Feature","properties":{"text":"W2 W3","n":2,"mode":"bus","angle":0,"op":"Wieliszew","color":"#0059a9"},"geometry":{"type":"Point","coordinates":[20.986418,52.321328]}},{"type":"Feature","properties":{"text":"L34 W2","n":2,"mode":"bus","angle":0,"op":"mix","color":"#0059a9"},"geometry":{"type":"Point","coordinates":[20.92477,52.317551]}},{"type":"Feature","properties":{"text":"L11 W2","n":2,"mode":"bus","angle":0,"op":"mix","color":"#0059a9"},"geometry":{"type":"Point","coordinates":[20.91244,52.313774]}},{"type":"Feature","properties":{"text":"W2","n":1,"mode":"bus","angle":90,"op":"Wieliszew","color":"#0059a9"},"geometry":{"type":"Point","coordinates":[20.890863,52.309997]}},{"type":"Feature","properties":{"text":"L11","n":1,"mode":"bus","angle":0,"op":"ZTM Warszawa — buses","color":"#0059a9"},"geometry":{"type":"Point","coordinates":[20.875451,52.308108]}},{"type":"Feature","properties":{"text":"L13 L19 L28","n":3,"mode":"bus","angle":0,"op":"ZTM Warszawa — buses","color":"#0059a9"},"geometry":{"type":"Point","coordinates":[21.004913,52.115474]}},{"type":"Feature","properties":{"text":"L14 L15","n":2,"mode":"bus","angle":0,"op":"ZTM Warszawa — buses","color":"#0059a9"},"geometry":{"type":"Point","coordinates":[21.072726,52.149468]}},{"type":"Feature","properties":{"text":"L15 L28","n":2,"mode":"bus","angle":0,"op":"ZTM Warszawa — buses","color":"#0059a9"},"geometry":{"type":"Point","coordinates":[21.054231,52.126805]}},{"type":"Feature","properties":{"text":"L28","n":1,"mode":"bus","angle":0,"op":"ZTM Warszawa — buses","color":"#0059a9"},"geometry":{"type":"Point","coordinates":[21.048067,52.119251]}},{"type":"Feature","properties":{"text":"L16 L55","n":2,"mode":"bus","angle":0,"op":"ZTM Warszawa — buses","color":"#0059a9"},"geometry":{"type":"Point","coordinates":[21.041902,52.136248]}},{"type":"Feature","properties":{"text":"L25 L54","n":2,"mode":"bus","angle":0,"op":"ZTM Warszawa — buses","color":"#0059a9"},"geometry":{"type":"Point","coordinates":[21.032654,52.119251]}},{"type":"Feature","properties":{"text":"L25 L28","n":2,"mode":"bus","angle":90,"op":"ZTM Warszawa — buses","color":"#0059a9"},"geometry":{"type":"Point","coordinates":[21.041902,52.111697]}},{"type":"Feature","properties":{"text":"L25","n":1,"mode":"bus","angle":90,"op":"ZTM Warszawa — buses","color":"#0059a9"},"geometry":{"type":"Point","coordinates":[21.048067,52.104142]}},{"type":"Feature","properties":{"text":"L26 L27 L40 L44 N62","n":5,"mode":"bus","angle":90,"op":"ZTM Warszawa — buses","color":"#0059a9"},"geometry":{"type":"Point","coordinates":[21.091221,52.27978]}},{"type":"Feature","properties":{"text":"L26 L40 L44 N62","n":4,"mode":"bus","angle":0,"op":"ZTM Warszawa — buses","color":"#0059a9"},"geometry":{"type":"Point","coordinates":[21.094303,52.276002]}},{"type":"Feature","properties":{"text":"L26","n":1,"mode":"bus","angle":0,"op":"ZTM Warszawa — buses","color":"#0059a9"},"geometry":{"type":"Point","coordinates":[21.091221,52.274114]}},{"type":"Feature","properties":{"text":"L40 L44 N62","n":3,"mode":"bus","angle":-90,"op":"ZTM Warszawa — buses","color":"#0059a9"},"geometry":{"type":"Point","coordinates":[21.097385,52.277891]}},{"type":"Feature","properties":{"text":"L27","n":1,"mode":"bus","angle":0,"op":"ZTM Warszawa — buses","color":"#0059a9"},"geometry":{"type":"Point","coordinates":[21.091221,52.264671]}},{"type":"Feature","properties":{"text":"L27","n":1,"mode":"bus","angle":0,"op":"ZTM Warszawa — buses","color":"#0059a9"},"geometry":{"type":"Point","coordinates":[21.097385,52.277891]}},{"type":"Feature","properties":{"text":"R1 R2 R4 R5","n":4,"mode":"bus","angle":-90,"op":"Radzymin","color":"#0059a9"},"geometry":{"type":"Point","coordinates":[21.063479,52.309997]}},{"type":"Feature","properties":{"text":"L34 W1","n":2,"mode":"bus","angle":0,"op":"mix","color":"#0059a9"},"geometry":{"type":"Point","coordinates":[20.934017,52.311885]}},{"type":"Feature","properties":{"text":"N62 R8","n":2,"mode":"bus","angle":-90,"op":"mix","color":"#0059a9"},"geometry":{"type":"Point","coordinates":[21.106633,52.276002]}},{"type":"Feature","properties":{"text":"L35","n":1,"mode":"bus","angle":0,"op":"ZTM Warszawa — buses","color":"#0059a9"},"geometry":{"type":"Point","coordinates":[21.118962,52.27978]}},{"type":"Feature","properties":{"text":"L36","n":1,"mode":"bus","angle":0,"op":"ZTM Warszawa — buses","color":"#0059a9"},"geometry":{"type":"Point","coordinates":[21.109715,52.289222]}},{"type":"Feature","properties":{"text":"L38","n":1,"mode":"bus","angle":90,"op":"ZTM Warszawa — buses","color":"#0059a9"},"geometry":{"type":"Point","coordinates":[21.112797,52.270337]}},{"type":"Feature","properties":{"text":"L53 L55","n":2,"mode":"bus","angle":0,"op":"ZTM Warszawa — buses","color":"#0059a9"},"geometry":{"type":"Point","coordinates":[21.02649,52.132471]}},{"type":"Feature","properties":{"text":"L40 L46 N62","n":3,"mode":"bus","angle":-90,"op":"ZTM Warszawa — buses","color":"#0059a9"},"geometry":{"type":"Point","coordinates":[21.081973,52.274114]}},{"type":"Feature","properties":{"text":"L46","n":1,"mode":"bus","angle":0,"op":"ZTM Warszawa — buses","color":"#0059a9"},"geometry":{"type":"Point","coordinates":[21.078891,52.276002]}},{"type":"Feature","properties":{"text":"N62","n":1,"mode":"bus","angle":90,"op":"ZTM Warszawa — buses","color":"#0059a9"},"geometry":{"type":"Point","coordinates":[21.081973,52.26656]}},{"type":"Feature","properties":{"text":"S3 S4 S40","n":3,"mode":"skm","angle":0,"op":"SKM","color":"#5a6672"},"geometry":{"type":"Point","coordinates":[21.017242,52.26656]}},{"type":"Feature","properties":{"text":"4 16 18","n":3,"mode":"tram","angle":90,"op":"Tramwaje Warszawskie","color":"#d6212b"},"geometry":{"type":"Point","coordinates":[21.035737,52.221234]}},{"type":"Feature","properties":{"text":"N72","n":1,"mode":"bus","angle":-90,"op":"ZTM Warszawa — buses","color":"#0059a9"},"geometry":{"type":"Point","coordinates":[21.11588,52.164577]}},{"type":"Feature","properties":{"text":"M2","n":1,"mode":"bus","angle":-90,"op":"mix","color":"#0059a9"},"geometry":{"type":"Point","coordinates":[21.118962,52.162688]}},{"type":"Feature","properties":{"text":"S1","n":1,"mode":"skm","angle":-90,"op":"mix","color":"#E84A4B"},"geometry":{"type":"Point","coordinates":[21.118962,52.162688]}},{"type":"Feature","properties":{"text":"13 24 25 26 27","n":5,"mode":"bus","angle":-90,"op":"GPA Grodzisk — buses","color":"#0059a9"},"geometry":{"type":"Point","coordinates":[20.81072,52.170242]}},{"type":"Feature","properties":{"text":"27","n":1,"mode":"bus","angle":0,"op":"GPA Grodzisk — buses","color":"#0059a9"},"geometry":{"type":"Point","coordinates":[20.816885,52.168354]}},{"type":"Feature","properties":{"text":"13 16 17 21 23 26 28 29 30 31 32 33 34 46 63 C1","n":16,"mode":"bus","angle":90,"op":"GPA Grodzisk — buses","color":"#0059a9"},"geometry":{"type":"Point","coordinates":[20.816885,52.162688]}},{"type":"Feature","properties":{"text":"20 21","n":2,"mode":"bus","angle":0,"op":"GPA Grodzisk — buses","color":"#0059a9"},"geometry":{"type":"Point","coordinates":[20.813802,52.162688]}},{"type":"Feature","properties":{"text":"23 31 63 82","n":4,"mode":"bus","angle":90,"op":"GPA Grodzisk — buses","color":"#0059a9"},"geometry":{"type":"Point","coordinates":[20.81072,52.157022]}},{"type":"Feature","properties":{"text":"23 31 63","n":3,"mode":"bus","angle":0,"op":"GPA Grodzisk — buses","color":"#0059a9"},"geometry":{"type":"Point","coordinates":[20.81072,52.160799]}},{"type":"Feature","properties":{"text":"0 28","n":2,"mode":"bus","angle":90,"op":"GPA Grodzisk — buses","color":"#0059a9"},"geometry":{"type":"Point","coordinates":[20.81072,52.157022]}},{"type":"Feature","properties":{"text":"21 28 29","n":3,"mode":"bus","angle":-90,"op":"GPA Grodzisk — buses","color":"#0059a9"},"geometry":{"type":"Point","coordinates":[20.816885,52.158911]}},{"type":"Feature","properties":{"text":"0 30 C1","n":3,"mode":"bus","angle":90,"op":"GPA Grodzisk — buses","color":"#0059a9"},"geometry":{"type":"Point","coordinates":[20.819967,52.157022]}},{"type":"Feature","properties":{"text":"0 13 16 17 20 26 46","n":7,"mode":"bus","angle":90,"op":"GPA Grodzisk — buses","color":"#0059a9"},"geometry":{"type":"Point","coordinates":[20.819967,52.157022]}},{"type":"Feature","properties":{"text":"0","n":1,"mode":"bus","angle":-90,"op":"GPA Grodzisk — buses","color":"#0059a9"},"geometry":{"type":"Point","coordinates":[20.82305,52.155134]}},{"type":"Feature","properties":{"text":"17 46","n":2,"mode":"bus","angle":-90,"op":"GPA Grodzisk — buses","color":"#0059a9"},"geometry":{"type":"Point","coordinates":[20.826132,52.164577]}},{"type":"Feature","properties":{"text":"WKD","n":1,"mode":"wkd","angle":0,"op":"WKD","color":"#a518a3"},"geometry":{"type":"Point","coordinates":[20.829215,52.162688]}},{"type":"Feature","properties":{"text":"22","n":1,"mode":"bus","angle":90,"op":"GPA Grodzisk — buses","color":"#0059a9"},"geometry":{"type":"Point","coordinates":[20.807638,52.155134]}},{"type":"Feature","properties":{"text":"0 20 21 22 23 31 63","n":7,"mode":"bus","angle":0,"op":"GPA Grodzisk — buses","color":"#0059a9"},"geometry":{"type":"Point","coordinates":[20.813802,52.160799]}},{"type":"Feature","properties":{"text":"20 21","n":2,"mode":"bus","angle":0,"op":"GPA Grodzisk — buses","color":"#0059a9"},"geometry":{"type":"Point","coordinates":[20.807638,52.160799]}},{"type":"Feature","properties":{"text":"12 14 19 40 43","n":5,"mode":"bus","angle":0,"op":"GPA Grodzisk — buses","color":"#0059a9"},"geometry":{"type":"Point","coordinates":[20.804555,52.202348]}},{"type":"Feature","properties":{"text":"11 49","n":2,"mode":"bus","angle":90,"op":"GPA Grodzisk — buses","color":"#0059a9"},"geometry":{"type":"Point","coordinates":[20.804555,52.202348]}},{"type":"Feature","properties":{"text":"11 13 14 49","n":4,"mode":"bus","angle":0,"op":"GPA Grodzisk — buses","color":"#0059a9"},"geometry":{"type":"Point","coordinates":[20.807638,52.20046]}},{"type":"Feature","properties":{"text":"14","n":1,"mode":"bus","angle":90,"op":"GPA Grodzisk — buses","color":"#0059a9"},"geometry":{"type":"Point","coordinates":[20.801473,52.204237]}},{"type":"Feature","properties":{"text":"27","n":1,"mode":"bus","angle":0,"op":"GPA Grodzisk — buses","color":"#0059a9"},"geometry":{"type":"Point","coordinates":[20.807638,52.177797]}},{"type":"Feature","properties":{"text":"49","n":1,"mode":"bus","angle":90,"op":"GPA Grodzisk — buses","color":"#0059a9"},"geometry":{"type":"Point","coordinates":[20.807638,52.194794]}},{"type":"Feature","properties":{"text":"13 24 27","n":3,"mode":"bus","angle":90,"op":"GPA Grodzisk — buses","color":"#0059a9"},"geometry":{"type":"Point","coordinates":[20.807638,52.172131]}},{"type":"Feature","properties":{"text":"13 24 26 27","n":4,"mode":"bus","angle":90,"op":"GPA Grodzisk — buses","color":"#0059a9"},"geometry":{"type":"Point","coordinates":[20.81072,52.166465]}},{"type":"Feature","properties":{"text":"49","n":1,"mode":"bus","angle":-90,"op":"GPA Grodzisk — buses","color":"#0059a9"},"geometry":{"type":"Point","coordinates":[20.82305,52.215568]}},{"type":"Feature","properties":{"text":"65 66","n":2,"mode":"bus","angle":-90,"op":"GPA Grodzisk — buses","color":"#0059a9"},"geometry":{"type":"Point","coordinates":[20.841544,52.170242]}},{"type":"Feature","properties":{"text":"15 45","n":2,"mode":"bus","angle":90,"op":"GPA Grodzisk — buses","color":"#0059a9"},"geometry":{"type":"Point","coordinates":[20.853874,52.151357]}},{"type":"Feature","properties":{"text":"15 45 55","n":3,"mode":"bus","angle":0,"op":"GPA Grodzisk — buses","color":"#0059a9"},"geometry":{"type":"Point","coordinates":[20.850791,52.149468]}},{"type":"Feature","properties":{"text":"55","n":1,"mode":"bus","angle":0,"op":"GPA Grodzisk — buses","color":"#0059a9"},"geometry":{"type":"Point","coordinates":[20.856956,52.149468]}},{"type":"Feature","properties":{"text":"15 18 45","n":3,"mode":"bus","angle":-90,"op":"GPA Grodzisk — buses","color":"#0059a9"},"geometry":{"type":"Point","coordinates":[20.829215,52.170242]}},{"type":"Feature","properties":{"text":"17","n":1,"mode":"bus","angle":90,"op":"GPA Grodzisk — buses","color":"#0059a9"},"geometry":{"type":"Point","coordinates":[20.832297,52.168354]}},{"type":"Feature","properties":{"text":"18","n":1,"mode":"bus","angle":90,"op":"GPA Grodzisk — buses","color":"#0059a9"},"geometry":{"type":"Point","coordinates":[20.832297,52.168354]}},{"type":"Feature","properties":{"text":"25","n":1,"mode":"bus","angle":90,"op":"GPA Grodzisk — buses","color":"#0059a9"},"geometry":{"type":"Point","coordinates":[20.804555,52.164577]}},{"type":"Feature","properties":{"text":"15 45 55","n":3,"mode":"bus","angle":0,"op":"GPA Grodzisk — buses","color":"#0059a9"},"geometry":{"type":"Point","coordinates":[20.835379,52.160799]}},{"type":"Feature","properties":{"text":"15 45","n":2,"mode":"bus","angle":90,"op":"GPA Grodzisk — buses","color":"#0059a9"},"geometry":{"type":"Point","coordinates":[20.847709,52.155134]}},{"type":"Feature","properties":{"text":"23","n":1,"mode":"bus","angle":0,"op":"GPA Grodzisk — buses","color":"#0059a9"},"geometry":{"type":"Point","coordinates":[20.853874,52.151357]}},{"type":"Feature","properties":{"text":"18","n":1,"mode":"bus","angle":-90,"op":"GPA Grodzisk — buses","color":"#0059a9"},"geometry":{"type":"Point","coordinates":[20.819967,52.175908]}},{"type":"Feature","properties":{"text":"17 65","n":2,"mode":"bus","angle":-90,"op":"GPA Grodzisk — buses","color":"#0059a9"},"geometry":{"type":"Point","coordinates":[20.853874,52.166465]}},{"type":"Feature","properties":{"text":"17 65 66","n":3,"mode":"bus","angle":0,"op":"GPA Grodzisk — buses","color":"#0059a9"},"geometry":{"type":"Point","coordinates":[20.847709,52.175908]}},{"type":"Feature","properties":{"text":"67","n":1,"mode":"bus","angle":0,"op":"GPA Grodzisk — buses","color":"#0059a9"},"geometry":{"type":"Point","coordinates":[20.841544,52.175908]}},{"type":"Feature","properties":{"text":"18","n":1,"mode":"bus","angle":0,"op":"GPA Grodzisk — buses","color":"#0059a9"},"geometry":{"type":"Point","coordinates":[20.819967,52.181574]}},{"type":"Feature","properties":{"text":"26","n":1,"mode":"bus","angle":-90,"op":"GPA Grodzisk — buses","color":"#0059a9"},"geometry":{"type":"Point","coordinates":[20.816885,52.175908]}},{"type":"Feature","properties":{"text":"20","n":1,"mode":"bus","angle":-90,"op":"GPA Grodzisk — buses","color":"#0059a9"},"geometry":{"type":"Point","coordinates":[20.79839,52.158911]}},{"type":"Feature","properties":{"text":"20","n":1,"mode":"bus","angle":0,"op":"GPA Grodzisk — buses","color":"#0059a9"},"geometry":{"type":"Point","coordinates":[20.782978,52.172131]}},{"type":"Feature","properties":{"text":"58","n":1,"mode":"bus","angle":0,"op":"GPA Grodzisk — buses","color":"#0059a9"},"geometry":{"type":"Point","coordinates":[20.816885,52.147579]}},{"type":"Feature","properties":{"text":"22 82","n":2,"mode":"bus","angle":0,"op":"GPA Grodzisk — buses","color":"#0059a9"},"geometry":{"type":"Point","coordinates":[20.816885,52.140025]}},{"type":"Feature","properties":{"text":"23","n":1,"mode":"bus","angle":0,"op":"GPA Grodzisk — buses","color":"#0059a9"},"geometry":{"type":"Point","coordinates":[20.832297,52.143802]}},{"type":"Feature","properties":{"text":"23","n":1,"mode":"bus","angle":-90,"op":"GPA Grodzisk — buses","color":"#0059a9"},"geometry":{"type":"Point","coordinates":[20.866204,52.149468]}},{"type":"Feature","properties":{"text":"55","n":1,"mode":"bus","angle":-90,"op":"GPA Grodzisk — buses","color":"#0059a9"},"geometry":{"type":"Point","coordinates":[20.863121,52.151357]}},{"type":"Feature","properties":{"text":"23 30 50","n":3,"mode":"bus","angle":0,"op":"GPA Grodzisk — buses","color":"#0059a9"},"geometry":{"type":"Point","coordinates":[20.832297,52.149468]}},{"type":"Feature","properties":{"text":"24","n":1,"mode":"bus","angle":0,"op":"GPA Grodzisk — buses","color":"#0059a9"},"geometry":{"type":"Point","coordinates":[20.792225,52.177797]}},{"type":"Feature","properties":{"text":"25","n":1,"mode":"bus","angle":90,"op":"GPA Grodzisk — buses","color":"#0059a9"},"geometry":{"type":"Point","coordinates":[20.795308,52.172131]}},{"type":"Feature","properties":{"text":"26","n":1,"mode":"bus","angle":0,"op":"GPA Grodzisk — buses","color":"#0059a9"},"geometry":{"type":"Point","coordinates":[20.789143,52.185351]}},{"type":"Feature","properties":{"text":"27","n":1,"mode":"bus","angle":-90,"op":"GPA Grodzisk — buses","color":"#0059a9"},"geometry":{"type":"Point","coordinates":[20.801473,52.179685]}},{"type":"Feature","properties":{"text":"31 32","n":2,"mode":"bus","angle":90,"op":"GPA Grodzisk — buses","color":"#0059a9"},"geometry":{"type":"Point","coordinates":[20.847709,52.126805]}},{"type":"Feature","properties":{"text":"31","n":1,"mode":"bus","angle":90,"op":"GPA Grodzisk — buses","color":"#0059a9"},"geometry":{"type":"Point","coordinates":[20.850791,52.113585]}},{"type":"Feature","properties":{"text":"32 33 52","n":3,"mode":"bus","angle":-90,"op":"GPA Grodzisk — buses","color":"#0059a9"},"geometry":{"type":"Point","coordinates":[20.863121,52.123028]}},{"type":"Feature","properties":{"text":"52","n":1,"mode":"bus","angle":0,"op":"GPA Grodzisk — buses","color":"#0059a9"},"geometry":{"type":"Point","coordinates":[20.869286,52.123028]}},{"type":"Feature","properties":{"text":"52","n":1,"mode":"bus","angle":90,"op":"GPA Grodzisk — buses","color":"#0059a9"},"geometry":{"type":"Point","coordinates":[20.863121,52.126805]}},{"type":"Feature","properties":{"text":"32 33 51 63","n":4,"mode":"bus","angle":-90,"op":"GPA Grodzisk — buses","color":"#0059a9"},"geometry":{"type":"Point","coordinates":[20.860039,52.136248]}},{"type":"Feature","properties":{"text":"32 33","n":2,"mode":"bus","angle":0,"op":"GPA Grodzisk — buses","color":"#0059a9"},"geometry":{"type":"Point","coordinates":[20.853874,52.140025]}},{"type":"Feature","properties":{"text":"32 52 83","n":3,"mode":"bus","angle":90,"op":"GPA Grodzisk — buses","color":"#0059a9"},"geometry":{"type":"Point","coordinates":[20.866204,52.126805]}},{"type":"Feature","properties":{"text":"34","n":1,"mode":"bus","angle":90,"op":"GPA Grodzisk — buses","color":"#0059a9"},"geometry":{"type":"Point","coordinates":[20.826132,52.155134]}},{"type":"Feature","properties":{"text":"35 55","n":2,"mode":"bus","angle":90,"op":"GPA Grodzisk — buses","color":"#0059a9"},"geometry":{"type":"Point","coordinates":[20.841544,52.157022]}},{"type":"Feature","properties":{"text":"40","n":1,"mode":"bus","angle":0,"op":"GPA Grodzisk — buses","color":"#0059a9"},"geometry":{"type":"Point","coordinates":[20.804555,52.221234]}},{"type":"Feature","properties":{"text":"62 78","n":2,"mode":"bus","angle":90,"op":"GPA Grodzisk — buses","color":"#0059a9"},"geometry":{"type":"Point","coordinates":[20.869286,52.179685]}},{"type":"Feature","properties":{"text":"48 68 78","n":3,"mode":"bus","angle":90,"op":"GPA Grodzisk — buses","color":"#0059a9"},"geometry":{"type":"Point","coordinates":[20.844627,52.192905]}},{"type":"Feature","properties":{"text":"48","n":1,"mode":"bus","angle":0,"op":"GPA Grodzisk — buses","color":"#0059a9"},"geometry":{"type":"Point","coordinates":[20.832297,52.187239]}},{"type":"Feature","properties":{"text":"48 64","n":2,"mode":"bus","angle":90,"op":"GPA Grodzisk — buses","color":"#0059a9"},"geometry":{"type":"Point","coordinates":[20.835379,52.185351]}},{"type":"Feature","properties":{"text":"48 64","n":2,"mode":"bus","angle":90,"op":"GPA Grodzisk — buses","color":"#0059a9"},"geometry":{"type":"Point","coordinates":[20.835379,52.177797]}},{"type":"Feature","properties":{"text":"48 64 67","n":3,"mode":"bus","angle":-90,"op":"GPA Grodzisk — buses","color":"#0059a9"},"geometry":{"type":"Point","coordinates":[20.838462,52.179685]}},{"type":"Feature","properties":{"text":"68","n":1,"mode":"bus","angle":0,"op":"GPA Grodzisk — buses","color":"#0059a9"},"geometry":{"type":"Point","coordinates":[20.844627,52.192905]}},{"type":"Feature","properties":{"text":"67","n":1,"mode":"bus","angle":90,"op":"GPA Grodzisk — buses","color":"#0059a9"},"geometry":{"type":"Point","coordinates":[20.819967,52.192905]}},{"type":"Feature","properties":{"text":"68 78","n":2,"mode":"bus","angle":90,"op":"GPA Grodzisk — buses","color":"#0059a9"},"geometry":{"type":"Point","coordinates":[20.847709,52.187239]}},{"type":"Feature","properties":{"text":"82 83","n":2,"mode":"bus","angle":0,"op":"GPA Grodzisk — buses","color":"#0059a9"},"geometry":{"type":"Point","coordinates":[20.804555,52.124917]}},{"type":"Feature","properties":{"text":"82","n":1,"mode":"bus","angle":0,"op":"GPA Grodzisk — buses","color":"#0059a9"},"geometry":{"type":"Point","coordinates":[20.807638,52.123028]}},{"type":"Feature","properties":{"text":"C01 C02 P10","n":3,"mode":"bus","angle":90,"op":"Powiat miński","color":"#0059a9"},"geometry":{"type":"Point","coordinates":[21.22993,52.191017]}},{"type":"Feature","properties":{"text":"P10","n":1,"mode":"bus","angle":0,"op":"Powiat miński","color":"#0059a9"},"geometry":{"type":"Point","coordinates":[21.239177,52.177797]}},{"type":"Feature","properties":{"text":"C01","n":1,"mode":"bus","angle":0,"op":"Powiat miński","color":"#0059a9"},"geometry":{"type":"Point","coordinates":[21.236094,52.175908]}},{"type":"Feature","properties":{"text":"C01 P13 Z10","n":3,"mode":"bus","angle":0,"op":"Powiat miński","color":"#0059a9"},"geometry":{"type":"Point","coordinates":[21.220682,52.191017]}},{"type":"Feature","properties":{"text":"C02","n":1,"mode":"bus","angle":-90,"op":"Powiat miński","color":"#0059a9"},"geometry":{"type":"Point","coordinates":[21.226847,52.175908]}},{"type":"Feature","properties":{"text":"P01 P09","n":2,"mode":"bus","angle":0,"op":"Powiat miński","color":"#0059a9"},"geometry":{"type":"Point","coordinates":[21.186776,52.215568]}},{"type":"Feature","properties":{"text":"P06","n":1,"mode":"bus","angle":0,"op":"Powiat miński","color":"#0059a9"},"geometry":{"type":"Point","coordinates":[21.19294,52.20046]}},{"type":"Feature","properties":{"text":"P02 P03","n":2,"mode":"bus","angle":0,"op":"Powiat miński","color":"#0059a9"},"geometry":{"type":"Point","coordinates":[21.143622,52.2269]}},{"type":"Feature","properties":{"text":"A2","n":1,"mode":"bus","angle":90,"op":"Sulejówek & Wiązowna","color":"#0059a9"},"geometry":{"type":"Point","coordinates":[21.140539,52.225011]}},{"type":"Feature","properties":{"text":"P02 P03","n":2,"mode":"bus","angle":0,"op":"Powiat miński","color":"#0059a9"},"geometry":{"type":"Point","coordinates":[21.149787,52.230677]}},{"type":"Feature","properties":{"text":"P02","n":1,"mode":"bus","angle":0,"op":"Powiat miński","color":"#0059a9"},"geometry":{"type":"Point","coordinates":[21.162116,52.236342]}},{"type":"Feature","properties":{"text":"P08 P13 Z10","n":3,"mode":"bus","angle":0,"op":"Powiat miński","color":"#0059a9"},"geometry":{"type":"Point","coordinates":[21.202188,52.198571]}},{"type":"Feature","properties":{"text":"P06 P09","n":2,"mode":"bus","angle":0,"op":"Powiat miński","color":"#0059a9"},"geometry":{"type":"Point","coordinates":[21.174446,52.204237]}},{"type":"Feature","properties":{"text":"P06","n":1,"mode":"bus","angle":90,"op":"Powiat miński","color":"#0059a9"},"geometry":{"type":"Point","coordinates":[21.180611,52.20046]}},{"type":"Feature","properties":{"text":"P07 P11","n":2,"mode":"bus","angle":0,"op":"Powiat miński","color":"#0059a9"},"geometry":{"type":"Point","coordinates":[21.220682,52.211791]}},{"type":"Feature","properties":{"text":"P08","n":1,"mode":"bus","angle":0,"op":"Powiat miński","color":"#0059a9"},"geometry":{"type":"Point","coordinates":[21.2176,52.196682]}},{"type":"Feature","properties":{"text":"P10 Z10","n":2,"mode":"bus","angle":-90,"op":"Powiat miński","color":"#0059a9"},"geometry":{"type":"Point","coordinates":[21.223765,52.175908]}},{"type":"Feature","properties":{"text":"P11","n":1,"mode":"bus","angle":90,"op":"Powiat miński","color":"#0059a9"},"geometry":{"type":"Point","coordinates":[21.214517,52.24012]}},{"type":"Feature","properties":{"text":"P13","n":1,"mode":"bus","angle":0,"op":"Powiat miński","color":"#0059a9"},"geometry":{"type":"Point","coordinates":[21.239177,52.196682]}},{"type":"Feature","properties":{"text":"R38","n":1,"mode":"bus","angle":90,"op":"Radzymin","color":"#0059a9"},"geometry":{"type":"Point","coordinates":[21.066561,52.308108]}},{"type":"Feature","properties":{"text":"R1","n":1,"mode":"bus","angle":90,"op":"Radzymin","color":"#0059a9"},"geometry":{"type":"Point","coordinates":[21.091221,52.298665]}},{"type":"Feature","properties":{"text":"R4","n":1,"mode":"bus","angle":0,"op":"Radzymin","color":"#0059a9"},"geometry":{"type":"Point","coordinates":[21.044984,52.323217]}},{"type":"Feature","properties":{"text":"R31 R7","n":2,"mode":"bus","angle":90,"op":"Radzymin","color":"#0059a9"},"geometry":{"type":"Point","coordinates":[21.069644,52.315662]}},{"type":"Feature","properties":{"text":"W3","n":1,"mode":"bus","angle":-90,"op":"Wieliszew","color":"#0059a9"},"geometry":{"type":"Point","coordinates":[21.131292,52.225011]}},{"type":"Feature","properties":{"text":"Z1 Z3 Z4M","n":3,"mode":"bus","angle":0,"op":"Ząbki","color":"#0059a9"},"geometry":{"type":"Point","coordinates":[21.060396,52.270337]}},{"type":"Feature","properties":{"text":"184","n":1,"mode":"bus","angle":-90,"op":"ZTM Warszawa — buses","color":"#0059a9"},"geometry":{"type":"Point","coordinates":[20.937099,52.234454]}},{"type":"Feature","properties":{"text":"112 122 177 190 249 349 743 N01 N42","n":9,"mode":"bus","angle":-90,"op":"mix","color":"#0059a9"},"geometry":{"type":"Point","coordinates":[20.91244,52.234454]}},{"type":"Feature","properties":{"text":"138 E-1","n":2,"mode":"bus","angle":90,"op":"ZTM Warszawa — buses","color":"#0059a9"},"geometry":{"type":"Point","coordinates":[21.051149,52.232565]}},{"type":"Feature","properties":{"text":"709 715 727 737 739 N83","n":6,"mode":"bus","angle":90,"op":"ZTM Warszawa — buses","color":"#0059a9"},"geometry":{"type":"Point","coordinates":[21.004913,52.143802]}},{"type":"Feature","properties":{"text":"715 809","n":2,"mode":"bus","angle":90,"op":"ZTM Warszawa — buses","color":"#0059a9"},"geometry":{"type":"Point","coordinates":[20.980253,52.143802]}},{"type":"Feature","properties":{"text":"63 733","n":2,"mode":"bus","angle":-90,"op":"mix","color":"#0059a9"},"geometry":{"type":"Point","coordinates":[20.878533,52.141914]}},{"type":"Feature","properties":{"text":"58","n":1,"mode":"bus","angle":90,"op":"GPA Grodzisk — buses","color":"#0059a9"},"geometry":{"type":"Point","coordinates":[20.82305,52.143802]}},{"type":"Feature","properties":{"text":"120 134 234 326","n":4,"mode":"bus","angle":-45,"op":"ZTM Warszawa — buses","color":"#0059a9"},"geometry":{"type":"Point","coordinates":[21.028031,52.290167]}},{"type":"Feature","properties":{"text":"133 N63","n":2,"mode":"bus","angle":-45,"op":"ZTM Warszawa — buses","color":"#0059a9"},"geometry":{"type":"Point","coordinates":[20.969465,52.290167]}},{"type":"Feature","properties":{"text":"3 750 755","n":3,"mode":"bus","angle":-45,"op":"mix","color":"#0059a9"},"geometry":{"type":"Point","coordinates":[20.920146,52.290167]}},{"type":"Feature","properties":{"text":"107 119","n":2,"mode":"bus","angle":-45,"op":"ZTM Warszawa — buses","color":"#0059a9"},"geometry":{"type":"Point","coordinates":[21.049608,52.197627]}},{"type":"Feature","properties":{"text":"172 N01","n":2,"mode":"bus","angle":-45,"op":"ZTM Warszawa — buses","color":"#0059a9"},"geometry":{"type":"Point","coordinates":[20.972547,52.197627]}},{"type":"Feature","properties":{"text":"129 178 187 191 N35","n":5,"mode":"bus","angle":-45,"op":"ZTM Warszawa — buses","color":"#0059a9"},"geometry":{"type":"Point","coordinates":[20.907816,52.197627]}},{"type":"Feature","properties":{"text":"220","n":1,"mode":"bus","angle":45,"op":"ZTM Warszawa — buses","color":"#0059a9"},"geometry":{"type":"Point","coordinates":[20.901651,52.197627]}},{"type":"Feature","properties":{"text":"10 11 19","n":3,"mode":"bus","angle":-45,"op":"GPA Grodzisk — buses","color":"#0059a9"},"geometry":{"type":"Point","coordinates":[20.796849,52.197627]}},{"type":"Feature","properties":{"text":"13 19 49","n":3,"mode":"bus","angle":45,"op":"GPA Grodzisk — buses","color":"#0059a9"},"geometry":{"type":"Point","coordinates":[20.806096,52.197627]}},{"type":"Feature","properties":{"text":"19","n":1,"mode":"bus","angle":45,"op":"GPA Grodzisk — buses","color":"#0059a9"},"geometry":{"type":"Point","coordinates":[20.790684,52.197627]}},{"type":"Feature","properties":{"text":"67","n":1,"mode":"bus","angle":45,"op":"GPA Grodzisk — buses","color":"#0059a9"},"geometry":{"type":"Point","coordinates":[20.818426,52.197627]}},{"type":"Feature","properties":{"text":"P01 P04 P05 P06 P07 P08 P09 P11 P12 P13","n":10,"mode":"bus","angle":45,"op":"Powiat miński","color":"#0059a9"},"geometry":{"type":"Point","coordinates":[21.194482,52.197627]}},{"type":"Feature","properties":{"text":"102 125 202","n":3,"mode":"bus","angle":45,"op":"mix","color":"#0059a9"},"geometry":{"type":"Point","coordinates":[21.043443,52.242952]}},{"type":"Feature","properties":{"text":"102 125 146 147 202","n":5,"mode":"bus","angle":-45,"op":"ZTM Warszawa — buses","color":"#0059a9"},"geometry":{"type":"Point","coordinates":[21.040361,52.244841]}},{"type":"Feature","properties":{"text":"102 123 125 135 138 146 147 166 202 509 N02 N03 N21 N71","n":14,"mode":"bus","angle":45,"op":"mix","color":"#0059a9"},"geometry":{"type":"Point","coordinates":[21.043443,52.24673]}},{"type":"Feature","properties":{"text":"3 6 7 25 26","n":5,"mode":"tram","angle":45,"op":"mix","color":"#d6212b"},"geometry":{"type":"Point","coordinates":[21.043443,52.24673]}},{"type":"Feature","properties":{"text":"120 123 169 512 N02 N03 N71","n":7,"mode":"bus","angle":-45,"op":"mix","color":"#0059a9"},"geometry":{"type":"Point","coordinates":[21.043443,52.248618]}},{"type":"Feature","properties":{"text":"7 13 28","n":3,"mode":"tram","angle":-45,"op":"mix","color":"#d6212b"},"geometry":{"type":"Point","coordinates":[21.043443,52.248618]}},{"type":"Feature","properties":{"text":"120 135 138 166 169 N02 N03 N21 N71","n":9,"mode":"bus","angle":45,"op":"mix","color":"#0059a9"},"geometry":{"type":"Point","coordinates":[21.037278,52.248618]}},{"type":"Feature","properties":{"text":"3 6 13 25 26 28","n":6,"mode":"tram","angle":45,"op":"mix","color":"#d6212b"},"geometry":{"type":"Point","coordinates":[21.037278,52.248618]}},{"type":"Feature","properties":{"text":"102 123 146 147 173 202","n":6,"mode":"bus","angle":-45,"op":"ZTM Warszawa — buses","color":"#0059a9"},"geometry":{"type":"Point","coordinates":[21.049608,52.24673]}},{"type":"Feature","properties":{"text":"102 123 125 135 173 202 N03 N21 N71","n":9,"mode":"bus","angle":45,"op":"mix","color":"#0059a9"},"geometry":{"type":"Point","coordinates":[21.049608,52.244841]}},{"type":"Feature","properties":{"text":"3 6 22 26","n":4,"mode":"tram","angle":45,"op":"mix","color":"#d6212b"},"geometry":{"type":"Point","coordinates":[21.049608,52.244841]}},{"type":"Feature","properties":{"text":"102","n":1,"mode":"bus","angle":-45,"op":"mix","color":"#0059a9"},"geometry":{"type":"Point","coordinates":[21.055773,52.248618]}},{"type":"Feature","properties":{"text":"S1","n":1,"mode":"skm","angle":-45,"op":"mix","color":"#E84A4B"},"geometry":{"type":"Point","coordinates":[21.055773,52.248618]}},{"type":"Feature","properties":{"text":"S2","n":1,"mode":"skm","angle":45,"op":"SKM","color":"#2E8EC8"},"geometry":{"type":"Point","coordinates":[21.055773,52.24673]}},{"type":"Feature","properties":{"text":"102 123","n":2,"mode":"bus","angle":45,"op":"mix","color":"#0059a9"},"geometry":{"type":"Point","coordinates":[21.068102,52.24673]}},{"type":"Feature","properties":{"text":"S1","n":1,"mode":"skm","angle":45,"op":"mix","color":"#E84A4B"},"geometry":{"type":"Point","coordinates":[21.068102,52.24673]}},{"type":"Feature","properties":{"text":"135 N21 N71","n":3,"mode":"bus","angle":-45,"op":"ZTM Warszawa — buses","color":"#0059a9"},"geometry":{"type":"Point","coordinates":[21.07735,52.239175]}},{"type":"Feature","properties":{"text":"102 123 173 202","n":4,"mode":"bus","angle":-45,"op":"ZTM Warszawa — buses","color":"#0059a9"},"geometry":{"type":"Point","coordinates":[21.05269,52.244841]}},{"type":"Feature","properties":{"text":"123","n":1,"mode":"bus","angle":-45,"op":"ZTM Warszawa — buses","color":"#0059a9"},"geometry":{"type":"Point","coordinates":[21.055773,52.24673]}},{"type":"Feature","properties":{"text":"125 135 N03 N21 N71","n":5,"mode":"bus","angle":45,"op":"mix","color":"#0059a9"},"geometry":{"type":"Point","coordinates":[21.055773,52.242952]}},{"type":"Feature","properties":{"text":"103 114 156 184 203 755 N01 N02 N41 N44 N46 N58","n":12,"mode":"bus","angle":45,"op":"ZTM Warszawa — buses","color":"#0059a9"},"geometry":{"type":"Point","coordinates":[20.944805,52.27317]}},{"type":"Feature","properties":{"text":"103 121 303 755 N41 N46","n":6,"mode":"bus","angle":-45,"op":"ZTM Warszawa — buses","color":"#0059a9"},"geometry":{"type":"Point","coordinates":[20.947888,52.27317]}},{"type":"Feature","properties":{"text":"103 121 181 755 N46","n":5,"mode":"bus","angle":45,"op":"ZTM Warszawa — buses","color":"#0059a9"},"geometry":{"type":"Point","coordinates":[20.95097,52.27317]}},{"type":"Feature","properties":{"text":"6 17 36","n":3,"mode":"tram","angle":45,"op":"Tramwaje Warszawskie","color":"#d6212b"},"geometry":{"type":"Point","coordinates":[20.95097,52.27317]}},{"type":"Feature","properties":{"text":"103 181 197","n":3,"mode":"bus","angle":-45,"op":"ZTM Warszawa — buses","color":"#0059a9"},"geometry":{"type":"Point","coordinates":[20.957135,52.271281]}},{"type":"Feature","properties":{"text":"121 181 197 755 N46","n":5,"mode":"bus","angle":45,"op":"mix","color":"#0059a9"},"geometry":{"type":"Point","coordinates":[20.960218,52.271281]}},{"type":"Feature","properties":{"text":"103 197","n":2,"mode":"bus","angle":-45,"op":"ZTM Warszawa — buses","color":"#0059a9"},"geometry":{"type":"Point","coordinates":[20.954053,52.269392]}},{"type":"Feature","properties":{"text":"114 N41 N91","n":3,"mode":"bus","angle":45,"op":"mix","color":"#0059a9"},"geometry":{"type":"Point","coordinates":[20.944805,52.265615]}},{"type":"Feature","properties":{"text":"19 28 33","n":3,"mode":"tram","angle":45,"op":"mix","color":"#d6212b"},"geometry":{"type":"Point","coordinates":[20.944805,52.265615]}},{"type":"Feature","properties":{"text":"409","n":1,"mode":"bus","angle":45,"op":"ZTM Warszawa — buses","color":"#0059a9"},"geometry":{"type":"Point","coordinates":[20.95097,52.261838]}},{"type":"Feature","properties":{"text":"103 122 180","n":3,"mode":"bus","angle":45,"op":"ZTM Warszawa — buses","color":"#0059a9"},"geometry":{"type":"Point","coordinates":[20.95097,52.25995]}},{"type":"Feature","properties":{"text":"103 180 409 N41 N91","n":5,"mode":"bus","angle":45,"op":"ZTM Warszawa — buses","color":"#0059a9"},"geometry":{"type":"Point","coordinates":[20.960218,52.258061]}},{"type":"Feature","properties":{"text":"103","n":1,"mode":"bus","angle":-45,"op":"mix","color":"#0059a9"},"geometry":{"type":"Point","coordinates":[20.9633,52.254284]}},{"type":"Feature","properties":{"text":"104 112 134 169 204 226 326 N14 N64","n":9,"mode":"bus","angle":-45,"op":"ZTM Warszawa — buses","color":"#0059a9"},"geometry":{"type":"Point","coordinates":[21.018784,52.27317]}},{"type":"Feature","properties":{"text":"204 N14 N64","n":3,"mode":"bus","angle":45,"op":"mix","color":"#0059a9"},"geometry":{"type":"Point","coordinates":[21.015701,52.27317]}},{"type":"Feature","properties":{"text":"1 3 4 25","n":4,"mode":"tram","angle":45,"op":"mix","color":"#d6212b"},"geometry":{"type":"Point","coordinates":[21.015701,52.27317]}},{"type":"Feature","properties":{"text":"104 204","n":2,"mode":"bus","angle":45,"op":"ZTM Warszawa — buses","color":"#0059a9"},"geometry":{"type":"Point","coordinates":[21.018784,52.276947]}},{"type":"Feature","properties":{"text":"132 134","n":2,"mode":"bus","angle":-45,"op":"ZTM Warszawa — buses","color":"#0059a9"},"geometry":{"type":"Point","coordinates":[21.018784,52.275058]}},{"type":"Feature","properties":{"text":"104 204 234 332 N14","n":5,"mode":"bus","angle":45,"op":"ZTM Warszawa — buses","color":"#0059a9"},"geometry":{"type":"Point","coordinates":[21.018784,52.282612]}},{"type":"Feature","properties":{"text":"104 332","n":2,"mode":"bus","angle":45,"op":"ZTM Warszawa — buses","color":"#0059a9"},"geometry":{"type":"Point","coordinates":[21.015701,52.284501]}},{"type":"Feature","properties":{"text":"204 234 332 N14","n":4,"mode":"bus","angle":-45,"op":"ZTM Warszawa — buses","color":"#0059a9"},"geometry":{"type":"Point","coordinates":[21.015701,52.282612]}},{"type":"Feature","properties":{"text":"314 N14","n":2,"mode":"bus","angle":-45,"op":"ZTM Warszawa — buses","color":"#0059a9"},"geometry":{"type":"Point","coordinates":[21.012619,52.284501]}},{"type":"Feature","properties":{"text":"N14","n":1,"mode":"bus","angle":45,"op":"ZTM Warszawa — buses","color":"#0059a9"},"geometry":{"type":"Point","coordinates":[21.012619,52.288278]}},{"type":"Feature","properties":{"text":"349","n":1,"mode":"bus","angle":45,"op":"ZTM Warszawa — buses","color":"#0059a9"},"geometry":{"type":"Point","coordinates":[20.898569,52.231621]}},{"type":"Feature","properties":{"text":"185","n":1,"mode":"bus","angle":45,"op":"ZTM Warszawa — buses","color":"#0059a9"},"geometry":{"type":"Point","coordinates":[21.018784,52.252395]}},{"type":"Feature","properties":{"text":"N16","n":1,"mode":"bus","angle":-45,"op":"ZTM Warszawa — buses","color":"#0059a9"},"geometry":{"type":"Point","coordinates":[21.021866,52.252395]}},{"type":"Feature","properties":{"text":"106 118 127 N16","n":4,"mode":"bus","angle":45,"op":"ZTM Warszawa — buses","color":"#0059a9"},"geometry":{"type":"Point","coordinates":[21.028031,52.244841]}},{"type":"Feature","properties":{"text":"106 N16","n":2,"mode":"bus","angle":45,"op":"ZTM Warszawa — buses","color":"#0059a9"},"geometry":{"type":"Point","coordinates":[21.034196,52.241064]}},{"type":"Feature","properties":{"text":"111 128 175","n":3,"mode":"bus","angle":45,"op":"ZTM Warszawa — buses","color":"#0059a9"},"geometry":{"type":"Point","coordinates":[21.018784,52.24673]}},{"type":"Feature","properties":{"text":"106 107","n":2,"mode":"bus","angle":45,"op":"ZTM Warszawa — buses","color":"#0059a9"},"geometry":{"type":"Point","coordinates":[21.018784,52.244841]}},{"type":"Feature","properties":{"text":"128 175","n":2,"mode":"bus","angle":-45,"op":"ZTM Warszawa — buses","color":"#0059a9"},"geometry":{"type":"Point","coordinates":[21.015701,52.244841]}},{"type":"Feature","properties":{"text":"106 157","n":2,"mode":"bus","angle":45,"op":"ZTM Warszawa — buses","color":"#0059a9"},"geometry":{"type":"Point","coordinates":[20.997207,52.242952]}},{"type":"Feature","properties":{"text":"100 N91","n":2,"mode":"bus","angle":45,"op":"mix","color":"#0059a9"},"geometry":{"type":"Point","coordinates":[20.981794,52.244841]}},{"type":"Feature","properties":{"text":"107 111 116 180","n":4,"mode":"bus","angle":45,"op":"ZTM Warszawa — buses","color":"#0059a9"},"geometry":{"type":"Point","coordinates":[21.018784,52.24673]}},{"type":"Feature","properties":{"text":"106 N42","n":2,"mode":"bus","angle":-45,"op":"mix","color":"#0059a9"},"geometry":{"type":"Point","coordinates":[20.978712,52.244841]}},{"type":"Feature","properties":{"text":"13 20 23 24 26 27","n":6,"mode":"tram","angle":-45,"op":"mix","color":"#d6212b"},"geometry":{"type":"Point","coordinates":[20.978712,52.244841]}},{"type":"Feature","properties":{"text":"160 N12 N45 N46 N62","n":5,"mode":"bus","angle":45,"op":"ZTM Warszawa — buses","color":"#0059a9"},"geometry":{"type":"Point","coordinates":[21.006454,52.241064]}},{"type":"Feature","properties":{"text":"107 157","n":2,"mode":"bus","angle":45,"op":"ZTM Warszawa — buses","color":"#0059a9"},"geometry":{"type":"Point","coordinates":[20.987959,52.252395]}},{"type":"Feature","properties":{"text":"107","n":1,"mode":"bus","angle":-45,"op":"ZTM Warszawa — buses","color":"#0059a9"},"geometry":{"type":"Point","coordinates":[20.997207,52.252395]}},{"type":"Feature","properties":{"text":"N12 N13 N46 N62 N63","n":5,"mode":"bus","angle":45,"op":"mix","color":"#0059a9"},"geometry":{"type":"Point","coordinates":[20.997207,52.250507]}},{"type":"Feature","properties":{"text":"17 19 33","n":3,"mode":"tram","angle":45,"op":"mix","color":"#d6212b"},"geometry":{"type":"Point","coordinates":[20.997207,52.250507]}},{"type":"Feature","properties":{"text":"107 111 N41 N91","n":4,"mode":"bus","angle":45,"op":"ZTM Warszawa — buses","color":"#0059a9"},"geometry":{"type":"Point","coordinates":[21.000289,52.252395]}},{"type":"Feature","properties":{"text":"111 N41 N91","n":3,"mode":"bus","angle":45,"op":"ZTM Warszawa — buses","color":"#0059a9"},"geometry":{"type":"Point","coordinates":[20.997207,52.254284]}},{"type":"Feature","properties":{"text":"107 111 E-2 N41 N91","n":5,"mode":"bus","angle":45,"op":"mix","color":"#0059a9"},"geometry":{"type":"Point","coordinates":[21.003371,52.250507]}},{"type":"Feature","properties":{"text":"4 15 16 18 36","n":5,"mode":"tram","angle":45,"op":"mix","color":"#d6212b"},"geometry":{"type":"Point","coordinates":[21.003371,52.250507]}},{"type":"Feature","properties":{"text":"111 N41","n":2,"mode":"bus","angle":45,"op":"mix","color":"#0059a9"},"geometry":{"type":"Point","coordinates":[21.000289,52.254284]}},{"type":"Feature","properties":{"text":"15 16 18 36","n":4,"mode":"tram","angle":45,"op":"mix","color":"#d6212b"},"geometry":{"type":"Point","coordinates":[21.000289,52.254284]}},{"type":"Feature","properties":{"text":"M1","n":1,"mode":"metro","angle":45,"op":"mix","color":"#0000BB"},"geometry":{"type":"Point","coordinates":[21.000289,52.254284]}},{"type":"Feature","properties":{"text":"160 190 N21 N71","n":4,"mode":"bus","angle":-45,"op":"mix","color":"#0059a9"},"geometry":{"type":"Point","coordinates":[21.000289,52.250507]}},{"type":"Feature","properties":{"text":"107 111 116 128 175 180 N44","n":7,"mode":"bus","angle":45,"op":"ZTM Warszawa — buses","color":"#0059a9"},"geometry":{"type":"Point","coordinates":[21.015701,52.248618]}},{"type":"Feature","properties":{"text":"117 127 128 131 158 171 175 517 N22 N24 N33 N72 N83","n":13,"mode":"bus","angle":-45,"op":"mix","color":"#0059a9"},"geometry":{"type":"Point","coordinates":[21.024948,52.235398]}},{"type":"Feature","properties":{"text":"128 175","n":2,"mode":"bus","angle":-45,"op":"ZTM Warszawa — buses","color":"#0059a9"},"geometry":{"type":"Point","coordinates":[21.028031,52.237287]}},{"type":"Feature","properties":{"text":"118 159","n":2,"mode":"bus","angle":-45,"op":"ZTM Warszawa — buses","color":"#0059a9"},"geometry":{"type":"Point","coordinates":[21.034196,52.227844]}},{"type":"Feature","properties":{"text":"138 143 151 171 182 188 411 502 514 520 523 525 N25","n":13,"mode":"bus","angle":-45,"op":"ZTM Warszawa — buses","color":"#0059a9"},"geometry":{"type":"Point","coordinates":[21.049608,52.225955]}},{"type":"Feature","properties":{"text":"138 143 151 182 187 188 411 502 514 520 523 525 N25","n":13,"mode":"bus","angle":-45,"op":"ZTM Warszawa — buses","color":"#0059a9"},"geometry":{"type":"Point","coordinates":[21.046525,52.224067]}},{"type":"Feature","properties":{"text":"107","n":1,"mode":"bus","angle":-45,"op":"ZTM Warszawa — buses","color":"#0059a9"},"geometry":{"type":"Point","coordinates":[21.05269,52.199515]}},{"type":"Feature","properties":{"text":"119","n":1,"mode":"bus","angle":45,"op":"ZTM Warszawa — buses","color":"#0059a9"},"geometry":{"type":"Point","coordinates":[21.049608,52.199515]}},{"type":"Feature","properties":{"text":"119 148 N03","n":3,"mode":"bus","angle":-45,"op":"ZTM Warszawa — buses","color":"#0059a9"},"geometry":{"type":"Point","coordinates":[21.05269,52.195738]}},{"type":"Feature","properties":{"text":"116 166 172 N31 N81","n":5,"mode":"bus","angle":45,"op":"ZTM Warszawa — buses","color":"#0059a9"},"geometry":{"type":"Point","coordinates":[21.049608,52.190072]}},{"type":"Feature","properties":{"text":"116 148 172 N03 N31 N81","n":6,"mode":"bus","angle":-45,"op":"ZTM Warszawa — buses","color":"#0059a9"},"geometry":{"type":"Point","coordinates":[21.049608,52.188184]}},{"type":"Feature","properties":{"text":"148 166 185 189 317 402 503 N03 N33 N50 N83","n":11,"mode":"bus","angle":-45,"op":"ZTM Warszawa — buses","color":"#0059a9"},"geometry":{"type":"Point","coordinates":[21.040361,52.173075]}},{"type":"Feature","properties":{"text":"148 163 185 189 519 N03 N33 N83","n":8,"mode":"bus","angle":-45,"op":"ZTM Warszawa — buses","color":"#0059a9"},"geometry":{"type":"Point","coordinates":[21.043443,52.176852]}},{"type":"Feature","properties":{"text":"107 163 164 217 251 519 N50","n":7,"mode":"bus","angle":45,"op":"ZTM Warszawa — buses","color":"#0059a9"},"geometry":{"type":"Point","coordinates":[21.028031,52.176852]}},{"type":"Feature","properties":{"text":"N50","n":1,"mode":"bus","angle":-45,"op":"ZTM Warszawa — buses","color":"#0059a9"},"geometry":{"type":"Point","coordinates":[21.028031,52.174964]}},{"type":"Feature","properties":{"text":"165 218","n":2,"mode":"bus","angle":-45,"op":"ZTM Warszawa — buses","color":"#0059a9"},"geometry":{"type":"Point","coordinates":[21.024948,52.176852]}},{"type":"Feature","properties":{"text":"141","n":1,"mode":"bus","angle":-45,"op":"ZTM Warszawa — buses","color":"#0059a9"},"geometry":{"type":"Point","coordinates":[21.05269,52.225955]}},{"type":"Feature","properties":{"text":"167","n":1,"mode":"bus","angle":45,"op":"ZTM Warszawa — buses","color":"#0059a9"},"geometry":{"type":"Point","coordinates":[21.071185,52.210847]}},{"type":"Feature","properties":{"text":"108","n":1,"mode":"bus","angle":-45,"op":"ZTM Warszawa — buses","color":"#0059a9"},"geometry":{"type":"Point","coordinates":[21.058855,52.191961]}},{"type":"Feature","properties":{"text":"162","n":1,"mode":"bus","angle":45,"op":"ZTM Warszawa — buses","color":"#0059a9"},"geometry":{"type":"Point","coordinates":[21.058855,52.19385]}},{"type":"Feature","properties":{"text":"131 163 172 180 189","n":5,"mode":"bus","angle":45,"op":"ZTM Warszawa — buses","color":"#0059a9"},"geometry":{"type":"Point","coordinates":[21.061938,52.186295]}},{"type":"Feature","properties":{"text":"116 148 172 E-2 N03 N31 N81","n":7,"mode":"bus","angle":45,"op":"mix","color":"#0059a9"},"geometry":{"type":"Point","coordinates":[21.049608,52.184407]}},{"type":"Feature","properties":{"text":"14 16 19 67","n":4,"mode":"tram","angle":45,"op":"mix","color":"#d6212b"},"geometry":{"type":"Point","coordinates":[21.049608,52.184407]}},{"type":"Feature","properties":{"text":"116 519 E-2 N31 N81","n":5,"mode":"bus","angle":45,"op":"ZTM Warszawa — buses","color":"#0059a9"},"geometry":{"type":"Point","coordinates":[21.05269,52.182518]}},{"type":"Feature","properties":{"text":"131 180 185 187 N33 N83","n":6,"mode":"bus","angle":45,"op":"ZTM Warszawa — buses","color":"#0059a9"},"geometry":{"type":"Point","coordinates":[21.055773,52.191961]}},{"type":"Feature","properties":{"text":"1 110","n":2,"mode":"bus","angle":-45,"op":"mix","color":"#0059a9"},"geometry":{"type":"Point","coordinates":[20.926311,52.280724]}},{"type":"Feature","properties":{"text":"1","n":1,"mode":"bus","angle":45,"op":"KM Łomianki","color":"#0059a9"},"geometry":{"type":"Point","coordinates":[20.920146,52.280724]}},{"type":"Feature","properties":{"text":"97 110 250","n":3,"mode":"bus","angle":-45,"op":"mix","color":"#0059a9"},"geometry":{"type":"Point","coordinates":[20.917064,52.278835]}},{"type":"Feature","properties":{"text":"110 N91","n":2,"mode":"bus","angle":45,"op":"ZTM Warszawa — buses","color":"#0059a9"},"geometry":{"type":"Point","coordinates":[20.917064,52.275058]}},{"type":"Feature","properties":{"text":"250","n":1,"mode":"bus","angle":45,"op":"ZTM Warszawa — buses","color":"#0059a9"},"geometry":{"type":"Point","coordinates":[20.913981,52.271281]}},{"type":"Feature","properties":{"text":"110 N91","n":2,"mode":"bus","angle":45,"op":"ZTM Warszawa — buses","color":"#0059a9"},"geometry":{"type":"Point","coordinates":[20.907816,52.267504]}},{"type":"Feature","properties":{"text":"712 N91","n":2,"mode":"bus","angle":-45,"op":"ZTM Warszawa — buses","color":"#0059a9"},"geometry":{"type":"Point","coordinates":[20.907816,52.263727]}},{"type":"Feature","properties":{"text":"250","n":1,"mode":"bus","angle":45,"op":"ZTM Warszawa — buses","color":"#0059a9"},"geometry":{"type":"Point","coordinates":[20.926311,52.269392]}},{"type":"Feature","properties":{"text":"26 33 46","n":3,"mode":"tram","angle":45,"op":"Tramwaje Warszawskie","color":"#d6212b"},"geometry":{"type":"Point","coordinates":[20.941723,52.267504]}},{"type":"Feature","properties":{"text":"112 184 N01 N02 N41 N43 N91","n":7,"mode":"bus","angle":-45,"op":"ZTM Warszawa — buses","color":"#0059a9"},"geometry":{"type":"Point","coordinates":[20.944805,52.267504]}},{"type":"Feature","properties":{"text":"197 303","n":2,"mode":"bus","angle":-45,"op":"ZTM Warszawa — buses","color":"#0059a9"},"geometry":{"type":"Point","coordinates":[20.954053,52.267504]}},{"type":"Feature","properties":{"text":"110 116 132 134 326 518 705 735 N13 N44 N63","n":11,"mode":"bus","angle":45,"op":"mix","color":"#0059a9"},"geometry":{"type":"Point","coordinates":[20.969465,52.267504]}},{"type":"Feature","properties":{"text":"100 180","n":2,"mode":"bus","angle":45,"op":"ZTM Warszawa — buses","color":"#0059a9"},"geometry":{"type":"Point","coordinates":[21.003371,52.254284]}},{"type":"Feature","properties":{"text":"111","n":1,"mode":"bus","angle":45,"op":"ZTM Warszawa — buses","color":"#0059a9"},"geometry":{"type":"Point","coordinates":[21.031113,52.237287]}},{"type":"Feature","properties":{"text":"111 117 158 N22 N24 N72","n":6,"mode":"bus","angle":-45,"op":"mix","color":"#0059a9"},"geometry":{"type":"Point","coordinates":[21.034196,52.237287]}},{"type":"Feature","properties":{"text":"111 123 507 509 N02 N22 N72","n":7,"mode":"bus","angle":45,"op":"ZTM Warszawa — buses","color":"#0059a9"},"geometry":{"type":"Point","coordinates":[21.05269,52.237287]}},{"type":"Feature","properties":{"text":"117 138 146 147 E-1","n":5,"mode":"bus","angle":45,"op":"ZTM Warszawa — buses","color":"#0059a9"},"geometry":{"type":"Point","coordinates":[21.049608,52.237287]}},{"type":"Feature","properties":{"text":"111 123 147 N02 N22 N72","n":6,"mode":"bus","angle":45,"op":"ZTM Warszawa — buses","color":"#0059a9"},"geometry":{"type":"Point","coordinates":[21.061938,52.225955]}},{"type":"Feature","properties":{"text":"141 143 151 182 188 502 514 520 523 525 N25","n":11,"mode":"bus","angle":-45,"op":"ZTM Warszawa — buses","color":"#0059a9"},"geometry":{"type":"Point","coordinates":[21.061938,52.229732]}},{"type":"Feature","properties":{"text":"147 411 507 509 E-1 N02","n":6,"mode":"bus","angle":45,"op":"ZTM Warszawa — buses","color":"#0059a9"},"geometry":{"type":"Point","coordinates":[21.071185,52.224067]}},{"type":"Feature","properties":{"text":"148 402 N03 N72","n":4,"mode":"bus","angle":-45,"op":"ZTM Warszawa — buses","color":"#0059a9"},"geometry":{"type":"Point","coordinates":[21.080432,52.218401]}},{"type":"Feature","properties":{"text":"148 219 225 411 507 E-1 N02 N03","n":8,"mode":"bus","angle":45,"op":"ZTM Warszawa — buses","color":"#0059a9"},"geometry":{"type":"Point","coordinates":[21.07735,52.222178]}},{"type":"Feature","properties":{"text":"112 184 201 220 N01 N41 N43","n":7,"mode":"bus","angle":-45,"op":"mix","color":"#0059a9"},"geometry":{"type":"Point","coordinates":[20.926311,52.258061]}},{"type":"Feature","properties":{"text":"19 26 28 46","n":4,"mode":"tram","angle":-45,"op":"mix","color":"#d6212b"},"geometry":{"type":"Point","coordinates":[20.926311,52.258061]}},{"type":"Feature","properties":{"text":"112 114 132 134 145 156 414 N02","n":8,"mode":"bus","angle":-45,"op":"ZTM Warszawa — buses","color":"#0059a9"},"geometry":{"type":"Point","coordinates":[21.003371,52.275058]}},{"type":"Feature","properties":{"text":"114 126 145 156 414","n":5,"mode":"bus","angle":45,"op":"mix","color":"#0059a9"},"geometry":{"type":"Point","coordinates":[21.015701,52.271281]}},{"type":"Feature","properties":{"text":"S3 S4 S40","n":3,"mode":"skm","angle":45,"op":"mix","color":"#5a6672"},"geometry":{"type":"Point","coordinates":[21.015701,52.271281]}},{"type":"Feature","properties":{"text":"114 169 199 245 409 414 500","n":7,"mode":"bus","angle":-45,"op":"ZTM Warszawa — buses","color":"#0059a9"},"geometry":{"type":"Point","coordinates":[21.028031,52.275058]}},{"type":"Feature","properties":{"text":"112 126 212 240 256 527 R9","n":7,"mode":"bus","angle":-45,"op":"mix","color":"#0059a9"},"geometry":{"type":"Point","coordinates":[21.034196,52.27317]}},{"type":"Feature","properties":{"text":"112 N11","n":2,"mode":"bus","angle":-45,"op":"ZTM Warszawa — buses","color":"#0059a9"},"geometry":{"type":"Point","coordinates":[21.037278,52.276947]}},{"type":"Feature","properties":{"text":"120 160 N11","n":3,"mode":"bus","angle":-45,"op":"ZTM Warszawa — buses","color":"#0059a9"},"geometry":{"type":"Point","coordinates":[21.034196,52.275058]}},{"type":"Feature","properties":{"text":"112 R9","n":2,"mode":"bus","angle":45,"op":"mix","color":"#0059a9"},"geometry":{"type":"Point","coordinates":[21.049608,52.276947]}},{"type":"Feature","properties":{"text":"112 190 L40 L44 L45 L46 Z1 Z3","n":8,"mode":"bus","angle":45,"op":"mix","color":"#0059a9"},"geometry":{"type":"Point","coordinates":[21.049608,52.275058]}},{"type":"Feature","properties":{"text":"190","n":1,"mode":"bus","angle":45,"op":"ZTM Warszawa — buses","color":"#0059a9"},"geometry":{"type":"Point","coordinates":[21.049608,52.27317]}},{"type":"Feature","properties":{"text":"149 167 177 349 714 719 729 743 N42","n":9,"mode":"bus","angle":-45,"op":"mix","color":"#0059a9"},"geometry":{"type":"Point","coordinates":[20.907816,52.239175]}},{"type":"Feature","properties":{"text":"10 28 46","n":3,"mode":"tram","angle":-45,"op":"mix","color":"#d6212b"},"geometry":{"type":"Point","coordinates":[20.907816,52.239175]}},{"type":"Feature","properties":{"text":"140 340 738 L40 L44 L45 L46 N61 R9","n":9,"mode":"bus","angle":-45,"op":"mix","color":"#0059a9"},"geometry":{"type":"Point","coordinates":[21.05269,52.276947]}},{"type":"Feature","properties":{"text":"114 N41","n":2,"mode":"bus","angle":-45,"op":"ZTM Warszawa — buses","color":"#0059a9"},"geometry":{"type":"Point","coordinates":[20.938641,52.280724]}},{"type":"Feature","properties":{"text":"114 150 750 755 800 N41 N56","n":7,"mode":"bus","angle":45,"op":"ZTM Warszawa — buses","color":"#0059a9"},"geometry":{"type":"Point","coordinates":[20.941723,52.280724]}},{"type":"Feature","properties":{"text":"114 150 181 303 409 750 755 800 N41 N56","n":10,"mode":"bus","angle":45,"op":"ZTM Warszawa — buses","color":"#0059a9"},"geometry":{"type":"Point","coordinates":[20.944805,52.278835]}},{"type":"Feature","properties":{"text":"114 150 409 750 755 800 N01 N44 N56","n":9,"mode":"bus","angle":-45,"op":"ZTM Warszawa — buses","color":"#0059a9"},"geometry":{"type":"Point","coordinates":[20.944805,52.276947]}},{"type":"Feature","properties":{"text":"181 303 755 N41","n":4,"mode":"bus","angle":45,"op":"ZTM Warszawa — buses","color":"#0059a9"},"geometry":{"type":"Point","coordinates":[20.947888,52.276947]}},{"type":"Feature","properties":{"text":"303","n":1,"mode":"bus","angle":-45,"op":"ZTM Warszawa — buses","color":"#0059a9"},"geometry":{"type":"Point","coordinates":[20.954053,52.265615]}},{"type":"Feature","properties":{"text":"122 N41 N91","n":3,"mode":"bus","angle":-45,"op":"ZTM Warszawa — buses","color":"#0059a9"},"geometry":{"type":"Point","coordinates":[20.969465,52.261838]}},{"type":"Feature","properties":{"text":"114 122 303 N46","n":4,"mode":"bus","angle":-45,"op":"ZTM Warszawa — buses","color":"#0059a9"},"geometry":{"type":"Point","coordinates":[20.978712,52.263727]}},{"type":"Feature","properties":{"text":"N13 N46 N63","n":3,"mode":"bus","angle":45,"op":"mix","color":"#0059a9"},"geometry":{"type":"Point","coordinates":[20.978712,52.261838]}},{"type":"Feature","properties":{"text":"114 122 303 N46","n":4,"mode":"bus","angle":-45,"op":"ZTM Warszawa — buses","color":"#0059a9"},"geometry":{"type":"Point","coordinates":[20.984877,52.265615]}},{"type":"Feature","properties":{"text":"N14 N64","n":2,"mode":"bus","angle":45,"op":"mix","color":"#0059a9"},"geometry":{"type":"Point","coordinates":[21.018784,52.269392]}},{"type":"Feature","properties":{"text":"212","n":1,"mode":"bus","angle":45,"op":"ZTM Warszawa — buses","color":"#0059a9"},"geometry":{"type":"Point","coordinates":[21.028031,52.269392]}},{"type":"Feature","properties":{"text":"181 303","n":2,"mode":"bus","angle":-45,"op":"ZTM Warszawa — buses","color":"#0059a9"},"geometry":{"type":"Point","coordinates":[20.932476,52.276947]}},{"type":"Feature","properties":{"text":"409","n":1,"mode":"bus","angle":-45,"op":"ZTM Warszawa — buses","color":"#0059a9"},"geometry":{"type":"Point","coordinates":[20.932476,52.276947]}},{"type":"Feature","properties":{"text":"115 143 153 199 N24","n":5,"mode":"bus","angle":-45,"op":"ZTM Warszawa — buses","color":"#0059a9"},"geometry":{"type":"Point","coordinates":[21.102009,52.244841]}},{"type":"Feature","properties":{"text":"199","n":1,"mode":"bus","angle":-45,"op":"ZTM Warszawa — buses","color":"#0059a9"},"geometry":{"type":"Point","coordinates":[21.105091,52.24673]}},{"type":"Feature","properties":{"text":"115 143 153","n":3,"mode":"bus","angle":-45,"op":"ZTM Warszawa — buses","color":"#0059a9"},"geometry":{"type":"Point","coordinates":[21.098927,52.242952]}},{"type":"Feature","properties":{"text":"115 183 514 N71","n":4,"mode":"bus","angle":45,"op":"ZTM Warszawa — buses","color":"#0059a9"},"geometry":{"type":"Point","coordinates":[21.095844,52.239175]}},{"type":"Feature","properties":{"text":"115 183 514 N21","n":4,"mode":"bus","angle":45,"op":"ZTM Warszawa — buses","color":"#0059a9"},"geometry":{"type":"Point","coordinates":[21.095844,52.239175]}},{"type":"Feature","properties":{"text":"143 183 514 N21","n":4,"mode":"bus","angle":-45,"op":"ZTM Warszawa — buses","color":"#0059a9"},"geometry":{"type":"Point","coordinates":[21.092762,52.239175]}},{"type":"Feature","properties":{"text":"115 183 514 N71","n":4,"mode":"bus","angle":45,"op":"ZTM Warszawa — buses","color":"#0059a9"},"geometry":{"type":"Point","coordinates":[21.102009,52.237287]}},{"type":"Feature","properties":{"text":"115 183 514 N21","n":4,"mode":"bus","angle":45,"op":"mix","color":"#0059a9"},"geometry":{"type":"Point","coordinates":[21.105091,52.237287]}},{"type":"Feature","properties":{"text":"S2","n":1,"mode":"skm","angle":45,"op":"mix","color":"#2E8EC8"},"geometry":{"type":"Point","coordinates":[21.105091,52.237287]}},{"type":"Feature","properties":{"text":"115 183 514 N21 N71","n":5,"mode":"bus","angle":45,"op":"mix","color":"#0059a9"},"geometry":{"type":"Point","coordinates":[21.108174,52.235398]}},{"type":"Feature","properties":{"text":"183","n":1,"mode":"bus","angle":-45,"op":"ZTM Warszawa — buses","color":"#0059a9"},"geometry":{"type":"Point","coordinates":[21.105091,52.235398]}},{"type":"Feature","properties":{"text":"115 173 N21 N71","n":4,"mode":"bus","angle":-45,"op":"ZTM Warszawa — buses","color":"#0059a9"},"geometry":{"type":"Point","coordinates":[21.108174,52.231621]}},{"type":"Feature","properties":{"text":"115 173 305 402 520 N02 N21 N25 N71","n":9,"mode":"bus","angle":-45,"op":"ZTM Warszawa — buses","color":"#0059a9"},"geometry":{"type":"Point","coordinates":[21.098927,52.229732]}},{"type":"Feature","properties":{"text":"115 119 147 319","n":4,"mode":"bus","angle":-45,"op":"ZTM Warszawa — buses","color":"#0059a9"},"geometry":{"type":"Point","coordinates":[21.105091,52.20707]}},{"type":"Feature","properties":{"text":"115","n":1,"mode":"bus","angle":45,"op":"ZTM Warszawa — buses","color":"#0059a9"},"geometry":{"type":"Point","coordinates":[21.105091,52.205181]}},{"type":"Feature","properties":{"text":"S1","n":1,"mode":"skm","angle":45,"op":"mix","color":"#E84A4B"},"geometry":{"type":"Point","coordinates":[21.108174,52.203292]}},{"type":"Feature","properties":{"text":"115 142 N22","n":3,"mode":"bus","angle":45,"op":"ZTM Warszawa — buses","color":"#0059a9"},"geometry":{"type":"Point","coordinates":[21.114339,52.186295]}},{"type":"Feature","properties":{"text":"115 142 161 N22","n":4,"mode":"bus","angle":45,"op":"ZTM Warszawa — buses","color":"#0059a9"},"geometry":{"type":"Point","coordinates":[21.114339,52.184407]}},{"type":"Feature","properties":{"text":"N22","n":1,"mode":"bus","angle":-45,"op":"ZTM Warszawa — buses","color":"#0059a9"},"geometry":{"type":"Point","coordinates":[21.120504,52.184407]}},{"type":"Feature","properties":{"text":"116 157 518 N44","n":4,"mode":"bus","angle":45,"op":"mix","color":"#0059a9"},"geometry":{"type":"Point","coordinates":[20.997207,52.258061]}},{"type":"Feature","properties":{"text":"15 36","n":2,"mode":"tram","angle":45,"op":"mix","color":"#d6212b"},"geometry":{"type":"Point","coordinates":[20.997207,52.258061]}},{"type":"Feature","properties":{"text":"M1","n":1,"mode":"metro","angle":45,"op":"mix","color":"#0000BB"},"geometry":{"type":"Point","coordinates":[20.997207,52.258061]}},{"type":"Feature","properties":{"text":"6","n":1,"mode":"tram","angle":45,"op":"Tramwaje Warszawskie","color":"#d6212b"},"geometry":{"type":"Point","coordinates":[20.997207,52.25995]}},{"type":"Feature","properties":{"text":"116 178 180 503 518 N44","n":6,"mode":"bus","angle":45,"op":"ZTM Warszawa — buses","color":"#0059a9"},"geometry":{"type":"Point","coordinates":[21.012619,52.252395]}},{"type":"Feature","properties":{"text":"138 143 151 182 187 188 411 502 514 520 523 525 N25","n":13,"mode":"bus","angle":-45,"op":"ZTM Warszawa — buses","color":"#0059a9"},"geometry":{"type":"Point","coordinates":[21.040361,52.222178]}},{"type":"Feature","properties":{"text":"119 141 172","n":3,"mode":"bus","angle":-45,"op":"ZTM Warszawa — buses","color":"#0059a9"},"geometry":{"type":"Point","coordinates":[21.043443,52.199515]}},{"type":"Feature","properties":{"text":"130","n":1,"mode":"bus","angle":-45,"op":"ZTM Warszawa — buses","color":"#0059a9"},"geometry":{"type":"Point","coordinates":[21.046525,52.190072]}},{"type":"Feature","properties":{"text":"N11 N13 N14 N16 N21 N32 N35 N38 N41 N44 N61 N63 N64 N71 N85 N88 N91","n":17,"mode":"bus","angle":-45,"op":"mix","color":"#0059a9"},"geometry":{"type":"Point","coordinates":[21.012619,52.241064]}},{"type":"Feature","properties":{"text":"147 213","n":2,"mode":"bus","angle":45,"op":"ZTM Warszawa — buses","color":"#0059a9"},"geometry":{"type":"Point","coordinates":[21.07735,52.22029]}},{"type":"Feature","properties":{"text":"S1 S2","n":2,"mode":"skm","angle":45,"op":"mix","color":"#5a6672"},"geometry":{"type":"Point","coordinates":[21.037278,52.241064]}},{"type":"Feature","properties":{"text":"N37","n":1,"mode":"bus","angle":45,"op":"mix","color":"#0059a9"},"geometry":{"type":"Point","coordinates":[21.034196,52.224067]}},{"type":"Feature","properties":{"text":"4 15 16 18 36","n":5,"mode":"tram","angle":45,"op":"mix","color":"#d6212b"},"geometry":{"type":"Point","coordinates":[21.034196,52.224067]}},{"type":"Feature","properties":{"text":"118 N31 N37 N81","n":4,"mode":"bus","angle":45,"op":"ZTM Warszawa — buses","color":"#0059a9"},"geometry":{"type":"Point","coordinates":[21.034196,52.218401]}},{"type":"Feature","properties":{"text":"10 11 14 17 19","n":5,"mode":"tram","angle":45,"op":"Tramwaje Warszawskie","color":"#d6212b"},"geometry":{"type":"Point","coordinates":[21.034196,52.22029]}},{"type":"Feature","properties":{"text":"118 138 N37","n":3,"mode":"bus","angle":45,"op":"ZTM Warszawa — buses","color":"#0059a9"},"geometry":{"type":"Point","coordinates":[21.037278,52.216512]}},{"type":"Feature","properties":{"text":"138","n":1,"mode":"bus","angle":-45,"op":"ZTM Warszawa — buses","color":"#0059a9"},"geometry":{"type":"Point","coordinates":[21.037278,52.218401]}},{"type":"Feature","properties":{"text":"174 N36 N86","n":3,"mode":"bus","angle":45,"op":"ZTM Warszawa — buses","color":"#0059a9"},"geometry":{"type":"Point","coordinates":[21.024948,52.184407]}},{"type":"Feature","properties":{"text":"136 218 228 308 N33 N36 N86","n":7,"mode":"bus","angle":-45,"op":"ZTM Warszawa — buses","color":"#0059a9"},"geometry":{"type":"Point","coordinates":[21.000289,52.178741]}},{"type":"Feature","properties":{"text":"17 67","n":2,"mode":"tram","angle":-45,"op":"Tramwaje Warszawskie","color":"#d6212b"},"geometry":{"type":"Point","coordinates":[21.015701,52.203292]}},{"type":"Feature","properties":{"text":"17 33 67","n":3,"mode":"tram","angle":-45,"op":"Tramwaje Warszawskie","color":"#d6212b"},"geometry":{"type":"Point","coordinates":[21.018784,52.205181]}},{"type":"Feature","properties":{"text":"119 146 147 213 N72","n":5,"mode":"bus","angle":45,"op":"ZTM Warszawa — buses","color":"#0059a9"},"geometry":{"type":"Point","coordinates":[21.083514,52.212735]}},{"type":"Feature","properties":{"text":"213","n":1,"mode":"bus","angle":-45,"op":"ZTM Warszawa — buses","color":"#0059a9"},"geometry":{"type":"Point","coordinates":[21.086597,52.212735]}},{"type":"Feature","properties":{"text":"521","n":1,"mode":"bus","angle":45,"op":"mix","color":"#0059a9"},"geometry":{"type":"Point","coordinates":[21.098927,52.214624]}},{"type":"Feature","properties":{"text":"S1","n":1,"mode":"skm","angle":45,"op":"mix","color":"#E84A4B"},"geometry":{"type":"Point","coordinates":[21.098927,52.214624]}},{"type":"Feature","properties":{"text":"147","n":1,"mode":"bus","angle":-45,"op":"ZTM Warszawa — buses","color":"#0059a9"},"geometry":{"type":"Point","coordinates":[21.117421,52.212735]}},{"type":"Feature","properties":{"text":"S3","n":1,"mode":"skm","angle":45,"op":"SKM","color":"#FFAC01"},"geometry":{"type":"Point","coordinates":[21.046525,52.248618]}},{"type":"Feature","properties":{"text":"120 135 162 166 169 170 338 N02 N03 N14 N16 N21 N64 N71","n":14,"mode":"bus","angle":45,"op":"mix","color":"#0059a9"},"geometry":{"type":"Point","coordinates":[21.034196,52.252395]}},{"type":"Feature","properties":{"text":"3 6 13 25 26 28","n":6,"mode":"tram","angle":45,"op":"mix","color":"#d6212b"},"geometry":{"type":"Point","coordinates":[21.034196,52.252395]}},{"type":"Feature","properties":{"text":"N03","n":1,"mode":"bus","angle":-45,"op":"ZTM Warszawa — buses","color":"#0059a9"},"geometry":{"type":"Point","coordinates":[21.034196,52.254284]}},{"type":"Feature","properties":{"text":"100 N14 N64","n":3,"mode":"bus","angle":45,"op":"mix","color":"#0059a9"},"geometry":{"type":"Point","coordinates":[21.028031,52.254284]}},{"type":"Feature","properties":{"text":"6 20 28","n":3,"mode":"tram","angle":45,"op":"mix","color":"#d6212b"},"geometry":{"type":"Point","coordinates":[21.028031,52.254284]}},{"type":"Feature","properties":{"text":"100","n":1,"mode":"bus","angle":-45,"op":"ZTM Warszawa — buses","color":"#0059a9"},"geometry":{"type":"Point","coordinates":[21.031113,52.252395]}},{"type":"Feature","properties":{"text":"120 160 190 N02 N11 N61","n":6,"mode":"bus","angle":45,"op":"ZTM Warszawa — buses","color":"#0059a9"},"geometry":{"type":"Point","coordinates":[21.040361,52.256172]}},{"type":"Feature","properties":{"text":"N02 N03 N14 N61 N64","n":5,"mode":"bus","angle":-45,"op":"mix","color":"#0059a9"},"geometry":{"type":"Point","coordinates":[21.040361,52.258061]}},{"type":"Feature","properties":{"text":"120 160 190 N02 N11 N61","n":6,"mode":"bus","angle":45,"op":"ZTM Warszawa — buses","color":"#0059a9"},"geometry":{"type":"Point","coordinates":[21.046525,52.258061]}},{"type":"Feature","properties":{"text":"120 156 160 356 N02","n":5,"mode":"bus","angle":45,"op":"ZTM Warszawa — buses","color":"#0059a9"},"geometry":{"type":"Point","coordinates":[21.043443,52.25995]}},{"type":"Feature","properties":{"text":"156 190 356 N11 N61","n":5,"mode":"bus","angle":-45,"op":"ZTM Warszawa — buses","color":"#0059a9"},"geometry":{"type":"Point","coordinates":[21.046525,52.25995]}},{"type":"Feature","properties":{"text":"212 N12 N62","n":3,"mode":"bus","angle":45,"op":"ZTM Warszawa — buses","color":"#0059a9"},"geometry":{"type":"Point","coordinates":[21.040361,52.261838]}},{"type":"Feature","properties":{"text":"212 N12 N62","n":3,"mode":"bus","angle":45,"op":"ZTM Warszawa — buses","color":"#0059a9"},"geometry":{"type":"Point","coordinates":[21.031113,52.263727]}},{"type":"Feature","properties":{"text":"120 156 160 N02","n":4,"mode":"bus","angle":45,"op":"ZTM Warszawa — buses","color":"#0059a9"},"geometry":{"type":"Point","coordinates":[21.034196,52.265615]}},{"type":"Feature","properties":{"text":"120 156 160 169 409 500 N02","n":7,"mode":"bus","angle":-45,"op":"ZTM Warszawa — buses","color":"#0059a9"},"geometry":{"type":"Point","coordinates":[21.031113,52.269392]}},{"type":"Feature","properties":{"text":"N11","n":1,"mode":"bus","angle":45,"op":"ZTM Warszawa — buses","color":"#0059a9"},"geometry":{"type":"Point","coordinates":[21.034196,52.269392]}},{"type":"Feature","properties":{"text":"120 132 240 256 332 R9","n":6,"mode":"bus","angle":-45,"op":"mix","color":"#0059a9"},"geometry":{"type":"Point","coordinates":[21.037278,52.278835]}},{"type":"Feature","properties":{"text":"120 132 240 256 332 N11","n":6,"mode":"bus","angle":-45,"op":"ZTM Warszawa — buses","color":"#0059a9"},"geometry":{"type":"Point","coordinates":[21.037278,52.278835]}},{"type":"Feature","properties":{"text":"120 132 160 204 527 N11","n":6,"mode":"bus","angle":45,"op":"ZTM Warszawa — buses","color":"#0059a9"},"geometry":{"type":"Point","coordinates":[21.037278,52.284501]}},{"type":"Feature","properties":{"text":"132 160 234 527","n":4,"mode":"bus","angle":-45,"op":"ZTM Warszawa — buses","color":"#0059a9"},"geometry":{"type":"Point","coordinates":[21.034196,52.284501]}},{"type":"Feature","properties":{"text":"120 134","n":2,"mode":"bus","angle":45,"op":"ZTM Warszawa — buses","color":"#0059a9"},"geometry":{"type":"Point","coordinates":[21.028031,52.292055]}},{"type":"Feature","properties":{"text":"314 N14","n":2,"mode":"bus","angle":45,"op":"ZTM Warszawa — buses","color":"#0059a9"},"geometry":{"type":"Point","coordinates":[21.015701,52.292055]}},{"type":"Feature","properties":{"text":"S3","n":1,"mode":"skm","angle":45,"op":"SKM","color":"#FFAC01"},"geometry":{"type":"Point","coordinates":[21.043443,52.256172]}},{"type":"Feature","properties":{"text":"157 185 197","n":3,"mode":"bus","angle":-45,"op":"ZTM Warszawa — buses","color":"#0059a9"},"geometry":{"type":"Point","coordinates":[20.972547,52.275058]}},{"type":"Feature","properties":{"text":"122 157 181 185 N46","n":5,"mode":"bus","angle":45,"op":"mix","color":"#0059a9"},"geometry":{"type":"Point","coordinates":[20.984877,52.269392]}},{"type":"Feature","properties":{"text":"15","n":1,"mode":"tram","angle":45,"op":"mix","color":"#d6212b"},"geometry":{"type":"Point","coordinates":[20.984877,52.269392]}},{"type":"Feature","properties":{"text":"184 N45 N95","n":3,"mode":"bus","angle":45,"op":"mix","color":"#0059a9"},"geometry":{"type":"Point","coordinates":[20.926311,52.248618]}},{"type":"Feature","properties":{"text":"123 173 311","n":3,"mode":"bus","angle":-45,"op":"ZTM Warszawa — buses","color":"#0059a9"},"geometry":{"type":"Point","coordinates":[21.058855,52.24673]}},{"type":"Feature","properties":{"text":"173","n":1,"mode":"bus","angle":45,"op":"ZTM Warszawa — buses","color":"#0059a9"},"geometry":{"type":"Point","coordinates":[21.061938,52.24673]}},{"type":"Feature","properties":{"text":"125 N03","n":2,"mode":"bus","angle":45,"op":"ZTM Warszawa — buses","color":"#0059a9"},"geometry":{"type":"Point","coordinates":[21.068102,52.241064]}},{"type":"Feature","properties":{"text":"173","n":1,"mode":"bus","angle":45,"op":"ZTM Warszawa — buses","color":"#0059a9"},"geometry":{"type":"Point","coordinates":[21.068102,52.242952]}},{"type":"Feature","properties":{"text":"521","n":1,"mode":"bus","angle":45,"op":"ZTM Warszawa — buses","color":"#0059a9"},"geometry":{"type":"Point","coordinates":[21.071185,52.239175]}},{"type":"Feature","properties":{"text":"125 173 188 523 N03","n":5,"mode":"bus","angle":45,"op":"ZTM Warszawa — buses","color":"#0059a9"},"geometry":{"type":"Point","coordinates":[21.06502,52.241064]}},{"type":"Feature","properties":{"text":"123 125 141 142 143 145 148 173 183 702 704 720 722 730 N03 N24","n":16,"mode":"bus","angle":45,"op":"mix","color":"#0059a9"},"geometry":{"type":"Point","coordinates":[21.074267,52.239175]}},{"type":"Feature","properties":{"text":"3 6 9 24","n":4,"mode":"tram","angle":45,"op":"mix","color":"#d6212b"},"geometry":{"type":"Point","coordinates":[21.074267,52.239175]}},{"type":"Feature","properties":{"text":"125 142 143 145 173 183 521 702 704 720 722 730 N21 N24 N71","n":15,"mode":"bus","angle":45,"op":"mix","color":"#0059a9"},"geometry":{"type":"Point","coordinates":[21.07735,52.237287]}},{"type":"Feature","properties":{"text":"123 135 168 225 N02 N03","n":6,"mode":"bus","angle":-45,"op":"ZTM Warszawa — buses","color":"#0059a9"},"geometry":{"type":"Point","coordinates":[21.074267,52.229732]}},{"type":"Feature","properties":{"text":"135","n":1,"mode":"bus","angle":45,"op":"ZTM Warszawa — buses","color":"#0059a9"},"geometry":{"type":"Point","coordinates":[21.07735,52.229732]}},{"type":"Feature","properties":{"text":"135","n":1,"mode":"bus","angle":-45,"op":"ZTM Warszawa — buses","color":"#0059a9"},"geometry":{"type":"Point","coordinates":[21.071185,52.227844]}},{"type":"Feature","properties":{"text":"148","n":1,"mode":"bus","angle":45,"op":"ZTM Warszawa — buses","color":"#0059a9"},"geometry":{"type":"Point","coordinates":[21.071185,52.229732]}},{"type":"Feature","properties":{"text":"173 202","n":2,"mode":"bus","angle":45,"op":"mix","color":"#0059a9"},"geometry":{"type":"Point","coordinates":[21.058855,52.244841]}},{"type":"Feature","properties":{"text":"62 63 124 220 703 706 707 711 715 721 728 733 83 N88","n":14,"mode":"bus","angle":-45,"op":"mix","color":"#0059a9"},"geometry":{"type":"Point","coordinates":[20.938641,52.171187]}},{"type":"Feature","properties":{"text":"141 154 317 N38 N88","n":5,"mode":"bus","angle":-45,"op":"mix","color":"#0059a9"},"geometry":{"type":"Point","coordinates":[20.941723,52.173075]}},{"type":"Feature","properties":{"text":"1 9 15","n":3,"mode":"tram","angle":-45,"op":"mix","color":"#d6212b"},"geometry":{"type":"Point","coordinates":[20.941723,52.173075]}},{"type":"Feature","properties":{"text":"62 63 124 703 706 707 711 715 721 728 733 83 N88","n":13,"mode":"bus","angle":-45,"op":"mix","color":"#0059a9"},"geometry":{"type":"Point","coordinates":[20.935558,52.169298]}},{"type":"Feature","properties":{"text":"62 63 703 706 707 711 715 721 728 83 N88","n":11,"mode":"bus","angle":-45,"op":"mix","color":"#0059a9"},"geometry":{"type":"Point","coordinates":[20.932476,52.165521]}},{"type":"Feature","properties":{"text":"125 142 143 145 173 183 521 702 704 720 722 730 N21 N24 N71","n":15,"mode":"bus","angle":45,"op":"ZTM Warszawa — buses","color":"#0059a9"},"geometry":{"type":"Point","coordinates":[21.086597,52.229732]}},{"type":"Feature","properties":{"text":"135 188 311 523","n":4,"mode":"bus","angle":45,"op":"ZTM Warszawa — buses","color":"#0059a9"},"geometry":{"type":"Point","coordinates":[21.06502,52.239175]}},{"type":"Feature","properties":{"text":"126 152 186 509 N01 N03","n":6,"mode":"bus","angle":-45,"op":"mix","color":"#0059a9"},"geometry":{"type":"Point","coordinates":[20.960218,52.284501]}},{"type":"Feature","properties":{"text":"133 186 509 N01 N03 N13 N63","n":7,"mode":"bus","angle":45,"op":"mix","color":"#0059a9"},"geometry":{"type":"Point","coordinates":[20.957135,52.284501]}},{"type":"Feature","properties":{"text":"2 17","n":2,"mode":"tram","angle":45,"op":"mix","color":"#d6212b"},"geometry":{"type":"Point","coordinates":[20.957135,52.284501]}},{"type":"Feature","properties":{"text":"314 518 N13","n":3,"mode":"bus","angle":45,"op":"ZTM Warszawa — buses","color":"#0059a9"},"geometry":{"type":"Point","coordinates":[20.960218,52.282612]}},{"type":"Feature","properties":{"text":"509 516 518","n":3,"mode":"bus","angle":45,"op":"ZTM Warszawa — buses","color":"#0059a9"},"geometry":{"type":"Point","coordinates":[20.978712,52.284501]}},{"type":"Feature","properties":{"text":"516 N63","n":2,"mode":"bus","angle":45,"op":"ZTM Warszawa — buses","color":"#0059a9"},"geometry":{"type":"Point","coordinates":[20.97563,52.28639]}},{"type":"Feature","properties":{"text":"186 326 509 516 518 705 723 731 735 736 N03 N13 N63","n":13,"mode":"bus","angle":45,"op":"ZTM Warszawa — buses","color":"#0059a9"},"geometry":{"type":"Point","coordinates":[20.984877,52.280724]}},{"type":"Feature","properties":{"text":"126 326 705 735 736 N64","n":6,"mode":"bus","angle":-45,"op":"ZTM Warszawa — buses","color":"#0059a9"},"geometry":{"type":"Point","coordinates":[21.000289,52.284501]}},{"type":"Feature","properties":{"text":"126 314","n":2,"mode":"bus","angle":45,"op":"ZTM Warszawa — buses","color":"#0059a9"},"geometry":{"type":"Point","coordinates":[20.994124,52.284501]}},{"type":"Feature","properties":{"text":"S3 S4 S40","n":3,"mode":"skm","angle":45,"op":"mix","color":"#5a6672"},"geometry":{"type":"Point","coordinates":[20.991042,52.28639]}},{"type":"Feature","properties":{"text":"S3 S4 S40","n":3,"mode":"skm","angle":45,"op":"mix","color":"#5a6672"},"geometry":{"type":"Point","coordinates":[21.000289,52.276947]}},{"type":"Feature","properties":{"text":"127 128 157 158 159 175 N32 N35 N38 N43 N85 N88","n":12,"mode":"bus","angle":-45,"op":"mix","color":"#0059a9"},"geometry":{"type":"Point","coordinates":[20.997207,52.231621]}},{"type":"Feature","properties":{"text":"127 154 158 159 167 172 182 187 717 817 N35 N85","n":12,"mode":"bus","angle":-45,"op":"mix","color":"#0059a9"},"geometry":{"type":"Point","coordinates":[20.966382,52.222178]}},{"type":"Feature","properties":{"text":"S1 S2 S3","n":3,"mode":"skm","angle":-45,"op":"mix","color":"#5a6672"},"geometry":{"type":"Point","coordinates":[20.966382,52.222178]}},{"type":"Feature","properties":{"text":"WKD","n":1,"mode":"wkd","angle":-45,"op":"mix","color":"#a518a3"},"geometry":{"type":"Point","coordinates":[20.966382,52.222178]}},{"type":"Feature","properties":{"text":"127 158 178 187 191 208 717 817 N01 N35 N85","n":11,"mode":"bus","angle":-45,"op":"ZTM Warszawa — buses","color":"#0059a9"},"geometry":{"type":"Point","coordinates":[20.938641,52.210847]}},{"type":"Feature","properties":{"text":"127 228 N85","n":3,"mode":"bus","angle":45,"op":"ZTM Warszawa — buses","color":"#0059a9"},"geometry":{"type":"Point","coordinates":[20.917064,52.201404]}},{"type":"Feature","properties":{"text":"129 178 191","n":3,"mode":"bus","angle":45,"op":"mix","color":"#0059a9"},"geometry":{"type":"Point","coordinates":[20.907816,52.205181]}},{"type":"Feature","properties":{"text":"177 194 220 N85","n":4,"mode":"bus","angle":-45,"op":"ZTM Warszawa — buses","color":"#0059a9"},"geometry":{"type":"Point","coordinates":[20.895487,52.208958]}},{"type":"Feature","properties":{"text":"154","n":1,"mode":"bus","angle":45,"op":"ZTM Warszawa — buses","color":"#0059a9"},"geometry":{"type":"Point","coordinates":[20.9633,52.203292]}},{"type":"Feature","properties":{"text":"20 23 24","n":3,"mode":"tram","angle":-45,"op":"mix","color":"#d6212b"},"geometry":{"type":"Point","coordinates":[20.932476,52.248618]}},{"type":"Feature","properties":{"text":"129 171 184 190 201 249 523 N42 N43","n":9,"mode":"bus","angle":-45,"op":"ZTM Warszawa — buses","color":"#0059a9"},"geometry":{"type":"Point","coordinates":[20.938641,52.244841]}},{"type":"Feature","properties":{"text":"129 190","n":2,"mode":"bus","angle":-45,"op":"ZTM Warszawa — buses","color":"#0059a9"},"geometry":{"type":"Point","coordinates":[20.920146,52.235398]}},{"type":"Feature","properties":{"text":"220","n":1,"mode":"bus","angle":-45,"op":"ZTM Warszawa — buses","color":"#0059a9"},"geometry":{"type":"Point","coordinates":[20.901651,52.191961]}},{"type":"Feature","properties":{"text":"191 207 401 517 N35","n":5,"mode":"bus","angle":-45,"op":"ZTM Warszawa — buses","color":"#0059a9"},"geometry":{"type":"Point","coordinates":[20.901651,52.195738]}},{"type":"Feature","properties":{"text":"187 401 N35 N85","n":4,"mode":"bus","angle":45,"op":"ZTM Warszawa — buses","color":"#0059a9"},"geometry":{"type":"Point","coordinates":[20.892404,52.199515]}},{"type":"Feature","properties":{"text":"187 207 401","n":3,"mode":"bus","angle":45,"op":"ZTM Warszawa — buses","color":"#0059a9"},"geometry":{"type":"Point","coordinates":[20.895487,52.195738]}},{"type":"Feature","properties":{"text":"N35 N85","n":2,"mode":"bus","angle":-45,"op":"ZTM Warszawa — buses","color":"#0059a9"},"geometry":{"type":"Point","coordinates":[20.892404,52.19385]}},{"type":"Feature","properties":{"text":"138 141 143 151 182 188 411 502 514 520 523 525 N25","n":13,"mode":"bus","angle":-45,"op":"ZTM Warszawa — buses","color":"#0059a9"},"geometry":{"type":"Point","coordinates":[21.05269,52.227844]}},{"type":"Feature","properties":{"text":"1 4 25","n":3,"mode":"tram","angle":45,"op":"mix","color":"#d6212b"},"geometry":{"type":"Point","coordinates":[21.009536,52.275058]}},{"type":"Feature","properties":{"text":"1 3 25","n":3,"mode":"tram","angle":45,"op":"Tramwaje Warszawskie","color":"#d6212b"},"geometry":{"type":"Point","coordinates":[21.012619,52.275058]}},{"type":"Feature","properties":{"text":"132 152 160 234 527 N11","n":6,"mode":"bus","angle":45,"op":"ZTM Warszawa — buses","color":"#0059a9"},"geometry":{"type":"Point","coordinates":[21.031113,52.284501]}},{"type":"Feature","properties":{"text":"132 152 160 527 N11","n":5,"mode":"bus","angle":45,"op":"ZTM Warszawa — buses","color":"#0059a9"},"geometry":{"type":"Point","coordinates":[21.034196,52.280724]}},{"type":"Feature","properties":{"text":"204 N11","n":2,"mode":"bus","angle":-45,"op":"ZTM Warszawa — buses","color":"#0059a9"},"geometry":{"type":"Point","coordinates":[21.028031,52.284501]}},{"type":"Feature","properties":{"text":"176 N64","n":2,"mode":"bus","angle":45,"op":"ZTM Warszawa — buses","color":"#0059a9"},"geometry":{"type":"Point","coordinates":[20.984877,52.293944]}},{"type":"Feature","properties":{"text":"723 731 900 N63","n":4,"mode":"bus","angle":45,"op":"ZTM Warszawa — buses","color":"#0059a9"},"geometry":{"type":"Point","coordinates":[20.966382,52.292055]}},{"type":"Feature","properties":{"text":"133","n":1,"mode":"bus","angle":-45,"op":"ZTM Warszawa — buses","color":"#0059a9"},"geometry":{"type":"Point","coordinates":[20.9633,52.288278]}},{"type":"Feature","properties":{"text":"151","n":1,"mode":"bus","angle":45,"op":"ZTM Warszawa — buses","color":"#0059a9"},"geometry":{"type":"Point","coordinates":[21.080432,52.225955]}},{"type":"Feature","properties":{"text":"141 143 151 158 182 502 514 520 525 N25","n":10,"mode":"bus","angle":45,"op":"ZTM Warszawa — buses","color":"#0059a9"},"geometry":{"type":"Point","coordinates":[21.068102,52.231621]}},{"type":"Feature","properties":{"text":"158","n":1,"mode":"bus","angle":-45,"op":"ZTM Warszawa — buses","color":"#0059a9"},"geometry":{"type":"Point","coordinates":[21.068102,52.235398]}},{"type":"Feature","properties":{"text":"N14 N64","n":2,"mode":"bus","angle":45,"op":"mix","color":"#0059a9"},"geometry":{"type":"Point","coordinates":[21.031113,52.261838]}},{"type":"Feature","properties":{"text":"162 166 170 338 N03 N14 N64","n":7,"mode":"bus","angle":45,"op":"ZTM Warszawa — buses","color":"#0059a9"},"geometry":{"type":"Point","coordinates":[21.028031,52.256172]}},{"type":"Feature","properties":{"text":"212 409 500 N12 N62","n":5,"mode":"bus","angle":-45,"op":"mix","color":"#0059a9"},"geometry":{"type":"Point","coordinates":[21.024948,52.261838]}},{"type":"Feature","properties":{"text":"N33","n":1,"mode":"bus","angle":45,"op":"ZTM Warszawa — buses","color":"#0059a9"},"geometry":{"type":"Point","coordinates":[21.009536,52.176852]}},{"type":"Feature","properties":{"text":"504","n":1,"mode":"bus","angle":45,"op":"ZTM Warszawa — buses","color":"#0059a9"},"geometry":{"type":"Point","coordinates":[21.006454,52.171187]}},{"type":"Feature","properties":{"text":"136 138 N34","n":3,"mode":"bus","angle":45,"op":"ZTM Warszawa — buses","color":"#0059a9"},"geometry":{"type":"Point","coordinates":[21.006454,52.169298]}},{"type":"Feature","properties":{"text":"136 504 N34","n":3,"mode":"bus","angle":45,"op":"ZTM Warszawa — buses","color":"#0059a9"},"geometry":{"type":"Point","coordinates":[21.009536,52.167409]}},{"type":"Feature","properties":{"text":"331 504 709 727 739 N83","n":6,"mode":"bus","angle":-45,"op":"ZTM Warszawa — buses","color":"#0059a9"},"geometry":{"type":"Point","coordinates":[21.021866,52.165521]}},{"type":"Feature","properties":{"text":"136 179 331 504 709 727 739 N34 N83","n":9,"mode":"bus","angle":-45,"op":"ZTM Warszawa — buses","color":"#0059a9"},"geometry":{"type":"Point","coordinates":[21.018784,52.163632]}},{"type":"Feature","properties":{"text":"192 331 504 709 727 739 N83","n":7,"mode":"bus","angle":-45,"op":"ZTM Warszawa — buses","color":"#0059a9"},"geometry":{"type":"Point","coordinates":[21.012619,52.159855]}},{"type":"Feature","properties":{"text":"179 192 209 715 737 809 815","n":7,"mode":"bus","angle":-45,"op":"ZTM Warszawa — buses","color":"#0059a9"},"geometry":{"type":"Point","coordinates":[21.024948,52.161744]}},{"type":"Feature","properties":{"text":"136 148 209 715 737 809 815 N34","n":8,"mode":"bus","angle":-45,"op":"ZTM Warszawa — buses","color":"#0059a9"},"geometry":{"type":"Point","coordinates":[21.021866,52.157967]}},{"type":"Feature","properties":{"text":"148 163 N34","n":3,"mode":"bus","angle":45,"op":"ZTM Warszawa — buses","color":"#0059a9"},"geometry":{"type":"Point","coordinates":[21.024948,52.157967]}},{"type":"Feature","properties":{"text":"136 148 163 179 185 192 319 503","n":8,"mode":"bus","angle":-45,"op":"ZTM Warszawa — buses","color":"#0059a9"},"geometry":{"type":"Point","coordinates":[21.034196,52.159855]}},{"type":"Feature","properties":{"text":"148 163 179 185 192 319","n":6,"mode":"bus","angle":-45,"op":"ZTM Warszawa — buses","color":"#0059a9"},"geometry":{"type":"Point","coordinates":[21.028031,52.157967]}},{"type":"Feature","properties":{"text":"217 N86","n":2,"mode":"bus","angle":45,"op":"mix","color":"#0059a9"},"geometry":{"type":"Point","coordinates":[21.037278,52.159855]}},{"type":"Feature","properties":{"text":"229 N86","n":2,"mode":"bus","angle":45,"op":"ZTM Warszawa — buses","color":"#0059a9"},"geometry":{"type":"Point","coordinates":[21.031113,52.161744]}},{"type":"Feature","properties":{"text":"136","n":1,"mode":"bus","angle":-45,"op":"ZTM Warszawa — buses","color":"#0059a9"},"geometry":{"type":"Point","coordinates":[21.040361,52.159855]}},{"type":"Feature","properties":{"text":"192","n":1,"mode":"bus","angle":45,"op":"ZTM Warszawa — buses","color":"#0059a9"},"geometry":{"type":"Point","coordinates":[21.040361,52.157967]}},{"type":"Feature","properties":{"text":"148","n":1,"mode":"bus","angle":45,"op":"ZTM Warszawa — buses","color":"#0059a9"},"geometry":{"type":"Point","coordinates":[21.015701,52.157967]}},{"type":"Feature","properties":{"text":"218 308","n":2,"mode":"bus","angle":-45,"op":"ZTM Warszawa — buses","color":"#0059a9"},"geometry":{"type":"Point","coordinates":[20.994124,52.174964]}},{"type":"Feature","properties":{"text":"138 156","n":2,"mode":"bus","angle":45,"op":"ZTM Warszawa — buses","color":"#0059a9"},"geometry":{"type":"Point","coordinates":[21.05269,52.254284]}},{"type":"Feature","properties":{"text":"138 170 338 N16","n":4,"mode":"bus","angle":-45,"op":"ZTM Warszawa — buses","color":"#0059a9"},"geometry":{"type":"Point","coordinates":[21.046525,52.254284]}},{"type":"Feature","properties":{"text":"156 170 338 N16","n":4,"mode":"bus","angle":-45,"op":"ZTM Warszawa — buses","color":"#0059a9"},"geometry":{"type":"Point","coordinates":[21.05269,52.256172]}},{"type":"Feature","properties":{"text":"165","n":1,"mode":"bus","angle":-45,"op":"ZTM Warszawa — buses","color":"#0059a9"},"geometry":{"type":"Point","coordinates":[20.997207,52.165521]}},{"type":"Feature","properties":{"text":"139 251 N50","n":3,"mode":"bus","angle":-45,"op":"ZTM Warszawa — buses","color":"#0059a9"},"geometry":{"type":"Point","coordinates":[21.061938,52.152301]}},{"type":"Feature","properties":{"text":"139 251 519 N50","n":4,"mode":"bus","angle":-45,"op":"ZTM Warszawa — buses","color":"#0059a9"},"geometry":{"type":"Point","coordinates":[21.06502,52.156078]}},{"type":"Feature","properties":{"text":"139 251 519 N50","n":4,"mode":"bus","angle":-45,"op":"ZTM Warszawa — buses","color":"#0059a9"},"geometry":{"type":"Point","coordinates":[21.058855,52.154189]}},{"type":"Feature","properties":{"text":"166 192 N37","n":3,"mode":"bus","angle":45,"op":"ZTM Warszawa — buses","color":"#0059a9"},"geometry":{"type":"Point","coordinates":[21.049608,52.156078]}},{"type":"Feature","properties":{"text":"179 504 N34","n":3,"mode":"bus","angle":45,"op":"ZTM Warszawa — buses","color":"#0059a9"},"geometry":{"type":"Point","coordinates":[21.040361,52.152301]}},{"type":"Feature","properties":{"text":"M1","n":1,"mode":"metro","angle":45,"op":"Metro","color":"#0000BB"},"geometry":{"type":"Point","coordinates":[21.040361,52.152301]}},{"type":"Feature","properties":{"text":"166","n":1,"mode":"bus","angle":-45,"op":"ZTM Warszawa — buses","color":"#0059a9"},"geometry":{"type":"Point","coordinates":[21.040361,52.148524]}},{"type":"Feature","properties":{"text":"738 L44 L45 N61 R9","n":5,"mode":"bus","angle":-45,"op":"mix","color":"#0059a9"},"geometry":{"type":"Point","coordinates":[21.06502,52.292055]}},{"type":"Feature","properties":{"text":"140 240 340 738 N61 R9","n":6,"mode":"bus","angle":-45,"op":"mix","color":"#0059a9"},"geometry":{"type":"Point","coordinates":[21.061938,52.284501]}},{"type":"Feature","properties":{"text":"L44 L45","n":2,"mode":"bus","angle":-45,"op":"ZTM Warszawa — buses","color":"#0059a9"},"geometry":{"type":"Point","coordinates":[21.061938,52.284501]}},{"type":"Feature","properties":{"text":"140 240 340 738 L45 N61 R9","n":7,"mode":"bus","angle":-45,"op":"mix","color":"#0059a9"},"geometry":{"type":"Point","coordinates":[21.058855,52.280724]}},{"type":"Feature","properties":{"text":"140 240 340 738 L40 L44 L45 L46 N61 R9","n":10,"mode":"bus","angle":-45,"op":"mix","color":"#0059a9"},"geometry":{"type":"Point","coordinates":[21.055773,52.278835]}},{"type":"Feature","properties":{"text":"140 190 199 340 738 N61 Z4M","n":7,"mode":"bus","angle":-45,"op":"mix","color":"#0059a9"},"geometry":{"type":"Point","coordinates":[21.049608,52.267504]}},{"type":"Feature","properties":{"text":"140 190 340 512 738 N61 N62 Z2M Z4M","n":9,"mode":"bus","angle":-45,"op":"mix","color":"#0059a9"},"geometry":{"type":"Point","coordinates":[21.046525,52.265615]}},{"type":"Feature","properties":{"text":"145 245 N62 Z2M","n":4,"mode":"bus","angle":45,"op":"mix","color":"#0059a9"},"geometry":{"type":"Point","coordinates":[21.05269,52.265615]}},{"type":"Feature","properties":{"text":"145 199 245 512","n":4,"mode":"bus","angle":45,"op":"ZTM Warszawa — buses","color":"#0059a9"},"geometry":{"type":"Point","coordinates":[21.046525,52.267504]}},{"type":"Feature","properties":{"text":"140 190 212 262 340 512 738 N11 N61 N62 Z2M Z4M","n":12,"mode":"bus","angle":45,"op":"mix","color":"#0059a9"},"geometry":{"type":"Point","coordinates":[21.046525,52.261838]}},{"type":"Feature","properties":{"text":"141 154 317 N38 N88","n":5,"mode":"bus","angle":-45,"op":"ZTM Warszawa — buses","color":"#0059a9"},"geometry":{"type":"Point","coordinates":[20.944805,52.176852]}},{"type":"Feature","properties":{"text":"1 9 15","n":3,"mode":"tram","angle":-45,"op":"Tramwaje Warszawskie","color":"#d6212b"},"geometry":{"type":"Point","coordinates":[20.944805,52.176852]}},{"type":"Feature","properties":{"text":"141 N38 N88","n":3,"mode":"bus","angle":-45,"op":"mix","color":"#0059a9"},"geometry":{"type":"Point","coordinates":[20.947888,52.178741]}},{"type":"Feature","properties":{"text":"1 9 15","n":3,"mode":"tram","angle":-45,"op":"mix","color":"#d6212b"},"geometry":{"type":"Point","coordinates":[20.95097,52.182518]}},{"type":"Feature","properties":{"text":"141 143 188 523","n":4,"mode":"bus","angle":-45,"op":"ZTM Warszawa — buses","color":"#0059a9"},"geometry":{"type":"Point","coordinates":[21.06502,52.231621]}},{"type":"Feature","properties":{"text":"141 143 151 182 502 514 520 525 N25","n":9,"mode":"bus","angle":-45,"op":"ZTM Warszawa — buses","color":"#0059a9"},"geometry":{"type":"Point","coordinates":[21.06502,52.231621]}},{"type":"Feature","properties":{"text":"142 229 319","n":3,"mode":"bus","angle":-45,"op":"ZTM Warszawa — buses","color":"#0059a9"},"geometry":{"type":"Point","coordinates":[21.098927,52.184407]}},{"type":"Feature","properties":{"text":"229 319","n":2,"mode":"bus","angle":-45,"op":"ZTM Warszawa — buses","color":"#0059a9"},"geometry":{"type":"Point","coordinates":[21.098927,52.182518]}},{"type":"Feature","properties":{"text":"142 146","n":2,"mode":"bus","angle":45,"op":"ZTM Warszawa — buses","color":"#0059a9"},"geometry":{"type":"Point","coordinates":[21.086597,52.190072]}},{"type":"Feature","properties":{"text":"143 183 514 N21 N71","n":5,"mode":"bus","angle":-45,"op":"mix","color":"#0059a9"},"geometry":{"type":"Point","coordinates":[21.089679,52.235398]}},{"type":"Feature","properties":{"text":"S2","n":1,"mode":"skm","angle":-45,"op":"mix","color":"#2E8EC8"},"geometry":{"type":"Point","coordinates":[21.089679,52.235398]}},{"type":"Feature","properties":{"text":"183 514 N71","n":3,"mode":"bus","angle":-45,"op":"mix","color":"#0059a9"},"geometry":{"type":"Point","coordinates":[21.092762,52.237287]}},{"type":"Feature","properties":{"text":"S1","n":1,"mode":"skm","angle":45,"op":"SKM","color":"#E84A4B"},"geometry":{"type":"Point","coordinates":[21.089679,52.231621]}},{"type":"Feature","properties":{"text":"512","n":1,"mode":"bus","angle":-45,"op":"ZTM Warszawa — buses","color":"#0059a9"},"geometry":{"type":"Point","coordinates":[21.043443,52.269392]}},{"type":"Feature","properties":{"text":"146 702 N72","n":3,"mode":"bus","angle":45,"op":"ZTM Warszawa — buses","color":"#0059a9"},"geometry":{"type":"Point","coordinates":[21.098927,52.180629]}},{"type":"Feature","properties":{"text":"146 213 N72","n":3,"mode":"bus","angle":-45,"op":"ZTM Warszawa — buses","color":"#0059a9"},"geometry":{"type":"Point","coordinates":[21.102009,52.180629]}},{"type":"Feature","properties":{"text":"147 173 411 502","n":4,"mode":"bus","angle":-45,"op":"ZTM Warszawa — buses","color":"#0059a9"},"geometry":{"type":"Point","coordinates":[21.120504,52.214624]}},{"type":"Feature","properties":{"text":"411 502 N21","n":3,"mode":"bus","angle":45,"op":"ZTM Warszawa — buses","color":"#0059a9"},"geometry":{"type":"Point","coordinates":[21.126668,52.216512]}},{"type":"Feature","properties":{"text":"148 331","n":2,"mode":"bus","angle":45,"op":"ZTM Warszawa — buses","color":"#0059a9"},"geometry":{"type":"Point","coordinates":[20.984877,52.159855]}},{"type":"Feature","properties":{"text":"148 165 331 N86","n":4,"mode":"bus","angle":-45,"op":"ZTM Warszawa — buses","color":"#0059a9"},"geometry":{"type":"Point","coordinates":[20.997207,52.157967]}},{"type":"Feature","properties":{"text":"165 331 N86","n":3,"mode":"bus","angle":-45,"op":"ZTM Warszawa — buses","color":"#0059a9"},"geometry":{"type":"Point","coordinates":[21.000289,52.159855]}},{"type":"Feature","properties":{"text":"331","n":1,"mode":"bus","angle":45,"op":"ZTM Warszawa — buses","color":"#0059a9"},"geometry":{"type":"Point","coordinates":[21.003371,52.159855]}},{"type":"Feature","properties":{"text":"166 179 229 319 N37","n":5,"mode":"bus","angle":45,"op":"ZTM Warszawa — buses","color":"#0059a9"},"geometry":{"type":"Point","coordinates":[21.046525,52.165521]}},{"type":"Feature","properties":{"text":"148 166 193","n":3,"mode":"bus","angle":45,"op":"ZTM Warszawa — buses","color":"#0059a9"},"geometry":{"type":"Point","coordinates":[21.040361,52.171187]}},{"type":"Feature","properties":{"text":"166 193","n":2,"mode":"bus","angle":-45,"op":"ZTM Warszawa — buses","color":"#0059a9"},"geometry":{"type":"Point","coordinates":[21.040361,52.167409]}},{"type":"Feature","properties":{"text":"185 503","n":2,"mode":"bus","angle":-45,"op":"ZTM Warszawa — buses","color":"#0059a9"},"geometry":{"type":"Point","coordinates":[21.037278,52.171187]}},{"type":"Feature","properties":{"text":"189 193 317 402 N33 N50 N83","n":7,"mode":"bus","angle":45,"op":"ZTM Warszawa — buses","color":"#0059a9"},"geometry":{"type":"Point","coordinates":[21.037278,52.173075]}},{"type":"Feature","properties":{"text":"149 320 714 729 N95","n":5,"mode":"bus","angle":45,"op":"ZTM Warszawa — buses","color":"#0059a9"},"geometry":{"type":"Point","coordinates":[20.892404,52.241064]}},{"type":"Feature","properties":{"text":"714 729 N95","n":3,"mode":"bus","angle":45,"op":"ZTM Warszawa — buses","color":"#0059a9"},"geometry":{"type":"Point","coordinates":[20.895487,52.239175]}},{"type":"Feature","properties":{"text":"1 97 150 750 755 N56","n":6,"mode":"bus","angle":45,"op":"mix","color":"#0059a9"},"geometry":{"type":"Point","coordinates":[20.929393,52.288278]}},{"type":"Feature","properties":{"text":"1 150 750 755 N56","n":5,"mode":"bus","angle":45,"op":"mix","color":"#0059a9"},"geometry":{"type":"Point","coordinates":[20.932476,52.28639]}},{"type":"Feature","properties":{"text":"152 176 N64","n":3,"mode":"bus","angle":-45,"op":"ZTM Warszawa — buses","color":"#0059a9"},"geometry":{"type":"Point","coordinates":[20.984877,52.292055]}},{"type":"Feature","properties":{"text":"153 199 225 N24 Z2M Z4M","n":6,"mode":"bus","angle":45,"op":"mix","color":"#0059a9"},"geometry":{"type":"Point","coordinates":[21.092762,52.248618]}},{"type":"Feature","properties":{"text":"153 199 225 N24","n":4,"mode":"bus","angle":45,"op":"ZTM Warszawa — buses","color":"#0059a9"},"geometry":{"type":"Point","coordinates":[21.095844,52.24673]}},{"type":"Feature","properties":{"text":"156 170 356 N16","n":4,"mode":"bus","angle":-45,"op":"ZTM Warszawa — buses","color":"#0059a9"},"geometry":{"type":"Point","coordinates":[21.058855,52.258061]}},{"type":"Feature","properties":{"text":"16 17 19 33","n":4,"mode":"tram","angle":45,"op":"mix","color":"#d6212b"},"geometry":{"type":"Point","coordinates":[20.984877,52.258061]}},{"type":"Feature","properties":{"text":"N03 N14 N64","n":3,"mode":"bus","angle":-45,"op":"mix","color":"#0059a9"},"geometry":{"type":"Point","coordinates":[21.034196,52.256172]}},{"type":"Feature","properties":{"text":"23","n":1,"mode":"tram","angle":-45,"op":"mix","color":"#d6212b"},"geometry":{"type":"Point","coordinates":[21.034196,52.256172]}},{"type":"Feature","properties":{"text":"163 229 319","n":3,"mode":"bus","angle":-45,"op":"ZTM Warszawa — buses","color":"#0059a9"},"geometry":{"type":"Point","coordinates":[21.061938,52.169298]}},{"type":"Feature","properties":{"text":"229 251 319 519 N50","n":5,"mode":"bus","angle":45,"op":"ZTM Warszawa — buses","color":"#0059a9"},"geometry":{"type":"Point","coordinates":[21.06502,52.169298]}},{"type":"Feature","properties":{"text":"189 317 N01 N33","n":4,"mode":"bus","angle":45,"op":"ZTM Warszawa — buses","color":"#0059a9"},"geometry":{"type":"Point","coordinates":[21.015701,52.171187]}},{"type":"Feature","properties":{"text":"174 N36 N86","n":3,"mode":"bus","angle":-45,"op":"ZTM Warszawa — buses","color":"#0059a9"},"geometry":{"type":"Point","coordinates":[21.018784,52.173075]}},{"type":"Feature","properties":{"text":"166 192 N86","n":3,"mode":"bus","angle":45,"op":"ZTM Warszawa — buses","color":"#0059a9"},"geometry":{"type":"Point","coordinates":[21.040361,52.154189]}},{"type":"Feature","properties":{"text":"166 179 192","n":3,"mode":"bus","angle":-45,"op":"ZTM Warszawa — buses","color":"#0059a9"},"geometry":{"type":"Point","coordinates":[21.040361,52.156078]}},{"type":"Feature","properties":{"text":"179","n":1,"mode":"bus","angle":-45,"op":"ZTM Warszawa — buses","color":"#0059a9"},"geometry":{"type":"Point","coordinates":[21.037278,52.154189]}},{"type":"Feature","properties":{"text":"166 179","n":2,"mode":"bus","angle":-45,"op":"ZTM Warszawa — buses","color":"#0059a9"},"geometry":{"type":"Point","coordinates":[21.043443,52.157967]}},{"type":"Feature","properties":{"text":"167 320","n":2,"mode":"bus","angle":45,"op":"ZTM Warszawa — buses","color":"#0059a9"},"geometry":{"type":"Point","coordinates":[20.904734,52.252395]}},{"type":"Feature","properties":{"text":"168 225 502 514 520 525 N02 N25","n":8,"mode":"bus","angle":45,"op":"ZTM Warszawa — buses","color":"#0059a9"},"geometry":{"type":"Point","coordinates":[21.080432,52.229732]}},{"type":"Feature","properties":{"text":"169 212 409 500 N12 N62","n":6,"mode":"bus","angle":-45,"op":"ZTM Warszawa — buses","color":"#0059a9"},"geometry":{"type":"Point","coordinates":[21.028031,52.263727]}},{"type":"Feature","properties":{"text":"170","n":1,"mode":"bus","angle":45,"op":"ZTM Warszawa — buses","color":"#0059a9"},"geometry":{"type":"Point","coordinates":[21.06502,52.258061]}},{"type":"Feature","properties":{"text":"A2","n":1,"mode":"bus","angle":-45,"op":"Sulejówek & Wiązowna","color":"#0059a9"},"geometry":{"type":"Point","coordinates":[21.129751,52.227844]}},{"type":"Feature","properties":{"text":"198","n":1,"mode":"bus","angle":45,"op":"ZTM Warszawa — buses","color":"#0059a9"},"geometry":{"type":"Point","coordinates":[21.120504,52.237287]}},{"type":"Feature","properties":{"text":"18","n":1,"mode":"tram","angle":-45,"op":"Tramwaje Warszawskie","color":"#d6212b"},"geometry":{"type":"Point","coordinates":[21.028031,52.184407]}},{"type":"Feature","properties":{"text":"174 193 N36 N86","n":4,"mode":"bus","angle":-45,"op":"ZTM Warszawa — buses","color":"#0059a9"},"geometry":{"type":"Point","coordinates":[21.015701,52.169298]}},{"type":"Feature","properties":{"text":"177 207","n":2,"mode":"bus","angle":-45,"op":"ZTM Warszawa — buses","color":"#0059a9"},"geometry":{"type":"Point","coordinates":[20.892404,52.20707]}},{"type":"Feature","properties":{"text":"220 N85","n":2,"mode":"bus","angle":45,"op":"ZTM Warszawa — buses","color":"#0059a9"},"geometry":{"type":"Point","coordinates":[20.898569,52.201404]}},{"type":"Feature","properties":{"text":"207 716","n":2,"mode":"bus","angle":45,"op":"ZTM Warszawa — buses","color":"#0059a9"},"geometry":{"type":"Point","coordinates":[20.889322,52.205181]}},{"type":"Feature","properties":{"text":"177 194","n":2,"mode":"bus","angle":-45,"op":"ZTM Warszawa — buses","color":"#0059a9"},"geometry":{"type":"Point","coordinates":[20.883157,52.205181]}},{"type":"Feature","properties":{"text":"177 194 401 517 716 N35 N85","n":7,"mode":"bus","angle":-45,"op":"ZTM Warszawa — buses","color":"#0059a9"},"geometry":{"type":"Point","coordinates":[20.883157,52.19385]}},{"type":"Feature","properties":{"text":"177 401 517 N35","n":4,"mode":"bus","angle":-45,"op":"ZTM Warszawa — buses","color":"#0059a9"},"geometry":{"type":"Point","coordinates":[20.880075,52.190072]}},{"type":"Feature","properties":{"text":"178 207 220","n":3,"mode":"bus","angle":-45,"op":"ZTM Warszawa — buses","color":"#0059a9"},"geometry":{"type":"Point","coordinates":[20.901651,52.190072]}},{"type":"Feature","properties":{"text":"207 220","n":2,"mode":"bus","angle":45,"op":"ZTM Warszawa — buses","color":"#0059a9"},"geometry":{"type":"Point","coordinates":[20.901651,52.188184]}},{"type":"Feature","properties":{"text":"1 6 18 28","n":4,"mode":"tram","angle":-45,"op":"Tramwaje Warszawskie","color":"#d6212b"},"geometry":{"type":"Point","coordinates":[21.006454,52.261838]}},{"type":"Feature","properties":{"text":"6 18","n":2,"mode":"tram","angle":-45,"op":"Tramwaje Warszawskie","color":"#d6212b"},"geometry":{"type":"Point","coordinates":[21.000289,52.25995]}},{"type":"Feature","properties":{"text":"504 N34","n":2,"mode":"bus","angle":45,"op":"ZTM Warszawa — buses","color":"#0059a9"},"geometry":{"type":"Point","coordinates":[21.034196,52.154189]}},{"type":"Feature","properties":{"text":"180 N41 N91","n":3,"mode":"bus","angle":-45,"op":"mix","color":"#0059a9"},"geometry":{"type":"Point","coordinates":[20.978712,52.254284]}},{"type":"Feature","properties":{"text":"409","n":1,"mode":"bus","angle":-45,"op":"mix","color":"#0059a9"},"geometry":{"type":"Point","coordinates":[20.981794,52.258061]}},{"type":"Feature","properties":{"text":"1 22 27","n":3,"mode":"tram","angle":-45,"op":"mix","color":"#d6212b"},"geometry":{"type":"Point","coordinates":[20.981794,52.258061]}},{"type":"Feature","properties":{"text":"1","n":1,"mode":"tram","angle":-45,"op":"mix","color":"#d6212b"},"geometry":{"type":"Point","coordinates":[20.984877,52.258061]}},{"type":"Feature","properties":{"text":"250 409","n":2,"mode":"bus","angle":-45,"op":"ZTM Warszawa — buses","color":"#0059a9"},"geometry":{"type":"Point","coordinates":[20.920146,52.271281]}},{"type":"Feature","properties":{"text":"192 N34","n":2,"mode":"bus","angle":-45,"op":"ZTM Warszawa — buses","color":"#0059a9"},"geometry":{"type":"Point","coordinates":[21.031113,52.154189]}},{"type":"Feature","properties":{"text":"186 211 326 509 516 705 723 731 735 736 N03 N13 N63","n":13,"mode":"bus","angle":45,"op":"ZTM Warszawa — buses","color":"#0059a9"},"geometry":{"type":"Point","coordinates":[20.987959,52.278835]}},{"type":"Feature","properties":{"text":"186 211 326 705 723 731 735 736 N03 N13 N63","n":11,"mode":"bus","angle":45,"op":"ZTM Warszawa — buses","color":"#0059a9"},"geometry":{"type":"Point","coordinates":[20.994124,52.276947]}},{"type":"Feature","properties":{"text":"716 N85","n":2,"mode":"bus","angle":-45,"op":"mix","color":"#0059a9"},"geometry":{"type":"Point","coordinates":[20.876992,52.19385]}},{"type":"Feature","properties":{"text":"187 189 401 517 N01 N35 N38","n":7,"mode":"bus","angle":45,"op":"ZTM Warszawa — buses","color":"#0059a9"},"geometry":{"type":"Point","coordinates":[20.917064,52.19385]}},{"type":"Feature","properties":{"text":"189 193 317 401 402 N01 N33 N37 N83","n":9,"mode":"bus","angle":-45,"op":"ZTM Warszawa — buses","color":"#0059a9"},"geometry":{"type":"Point","coordinates":[21.021866,52.171187]}},{"type":"Feature","properties":{"text":"191","n":1,"mode":"bus","angle":-45,"op":"ZTM Warszawa — buses","color":"#0059a9"},"geometry":{"type":"Point","coordinates":[20.889322,52.188184]}},{"type":"Feature","properties":{"text":"N35 N85","n":2,"mode":"bus","angle":45,"op":"ZTM Warszawa — buses","color":"#0059a9"},"geometry":{"type":"Point","coordinates":[20.889322,52.190072]}},{"type":"Feature","properties":{"text":"411 502 704 720 722 730 N21","n":7,"mode":"bus","angle":45,"op":"ZTM Warszawa — buses","color":"#0059a9"},"geometry":{"type":"Point","coordinates":[21.123586,52.22029]}},{"type":"Feature","properties":{"text":"199 Z4M","n":2,"mode":"bus","angle":45,"op":"mix","color":"#0059a9"},"geometry":{"type":"Point","coordinates":[21.055773,52.267504]}},{"type":"Feature","properties":{"text":"199","n":1,"mode":"bus","angle":45,"op":"ZTM Warszawa — buses","color":"#0059a9"},"geometry":{"type":"Point","coordinates":[21.071185,52.267504]}},{"type":"Feature","properties":{"text":"199 Z1","n":2,"mode":"bus","angle":45,"op":"mix","color":"#0059a9"},"geometry":{"type":"Point","coordinates":[21.080432,52.258061]}},{"type":"Feature","properties":{"text":"245 Z1 Z3","n":3,"mode":"bus","angle":45,"op":"mix","color":"#0059a9"},"geometry":{"type":"Point","coordinates":[21.07735,52.25995]}},{"type":"Feature","properties":{"text":"245 Z3","n":2,"mode":"bus","angle":-45,"op":"mix","color":"#0059a9"},"geometry":{"type":"Point","coordinates":[21.07735,52.256172]}},{"type":"Feature","properties":{"text":"N62 Z1 Z2M Z4M","n":4,"mode":"bus","angle":-45,"op":"mix","color":"#0059a9"},"geometry":{"type":"Point","coordinates":[21.083514,52.254284]}},{"type":"Feature","properties":{"text":"234 314 N14","n":3,"mode":"bus","angle":45,"op":"ZTM Warszawa — buses","color":"#0059a9"},"geometry":{"type":"Point","coordinates":[21.012619,52.282612]}},{"type":"Feature","properties":{"text":"204 314 N14","n":3,"mode":"bus","angle":-45,"op":"ZTM Warszawa — buses","color":"#0059a9"},"geometry":{"type":"Point","coordinates":[21.006454,52.282612]}},{"type":"Feature","properties":{"text":"234 314 N14","n":3,"mode":"bus","angle":-45,"op":"ZTM Warszawa — buses","color":"#0059a9"},"geometry":{"type":"Point","coordinates":[21.003371,52.282612]}},{"type":"Feature","properties":{"text":"4 25","n":2,"mode":"tram","angle":-45,"op":"Tramwaje Warszawskie","color":"#d6212b"},"geometry":{"type":"Point","coordinates":[21.009536,52.276947]}},{"type":"Feature","properties":{"text":"209 815","n":2,"mode":"bus","angle":45,"op":"ZTM Warszawa — buses","color":"#0059a9"},"geometry":{"type":"Point","coordinates":[20.981794,52.148524]}},{"type":"Feature","properties":{"text":"809","n":1,"mode":"bus","angle":-45,"op":"ZTM Warszawa — buses","color":"#0059a9"},"geometry":{"type":"Point","coordinates":[20.981794,52.146635]}},{"type":"Feature","properties":{"text":"95 210 N58","n":3,"mode":"bus","angle":45,"op":"mix","color":"#0059a9"},"geometry":{"type":"Point","coordinates":[20.86158,52.265615]}},{"type":"Feature","properties":{"text":"95","n":1,"mode":"bus","angle":45,"op":"GPA Grodzisk — buses","color":"#0059a9"},"geometry":{"type":"Point","coordinates":[20.864662,52.263727]}},{"type":"Feature","properties":{"text":"211","n":1,"mode":"bus","angle":45,"op":"ZTM Warszawa — buses","color":"#0059a9"},"geometry":{"type":"Point","coordinates":[20.972547,52.280724]}},{"type":"Feature","properties":{"text":"211 314 518 N13","n":4,"mode":"bus","angle":-45,"op":"ZTM Warszawa — buses","color":"#0059a9"},"geometry":{"type":"Point","coordinates":[20.9633,52.282612]}},{"type":"Feature","properties":{"text":"509 N03","n":2,"mode":"bus","angle":-45,"op":"mix","color":"#0059a9"},"geometry":{"type":"Point","coordinates":[20.960218,52.292055]}},{"type":"Feature","properties":{"text":"2 17","n":2,"mode":"tram","angle":-45,"op":"mix","color":"#d6212b"},"geometry":{"type":"Point","coordinates":[20.960218,52.292055]}},{"type":"Feature","properties":{"text":"212 N11","n":2,"mode":"bus","angle":45,"op":"ZTM Warszawa — buses","color":"#0059a9"},"geometry":{"type":"Point","coordinates":[21.034196,52.267504]}},{"type":"Feature","properties":{"text":"218 228 308","n":3,"mode":"bus","angle":-45,"op":"ZTM Warszawa — buses","color":"#0059a9"},"geometry":{"type":"Point","coordinates":[21.031113,52.184407]}},{"type":"Feature","properties":{"text":"16 17 19 22 27 28 33","n":7,"mode":"tram","angle":45,"op":"mix","color":"#d6212b"},"geometry":{"type":"Point","coordinates":[20.981794,52.25995]}},{"type":"Feature","properties":{"text":"1 250","n":2,"mode":"bus","angle":45,"op":"mix","color":"#0059a9"},"geometry":{"type":"Point","coordinates":[20.917064,52.284501]}},{"type":"Feature","properties":{"text":"251 710 L15 N50","n":4,"mode":"bus","angle":-45,"op":"ZTM Warszawa — buses","color":"#0059a9"},"geometry":{"type":"Point","coordinates":[21.061938,52.140969]}},{"type":"Feature","properties":{"text":"251 710 L15 N50","n":4,"mode":"bus","angle":45,"op":"ZTM Warszawa — buses","color":"#0059a9"},"geometry":{"type":"Point","coordinates":[21.068102,52.144747]}},{"type":"Feature","properties":{"text":"251 710 L21 L55 N50","n":5,"mode":"bus","angle":-45,"op":"ZTM Warszawa — buses","color":"#0059a9"},"geometry":{"type":"Point","coordinates":[21.06502,52.144747]}},{"type":"Feature","properties":{"text":"L14 L15 L16","n":3,"mode":"bus","angle":-45,"op":"ZTM Warszawa — buses","color":"#0059a9"},"geometry":{"type":"Point","coordinates":[21.068102,52.148524]}},{"type":"Feature","properties":{"text":"704 720 722 730","n":4,"mode":"bus","angle":45,"op":"ZTM Warszawa — buses","color":"#0059a9"},"geometry":{"type":"Point","coordinates":[21.126668,52.218401]}},{"type":"Feature","properties":{"text":"723 731 N63","n":3,"mode":"bus","angle":45,"op":"ZTM Warszawa — buses","color":"#0059a9"},"geometry":{"type":"Point","coordinates":[20.9633,52.293944]}},{"type":"Feature","properties":{"text":"702 N72","n":2,"mode":"bus","angle":45,"op":"ZTM Warszawa — buses","color":"#0059a9"},"geometry":{"type":"Point","coordinates":[21.123586,52.157967]}},{"type":"Feature","properties":{"text":"702 M1 M3 N72","n":4,"mode":"bus","angle":-45,"op":"mix","color":"#0059a9"},"geometry":{"type":"Point","coordinates":[21.123586,52.154189]}},{"type":"Feature","properties":{"text":"702 M1 N72","n":3,"mode":"bus","angle":45,"op":"mix","color":"#0059a9"},"geometry":{"type":"Point","coordinates":[21.123586,52.156078]}},{"type":"Feature","properties":{"text":"M2 N72","n":2,"mode":"bus","angle":45,"op":"mix","color":"#0059a9"},"geometry":{"type":"Point","coordinates":[21.120504,52.159855]}},{"type":"Feature","properties":{"text":"M1 M2","n":2,"mode":"bus","angle":45,"op":"Otwock","color":"#0059a9"},"geometry":{"type":"Point","coordinates":[21.123586,52.157967]}},{"type":"Feature","properties":{"text":"702 M1 M3","n":3,"mode":"bus","angle":45,"op":"mix","color":"#0059a9"},"geometry":{"type":"Point","coordinates":[21.120504,52.154189]}},{"type":"Feature","properties":{"text":"M2 M3","n":2,"mode":"bus","angle":-45,"op":"Otwock","color":"#0059a9"},"geometry":{"type":"Point","coordinates":[21.120504,52.156078]}},{"type":"Feature","properties":{"text":"702 M1 W1","n":3,"mode":"bus","angle":45,"op":"mix","color":"#0059a9"},"geometry":{"type":"Point","coordinates":[21.111256,52.159855]}},{"type":"Feature","properties":{"text":"703 721","n":2,"mode":"bus","angle":-45,"op":"ZTM Warszawa — buses","color":"#0059a9"},"geometry":{"type":"Point","coordinates":[20.892404,52.131527]}},{"type":"Feature","properties":{"text":"60 63 65 711 733","n":5,"mode":"bus","angle":-45,"op":"mix","color":"#0059a9"},"geometry":{"type":"Point","coordinates":[20.883157,52.146635]}},{"type":"Feature","properties":{"text":"60 63 703 711","n":4,"mode":"bus","angle":-45,"op":"mix","color":"#0059a9"},"geometry":{"type":"Point","coordinates":[20.892404,52.148524]}},{"type":"Feature","properties":{"text":"62 63 703 706 711 83 L-1 N88","n":8,"mode":"bus","angle":-45,"op":"mix","color":"#0059a9"},"geometry":{"type":"Point","coordinates":[20.913981,52.156078]}},{"type":"Feature","properties":{"text":"705 735 L31","n":3,"mode":"bus","angle":45,"op":"ZTM Warszawa — buses","color":"#0059a9"},"geometry":{"type":"Point","coordinates":[21.006454,52.314718]}},{"type":"Feature","properties":{"text":"L31","n":1,"mode":"bus","angle":-45,"op":"ZTM Warszawa — buses","color":"#0059a9"},"geometry":{"type":"Point","coordinates":[21.006454,52.31283]}},{"type":"Feature","properties":{"text":"705 R4","n":2,"mode":"bus","angle":-45,"op":"mix","color":"#0059a9"},"geometry":{"type":"Point","coordinates":[21.046525,52.327938]}},{"type":"Feature","properties":{"text":"737","n":1,"mode":"bus","angle":-45,"op":"ZTM Warszawa — buses","color":"#0059a9"},"geometry":{"type":"Point","coordinates":[20.9633,52.133415]}},{"type":"Feature","properties":{"text":"707 L-3 L39","n":3,"mode":"bus","angle":45,"op":"ZTM Warszawa — buses","color":"#0059a9"},"geometry":{"type":"Point","coordinates":[21.003371,52.131527]}},{"type":"Feature","properties":{"text":"707 709 L-3 L39","n":4,"mode":"bus","angle":45,"op":"ZTM Warszawa — buses","color":"#0059a9"},"geometry":{"type":"Point","coordinates":[21.003371,52.131527]}},{"type":"Feature","properties":{"text":"L39","n":1,"mode":"bus","angle":-45,"op":"ZTM Warszawa — buses","color":"#0059a9"},"geometry":{"type":"Point","coordinates":[21.000289,52.131527]}},{"type":"Feature","properties":{"text":"709 L-3 L23 L24 L25 L54 L55 N83","n":8,"mode":"bus","angle":-45,"op":"ZTM Warszawa — buses","color":"#0059a9"},"geometry":{"type":"Point","coordinates":[21.003371,52.127749]}},{"type":"Feature","properties":{"text":"L-2 L-5 L12 L13 L17 L18 L19 L32 L52","n":9,"mode":"bus","angle":45,"op":"ZTM Warszawa — buses","color":"#0059a9"},"geometry":{"type":"Point","coordinates":[21.006454,52.127749]}},{"type":"Feature","properties":{"text":"709 L23 L24 L25 L54 L55 N83","n":7,"mode":"bus","angle":45,"op":"ZTM Warszawa — buses","color":"#0059a9"},"geometry":{"type":"Point","coordinates":[20.997207,52.129638]}},{"type":"Feature","properties":{"text":"709 L39","n":2,"mode":"bus","angle":45,"op":"ZTM Warszawa — buses","color":"#0059a9"},"geometry":{"type":"Point","coordinates":[21.006454,52.129638]}},{"type":"Feature","properties":{"text":"L-3","n":1,"mode":"bus","angle":45,"op":"ZTM Warszawa — buses","color":"#0059a9"},"geometry":{"type":"Point","coordinates":[21.006454,52.127749]}},{"type":"Feature","properties":{"text":"709 L-1 L23 L24 L25 L39 L54 L55 N83","n":9,"mode":"bus","angle":45,"op":"ZTM Warszawa — buses","color":"#0059a9"},"geometry":{"type":"Point","coordinates":[21.000289,52.125861]}},{"type":"Feature","properties":{"text":"727 L-2 L-5 L12 L13 L17 L18 L19 L32 L52","n":10,"mode":"bus","angle":-45,"op":"ZTM Warszawa — buses","color":"#0059a9"},"geometry":{"type":"Point","coordinates":[21.000289,52.123972]}},{"type":"Feature","properties":{"text":"709 727 L53 N83","n":4,"mode":"bus","angle":45,"op":"ZTM Warszawa — buses","color":"#0059a9"},"geometry":{"type":"Point","coordinates":[21.006454,52.133415]}},{"type":"Feature","properties":{"text":"709 N83","n":2,"mode":"bus","angle":45,"op":"ZTM Warszawa — buses","color":"#0059a9"},"geometry":{"type":"Point","coordinates":[21.009536,52.131527]}},{"type":"Feature","properties":{"text":"709 L23 L24 L25 L32 L52 L54 N83","n":8,"mode":"bus","angle":-45,"op":"ZTM Warszawa — buses","color":"#0059a9"},"geometry":{"type":"Point","coordinates":[21.009536,52.129638]}},{"type":"Feature","properties":{"text":"727 L-2 L-5 L12 L13 L17 L18 L19 L23 L24 L25 L32 L52 L53 L54","n":15,"mode":"bus","angle":45,"op":"ZTM Warszawa — buses","color":"#0059a9"},"geometry":{"type":"Point","coordinates":[21.012619,52.129638]}},{"type":"Feature","properties":{"text":"L39 L53 L55","n":3,"mode":"bus","angle":-45,"op":"ZTM Warszawa — buses","color":"#0059a9"},"geometry":{"type":"Point","coordinates":[21.021866,52.131527]}},{"type":"Feature","properties":{"text":"L53","n":1,"mode":"bus","angle":-45,"op":"ZTM Warszawa — buses","color":"#0059a9"},"geometry":{"type":"Point","coordinates":[21.012619,52.129638]}},{"type":"Feature","properties":{"text":"710 L23","n":2,"mode":"bus","angle":-45,"op":"ZTM Warszawa — buses","color":"#0059a9"},"geometry":{"type":"Point","coordinates":[21.034196,52.131527]}},{"type":"Feature","properties":{"text":"L53","n":1,"mode":"bus","angle":45,"op":"ZTM Warszawa — buses","color":"#0059a9"},"geometry":{"type":"Point","coordinates":[21.034196,52.133415]}},{"type":"Feature","properties":{"text":"29 63 733","n":3,"mode":"bus","angle":-45,"op":"mix","color":"#0059a9"},"geometry":{"type":"Point","coordinates":[20.880075,52.144747]}},{"type":"Feature","properties":{"text":"95","n":1,"mode":"bus","angle":45,"op":"GPA Grodzisk — buses","color":"#0059a9"},"geometry":{"type":"Point","coordinates":[20.880075,52.258061]}},{"type":"Feature","properties":{"text":"714 729","n":2,"mode":"bus","angle":-45,"op":"ZTM Warszawa — buses","color":"#0059a9"},"geometry":{"type":"Point","coordinates":[20.883157,52.241064]}},{"type":"Feature","properties":{"text":"719 729","n":2,"mode":"bus","angle":-45,"op":"ZTM Warszawa — buses","color":"#0059a9"},"geometry":{"type":"Point","coordinates":[20.876992,52.239175]}},{"type":"Feature","properties":{"text":"97","n":1,"mode":"bus","angle":45,"op":"GPA Grodzisk — buses","color":"#0059a9"},"geometry":{"type":"Point","coordinates":[20.876992,52.237287]}},{"type":"Feature","properties":{"text":"713 743","n":2,"mode":"bus","angle":-45,"op":"ZTM Warszawa — buses","color":"#0059a9"},"geometry":{"type":"Point","coordinates":[20.84925,52.212735]}},{"type":"Feature","properties":{"text":"743","n":1,"mode":"bus","angle":45,"op":"ZTM Warszawa — buses","color":"#0059a9"},"geometry":{"type":"Point","coordinates":[20.858498,52.210847]}},{"type":"Feature","properties":{"text":"97","n":1,"mode":"bus","angle":45,"op":"GPA Grodzisk — buses","color":"#0059a9"},"geometry":{"type":"Point","coordinates":[20.858498,52.210847]}},{"type":"Feature","properties":{"text":"97 714 729","n":3,"mode":"bus","angle":45,"op":"mix","color":"#0059a9"},"geometry":{"type":"Point","coordinates":[20.870827,52.252395]}},{"type":"Feature","properties":{"text":"97 714","n":2,"mode":"bus","angle":45,"op":"mix","color":"#0059a9"},"geometry":{"type":"Point","coordinates":[20.87391,52.250507]}},{"type":"Feature","properties":{"text":"715 815","n":2,"mode":"bus","angle":-45,"op":"ZTM Warszawa — buses","color":"#0059a9"},"geometry":{"type":"Point","coordinates":[20.954053,52.144747]}},{"type":"Feature","properties":{"text":"719 729","n":2,"mode":"bus","angle":45,"op":"ZTM Warszawa — buses","color":"#0059a9"},"geometry":{"type":"Point","coordinates":[20.867745,52.241064]}},{"type":"Feature","properties":{"text":"97 719 729","n":3,"mode":"bus","angle":45,"op":"mix","color":"#0059a9"},"geometry":{"type":"Point","coordinates":[20.870827,52.239175]}},{"type":"Feature","properties":{"text":"723 L34 N63","n":3,"mode":"bus","angle":45,"op":"ZTM Warszawa — buses","color":"#0059a9"},"geometry":{"type":"Point","coordinates":[20.941723,52.310941]}},{"type":"Feature","properties":{"text":"N63","n":1,"mode":"bus","angle":45,"op":"ZTM Warszawa — buses","color":"#0059a9"},"geometry":{"type":"Point","coordinates":[20.944805,52.309052]}},{"type":"Feature","properties":{"text":"723","n":1,"mode":"bus","angle":-45,"op":"ZTM Warszawa — buses","color":"#0059a9"},"geometry":{"type":"Point","coordinates":[20.944805,52.307164]}},{"type":"Feature","properties":{"text":"723 736 N63","n":3,"mode":"bus","angle":45,"op":"ZTM Warszawa — buses","color":"#0059a9"},"geometry":{"type":"Point","coordinates":[20.95097,52.307164]}},{"type":"Feature","properties":{"text":"L-8 L-9 L10 L11 L34 L41","n":6,"mode":"bus","angle":-45,"op":"ZTM Warszawa — buses","color":"#0059a9"},"geometry":{"type":"Point","coordinates":[20.954053,52.309052]}},{"type":"Feature","properties":{"text":"723 N63","n":2,"mode":"bus","angle":-45,"op":"ZTM Warszawa — buses","color":"#0059a9"},"geometry":{"type":"Point","coordinates":[20.947888,52.303387]}},{"type":"Feature","properties":{"text":"723 L-7 L41 L49 N63","n":5,"mode":"bus","angle":45,"op":"ZTM Warszawa — buses","color":"#0059a9"},"geometry":{"type":"Point","coordinates":[20.947888,52.301498]}},{"type":"Feature","properties":{"text":"L41 L49","n":2,"mode":"bus","angle":45,"op":"ZTM Warszawa — buses","color":"#0059a9"},"geometry":{"type":"Point","coordinates":[20.947888,52.301498]}},{"type":"Feature","properties":{"text":"737 L-1 L-5","n":3,"mode":"bus","angle":-45,"op":"ZTM Warszawa — buses","color":"#0059a9"},"geometry":{"type":"Point","coordinates":[20.944805,52.125861]}},{"type":"Feature","properties":{"text":"727 L12","n":2,"mode":"bus","angle":45,"op":"ZTM Warszawa — buses","color":"#0059a9"},"geometry":{"type":"Point","coordinates":[20.966382,52.116418]}},{"type":"Feature","properties":{"text":"727 L-2 L-5 L12 L13 L17 L18 L19 L52","n":9,"mode":"bus","angle":-45,"op":"ZTM Warszawa — buses","color":"#0059a9"},"geometry":{"type":"Point","coordinates":[20.997207,52.122084]}},{"type":"Feature","properties":{"text":"727 L23 L24 L25 L39","n":5,"mode":"bus","angle":-45,"op":"ZTM Warszawa — buses","color":"#0059a9"},"geometry":{"type":"Point","coordinates":[21.012619,52.125861]}},{"type":"Feature","properties":{"text":"L-1 L-5","n":2,"mode":"bus","angle":-45,"op":"ZTM Warszawa — buses","color":"#0059a9"},"geometry":{"type":"Point","coordinates":[20.941723,52.123972]}},{"type":"Feature","properties":{"text":"728","n":1,"mode":"bus","angle":45,"op":"ZTM Warszawa — buses","color":"#0059a9"},"geometry":{"type":"Point","coordinates":[20.929393,52.116418]}},{"type":"Feature","properties":{"text":"728 L-3","n":2,"mode":"bus","angle":45,"op":"ZTM Warszawa — buses","color":"#0059a9"},"geometry":{"type":"Point","coordinates":[20.926311,52.118307]}},{"type":"Feature","properties":{"text":"731","n":1,"mode":"bus","angle":45,"op":"ZTM Warszawa — buses","color":"#0059a9"},"geometry":{"type":"Point","coordinates":[20.95097,52.31283]}},{"type":"Feature","properties":{"text":"731 L-8 L-9 L11","n":4,"mode":"bus","angle":-45,"op":"ZTM Warszawa — buses","color":"#0059a9"},"geometry":{"type":"Point","coordinates":[20.969465,52.309052]}},{"type":"Feature","properties":{"text":"731 736 L-8 L-9 L11","n":5,"mode":"bus","angle":-45,"op":"ZTM Warszawa — buses","color":"#0059a9"},"geometry":{"type":"Point","coordinates":[20.966382,52.307164]}},{"type":"Feature","properties":{"text":"736","n":1,"mode":"bus","angle":45,"op":"ZTM Warszawa — buses","color":"#0059a9"},"geometry":{"type":"Point","coordinates":[20.969465,52.307164]}},{"type":"Feature","properties":{"text":"63 733","n":2,"mode":"bus","angle":-45,"op":"mix","color":"#0059a9"},"geometry":{"type":"Point","coordinates":[20.870827,52.137192]}},{"type":"Feature","properties":{"text":"63","n":1,"mode":"bus","angle":-45,"op":"GPA Grodzisk — buses","color":"#0059a9"},"geometry":{"type":"Point","coordinates":[20.870827,52.137192]}},{"type":"Feature","properties":{"text":"736 L-8 L-9 L10 L11 L34 L41","n":7,"mode":"bus","angle":-45,"op":"ZTM Warszawa — buses","color":"#0059a9"},"geometry":{"type":"Point","coordinates":[20.960218,52.309052]}},{"type":"Feature","properties":{"text":"737 L-1","n":2,"mode":"bus","angle":-45,"op":"ZTM Warszawa — buses","color":"#0059a9"},"geometry":{"type":"Point","coordinates":[20.972547,52.127749]}},{"type":"Feature","properties":{"text":"R1 R2 R3 R31 R4 R5 R8","n":7,"mode":"bus","angle":45,"op":"Radzymin","color":"#0059a9"},"geometry":{"type":"Point","coordinates":[21.080432,52.309052]}},{"type":"Feature","properties":{"text":"738 N61 R38 R7 R9","n":5,"mode":"bus","angle":-45,"op":"mix","color":"#0059a9"},"geometry":{"type":"Point","coordinates":[21.074267,52.301498]}},{"type":"Feature","properties":{"text":"738 N61 R38 R9","n":4,"mode":"bus","angle":-45,"op":"mix","color":"#0059a9"},"geometry":{"type":"Point","coordinates":[21.071185,52.297721]}},{"type":"Feature","properties":{"text":"738 N61 R9","n":3,"mode":"bus","angle":-45,"op":"mix","color":"#0059a9"},"geometry":{"type":"Point","coordinates":[21.068102,52.293944]}},{"type":"Feature","properties":{"text":"L39","n":1,"mode":"bus","angle":45,"op":"ZTM Warszawa — buses","color":"#0059a9"},"geometry":{"type":"Point","coordinates":[21.021866,52.133415]}},{"type":"Feature","properties":{"text":"739 L39","n":2,"mode":"bus","angle":-45,"op":"ZTM Warszawa — buses","color":"#0059a9"},"geometry":{"type":"Point","coordinates":[21.028031,52.135304]}},{"type":"Feature","properties":{"text":"L53","n":1,"mode":"bus","angle":-45,"op":"ZTM Warszawa — buses","color":"#0059a9"},"geometry":{"type":"Point","coordinates":[21.028031,52.135304]}},{"type":"Feature","properties":{"text":"L39","n":1,"mode":"bus","angle":-45,"op":"ZTM Warszawa — buses","color":"#0059a9"},"geometry":{"type":"Point","coordinates":[21.012619,52.139081]}},{"type":"Feature","properties":{"text":"742 L21 L28","n":3,"mode":"bus","angle":45,"op":"ZTM Warszawa — buses","color":"#0059a9"},"geometry":{"type":"Point","coordinates":[21.071185,52.131527]}},{"type":"Feature","properties":{"text":"L21","n":1,"mode":"bus","angle":45,"op":"ZTM Warszawa — buses","color":"#0059a9"},"geometry":{"type":"Point","coordinates":[21.068102,52.133415]}},{"type":"Feature","properties":{"text":"742","n":1,"mode":"bus","angle":-45,"op":"ZTM Warszawa — buses","color":"#0059a9"},"geometry":{"type":"Point","coordinates":[21.071185,52.135304]}},{"type":"Feature","properties":{"text":"49 94","n":2,"mode":"bus","angle":45,"op":"GPA Grodzisk — buses","color":"#0059a9"},"geometry":{"type":"Point","coordinates":[20.830756,52.205181]}},{"type":"Feature","properties":{"text":"49","n":1,"mode":"bus","angle":45,"op":"GPA Grodzisk — buses","color":"#0059a9"},"geometry":{"type":"Point","coordinates":[20.827673,52.20707]}},{"type":"Feature","properties":{"text":"750","n":1,"mode":"bus","angle":-45,"op":"ZTM Warszawa — buses","color":"#0059a9"},"geometry":{"type":"Point","coordinates":[20.883157,52.293944]}},{"type":"Feature","properties":{"text":"2","n":1,"mode":"bus","angle":-45,"op":"KM Łomianki","color":"#0059a9"},"geometry":{"type":"Point","coordinates":[20.923228,52.293944]}},{"type":"Feature","properties":{"text":"60 65","n":2,"mode":"bus","angle":45,"op":"GPA Grodzisk — buses","color":"#0059a9"},"geometry":{"type":"Point","coordinates":[20.858498,52.178741]}},{"type":"Feature","properties":{"text":"817 N85","n":2,"mode":"bus","angle":-45,"op":"ZTM Warszawa — buses","color":"#0059a9"},"geometry":{"type":"Point","coordinates":[20.867745,52.178741]}},{"type":"Feature","properties":{"text":"62 817 N85","n":3,"mode":"bus","angle":45,"op":"mix","color":"#0059a9"},"geometry":{"type":"Point","coordinates":[20.876992,52.182518]}},{"type":"Feature","properties":{"text":"L45","n":1,"mode":"bus","angle":45,"op":"ZTM Warszawa — buses","color":"#0059a9"},"geometry":{"type":"Point","coordinates":[21.040361,52.307164]}},{"type":"Feature","properties":{"text":"L-9 L11","n":2,"mode":"bus","angle":45,"op":"ZTM Warszawa — buses","color":"#0059a9"},"geometry":{"type":"Point","coordinates":[20.972547,52.31283]}},{"type":"Feature","properties":{"text":"L-9 L11","n":2,"mode":"bus","angle":45,"op":"ZTM Warszawa — buses","color":"#0059a9"},"geometry":{"type":"Point","coordinates":[20.966382,52.314718]}},{"type":"Feature","properties":{"text":"L-9 L10 L11","n":3,"mode":"bus","angle":45,"op":"ZTM Warszawa — buses","color":"#0059a9"},"geometry":{"type":"Point","coordinates":[20.969465,52.320384]}},{"type":"Feature","properties":{"text":"L-9 L10","n":2,"mode":"bus","angle":45,"op":"ZTM Warszawa — buses","color":"#0059a9"},"geometry":{"type":"Point","coordinates":[20.954053,52.32605]}},{"type":"Feature","properties":{"text":"L-9 L10 W1","n":3,"mode":"bus","angle":-45,"op":"mix","color":"#0059a9"},"geometry":{"type":"Point","coordinates":[20.954053,52.329827]}},{"type":"Feature","properties":{"text":"L-9 L10 L11 W2 W3","n":5,"mode":"bus","angle":45,"op":"mix","color":"#0059a9"},"geometry":{"type":"Point","coordinates":[20.981794,52.322272]}},{"type":"Feature","properties":{"text":"W1","n":1,"mode":"bus","angle":-45,"op":"Wieliszew","color":"#0059a9"},"geometry":{"type":"Point","coordinates":[20.944805,52.324161]}},{"type":"Feature","properties":{"text":"W1","n":1,"mode":"bus","angle":-45,"op":"Wieliszew","color":"#0059a9"},"geometry":{"type":"Point","coordinates":[20.932476,52.322272]}},{"type":"Feature","properties":{"text":"L11 W2","n":2,"mode":"bus","angle":-45,"op":"mix","color":"#0059a9"},"geometry":{"type":"Point","coordinates":[20.929393,52.320384]}},{"type":"Feature","properties":{"text":"L11 L34","n":2,"mode":"bus","angle":-45,"op":"ZTM Warszawa — buses","color":"#0059a9"},"geometry":{"type":"Point","coordinates":[20.923228,52.318495]}},{"type":"Feature","properties":{"text":"L34","n":1,"mode":"bus","angle":45,"op":"ZTM Warszawa — buses","color":"#0059a9"},"geometry":{"type":"Point","coordinates":[20.929393,52.314718]}},{"type":"Feature","properties":{"text":"L13 L19 L28","n":3,"mode":"bus","angle":45,"op":"ZTM Warszawa — buses","color":"#0059a9"},"geometry":{"type":"Point","coordinates":[20.997207,52.118307]}},{"type":"Feature","properties":{"text":"L15","n":1,"mode":"bus","angle":-45,"op":"ZTM Warszawa — buses","color":"#0059a9"},"geometry":{"type":"Point","coordinates":[21.058855,52.135304]}},{"type":"Feature","properties":{"text":"L55","n":1,"mode":"bus","angle":-45,"op":"ZTM Warszawa — buses","color":"#0059a9"},"geometry":{"type":"Point","coordinates":[21.034196,52.135304]}},{"type":"Feature","properties":{"text":"L23 L24 L25 L39 L54","n":5,"mode":"bus","angle":-45,"op":"ZTM Warszawa — buses","color":"#0059a9"},"geometry":{"type":"Point","coordinates":[21.009536,52.123972]}},{"type":"Feature","properties":{"text":"L26","n":1,"mode":"bus","angle":45,"op":"ZTM Warszawa — buses","color":"#0059a9"},"geometry":{"type":"Point","coordinates":[21.083514,52.278835]}},{"type":"Feature","properties":{"text":"L40 N62","n":2,"mode":"bus","angle":-45,"op":"ZTM Warszawa — buses","color":"#0059a9"},"geometry":{"type":"Point","coordinates":[21.083514,52.276947]}},{"type":"Feature","properties":{"text":"N62","n":1,"mode":"bus","angle":45,"op":"ZTM Warszawa — buses","color":"#0059a9"},"geometry":{"type":"Point","coordinates":[21.089679,52.276947]}},{"type":"Feature","properties":{"text":"L27 L46","n":2,"mode":"bus","angle":-45,"op":"ZTM Warszawa — buses","color":"#0059a9"},"geometry":{"type":"Point","coordinates":[21.092762,52.263727]}},{"type":"Feature","properties":{"text":"L27 L40 L44","n":3,"mode":"bus","angle":45,"op":"ZTM Warszawa — buses","color":"#0059a9"},"geometry":{"type":"Point","coordinates":[21.098927,52.278835]}},{"type":"Feature","properties":{"text":"L35 L36 L37 L38 L40 L44 R8","n":7,"mode":"bus","angle":45,"op":"mix","color":"#0059a9"},"geometry":{"type":"Point","coordinates":[21.098927,52.280724]}},{"type":"Feature","properties":{"text":"L31 R31","n":2,"mode":"bus","angle":45,"op":"mix","color":"#0059a9"},"geometry":{"type":"Point","coordinates":[21.046525,52.316607]}},{"type":"Feature","properties":{"text":"R1 R2 R31 R4 R5","n":5,"mode":"bus","angle":-45,"op":"Radzymin","color":"#0059a9"},"geometry":{"type":"Point","coordinates":[21.06502,52.309052]}},{"type":"Feature","properties":{"text":"R1 R2 R5","n":3,"mode":"bus","angle":45,"op":"Radzymin","color":"#0059a9"},"geometry":{"type":"Point","coordinates":[21.061938,52.309052]}},{"type":"Feature","properties":{"text":"R3","n":1,"mode":"bus","angle":-45,"op":"Radzymin","color":"#0059a9"},"geometry":{"type":"Point","coordinates":[21.080432,52.310941]}},{"type":"Feature","properties":{"text":"L35 L37","n":2,"mode":"bus","angle":-45,"op":"ZTM Warszawa — buses","color":"#0059a9"},"geometry":{"type":"Point","coordinates":[21.108174,52.275058]}},{"type":"Feature","properties":{"text":"L40 L44","n":2,"mode":"bus","angle":45,"op":"ZTM Warszawa — buses","color":"#0059a9"},"geometry":{"type":"Point","coordinates":[21.108174,52.276947]}},{"type":"Feature","properties":{"text":"L35 L40 L44 N62","n":4,"mode":"bus","angle":-45,"op":"ZTM Warszawa — buses","color":"#0059a9"},"geometry":{"type":"Point","coordinates":[21.111256,52.278835]}},{"type":"Feature","properties":{"text":"L35 L37 L40 L44","n":4,"mode":"bus","angle":-45,"op":"ZTM Warszawa — buses","color":"#0059a9"},"geometry":{"type":"Point","coordinates":[21.114339,52.278835]}},{"type":"Feature","properties":{"text":"L38","n":1,"mode":"bus","angle":-45,"op":"ZTM Warszawa — buses","color":"#0059a9"},"geometry":{"type":"Point","coordinates":[21.102009,52.282612]}},{"type":"Feature","properties":{"text":"L37","n":1,"mode":"bus","angle":45,"op":"ZTM Warszawa — buses","color":"#0059a9"},"geometry":{"type":"Point","coordinates":[21.123586,52.271281]}},{"type":"Feature","properties":{"text":"L37 L38","n":2,"mode":"bus","angle":45,"op":"ZTM Warszawa — buses","color":"#0059a9"},"geometry":{"type":"Point","coordinates":[21.126668,52.267504]}},{"type":"Feature","properties":{"text":"L38 L40 L44","n":3,"mode":"bus","angle":-45,"op":"ZTM Warszawa — buses","color":"#0059a9"},"geometry":{"type":"Point","coordinates":[21.105091,52.284501]}},{"type":"Feature","properties":{"text":"L45","n":1,"mode":"bus","angle":45,"op":"ZTM Warszawa — buses","color":"#0059a9"},"geometry":{"type":"Point","coordinates":[21.061938,52.29961]}},{"type":"Feature","properties":{"text":"L46","n":1,"mode":"bus","angle":45,"op":"ZTM Warszawa — buses","color":"#0059a9"},"geometry":{"type":"Point","coordinates":[21.089679,52.258061]}},{"type":"Feature","properties":{"text":"L46 N62","n":2,"mode":"bus","angle":45,"op":"ZTM Warszawa — buses","color":"#0059a9"},"geometry":{"type":"Point","coordinates":[21.083514,52.267504]}},{"type":"Feature","properties":{"text":"0 13 16 17 18 24 25 26 29 45 46 C1","n":12,"mode":"bus","angle":45,"op":"GPA Grodzisk — buses","color":"#0059a9"},"geometry":{"type":"Point","coordinates":[20.818426,52.165521]}},{"type":"Feature","properties":{"text":"0 13 15 24 25 26 27","n":7,"mode":"bus","angle":45,"op":"GPA Grodzisk — buses","color":"#0059a9"},"geometry":{"type":"Point","coordinates":[20.815344,52.167409]}},{"type":"Feature","properties":{"text":"13 15 24 25 26 27","n":6,"mode":"bus","angle":-45,"op":"GPA Grodzisk — buses","color":"#0059a9"},"geometry":{"type":"Point","coordinates":[20.815344,52.165521]}},{"type":"Feature","properties":{"text":"0 21 22 82","n":4,"mode":"bus","angle":-45,"op":"GPA Grodzisk — buses","color":"#0059a9"},"geometry":{"type":"Point","coordinates":[20.815344,52.163632]}},{"type":"Feature","properties":{"text":"0 20 21 22","n":4,"mode":"bus","angle":-45,"op":"GPA Grodzisk — buses","color":"#0059a9"},"geometry":{"type":"Point","coordinates":[20.809179,52.161744]}},{"type":"Feature","properties":{"text":"0 22","n":2,"mode":"bus","angle":45,"op":"GPA Grodzisk — buses","color":"#0059a9"},"geometry":{"type":"Point","coordinates":[20.809179,52.159855]}},{"type":"Feature","properties":{"text":"22 28","n":2,"mode":"bus","angle":45,"op":"GPA Grodzisk — buses","color":"#0059a9"},"geometry":{"type":"Point","coordinates":[20.812261,52.157967]}},{"type":"Feature","properties":{"text":"0 13 16 17 20 26 28 29 46","n":9,"mode":"bus","angle":-45,"op":"GPA Grodzisk — buses","color":"#0059a9"},"geometry":{"type":"Point","coordinates":[20.815344,52.156078]}},{"type":"Feature","properties":{"text":"0","n":1,"mode":"bus","angle":45,"op":"GPA Grodzisk — buses","color":"#0059a9"},"geometry":{"type":"Point","coordinates":[20.809179,52.156078]}},{"type":"Feature","properties":{"text":"28 82","n":2,"mode":"bus","angle":-45,"op":"GPA Grodzisk — buses","color":"#0059a9"},"geometry":{"type":"Point","coordinates":[20.809179,52.154189]}},{"type":"Feature","properties":{"text":"0 13 16 17 20 21 26 28 29 46","n":10,"mode":"bus","angle":-45,"op":"GPA Grodzisk — buses","color":"#0059a9"},"geometry":{"type":"Point","coordinates":[20.818426,52.157967]}},{"type":"Feature","properties":{"text":"13 16 17 20 21 26 28 29 30 46 C1","n":11,"mode":"bus","angle":45,"op":"GPA Grodzisk — buses","color":"#0059a9"},"geometry":{"type":"Point","coordinates":[20.818426,52.161744]}},{"type":"Feature","properties":{"text":"13 16 17 20 26 30 46 C1","n":8,"mode":"bus","angle":45,"op":"GPA Grodzisk — buses","color":"#0059a9"},"geometry":{"type":"Point","coordinates":[20.818426,52.159855]}},{"type":"Feature","properties":{"text":"0","n":1,"mode":"bus","angle":-45,"op":"GPA Grodzisk — buses","color":"#0059a9"},"geometry":{"type":"Point","coordinates":[20.824591,52.159855]}},{"type":"Feature","properties":{"text":"0 29","n":2,"mode":"bus","angle":-45,"op":"GPA Grodzisk — buses","color":"#0059a9"},"geometry":{"type":"Point","coordinates":[20.824591,52.161744]}},{"type":"Feature","properties":{"text":"34","n":1,"mode":"bus","angle":-45,"op":"GPA Grodzisk — buses","color":"#0059a9"},"geometry":{"type":"Point","coordinates":[20.824591,52.159855]}},{"type":"Feature","properties":{"text":"0 17 29 46","n":4,"mode":"bus","angle":45,"op":"GPA Grodzisk — buses","color":"#0059a9"},"geometry":{"type":"Point","coordinates":[20.824591,52.163632]}},{"type":"Feature","properties":{"text":"C1","n":1,"mode":"bus","angle":-45,"op":"GPA Grodzisk — buses","color":"#0059a9"},"geometry":{"type":"Point","coordinates":[20.821508,52.161744]}},{"type":"Feature","properties":{"text":"19","n":1,"mode":"bus","angle":45,"op":"GPA Grodzisk — buses","color":"#0059a9"},"geometry":{"type":"Point","coordinates":[20.787602,52.208958]}},{"type":"Feature","properties":{"text":"10 11 12 13 19 40 42 43 49","n":9,"mode":"bus","angle":-45,"op":"GPA Grodzisk — buses","color":"#0059a9"},"geometry":{"type":"Point","coordinates":[20.806096,52.199515]}},{"type":"Feature","properties":{"text":"92 93","n":2,"mode":"bus","angle":45,"op":"GPA Grodzisk — buses","color":"#0059a9"},"geometry":{"type":"Point","coordinates":[20.803014,52.199515]}},{"type":"Feature","properties":{"text":"49","n":1,"mode":"bus","angle":45,"op":"GPA Grodzisk — buses","color":"#0059a9"},"geometry":{"type":"Point","coordinates":[20.806096,52.201404]}},{"type":"Feature","properties":{"text":"10 11 12 19 40 42 43","n":7,"mode":"bus","angle":45,"op":"GPA Grodzisk — buses","color":"#0059a9"},"geometry":{"type":"Point","coordinates":[20.809179,52.201404]}},{"type":"Feature","properties":{"text":"11 12 19 40 42 43","n":6,"mode":"bus","angle":45,"op":"GPA Grodzisk — buses","color":"#0059a9"},"geometry":{"type":"Point","coordinates":[20.806096,52.203292]}},{"type":"Feature","properties":{"text":"13","n":1,"mode":"bus","angle":-45,"op":"GPA Grodzisk — buses","color":"#0059a9"},"geometry":{"type":"Point","coordinates":[20.806096,52.201404]}},{"type":"Feature","properties":{"text":"11","n":1,"mode":"bus","angle":-45,"op":"GPA Grodzisk — buses","color":"#0059a9"},"geometry":{"type":"Point","coordinates":[20.784519,52.214624]}},{"type":"Feature","properties":{"text":"11 19","n":2,"mode":"bus","angle":45,"op":"GPA Grodzisk — buses","color":"#0059a9"},"geometry":{"type":"Point","coordinates":[20.784519,52.212735]}},{"type":"Feature","properties":{"text":"12 43","n":2,"mode":"bus","angle":45,"op":"GPA Grodzisk — buses","color":"#0059a9"},"geometry":{"type":"Point","coordinates":[20.803014,52.205181]}},{"type":"Feature","properties":{"text":"40","n":1,"mode":"bus","angle":-45,"op":"GPA Grodzisk — buses","color":"#0059a9"},"geometry":{"type":"Point","coordinates":[20.803014,52.203292]}},{"type":"Feature","properties":{"text":"40","n":1,"mode":"bus","angle":-45,"op":"GPA Grodzisk — buses","color":"#0059a9"},"geometry":{"type":"Point","coordinates":[20.806096,52.20707]}},{"type":"Feature","properties":{"text":"13","n":1,"mode":"bus","angle":45,"op":"GPA Grodzisk — buses","color":"#0059a9"},"geometry":{"type":"Point","coordinates":[20.809179,52.195738]}},{"type":"Feature","properties":{"text":"15 23 35 45","n":4,"mode":"bus","angle":-45,"op":"GPA Grodzisk — buses","color":"#0059a9"},"geometry":{"type":"Point","coordinates":[20.840003,52.173075]}},{"type":"Feature","properties":{"text":"15 23 45 65 66","n":5,"mode":"bus","angle":45,"op":"GPA Grodzisk — buses","color":"#0059a9"},"geometry":{"type":"Point","coordinates":[20.840003,52.169298]}},{"type":"Feature","properties":{"text":"55","n":1,"mode":"bus","angle":45,"op":"GPA Grodzisk — buses","color":"#0059a9"},"geometry":{"type":"Point","coordinates":[20.852333,52.156078]}},{"type":"Feature","properties":{"text":"55","n":1,"mode":"bus","angle":45,"op":"GPA Grodzisk — buses","color":"#0059a9"},"geometry":{"type":"Point","coordinates":[20.833838,52.159855]}},{"type":"Feature","properties":{"text":"15 16 17 45 46","n":5,"mode":"bus","angle":-45,"op":"GPA Grodzisk — buses","color":"#0059a9"},"geometry":{"type":"Point","coordinates":[20.827673,52.171187]}},{"type":"Feature","properties":{"text":"16 18 46","n":3,"mode":"bus","angle":-45,"op":"GPA Grodzisk — buses","color":"#0059a9"},"geometry":{"type":"Point","coordinates":[20.830756,52.173075]}},{"type":"Feature","properties":{"text":"15 25","n":2,"mode":"bus","angle":45,"op":"GPA Grodzisk — buses","color":"#0059a9"},"geometry":{"type":"Point","coordinates":[20.803014,52.169298]}},{"type":"Feature","properties":{"text":"15 17 45 46","n":4,"mode":"bus","angle":45,"op":"GPA Grodzisk — buses","color":"#0059a9"},"geometry":{"type":"Point","coordinates":[20.827673,52.169298]}},{"type":"Feature","properties":{"text":"55","n":1,"mode":"bus","angle":45,"op":"GPA Grodzisk — buses","color":"#0059a9"},"geometry":{"type":"Point","coordinates":[20.840003,52.161744]}},{"type":"Feature","properties":{"text":"15 17 23 35 45","n":5,"mode":"bus","angle":-45,"op":"GPA Grodzisk — buses","color":"#0059a9"},"geometry":{"type":"Point","coordinates":[20.836921,52.171187]}},{"type":"Feature","properties":{"text":"16 18 46","n":3,"mode":"bus","angle":45,"op":"GPA Grodzisk — buses","color":"#0059a9"},"geometry":{"type":"Point","coordinates":[20.821508,52.173075]}},{"type":"Feature","properties":{"text":"65","n":1,"mode":"bus","angle":45,"op":"GPA Grodzisk — buses","color":"#0059a9"},"geometry":{"type":"Point","coordinates":[20.858498,52.161744]}},{"type":"Feature","properties":{"text":"64","n":1,"mode":"bus","angle":45,"op":"GPA Grodzisk — buses","color":"#0059a9"},"geometry":{"type":"Point","coordinates":[20.843085,52.176852]}},{"type":"Feature","properties":{"text":"18 26","n":2,"mode":"bus","angle":-45,"op":"GPA Grodzisk — buses","color":"#0059a9"},"geometry":{"type":"Point","coordinates":[20.815344,52.174964]}},{"type":"Feature","properties":{"text":"18 26","n":2,"mode":"bus","angle":-45,"op":"GPA Grodzisk — buses","color":"#0059a9"},"geometry":{"type":"Point","coordinates":[20.818426,52.171187]}},{"type":"Feature","properties":{"text":"20 21","n":2,"mode":"bus","angle":-45,"op":"GPA Grodzisk — buses","color":"#0059a9"},"geometry":{"type":"Point","coordinates":[20.799932,52.157967]}},{"type":"Feature","properties":{"text":"20","n":1,"mode":"bus","angle":45,"op":"GPA Grodzisk — buses","color":"#0059a9"},"geometry":{"type":"Point","coordinates":[20.77219,52.195738]}},{"type":"Feature","properties":{"text":"21","n":1,"mode":"bus","angle":-45,"op":"GPA Grodzisk — buses","color":"#0059a9"},"geometry":{"type":"Point","coordinates":[20.806096,52.148524]}},{"type":"Feature","properties":{"text":"28 58","n":2,"mode":"bus","angle":-45,"op":"GPA Grodzisk — buses","color":"#0059a9"},"geometry":{"type":"Point","coordinates":[20.812261,52.146635]}},{"type":"Feature","properties":{"text":"22 58 82","n":3,"mode":"bus","angle":45,"op":"GPA Grodzisk — buses","color":"#0059a9"},"geometry":{"type":"Point","coordinates":[20.818426,52.146635]}},{"type":"Feature","properties":{"text":"23 50","n":2,"mode":"bus","angle":45,"op":"GPA Grodzisk — buses","color":"#0059a9"},"geometry":{"type":"Point","coordinates":[20.836921,52.144747]}},{"type":"Feature","properties":{"text":"23 30 34 50","n":4,"mode":"bus","angle":45,"op":"GPA Grodzisk — buses","color":"#0059a9"},"geometry":{"type":"Point","coordinates":[20.833838,52.146635]}},{"type":"Feature","properties":{"text":"23 34 50","n":3,"mode":"bus","angle":45,"op":"GPA Grodzisk — buses","color":"#0059a9"},"geometry":{"type":"Point","coordinates":[20.840003,52.144747]}},{"type":"Feature","properties":{"text":"23 30","n":2,"mode":"bus","angle":-45,"op":"GPA Grodzisk — buses","color":"#0059a9"},"geometry":{"type":"Point","coordinates":[20.833838,52.144747]}},{"type":"Feature","properties":{"text":"34","n":1,"mode":"bus","angle":45,"op":"GPA Grodzisk — buses","color":"#0059a9"},"geometry":{"type":"Point","coordinates":[20.836921,52.146635]}},{"type":"Feature","properties":{"text":"23 50","n":2,"mode":"bus","angle":45,"op":"GPA Grodzisk — buses","color":"#0059a9"},"geometry":{"type":"Point","coordinates":[20.827673,52.150412]}},{"type":"Feature","properties":{"text":"24 25","n":2,"mode":"bus","angle":45,"op":"GPA Grodzisk — buses","color":"#0059a9"},"geometry":{"type":"Point","coordinates":[20.787602,52.178741]}},{"type":"Feature","properties":{"text":"34 50","n":2,"mode":"bus","angle":45,"op":"GPA Grodzisk — buses","color":"#0059a9"},"geometry":{"type":"Point","coordinates":[20.833838,52.152301]}},{"type":"Feature","properties":{"text":"34 50","n":2,"mode":"bus","angle":-45,"op":"GPA Grodzisk — buses","color":"#0059a9"},"geometry":{"type":"Point","coordinates":[20.827673,52.157967]}},{"type":"Feature","properties":{"text":"30 31 63 83","n":4,"mode":"bus","angle":45,"op":"GPA Grodzisk — buses","color":"#0059a9"},"geometry":{"type":"Point","coordinates":[20.846168,52.129638]}},{"type":"Feature","properties":{"text":"31","n":1,"mode":"bus","angle":45,"op":"GPA Grodzisk — buses","color":"#0059a9"},"geometry":{"type":"Point","coordinates":[20.84925,52.127749]}},{"type":"Feature","properties":{"text":"30 31 51 63 83","n":5,"mode":"bus","angle":45,"op":"GPA Grodzisk — buses","color":"#0059a9"},"geometry":{"type":"Point","coordinates":[20.843085,52.133415]}},{"type":"Feature","properties":{"text":"30 83","n":2,"mode":"bus","angle":45,"op":"GPA Grodzisk — buses","color":"#0059a9"},"geometry":{"type":"Point","coordinates":[20.840003,52.133415]}},{"type":"Feature","properties":{"text":"30","n":1,"mode":"bus","angle":-45,"op":"GPA Grodzisk — buses","color":"#0059a9"},"geometry":{"type":"Point","coordinates":[20.833838,52.131527]}},{"type":"Feature","properties":{"text":"83","n":1,"mode":"bus","angle":-45,"op":"GPA Grodzisk — buses","color":"#0059a9"},"geometry":{"type":"Point","coordinates":[20.833838,52.131527]}},{"type":"Feature","properties":{"text":"30 83","n":2,"mode":"bus","angle":-45,"op":"GPA Grodzisk — buses","color":"#0059a9"},"geometry":{"type":"Point","coordinates":[20.830756,52.129638]}},{"type":"Feature","properties":{"text":"52","n":1,"mode":"bus","angle":45,"op":"GPA Grodzisk — buses","color":"#0059a9"},"geometry":{"type":"Point","coordinates":[20.855415,52.129638]}},{"type":"Feature","properties":{"text":"31 32 51","n":3,"mode":"bus","angle":-45,"op":"GPA Grodzisk — buses","color":"#0059a9"},"geometry":{"type":"Point","coordinates":[20.852333,52.125861]}},{"type":"Feature","properties":{"text":"32 33","n":2,"mode":"bus","angle":45,"op":"GPA Grodzisk — buses","color":"#0059a9"},"geometry":{"type":"Point","coordinates":[20.87391,52.120195]}},{"type":"Feature","properties":{"text":"32","n":1,"mode":"bus","angle":-45,"op":"GPA Grodzisk — buses","color":"#0059a9"},"geometry":{"type":"Point","coordinates":[20.858498,52.133415]}},{"type":"Feature","properties":{"text":"63","n":1,"mode":"bus","angle":45,"op":"GPA Grodzisk — buses","color":"#0059a9"},"geometry":{"type":"Point","coordinates":[20.858498,52.135304]}},{"type":"Feature","properties":{"text":"55","n":1,"mode":"bus","angle":-45,"op":"GPA Grodzisk — buses","color":"#0059a9"},"geometry":{"type":"Point","coordinates":[20.840003,52.154189]}},{"type":"Feature","properties":{"text":"35","n":1,"mode":"bus","angle":45,"op":"GPA Grodzisk — buses","color":"#0059a9"},"geometry":{"type":"Point","coordinates":[20.840003,52.161744]}},{"type":"Feature","properties":{"text":"42","n":1,"mode":"bus","angle":45,"op":"GPA Grodzisk — buses","color":"#0059a9"},"geometry":{"type":"Point","coordinates":[20.806096,52.212735]}},{"type":"Feature","properties":{"text":"41 43","n":2,"mode":"bus","angle":45,"op":"GPA Grodzisk — buses","color":"#0059a9"},"geometry":{"type":"Point","coordinates":[20.787602,52.224067]}},{"type":"Feature","properties":{"text":"68","n":1,"mode":"bus","angle":-45,"op":"GPA Grodzisk — buses","color":"#0059a9"},"geometry":{"type":"Point","coordinates":[20.864662,52.186295]}},{"type":"Feature","properties":{"text":"48 64 68 78","n":4,"mode":"bus","angle":45,"op":"GPA Grodzisk — buses","color":"#0059a9"},"geometry":{"type":"Point","coordinates":[20.846168,52.19385]}},{"type":"Feature","properties":{"text":"48","n":1,"mode":"bus","angle":-45,"op":"GPA Grodzisk — buses","color":"#0059a9"},"geometry":{"type":"Point","coordinates":[20.843085,52.190072]}},{"type":"Feature","properties":{"text":"78","n":1,"mode":"bus","angle":45,"op":"GPA Grodzisk — buses","color":"#0059a9"},"geometry":{"type":"Point","coordinates":[20.846168,52.190072]}},{"type":"Feature","properties":{"text":"78","n":1,"mode":"bus","angle":45,"op":"GPA Grodzisk — buses","color":"#0059a9"},"geometry":{"type":"Point","coordinates":[20.852333,52.191961]}},{"type":"Feature","properties":{"text":"68 78","n":2,"mode":"bus","angle":45,"op":"GPA Grodzisk — buses","color":"#0059a9"},"geometry":{"type":"Point","coordinates":[20.855415,52.190072]}},{"type":"Feature","properties":{"text":"82 83","n":2,"mode":"bus","angle":-45,"op":"GPA Grodzisk — buses","color":"#0059a9"},"geometry":{"type":"Point","coordinates":[20.812261,52.127749]}},{"type":"Feature","properties":{"text":"C02","n":1,"mode":"bus","angle":45,"op":"Powiat miński","color":"#0059a9"},"geometry":{"type":"Point","coordinates":[21.231471,52.191961]}},{"type":"Feature","properties":{"text":"P10","n":1,"mode":"bus","angle":45,"op":"Powiat miński","color":"#0059a9"},"geometry":{"type":"Point","coordinates":[21.231471,52.191961]}},{"type":"Feature","properties":{"text":"P13","n":1,"mode":"bus","angle":-45,"op":"Powiat miński","color":"#0059a9"},"geometry":{"type":"Point","coordinates":[21.225306,52.191961]}},{"type":"Feature","properties":{"text":"C01 P10","n":2,"mode":"bus","angle":-45,"op":"Powiat miński","color":"#0059a9"},"geometry":{"type":"Point","coordinates":[21.237636,52.182518]}},{"type":"Feature","properties":{"text":"C01 C02","n":2,"mode":"bus","angle":-45,"op":"Powiat miński","color":"#0059a9"},"geometry":{"type":"Point","coordinates":[21.240718,52.176852]}},{"type":"Feature","properties":{"text":"C02","n":1,"mode":"bus","angle":45,"op":"Powiat miński","color":"#0059a9"},"geometry":{"type":"Point","coordinates":[21.237636,52.176852]}},{"type":"Feature","properties":{"text":"C01 C02 P10 Z10","n":4,"mode":"bus","angle":-45,"op":"Powiat miński","color":"#0059a9"},"geometry":{"type":"Point","coordinates":[21.219141,52.174964]}},{"type":"Feature","properties":{"text":"C02 Z10","n":2,"mode":"bus","angle":45,"op":"Powiat miński","color":"#0059a9"},"geometry":{"type":"Point","coordinates":[21.228388,52.173075]}},{"type":"Feature","properties":{"text":"Z10","n":1,"mode":"bus","angle":-45,"op":"Powiat miński","color":"#0059a9"},"geometry":{"type":"Point","coordinates":[21.225306,52.173075]}},{"type":"Feature","properties":{"text":"P01","n":1,"mode":"bus","angle":45,"op":"Powiat miński","color":"#0059a9"},"geometry":{"type":"Point","coordinates":[21.182152,52.229732]}},{"type":"Feature","properties":{"text":"P01 P04 P09 P11 P12","n":5,"mode":"bus","angle":45,"op":"Powiat miński","color":"#0059a9"},"geometry":{"type":"Point","coordinates":[21.194482,52.201404]}},{"type":"Feature","properties":{"text":"P01 P04 P05 P07 P08 P09 P10 P11 P12 P13 Z10","n":11,"mode":"bus","angle":-45,"op":"Powiat miński","color":"#0059a9"},"geometry":{"type":"Point","coordinates":[21.194482,52.199515]}},{"type":"Feature","properties":{"text":"P04 P11","n":2,"mode":"bus","angle":-45,"op":"Powiat miński","color":"#0059a9"},"geometry":{"type":"Point","coordinates":[21.197564,52.201404]}},{"type":"Feature","properties":{"text":"A2","n":1,"mode":"bus","angle":45,"op":"mix","color":"#0059a9"},"geometry":{"type":"Point","coordinates":[21.138998,52.229732]}},{"type":"Feature","properties":{"text":"S2","n":1,"mode":"skm","angle":45,"op":"mix","color":"#2E8EC8"},"geometry":{"type":"Point","coordinates":[21.138998,52.229732]}},{"type":"Feature","properties":{"text":"P04","n":1,"mode":"bus","angle":-45,"op":"Powiat miński","color":"#0059a9"},"geometry":{"type":"Point","coordinates":[21.197564,52.205181]}},{"type":"Feature","properties":{"text":"P05","n":1,"mode":"bus","angle":45,"op":"Powiat miński","color":"#0059a9"},"geometry":{"type":"Point","coordinates":[21.191399,52.188184]}},{"type":"Feature","properties":{"text":"P11","n":1,"mode":"bus","angle":-45,"op":"Powiat miński","color":"#0059a9"},"geometry":{"type":"Point","coordinates":[21.216059,52.210847]}},{"type":"Feature","properties":{"text":"P07 P11","n":2,"mode":"bus","angle":-45,"op":"Powiat miński","color":"#0059a9"},"geometry":{"type":"Point","coordinates":[21.206811,52.205181]}},{"type":"Feature","properties":{"text":"P11","n":1,"mode":"bus","angle":-45,"op":"Powiat miński","color":"#0059a9"},"geometry":{"type":"Point","coordinates":[21.209894,52.208958]}},{"type":"Feature","properties":{"text":"P12","n":1,"mode":"bus","angle":-45,"op":"Powiat miński","color":"#0059a9"},"geometry":{"type":"Point","coordinates":[21.194482,52.224067]}},{"type":"Feature","properties":{"text":"R31 R7","n":2,"mode":"bus","angle":-45,"op":"Radzymin","color":"#0059a9"},"geometry":{"type":"Point","coordinates":[21.068102,52.310941]}},{"type":"Feature","properties":{"text":"A2 W3","n":2,"mode":"bus","angle":45,"op":"mix","color":"#0059a9"},"geometry":{"type":"Point","coordinates":[21.135916,52.224067]}},{"type":"Feature","properties":{"text":"Z3","n":1,"mode":"bus","angle":45,"op":"Ząbki","color":"#0059a9"},"geometry":{"type":"Point","coordinates":[21.068102,52.263727]}},{"type":"Feature","properties":{"text":"100 108 118 127 131 166 171 N33 N83","n":9,"mode":"bus","angle":-45,"op":"ZTM Warszawa — buses","color":"#0059a9"},"geometry":{"type":"Point","coordinates":[21.037278,52.23351]}},{"type":"Feature","properties":{"text":"118 127 166","n":3,"mode":"bus","angle":-45,"op":"ZTM Warszawa — buses","color":"#0059a9"},"geometry":{"type":"Point","coordinates":[21.040361,52.23351]}},{"type":"Feature","properties":{"text":"117 138 146 147","n":4,"mode":"bus","angle":45,"op":"ZTM Warszawa — buses","color":"#0059a9"},"geometry":{"type":"Point","coordinates":[21.05269,52.23351]}},{"type":"Feature","properties":{"text":"173 514 N71","n":3,"mode":"bus","angle":45,"op":"ZTM Warszawa — buses","color":"#0059a9"},"geometry":{"type":"Point","coordinates":[21.123586,52.23351]}},{"type":"Feature","properties":{"text":"A1","n":1,"mode":"bus","angle":45,"op":"Sulejówek & Wiązowna","color":"#0059a9"},"geometry":{"type":"Point","coordinates":[21.138998,52.23351]}},{"type":"Feature","properties":{"text":"251 710 L14 L15 N50","n":5,"mode":"bus","angle":-45,"op":"ZTM Warszawa — buses","color":"#0059a9"},"geometry":{"type":"Point","coordinates":[21.068102,52.142858]}},{"type":"Feature","properties":{"text":"L14","n":1,"mode":"bus","angle":45,"op":"ZTM Warszawa — buses","color":"#0059a9"},"geometry":{"type":"Point","coordinates":[21.061938,52.142858]}},{"type":"Feature","properties":{"text":"29","n":1,"mode":"bus","angle":-45,"op":"GPA Grodzisk — buses","color":"#0059a9"},"geometry":{"type":"Point","coordinates":[20.87391,52.142858]}},{"type":"Feature","properties":{"text":"22 58 82","n":3,"mode":"bus","angle":45,"op":"GPA Grodzisk — buses","color":"#0059a9"},"geometry":{"type":"Point","coordinates":[20.821508,52.142858]}},{"type":"Feature","properties":{"text":"134 226 314 326","n":4,"mode":"bus","angle":90,"op":"ZTM Warszawa — buses","color":"#0059a9"},"geometry":{"type":"Point","coordinates":[21.020325,52.290167]}},{"type":"Feature","properties":{"text":"134 226 314 326 N14","n":5,"mode":"bus","angle":90,"op":"ZTM Warszawa — buses","color":"#0059a9"},"geometry":{"type":"Point","coordinates":[21.020325,52.290167]}},{"type":"Feature","properties":{"text":"140 738 L44 L45 N61","n":5,"mode":"bus","angle":90,"op":"ZTM Warszawa — buses","color":"#0059a9"},"geometry":{"type":"Point","coordinates":[21.063479,52.290167]}},{"type":"Feature","properties":{"text":"211 509 516 N03 N13","n":5,"mode":"bus","angle":-90,"op":"mix","color":"#0059a9"},"geometry":{"type":"Point","coordinates":[20.955594,52.290167]}},{"type":"Feature","properties":{"text":"S1 S2 S3","n":3,"mode":"skm","angle":0,"op":"mix","color":"#5a6672"},"geometry":{"type":"Point","coordinates":[21.037278,52.243897]}},{"type":"Feature","properties":{"text":"102 125 135 146 147 202 E-1","n":7,"mode":"bus","angle":0,"op":"ZTM Warszawa — buses","color":"#0059a9"},"geometry":{"type":"Point","coordinates":[21.043443,52.245785]}},{"type":"Feature","properties":{"text":"102 125 135 146 147 202 N03 N21 N71","n":9,"mode":"bus","angle":0,"op":"mix","color":"#0059a9"},"geometry":{"type":"Point","coordinates":[21.046525,52.245785]}},{"type":"Feature","properties":{"text":"S1 S2","n":2,"mode":"skm","angle":0,"op":"mix","color":"#5a6672"},"geometry":{"type":"Point","coordinates":[21.05269,52.247674]}},{"type":"Feature","properties":{"text":"102 135 523","n":3,"mode":"bus","angle":-90,"op":"mix","color":"#0059a9"},"geometry":{"type":"Point","coordinates":[21.078891,52.241064]}},{"type":"Feature","properties":{"text":"S1","n":1,"mode":"skm","angle":-90,"op":"mix","color":"#E84A4B"},"geometry":{"type":"Point","coordinates":[21.078891,52.241064]}},{"type":"Feature","properties":{"text":"123 173 202","n":3,"mode":"bus","angle":0,"op":"ZTM Warszawa — buses","color":"#0059a9"},"geometry":{"type":"Point","coordinates":[21.055773,52.245785]}},{"type":"Feature","properties":{"text":"156 184 303 N44","n":4,"mode":"bus","angle":90,"op":"ZTM Warszawa — buses","color":"#0059a9"},"geometry":{"type":"Point","coordinates":[20.946347,52.271281]}},{"type":"Feature","properties":{"text":"2 6","n":2,"mode":"tram","angle":-90,"op":"mix","color":"#d6212b"},"geometry":{"type":"Point","coordinates":[20.943264,52.275058]}},{"type":"Feature","properties":{"text":"103 121 181 755 N46","n":5,"mode":"bus","angle":90,"op":"ZTM Warszawa — buses","color":"#0059a9"},"geometry":{"type":"Point","coordinates":[20.958676,52.27317]}},{"type":"Feature","properties":{"text":"6 17 36","n":3,"mode":"tram","angle":90,"op":"Tramwaje Warszawskie","color":"#d6212b"},"geometry":{"type":"Point","coordinates":[20.958676,52.27317]}},{"type":"Feature","properties":{"text":"110 112 116 197 303 N02 N44","n":7,"mode":"bus","angle":0,"op":"ZTM Warszawa — buses","color":"#0059a9"},"geometry":{"type":"Point","coordinates":[20.954053,52.268448]}},{"type":"Feature","properties":{"text":"103 122 180 197","n":4,"mode":"bus","angle":90,"op":"ZTM Warszawa — buses","color":"#0059a9"},"geometry":{"type":"Point","coordinates":[20.949429,52.261838]}},{"type":"Feature","properties":{"text":"103 180 N41 N91","n":4,"mode":"bus","angle":-90,"op":"ZTM Warszawa — buses","color":"#0059a9"},"geometry":{"type":"Point","coordinates":[20.964841,52.258061]}},{"type":"Feature","properties":{"text":"103 106 136","n":3,"mode":"bus","angle":90,"op":"ZTM Warszawa — buses","color":"#0059a9"},"geometry":{"type":"Point","coordinates":[20.961759,52.252395]}},{"type":"Feature","properties":{"text":"S4 S40","n":2,"mode":"skm","angle":0,"op":"SKM","color":"#5a6672"},"geometry":{"type":"Point","coordinates":[20.960218,52.25334]}},{"type":"Feature","properties":{"text":"112 134 176 N02 N64","n":5,"mode":"bus","angle":0,"op":"ZTM Warszawa — buses","color":"#0059a9"},"geometry":{"type":"Point","coordinates":[21.015701,52.272225]}},{"type":"Feature","properties":{"text":"104 134 204 226 326","n":5,"mode":"bus","angle":-90,"op":"ZTM Warszawa — buses","color":"#0059a9"},"geometry":{"type":"Point","coordinates":[21.020325,52.275058]}},{"type":"Feature","properties":{"text":"204","n":1,"mode":"bus","angle":-90,"op":"ZTM Warszawa — buses","color":"#0059a9"},"geometry":{"type":"Point","coordinates":[21.01416,52.280724]}},{"type":"Feature","properties":{"text":"104 314 332 N14","n":4,"mode":"bus","angle":-90,"op":"ZTM Warszawa — buses","color":"#0059a9"},"geometry":{"type":"Point","coordinates":[21.01416,52.28639]}},{"type":"Feature","properties":{"text":"127","n":1,"mode":"bus","angle":90,"op":"ZTM Warszawa — buses","color":"#0059a9"},"geometry":{"type":"Point","coordinates":[21.02649,52.244841]}},{"type":"Feature","properties":{"text":"111 116 180 503","n":4,"mode":"bus","angle":0,"op":"ZTM Warszawa — buses","color":"#0059a9"},"geometry":{"type":"Point","coordinates":[21.028031,52.24012]}},{"type":"Feature","properties":{"text":"106 107 128 175 N44","n":5,"mode":"bus","angle":0,"op":"ZTM Warszawa — buses","color":"#0059a9"},"geometry":{"type":"Point","coordinates":[21.015701,52.245785]}},{"type":"Feature","properties":{"text":"128 175 N44","n":3,"mode":"bus","angle":-90,"op":"ZTM Warszawa — buses","color":"#0059a9"},"geometry":{"type":"Point","coordinates":[21.017242,52.24673]}},{"type":"Feature","properties":{"text":"157","n":1,"mode":"bus","angle":-90,"op":"ZTM Warszawa — buses","color":"#0059a9"},"geometry":{"type":"Point","coordinates":[20.989501,52.250507]}},{"type":"Feature","properties":{"text":"180 N41","n":2,"mode":"bus","angle":-90,"op":"ZTM Warszawa — buses","color":"#0059a9"},"geometry":{"type":"Point","coordinates":[20.980253,52.254284]}},{"type":"Feature","properties":{"text":"116 180 503 518 N44","n":5,"mode":"bus","angle":-90,"op":"ZTM Warszawa — buses","color":"#0059a9"},"geometry":{"type":"Point","coordinates":[21.01416,52.250507]}},{"type":"Feature","properties":{"text":"107 131 159 187 N33 N83","n":6,"mode":"bus","angle":0,"op":"ZTM Warszawa — buses","color":"#0059a9"},"geometry":{"type":"Point","coordinates":[21.049608,52.225011]}},{"type":"Feature","properties":{"text":"131 141 185","n":3,"mode":"bus","angle":-90,"op":"ZTM Warszawa — buses","color":"#0059a9"},"geometry":{"type":"Point","coordinates":[21.051149,52.225955]}},{"type":"Feature","properties":{"text":"250","n":1,"mode":"bus","angle":-90,"op":"ZTM Warszawa — buses","color":"#0059a9"},"geometry":{"type":"Point","coordinates":[20.918605,52.280724]}},{"type":"Feature","properties":{"text":"110","n":1,"mode":"bus","angle":90,"op":"ZTM Warszawa — buses","color":"#0059a9"},"geometry":{"type":"Point","coordinates":[20.915522,52.276947]}},{"type":"Feature","properties":{"text":"97 110 250 409 N91","n":5,"mode":"bus","angle":90,"op":"mix","color":"#0059a9"},"geometry":{"type":"Point","coordinates":[20.91244,52.27317]}},{"type":"Feature","properties":{"text":"110 409 N41 N58 N91","n":5,"mode":"bus","angle":0,"op":"mix","color":"#0059a9"},"geometry":{"type":"Point","coordinates":[20.935558,52.268448]}},{"type":"Feature","properties":{"text":"184 303 N44","n":3,"mode":"bus","angle":-90,"op":"ZTM Warszawa — buses","color":"#0059a9"},"geometry":{"type":"Point","coordinates":[20.946347,52.269392]}},{"type":"Feature","properties":{"text":"755","n":1,"mode":"bus","angle":-90,"op":"mix","color":"#0059a9"},"geometry":{"type":"Point","coordinates":[20.961759,52.269392]}},{"type":"Feature","properties":{"text":"100 111 180 N41","n":4,"mode":"bus","angle":0,"op":"ZTM Warszawa — buses","color":"#0059a9"},"geometry":{"type":"Point","coordinates":[20.997207,52.255228]}},{"type":"Feature","properties":{"text":"111 117 158 507 521 N22 N24 N72","n":8,"mode":"bus","angle":0,"op":"mix","color":"#0059a9"},"geometry":{"type":"Point","coordinates":[21.046525,52.238231]}},{"type":"Feature","properties":{"text":"111 117 123 147 N02 N22 N72","n":7,"mode":"bus","angle":0,"op":"ZTM Warszawa — buses","color":"#0059a9"},"geometry":{"type":"Point","coordinates":[21.06502,52.225011]}},{"type":"Feature","properties":{"text":"111 117 123 147 411 507 509 E-1 N02 N22 N72","n":11,"mode":"bus","angle":0,"op":"ZTM Warszawa — buses","color":"#0059a9"},"geometry":{"type":"Point","coordinates":[21.068102,52.225011]}},{"type":"Feature","properties":{"text":"123 148 168 225 311 N02 N03","n":7,"mode":"bus","angle":-90,"op":"ZTM Warszawa — buses","color":"#0059a9"},"geometry":{"type":"Point","coordinates":[21.075808,52.225955]}},{"type":"Feature","properties":{"text":"148 168 213 225 509 N03 N22 N72","n":8,"mode":"bus","angle":90,"op":"ZTM Warszawa — buses","color":"#0059a9"},"geometry":{"type":"Point","coordinates":[21.075808,52.224067]}},{"type":"Feature","properties":{"text":"211 516 723 731 736","n":5,"mode":"bus","angle":-90,"op":"ZTM Warszawa — buses","color":"#0059a9"},"geometry":{"type":"Point","coordinates":[20.998748,52.275058]}},{"type":"Feature","properties":{"text":"112 114 126 134 145 156 176 N02 N64","n":9,"mode":"bus","angle":0,"op":"ZTM Warszawa — buses","color":"#0059a9"},"geometry":{"type":"Point","coordinates":[21.012619,52.272225]}},{"type":"Feature","properties":{"text":"112 114 199 245 409 414 500 N14 N64","n":9,"mode":"bus","angle":90,"op":"ZTM Warszawa — buses","color":"#0059a9"},"geometry":{"type":"Point","coordinates":[21.02649,52.27317]}},{"type":"Feature","properties":{"text":"114 126 145 156 212 414 N14 N64","n":8,"mode":"bus","angle":90,"op":"ZTM Warszawa — buses","color":"#0059a9"},"geometry":{"type":"Point","coordinates":[21.02649,52.271281]}},{"type":"Feature","properties":{"text":"120 156 160 169 409 500 N02 N11","n":8,"mode":"bus","angle":90,"op":"ZTM Warszawa — buses","color":"#0059a9"},"geometry":{"type":"Point","coordinates":[21.032654,52.271281]}},{"type":"Feature","properties":{"text":"120 160 240 256 N11","n":5,"mode":"bus","angle":-90,"op":"ZTM Warszawa — buses","color":"#0059a9"},"geometry":{"type":"Point","coordinates":[21.032654,52.27317]}},{"type":"Feature","properties":{"text":"112 120 126 160 212 240 256 527 N11 R9","n":10,"mode":"bus","angle":-90,"op":"mix","color":"#0059a9"},"geometry":{"type":"Point","coordinates":[21.035737,52.275058]}},{"type":"Feature","properties":{"text":"120 160 240 256 527 N11 R9","n":7,"mode":"bus","angle":-90,"op":"mix","color":"#0059a9"},"geometry":{"type":"Point","coordinates":[21.035737,52.276947]}},{"type":"Feature","properties":{"text":"14 713 716","n":3,"mode":"bus","angle":0,"op":"mix","color":"#0059a9"},"geometry":{"type":"Point","coordinates":[20.889322,52.215568]}},{"type":"Feature","properties":{"text":"112 122 167 171 320 523 N01 N41 N43","n":9,"mode":"bus","angle":-90,"op":"mix","color":"#0059a9"},"geometry":{"type":"Point","coordinates":[20.91244,52.241064]}},{"type":"Feature","properties":{"text":"11 26 28 46","n":4,"mode":"tram","angle":-90,"op":"mix","color":"#d6212b"},"geometry":{"type":"Point","coordinates":[20.91244,52.241064]}},{"type":"Feature","properties":{"text":"112 140 340 738 L40 L44 L45 L46 N61","n":9,"mode":"bus","angle":-90,"op":"ZTM Warszawa — buses","color":"#0059a9"},"geometry":{"type":"Point","coordinates":[21.051149,52.275058]}},{"type":"Feature","properties":{"text":"140 340 738 N61","n":4,"mode":"bus","angle":90,"op":"ZTM Warszawa — buses","color":"#0059a9"},"geometry":{"type":"Point","coordinates":[21.051149,52.27317]}},{"type":"Feature","properties":{"text":"132","n":1,"mode":"bus","angle":0,"op":"ZTM Warszawa — buses","color":"#0059a9"},"geometry":{"type":"Point","coordinates":[21.037278,52.277891]}},{"type":"Feature","properties":{"text":"114 116 121 409 N02 N43","n":6,"mode":"bus","angle":90,"op":"ZTM Warszawa — buses","color":"#0059a9"},"geometry":{"type":"Point","coordinates":[20.930935,52.263727]}},{"type":"Feature","properties":{"text":"114 126 145 156 414 N14 N64","n":7,"mode":"bus","angle":0,"op":"ZTM Warszawa — buses","color":"#0059a9"},"geometry":{"type":"Point","coordinates":[21.018784,52.270337]}},{"type":"Feature","properties":{"text":"1 3 4 25","n":4,"mode":"tram","angle":90,"op":"Tramwaje Warszawskie","color":"#d6212b"},"geometry":{"type":"Point","coordinates":[21.020325,52.269392]}},{"type":"Feature","properties":{"text":"115 143 153 225","n":4,"mode":"bus","angle":0,"op":"ZTM Warszawa — buses","color":"#0059a9"},"geometry":{"type":"Point","coordinates":[21.095844,52.242008]}},{"type":"Feature","properties":{"text":"153 225","n":2,"mode":"bus","angle":-90,"op":"ZTM Warszawa — buses","color":"#0059a9"},"geometry":{"type":"Point","coordinates":[21.097385,52.242952]}},{"type":"Feature","properties":{"text":"Z2M Z4M","n":2,"mode":"bus","angle":0,"op":"Ząbki","color":"#0059a9"},"geometry":{"type":"Point","coordinates":[21.095844,52.242008]}},{"type":"Feature","properties":{"text":"115 143","n":2,"mode":"bus","angle":90,"op":"ZTM Warszawa — buses","color":"#0059a9"},"geometry":{"type":"Point","coordinates":[21.094303,52.241064]}},{"type":"Feature","properties":{"text":"115 183 514 N21 N71","n":5,"mode":"bus","angle":0,"op":"mix","color":"#0059a9"},"geometry":{"type":"Point","coordinates":[21.098927,52.238231]}},{"type":"Feature","properties":{"text":"S2","n":1,"mode":"skm","angle":0,"op":"SKM","color":"#2E8EC8"},"geometry":{"type":"Point","coordinates":[21.095844,52.238231]}},{"type":"Feature","properties":{"text":"115 514 N71","n":3,"mode":"bus","angle":0,"op":"ZTM Warszawa — buses","color":"#0059a9"},"geometry":{"type":"Point","coordinates":[21.105091,52.236342]}},{"type":"Feature","properties":{"text":"173 514 N21 N71","n":4,"mode":"bus","angle":0,"op":"mix","color":"#0059a9"},"geometry":{"type":"Point","coordinates":[21.111256,52.232565]}},{"type":"Feature","properties":{"text":"119 125 147 319 525 N25","n":6,"mode":"bus","angle":0,"op":"ZTM Warszawa — buses","color":"#0059a9"},"geometry":{"type":"Point","coordinates":[21.108174,52.208014]}},{"type":"Feature","properties":{"text":"219","n":1,"mode":"bus","angle":0,"op":"ZTM Warszawa — buses","color":"#0059a9"},"geometry":{"type":"Point","coordinates":[21.108174,52.194794]}},{"type":"Feature","properties":{"text":"115 142 213 521 N22","n":5,"mode":"bus","angle":90,"op":"mix","color":"#0059a9"},"geometry":{"type":"Point","coordinates":[21.112797,52.186295]}},{"type":"Feature","properties":{"text":"161","n":1,"mode":"bus","angle":0,"op":"ZTM Warszawa — buses","color":"#0059a9"},"geometry":{"type":"Point","coordinates":[21.114339,52.185351]}},{"type":"Feature","properties":{"text":"18","n":1,"mode":"tram","angle":-90,"op":"Tramwaje Warszawskie","color":"#d6212b"},"geometry":{"type":"Point","coordinates":[20.998748,52.258061]}},{"type":"Feature","properties":{"text":"180","n":1,"mode":"bus","angle":0,"op":"ZTM Warszawa — buses","color":"#0059a9"},"geometry":{"type":"Point","coordinates":[21.006454,52.25334]}},{"type":"Feature","properties":{"text":"116 178 180 N44","n":4,"mode":"bus","angle":0,"op":"ZTM Warszawa — buses","color":"#0059a9"},"geometry":{"type":"Point","coordinates":[21.015701,52.251451]}},{"type":"Feature","properties":{"text":"19 67","n":2,"mode":"tram","angle":0,"op":"Tramwaje Warszawskie","color":"#d6212b"},"geometry":{"type":"Point","coordinates":[21.043443,52.206125]}},{"type":"Feature","properties":{"text":"119 141 N31 N81","n":4,"mode":"bus","angle":0,"op":"ZTM Warszawa — buses","color":"#0059a9"},"geometry":{"type":"Point","coordinates":[21.046525,52.20046]}},{"type":"Feature","properties":{"text":"147 168 213 219 N22 N72","n":6,"mode":"bus","angle":-90,"op":"ZTM Warszawa — buses","color":"#0059a9"},"geometry":{"type":"Point","coordinates":[21.075808,52.222178]}},{"type":"Feature","properties":{"text":"213 219 411","n":3,"mode":"bus","angle":0,"op":"ZTM Warszawa — buses","color":"#0059a9"},"geometry":{"type":"Point","coordinates":[21.089679,52.21368]}},{"type":"Feature","properties":{"text":"162 166 169 170 338 N03","n":6,"mode":"bus","angle":-90,"op":"mix","color":"#0059a9"},"geometry":{"type":"Point","coordinates":[21.032654,52.254284]}},{"type":"Feature","properties":{"text":"3 4 23 25","n":4,"mode":"tram","angle":-90,"op":"mix","color":"#d6212b"},"geometry":{"type":"Point","coordinates":[21.032654,52.254284]}},{"type":"Feature","properties":{"text":"169 409 500","n":3,"mode":"bus","angle":90,"op":"ZTM Warszawa — buses","color":"#0059a9"},"geometry":{"type":"Point","coordinates":[21.029572,52.265615]}},{"type":"Feature","properties":{"text":"160 527","n":2,"mode":"bus","angle":-90,"op":"ZTM Warszawa — buses","color":"#0059a9"},"geometry":{"type":"Point","coordinates":[21.035737,52.278835]}},{"type":"Feature","properties":{"text":"234 326","n":2,"mode":"bus","angle":0,"op":"ZTM Warszawa — buses","color":"#0059a9"},"geometry":{"type":"Point","coordinates":[21.031113,52.291111]}},{"type":"Feature","properties":{"text":"134","n":1,"mode":"bus","angle":-90,"op":"ZTM Warszawa — buses","color":"#0059a9"},"geometry":{"type":"Point","coordinates":[21.02649,52.293944]}},{"type":"Feature","properties":{"text":"120","n":1,"mode":"bus","angle":0,"op":"ZTM Warszawa — buses","color":"#0059a9"},"geometry":{"type":"Point","coordinates":[21.015701,52.293]}},{"type":"Feature","properties":{"text":"226","n":1,"mode":"bus","angle":90,"op":"ZTM Warszawa — buses","color":"#0059a9"},"geometry":{"type":"Point","coordinates":[21.017242,52.292055]}},{"type":"Feature","properties":{"text":"134 326","n":2,"mode":"bus","angle":90,"op":"ZTM Warszawa — buses","color":"#0059a9"},"geometry":{"type":"Point","coordinates":[21.02649,52.295832]}},{"type":"Feature","properties":{"text":"121 157 181 185 N46","n":5,"mode":"bus","angle":90,"op":"ZTM Warszawa — buses","color":"#0059a9"},"geometry":{"type":"Point","coordinates":[20.971006,52.27317]}},{"type":"Feature","properties":{"text":"123 125 142 145 173 183 188 521 523 702 704 720 722 730 N03 N24","n":16,"mode":"bus","angle":0,"op":"mix","color":"#0059a9"},"geometry":{"type":"Point","coordinates":[21.068102,52.24012]}},{"type":"Feature","properties":{"text":"143","n":1,"mode":"bus","angle":0,"op":"ZTM Warszawa — buses","color":"#0059a9"},"geometry":{"type":"Point","coordinates":[21.07735,52.234454]}},{"type":"Feature","properties":{"text":"123 135 141 143 148 158 182 N03","n":8,"mode":"bus","angle":90,"op":"ZTM Warszawa — buses","color":"#0059a9"},"geometry":{"type":"Point","coordinates":[21.075808,52.231621]}},{"type":"Feature","properties":{"text":"141 158 182","n":3,"mode":"bus","angle":0,"op":"ZTM Warszawa — buses","color":"#0059a9"},"geometry":{"type":"Point","coordinates":[21.07735,52.232565]}},{"type":"Feature","properties":{"text":"62 63 124 703 706 707 711 715 721 728 83 N88","n":12,"mode":"bus","angle":90,"op":"mix","color":"#0059a9"},"geometry":{"type":"Point","coordinates":[20.934017,52.167409]}},{"type":"Feature","properties":{"text":"225 502 514 520 525 720 722 N02 N21 N24 N25","n":11,"mode":"bus","angle":0,"op":"ZTM Warszawa — buses","color":"#0059a9"},"geometry":{"type":"Point","coordinates":[21.086597,52.228788]}},{"type":"Feature","properties":{"text":"173 188 311 523 N21 N71","n":6,"mode":"bus","angle":-90,"op":"ZTM Warszawa — buses","color":"#0059a9"},"geometry":{"type":"Point","coordinates":[21.063479,52.242952]}},{"type":"Feature","properties":{"text":"211 314 518 N01 N13","n":5,"mode":"bus","angle":90,"op":"ZTM Warszawa — buses","color":"#0059a9"},"geometry":{"type":"Point","coordinates":[20.964841,52.284501]}},{"type":"Feature","properties":{"text":"126 152 186 314 509 518 N03 N13","n":8,"mode":"bus","angle":0,"op":"ZTM Warszawa — buses","color":"#0059a9"},"geometry":{"type":"Point","coordinates":[20.97563,52.285445]}},{"type":"Feature","properties":{"text":"211","n":1,"mode":"bus","angle":-90,"op":"ZTM Warszawa — buses","color":"#0059a9"},"geometry":{"type":"Point","coordinates":[20.974088,52.28639]}},{"type":"Feature","properties":{"text":"126 186 314 723 731 N03 N13 N63","n":8,"mode":"bus","angle":0,"op":"ZTM Warszawa — buses","color":"#0059a9"},"geometry":{"type":"Point","coordinates":[20.978712,52.281668]}},{"type":"Feature","properties":{"text":"126 186 314 509 516 518 723 731 N03 N13 N63","n":11,"mode":"bus","angle":0,"op":"ZTM Warszawa — buses","color":"#0059a9"},"geometry":{"type":"Point","coordinates":[20.981794,52.281668]}},{"type":"Feature","properties":{"text":"129 184 197 201 249 N45 N95","n":7,"mode":"bus","angle":0,"op":"mix","color":"#0059a9"},"geometry":{"type":"Point","coordinates":[20.935558,52.249562]}},{"type":"Feature","properties":{"text":"129 191 207 401 517 N35","n":6,"mode":"bus","angle":0,"op":"ZTM Warszawa — buses","color":"#0059a9"},"geometry":{"type":"Point","coordinates":[20.904734,52.192905]}},{"type":"Feature","properties":{"text":"129 207","n":2,"mode":"bus","angle":90,"op":"ZTM Warszawa — buses","color":"#0059a9"},"geometry":{"type":"Point","coordinates":[20.893945,52.195738]}},{"type":"Feature","properties":{"text":"131 163 180 N31","n":4,"mode":"bus","angle":90,"op":"ZTM Warszawa — buses","color":"#0059a9"},"geometry":{"type":"Point","coordinates":[21.063479,52.184407]}},{"type":"Feature","properties":{"text":"152 204","n":2,"mode":"bus","angle":0,"op":"ZTM Warszawa — buses","color":"#0059a9"},"geometry":{"type":"Point","coordinates":[21.028031,52.285445]}},{"type":"Feature","properties":{"text":"186 509 N01 N03 N13 N63","n":6,"mode":"bus","angle":-90,"op":"mix","color":"#0059a9"},"geometry":{"type":"Point","coordinates":[20.955594,52.28639]}},{"type":"Feature","properties":{"text":"226 314 N14","n":3,"mode":"bus","angle":0,"op":"ZTM Warszawa — buses","color":"#0059a9"},"geometry":{"type":"Point","coordinates":[21.018784,52.291111]}},{"type":"Feature","properties":{"text":"134 204 226 326 332","n":5,"mode":"bus","angle":90,"op":"ZTM Warszawa — buses","color":"#0059a9"},"geometry":{"type":"Point","coordinates":[21.02649,52.282612]}},{"type":"Feature","properties":{"text":"134 204 226 326 332 N11 N14","n":7,"mode":"bus","angle":90,"op":"ZTM Warszawa — buses","color":"#0059a9"},"geometry":{"type":"Point","coordinates":[21.02649,52.282612]}},{"type":"Feature","properties":{"text":"204","n":1,"mode":"bus","angle":-90,"op":"ZTM Warszawa — buses","color":"#0059a9"},"geometry":{"type":"Point","coordinates":[21.02649,52.284501]}},{"type":"Feature","properties":{"text":"135","n":1,"mode":"bus","angle":0,"op":"ZTM Warszawa — buses","color":"#0059a9"},"geometry":{"type":"Point","coordinates":[21.024948,52.260894]}},{"type":"Feature","properties":{"text":"169 212 N14 N64","n":4,"mode":"bus","angle":-90,"op":"ZTM Warszawa — buses","color":"#0059a9"},"geometry":{"type":"Point","coordinates":[21.02649,52.261838]}},{"type":"Feature","properties":{"text":"N14 N64","n":2,"mode":"bus","angle":90,"op":"mix","color":"#0059a9"},"geometry":{"type":"Point","coordinates":[21.02649,52.256172]}},{"type":"Feature","properties":{"text":"136 218 308 N33 N36 N86","n":6,"mode":"bus","angle":90,"op":"ZTM Warszawa — buses","color":"#0059a9"},"geometry":{"type":"Point","coordinates":[20.998748,52.176852]}},{"type":"Feature","properties":{"text":"136 138 N01 N33 N34 N36 N86","n":7,"mode":"bus","angle":90,"op":"mix","color":"#0059a9"},"geometry":{"type":"Point","coordinates":[21.011078,52.176852]}},{"type":"Feature","properties":{"text":"136 N36 N86","n":3,"mode":"bus","angle":0,"op":"ZTM Warszawa — buses","color":"#0059a9"},"geometry":{"type":"Point","coordinates":[21.009536,52.177797]}},{"type":"Feature","properties":{"text":"136 138 165 317 N34","n":5,"mode":"bus","angle":90,"op":"ZTM Warszawa — buses","color":"#0059a9"},"geometry":{"type":"Point","coordinates":[21.004913,52.171187]}},{"type":"Feature","properties":{"text":"136 N01 N03 N34 N37","n":5,"mode":"bus","angle":90,"op":"mix","color":"#0059a9"},"geometry":{"type":"Point","coordinates":[21.02649,52.165521]}},{"type":"Feature","properties":{"text":"715 737","n":2,"mode":"bus","angle":90,"op":"ZTM Warszawa — buses","color":"#0059a9"},"geometry":{"type":"Point","coordinates":[21.02649,52.163632]}},{"type":"Feature","properties":{"text":"M1","n":1,"mode":"metro","angle":90,"op":"Metro","color":"#0000BB"},"geometry":{"type":"Point","coordinates":[21.02649,52.163632]}},{"type":"Feature","properties":{"text":"136 209 715 737 809 815 N34","n":7,"mode":"bus","angle":90,"op":"ZTM Warszawa — buses","color":"#0059a9"},"geometry":{"type":"Point","coordinates":[21.023407,52.159855]}},{"type":"Feature","properties":{"text":"136 148 163 179 185 192 217 229 319 503","n":10,"mode":"bus","angle":-90,"op":"ZTM Warszawa — buses","color":"#0059a9"},"geometry":{"type":"Point","coordinates":[21.035737,52.161744]}},{"type":"Feature","properties":{"text":"136 163 217","n":3,"mode":"bus","angle":0,"op":"ZTM Warszawa — buses","color":"#0059a9"},"geometry":{"type":"Point","coordinates":[21.037278,52.162688]}},{"type":"Feature","properties":{"text":"192","n":1,"mode":"bus","angle":0,"op":"ZTM Warszawa — buses","color":"#0059a9"},"geometry":{"type":"Point","coordinates":[21.034196,52.162688]}},{"type":"Feature","properties":{"text":"251 710 742 N50","n":4,"mode":"bus","angle":90,"op":"ZTM Warszawa — buses","color":"#0059a9"},"geometry":{"type":"Point","coordinates":[21.060396,52.146635]}},{"type":"Feature","properties":{"text":"139 239 251 519 N50","n":5,"mode":"bus","angle":-90,"op":"ZTM Warszawa — buses","color":"#0059a9"},"geometry":{"type":"Point","coordinates":[21.066561,52.157967]}},{"type":"Feature","properties":{"text":"710 742","n":2,"mode":"bus","angle":90,"op":"ZTM Warszawa — buses","color":"#0059a9"},"geometry":{"type":"Point","coordinates":[21.057314,52.154189]}},{"type":"Feature","properties":{"text":"139 166 179 192 239 504 N34 N37 N86","n":9,"mode":"bus","angle":90,"op":"ZTM Warszawa — buses","color":"#0059a9"},"geometry":{"type":"Point","coordinates":[21.041902,52.150412]}},{"type":"Feature","properties":{"text":"N86","n":1,"mode":"bus","angle":-90,"op":"ZTM Warszawa — buses","color":"#0059a9"},"geometry":{"type":"Point","coordinates":[21.041902,52.152301]}},{"type":"Feature","properties":{"text":"140 240 340 738 L44 L45 N61 R9","n":8,"mode":"bus","angle":90,"op":"mix","color":"#0059a9"},"geometry":{"type":"Point","coordinates":[21.060396,52.282612]}},{"type":"Feature","properties":{"text":"L44","n":1,"mode":"bus","angle":0,"op":"ZTM Warszawa — buses","color":"#0059a9"},"geometry":{"type":"Point","coordinates":[21.058855,52.281668]}},{"type":"Feature","properties":{"text":"140 190 262 340 512 738 N61 N62 Z2M Z4M","n":10,"mode":"bus","angle":90,"op":"mix","color":"#0059a9"},"geometry":{"type":"Point","coordinates":[21.044984,52.263727]}},{"type":"Feature","properties":{"text":"154 175 188 N32","n":4,"mode":"bus","angle":90,"op":"ZTM Warszawa — buses","color":"#0059a9"},"geometry":{"type":"Point","coordinates":[20.977171,52.174964]}},{"type":"Feature","properties":{"text":"142","n":1,"mode":"bus","angle":0,"op":"ZTM Warszawa — buses","color":"#0059a9"},"geometry":{"type":"Point","coordinates":[21.098927,52.185351]}},{"type":"Feature","properties":{"text":"142 146 702 N72","n":4,"mode":"bus","angle":-90,"op":"ZTM Warszawa — buses","color":"#0059a9"},"geometry":{"type":"Point","coordinates":[21.097385,52.184407]}},{"type":"Feature","properties":{"text":"146 229 319 702 N72","n":5,"mode":"bus","angle":90,"op":"ZTM Warszawa — buses","color":"#0059a9"},"geometry":{"type":"Point","coordinates":[21.097385,52.182518]}},{"type":"Feature","properties":{"text":"225","n":1,"mode":"bus","angle":0,"op":"ZTM Warszawa — buses","color":"#0059a9"},"geometry":{"type":"Point","coordinates":[21.086597,52.245785]}},{"type":"Feature","properties":{"text":"245 N62 Z1 Z2M Z3 Z4M","n":6,"mode":"bus","angle":0,"op":"mix","color":"#0059a9"},"geometry":{"type":"Point","coordinates":[21.074267,52.255228]}},{"type":"Feature","properties":{"text":"145 245 262 N62 Z2M","n":5,"mode":"bus","angle":0,"op":"mix","color":"#0059a9"},"geometry":{"type":"Point","coordinates":[21.055773,52.264671]}},{"type":"Feature","properties":{"text":"146 213 229 N72","n":4,"mode":"bus","angle":0,"op":"ZTM Warszawa — buses","color":"#0059a9"},"geometry":{"type":"Point","coordinates":[21.105091,52.181574]}},{"type":"Feature","properties":{"text":"161 213 229 521 N22 N72","n":6,"mode":"bus","angle":0,"op":"ZTM Warszawa — buses","color":"#0059a9"},"geometry":{"type":"Point","coordinates":[21.111256,52.181574]}},{"type":"Feature","properties":{"text":"148","n":1,"mode":"bus","angle":-90,"op":"ZTM Warszawa — buses","color":"#0059a9"},"geometry":{"type":"Point","coordinates":[21.041902,52.167409]}},{"type":"Feature","properties":{"text":"166 185 503 N37","n":4,"mode":"bus","angle":0,"op":"ZTM Warszawa — buses","color":"#0059a9"},"geometry":{"type":"Point","coordinates":[21.040361,52.166465]}},{"type":"Feature","properties":{"text":"3 750","n":2,"mode":"bus","angle":-90,"op":"mix","color":"#0059a9"},"geometry":{"type":"Point","coordinates":[20.90011,52.293944]}},{"type":"Feature","properties":{"text":"S2 S3 S4 S40","n":4,"mode":"skm","angle":90,"op":"mix","color":"#5a6672"},"geometry":{"type":"Point","coordinates":[20.977171,52.173075]}},{"type":"Feature","properties":{"text":"163 229 319 N81","n":4,"mode":"bus","angle":0,"op":"ZTM Warszawa — buses","color":"#0059a9"},"geometry":{"type":"Point","coordinates":[21.058855,52.168354]}},{"type":"Feature","properties":{"text":"N37","n":1,"mode":"bus","angle":-90,"op":"ZTM Warszawa — buses","color":"#0059a9"},"geometry":{"type":"Point","coordinates":[21.048067,52.157967]}},{"type":"Feature","properties":{"text":"1 6 18 28","n":4,"mode":"tram","angle":0,"op":"mix","color":"#d6212b"},"geometry":{"type":"Point","coordinates":[21.015701,52.260894]}},{"type":"Feature","properties":{"text":"509 N03","n":2,"mode":"bus","angle":-90,"op":"mix","color":"#0059a9"},"geometry":{"type":"Point","coordinates":[21.017242,52.261838]}},{"type":"Feature","properties":{"text":"18 20","n":2,"mode":"tram","angle":-90,"op":"mix","color":"#d6212b"},"geometry":{"type":"Point","coordinates":[21.017242,52.261838]}},{"type":"Feature","properties":{"text":"24","n":1,"mode":"tram","angle":90,"op":"Tramwaje Warszawskie","color":"#d6212b"},"geometry":{"type":"Point","coordinates":[20.967924,52.24673]}},{"type":"Feature","properties":{"text":"173 198 514 N71","n":4,"mode":"bus","angle":0,"op":"ZTM Warszawa — buses","color":"#0059a9"},"geometry":{"type":"Point","coordinates":[21.120504,52.234454]}},{"type":"Feature","properties":{"text":"173 188 202 523 N21 N71","n":6,"mode":"bus","angle":0,"op":"mix","color":"#0059a9"},"geometry":{"type":"Point","coordinates":[21.06502,52.243897]}},{"type":"Feature","properties":{"text":"189 193 317 401 402 N01 N33","n":7,"mode":"bus","angle":0,"op":"ZTM Warszawa — buses","color":"#0059a9"},"geometry":{"type":"Point","coordinates":[21.018784,52.170242]}},{"type":"Feature","properties":{"text":"177","n":1,"mode":"bus","angle":0,"op":"ZTM Warszawa — buses","color":"#0059a9"},"geometry":{"type":"Point","coordinates":[20.886239,52.206125]}},{"type":"Feature","properties":{"text":"177 187 194 401 517 716 N35 N85","n":8,"mode":"bus","angle":90,"op":"ZTM Warszawa — buses","color":"#0059a9"},"geometry":{"type":"Point","coordinates":[20.884698,52.195738]}},{"type":"Feature","properties":{"text":"194","n":1,"mode":"bus","angle":0,"op":"ZTM Warszawa — buses","color":"#0059a9"},"geometry":{"type":"Point","coordinates":[20.886239,52.196682]}},{"type":"Feature","properties":{"text":"179 185","n":2,"mode":"bus","angle":0,"op":"ZTM Warszawa — buses","color":"#0059a9"},"geometry":{"type":"Point","coordinates":[21.018784,52.153245]}},{"type":"Feature","properties":{"text":"179 192 193 209 809 815 N37","n":7,"mode":"bus","angle":0,"op":"ZTM Warszawa — buses","color":"#0059a9"},"geometry":{"type":"Point","coordinates":[21.028031,52.162688]}},{"type":"Feature","properties":{"text":"192 193","n":2,"mode":"bus","angle":0,"op":"ZTM Warszawa — buses","color":"#0059a9"},"geometry":{"type":"Point","coordinates":[21.031113,52.162688]}},{"type":"Feature","properties":{"text":"211 N63","n":2,"mode":"bus","angle":0,"op":"ZTM Warszawa — buses","color":"#0059a9"},"geometry":{"type":"Point","coordinates":[20.957135,52.289222]}},{"type":"Feature","properties":{"text":"187 220 N85","n":3,"mode":"bus","angle":-90,"op":"ZTM Warszawa — buses","color":"#0059a9"},"geometry":{"type":"Point","coordinates":[20.90011,52.199515]}},{"type":"Feature","properties":{"text":"401 N01 N37","n":3,"mode":"bus","angle":90,"op":"mix","color":"#0059a9"},"geometry":{"type":"Point","coordinates":[21.02649,52.171187]}},{"type":"Feature","properties":{"text":"191 207","n":2,"mode":"bus","angle":-90,"op":"ZTM Warszawa — buses","color":"#0059a9"},"geometry":{"type":"Point","coordinates":[20.887781,52.186295]}},{"type":"Feature","properties":{"text":"204 234 314 N14","n":4,"mode":"bus","angle":0,"op":"ZTM Warszawa — buses","color":"#0059a9"},"geometry":{"type":"Point","coordinates":[21.009536,52.283557]}},{"type":"Feature","properties":{"text":"N14","n":1,"mode":"bus","angle":0,"op":"mix","color":"#0059a9"},"geometry":{"type":"Point","coordinates":[21.003371,52.281668]}},{"type":"Feature","properties":{"text":"1 4","n":2,"mode":"tram","angle":0,"op":"mix","color":"#d6212b"},"geometry":{"type":"Point","coordinates":[21.003371,52.281668]}},{"type":"Feature","properties":{"text":"211 N01","n":2,"mode":"bus","angle":0,"op":"ZTM Warszawa — buses","color":"#0059a9"},"geometry":{"type":"Point","coordinates":[20.966382,52.283557]}},{"type":"Feature","properties":{"text":"211 723 731 L-7 L49 N63","n":6,"mode":"bus","angle":-90,"op":"ZTM Warszawa — buses","color":"#0059a9"},"geometry":{"type":"Point","coordinates":[20.955594,52.295832]}},{"type":"Feature","properties":{"text":"Z1 Z3","n":2,"mode":"bus","angle":-90,"op":"Ząbki","color":"#0059a9"},"geometry":{"type":"Point","coordinates":[21.075808,52.261838]}},{"type":"Feature","properties":{"text":"251 710 742 L14 L16 N50","n":6,"mode":"bus","angle":-90,"op":"ZTM Warszawa — buses","color":"#0059a9"},"geometry":{"type":"Point","coordinates":[21.060396,52.144747]}},{"type":"Feature","properties":{"text":"710 L23 L24 L53","n":4,"mode":"bus","angle":0,"op":"ZTM Warszawa — buses","color":"#0059a9"},"geometry":{"type":"Point","coordinates":[21.037278,52.132471]}},{"type":"Feature","properties":{"text":"L16 L24","n":2,"mode":"bus","angle":90,"op":"ZTM Warszawa — buses","color":"#0059a9"},"geometry":{"type":"Point","coordinates":[21.048067,52.133415]}},{"type":"Feature","properties":{"text":"251 710","n":2,"mode":"bus","angle":-90,"op":"ZTM Warszawa — buses","color":"#0059a9"},"geometry":{"type":"Point","coordinates":[21.057314,52.137192]}},{"type":"Feature","properties":{"text":"710 L15 N50","n":3,"mode":"bus","angle":-90,"op":"ZTM Warszawa — buses","color":"#0059a9"},"geometry":{"type":"Point","coordinates":[21.057314,52.137192]}},{"type":"Feature","properties":{"text":"511 723 731 900 L-7 L49 N63","n":7,"mode":"bus","angle":-90,"op":"ZTM Warszawa — buses","color":"#0059a9"},"geometry":{"type":"Point","coordinates":[20.961759,52.293944]}},{"type":"Feature","properties":{"text":"516 518 N13","n":3,"mode":"bus","angle":-90,"op":"ZTM Warszawa — buses","color":"#0059a9"},"geometry":{"type":"Point","coordinates":[20.943264,52.28639]}},{"type":"Feature","properties":{"text":"M1 M2 M3","n":3,"mode":"bus","angle":-90,"op":"Otwock","color":"#0059a9"},"geometry":{"type":"Point","coordinates":[21.125127,52.156078]}},{"type":"Feature","properties":{"text":"702 M1 M2 M3 N72","n":5,"mode":"bus","angle":90,"op":"mix","color":"#0059a9"},"geometry":{"type":"Point","coordinates":[21.122045,52.157967]}},{"type":"Feature","properties":{"text":"705","n":1,"mode":"bus","angle":90,"op":"ZTM Warszawa — buses","color":"#0059a9"},"geometry":{"type":"Point","coordinates":[21.017242,52.318495]}},{"type":"Feature","properties":{"text":"705","n":1,"mode":"bus","angle":90,"op":"ZTM Warszawa — buses","color":"#0059a9"},"geometry":{"type":"Point","coordinates":[21.029572,52.32605]}},{"type":"Feature","properties":{"text":"709 710 L-2 L-5 L12 L13 L17 L18 L19 L23 L24 L25 L32 L39 L52 L54 L55 N83","n":18,"mode":"bus","angle":0,"op":"ZTM Warszawa — buses","color":"#0059a9"},"geometry":{"type":"Point","coordinates":[21.006454,52.128694]}},{"type":"Feature","properties":{"text":"709 L-1 L-3 L23 L24 L25 L39 L54 L55 N83","n":10,"mode":"bus","angle":-90,"op":"ZTM Warszawa — buses","color":"#0059a9"},"geometry":{"type":"Point","coordinates":[21.00183,52.125861]}},{"type":"Feature","properties":{"text":"709 727 739 L33 L39 N83","n":6,"mode":"bus","angle":-90,"op":"ZTM Warszawa — buses","color":"#0059a9"},"geometry":{"type":"Point","coordinates":[21.004913,52.139081]}},{"type":"Feature","properties":{"text":"709 727 739 L33 N83","n":5,"mode":"bus","angle":-90,"op":"ZTM Warszawa — buses","color":"#0059a9"},"geometry":{"type":"Point","coordinates":[21.004913,52.140969]}},{"type":"Feature","properties":{"text":"L-2 L-5 L12 L13 L17 L18 L19 L23 L24 L25 L32 L52 L54","n":13,"mode":"bus","angle":0,"op":"ZTM Warszawa — buses","color":"#0059a9"},"geometry":{"type":"Point","coordinates":[21.009536,52.128694]}},{"type":"Feature","properties":{"text":"723 L34","n":2,"mode":"bus","angle":90,"op":"ZTM Warszawa — buses","color":"#0059a9"},"geometry":{"type":"Point","coordinates":[20.943264,52.309052]}},{"type":"Feature","properties":{"text":"L34","n":1,"mode":"bus","angle":0,"op":"ZTM Warszawa — buses","color":"#0059a9"},"geometry":{"type":"Point","coordinates":[20.938641,52.311885]}},{"type":"Feature","properties":{"text":"W1","n":1,"mode":"bus","angle":0,"op":"Wieliszew","color":"#0059a9"},"geometry":{"type":"Point","coordinates":[20.938641,52.311885]}},{"type":"Feature","properties":{"text":"723 L10 L34","n":3,"mode":"bus","angle":90,"op":"ZTM Warszawa — buses","color":"#0059a9"},"geometry":{"type":"Point","coordinates":[20.943264,52.307164]}},{"type":"Feature","properties":{"text":"723 731 L10 L34 L41 N63","n":6,"mode":"bus","angle":0,"op":"ZTM Warszawa — buses","color":"#0059a9"},"geometry":{"type":"Point","coordinates":[20.95097,52.30622]}},{"type":"Feature","properties":{"text":"723 731 L41 N63","n":4,"mode":"bus","angle":90,"op":"ZTM Warszawa — buses","color":"#0059a9"},"geometry":{"type":"Point","coordinates":[20.949429,52.305275]}},{"type":"Feature","properties":{"text":"L19","n":1,"mode":"bus","angle":90,"op":"ZTM Warszawa — buses","color":"#0059a9"},"geometry":{"type":"Point","coordinates":[20.995665,52.120195]}},{"type":"Feature","properties":{"text":"L32","n":1,"mode":"bus","angle":-90,"op":"ZTM Warszawa — buses","color":"#0059a9"},"geometry":{"type":"Point","coordinates":[20.995665,52.122084]}},{"type":"Feature","properties":{"text":"L-2 L-3 L-5 L12 L13 L17 L18 L19 L32 L52","n":10,"mode":"bus","angle":-90,"op":"ZTM Warszawa — buses","color":"#0059a9"},"geometry":{"type":"Point","coordinates":[21.007995,52.125861]}},{"type":"Feature","properties":{"text":"L23 L24 L25 L39 L54 L55","n":6,"mode":"bus","angle":90,"op":"ZTM Warszawa — buses","color":"#0059a9"},"geometry":{"type":"Point","coordinates":[21.007995,52.123972]}},{"type":"Feature","properties":{"text":"727","n":1,"mode":"bus","angle":-90,"op":"ZTM Warszawa — buses","color":"#0059a9"},"geometry":{"type":"Point","coordinates":[21.01416,52.127749]}},{"type":"Feature","properties":{"text":"L23 L24 L25 L39","n":4,"mode":"bus","angle":90,"op":"ZTM Warszawa — buses","color":"#0059a9"},"geometry":{"type":"Point","coordinates":[21.01416,52.125861]}},{"type":"Feature","properties":{"text":"L-2 L-5 L12 L13 L17 L18 L19 L23 L24 L25 L32 L52 L53 L54","n":14,"mode":"bus","angle":0,"op":"ZTM Warszawa — buses","color":"#0059a9"},"geometry":{"type":"Point","coordinates":[21.012619,52.128694]}},{"type":"Feature","properties":{"text":"728 L-3 L-4","n":3,"mode":"bus","angle":-90,"op":"ZTM Warszawa — buses","color":"#0059a9"},"geometry":{"type":"Point","coordinates":[20.915522,52.123972]}},{"type":"Feature","properties":{"text":"L-8 L-9 L11","n":3,"mode":"bus","angle":0,"op":"mix","color":"#0059a9"},"geometry":{"type":"Point","coordinates":[20.972547,52.309997]}},{"type":"Feature","properties":{"text":"S4 S40","n":2,"mode":"skm","angle":0,"op":"mix","color":"#5a6672"},"geometry":{"type":"Point","coordinates":[20.972547,52.309997]}},{"type":"Feature","properties":{"text":"742 L21 L28","n":3,"mode":"bus","angle":-90,"op":"ZTM Warszawa — buses","color":"#0059a9"},"geometry":{"type":"Point","coordinates":[21.072726,52.137192]}},{"type":"Feature","properties":{"text":"60 62 65 817 N85","n":5,"mode":"bus","angle":-90,"op":"mix","color":"#0059a9"},"geometry":{"type":"Point","coordinates":[20.860039,52.178741]}},{"type":"Feature","properties":{"text":"66 78","n":2,"mode":"bus","angle":0,"op":"GPA Grodzisk — buses","color":"#0059a9"},"geometry":{"type":"Point","coordinates":[20.858498,52.179685]}},{"type":"Feature","properties":{"text":"L-9 L10 L11 W2 W3","n":5,"mode":"bus","angle":0,"op":"mix","color":"#0059a9"},"geometry":{"type":"Point","coordinates":[20.969465,52.321328]}},{"type":"Feature","properties":{"text":"L-9 L10 W3","n":3,"mode":"bus","angle":-90,"op":"mix","color":"#0059a9"},"geometry":{"type":"Point","coordinates":[20.964841,52.329827]}},{"type":"Feature","properties":{"text":"L11 L34 W2","n":3,"mode":"bus","angle":90,"op":"mix","color":"#0059a9"},"geometry":{"type":"Point","coordinates":[20.927852,52.318495]}},{"type":"Feature","properties":{"text":"L13 L28","n":2,"mode":"bus","angle":0,"op":"ZTM Warszawa — buses","color":"#0059a9"},"geometry":{"type":"Point","coordinates":[21.009536,52.115474]}},{"type":"Feature","properties":{"text":"L16","n":1,"mode":"bus","angle":90,"op":"ZTM Warszawa — buses","color":"#0059a9"},"geometry":{"type":"Point","coordinates":[21.048067,52.129638]}},{"type":"Feature","properties":{"text":"L23 L24 L25 L54","n":4,"mode":"bus","angle":0,"op":"ZTM Warszawa — buses","color":"#0059a9"},"geometry":{"type":"Point","coordinates":[21.015701,52.124917]}},{"type":"Feature","properties":{"text":"L23","n":1,"mode":"bus","angle":90,"op":"ZTM Warszawa — buses","color":"#0059a9"},"geometry":{"type":"Point","coordinates":[21.017242,52.123972]}},{"type":"Feature","properties":{"text":"L27","n":1,"mode":"bus","angle":90,"op":"ZTM Warszawa — buses","color":"#0059a9"},"geometry":{"type":"Point","coordinates":[21.097385,52.269392]}},{"type":"Feature","properties":{"text":"N62","n":1,"mode":"bus","angle":-90,"op":"ZTM Warszawa — buses","color":"#0059a9"},"geometry":{"type":"Point","coordinates":[21.100468,52.278835]}},{"type":"Feature","properties":{"text":"L38 R8","n":2,"mode":"bus","angle":-90,"op":"mix","color":"#0059a9"},"geometry":{"type":"Point","coordinates":[21.100468,52.280724]}},{"type":"Feature","properties":{"text":"L35 L37 L40 L44 N62","n":5,"mode":"bus","angle":0,"op":"ZTM Warszawa — buses","color":"#0059a9"},"geometry":{"type":"Point","coordinates":[21.108174,52.277891]}},{"type":"Feature","properties":{"text":"R8","n":1,"mode":"bus","angle":0,"op":"Radzymin","color":"#0059a9"},"geometry":{"type":"Point","coordinates":[21.102009,52.281668]}},{"type":"Feature","properties":{"text":"L40 L44","n":2,"mode":"bus","angle":90,"op":"ZTM Warszawa — buses","color":"#0059a9"},"geometry":{"type":"Point","coordinates":[21.10355,52.282612]}},{"type":"Feature","properties":{"text":"0 13 16 17 21 22 23 26 28 29 30 31 32 33 34 46 63 82 C1","n":19,"mode":"bus","angle":90,"op":"GPA Grodzisk — buses","color":"#0059a9"},"geometry":{"type":"Point","coordinates":[20.816885,52.165521]}},{"type":"Feature","properties":{"text":"0 13 16 17 18 24 25 26 29 45 46","n":11,"mode":"bus","angle":0,"op":"GPA Grodzisk — buses","color":"#0059a9"},"geometry":{"type":"Point","coordinates":[20.818426,52.166465]}},{"type":"Feature","properties":{"text":"0 13 15 24 26 27","n":6,"mode":"bus","angle":-90,"op":"GPA Grodzisk — buses","color":"#0059a9"},"geometry":{"type":"Point","coordinates":[20.813802,52.167409]}},{"type":"Feature","properties":{"text":"0 16 17 29 45 46 C1","n":7,"mode":"bus","angle":-90,"op":"GPA Grodzisk — buses","color":"#0059a9"},"geometry":{"type":"Point","coordinates":[20.819967,52.165521]}},{"type":"Feature","properties":{"text":"0 13 16 17 21 22 23 26 28 29 30 31 32 33 34 46 63 82","n":18,"mode":"bus","angle":90,"op":"GPA Grodzisk — buses","color":"#0059a9"},"geometry":{"type":"Point","coordinates":[20.816885,52.163632]}},{"type":"Feature","properties":{"text":"32","n":1,"mode":"bus","angle":0,"op":"GPA Grodzisk — buses","color":"#0059a9"},"geometry":{"type":"Point","coordinates":[20.815344,52.164577]}},{"type":"Feature","properties":{"text":"0 17 29 46 C1","n":5,"mode":"bus","angle":-90,"op":"GPA Grodzisk — buses","color":"#0059a9"},"geometry":{"type":"Point","coordinates":[20.82305,52.165521]}},{"type":"Feature","properties":{"text":"0 15 16 17 29 45 46 C1","n":8,"mode":"bus","angle":0,"op":"GPA Grodzisk — buses","color":"#0059a9"},"geometry":{"type":"Point","coordinates":[20.821508,52.166465]}},{"type":"Feature","properties":{"text":"0 21 22 82 C1","n":5,"mode":"bus","angle":-90,"op":"GPA Grodzisk — buses","color":"#0059a9"},"geometry":{"type":"Point","coordinates":[20.816885,52.161744]}},{"type":"Feature","properties":{"text":"10 11 12 13 19 40 42 43 67 77","n":10,"mode":"bus","angle":-90,"op":"GPA Grodzisk — buses","color":"#0059a9"},"geometry":{"type":"Point","coordinates":[20.807638,52.201404]}},{"type":"Feature","properties":{"text":"11 13 49","n":3,"mode":"bus","angle":-90,"op":"GPA Grodzisk — buses","color":"#0059a9"},"geometry":{"type":"Point","coordinates":[20.81072,52.199515]}},{"type":"Feature","properties":{"text":"12","n":1,"mode":"bus","angle":0,"op":"GPA Grodzisk — buses","color":"#0059a9"},"geometry":{"type":"Point","coordinates":[20.796849,52.217457]}},{"type":"Feature","properties":{"text":"15 23 45 55","n":4,"mode":"bus","angle":90,"op":"GPA Grodzisk — buses","color":"#0059a9"},"geometry":{"type":"Point","coordinates":[20.853874,52.154189]}},{"type":"Feature","properties":{"text":"15 25","n":2,"mode":"bus","angle":0,"op":"GPA Grodzisk — buses","color":"#0059a9"},"geometry":{"type":"Point","coordinates":[20.803014,52.164577]}},{"type":"Feature","properties":{"text":"17 46","n":2,"mode":"bus","angle":0,"op":"GPA Grodzisk — buses","color":"#0059a9"},"geometry":{"type":"Point","coordinates":[20.824591,52.170242]}},{"type":"Feature","properties":{"text":"15 45","n":2,"mode":"bus","angle":0,"op":"GPA Grodzisk — buses","color":"#0059a9"},"geometry":{"type":"Point","coordinates":[20.840003,52.160799]}},{"type":"Feature","properties":{"text":"21","n":1,"mode":"bus","angle":-90,"op":"GPA Grodzisk — buses","color":"#0059a9"},"geometry":{"type":"Point","coordinates":[20.804555,52.159855]}},{"type":"Feature","properties":{"text":"20 80","n":2,"mode":"bus","angle":90,"op":"GPA Grodzisk — buses","color":"#0059a9"},"geometry":{"type":"Point","coordinates":[20.776813,52.174964]}},{"type":"Feature","properties":{"text":"28","n":1,"mode":"bus","angle":0,"op":"GPA Grodzisk — buses","color":"#0059a9"},"geometry":{"type":"Point","coordinates":[20.815344,52.147579]}},{"type":"Feature","properties":{"text":"23 29 32 33 34 35 50","n":7,"mode":"bus","angle":0,"op":"GPA Grodzisk — buses","color":"#0059a9"},"geometry":{"type":"Point","coordinates":[20.843085,52.141914]}},{"type":"Feature","properties":{"text":"23 55","n":2,"mode":"bus","angle":0,"op":"GPA Grodzisk — buses","color":"#0059a9"},"geometry":{"type":"Point","coordinates":[20.86158,52.149468]}},{"type":"Feature","properties":{"text":"30","n":1,"mode":"bus","angle":0,"op":"GPA Grodzisk — buses","color":"#0059a9"},"geometry":{"type":"Point","coordinates":[20.827673,52.149468]}},{"type":"Feature","properties":{"text":"24","n":1,"mode":"bus","angle":0,"op":"GPA Grodzisk — buses","color":"#0059a9"},"geometry":{"type":"Point","coordinates":[20.784519,52.181574]}},{"type":"Feature","properties":{"text":"30 63 83","n":3,"mode":"bus","angle":90,"op":"GPA Grodzisk — buses","color":"#0059a9"},"geometry":{"type":"Point","coordinates":[20.847709,52.129638]}},{"type":"Feature","properties":{"text":"32","n":1,"mode":"bus","angle":90,"op":"GPA Grodzisk — buses","color":"#0059a9"},"geometry":{"type":"Point","coordinates":[20.875451,52.120195]}},{"type":"Feature","properties":{"text":"69","n":1,"mode":"bus","angle":90,"op":"GPA Grodzisk — buses","color":"#0059a9"},"geometry":{"type":"Point","coordinates":[20.835379,52.174964]}},{"type":"Feature","properties":{"text":"78","n":1,"mode":"bus","angle":-90,"op":"GPA Grodzisk — buses","color":"#0059a9"},"geometry":{"type":"Point","coordinates":[20.847709,52.184407]}},{"type":"Feature","properties":{"text":"P10","n":1,"mode":"bus","angle":0,"op":"Powiat miński","color":"#0059a9"},"geometry":{"type":"Point","coordinates":[21.225306,52.177797]}},{"type":"Feature","properties":{"text":"P05 P07 P08 P13 Z10","n":5,"mode":"bus","angle":0,"op":"Powiat miński","color":"#0059a9"},"geometry":{"type":"Point","coordinates":[21.197564,52.20046]}},{"type":"Feature","properties":{"text":"R1 R2 R4 R5","n":4,"mode":"bus","angle":90,"op":"Radzymin","color":"#0059a9"},"geometry":{"type":"Point","coordinates":[21.057314,52.318495]}},{"type":"Feature","properties":{"text":"R7","n":1,"mode":"bus","angle":90,"op":"Radzymin","color":"#0059a9"},"geometry":{"type":"Point","coordinates":[21.063479,52.305275]}},{"type":"Feature","properties":{"text":"S1 S2 S3","n":3,"mode":"skm","angle":0,"op":"SKM","color":"#5a6672"},"geometry":{"type":"Point","coordinates":[21.006454,52.236342]}},{"type":"Feature","properties":{"text":"123 135 141 143 148 N03","n":6,"mode":"bus","angle":90,"op":"ZTM Warszawa — buses","color":"#0059a9"},"geometry":{"type":"Point","coordinates":[21.075808,52.23351]}},{"type":"Feature","properties":{"text":"29 32 33 35","n":4,"mode":"bus","angle":-90,"op":"GPA Grodzisk — buses","color":"#0059a9"},"geometry":{"type":"Point","coordinates":[20.841544,52.142858]}}]}