{"type":"FeatureCollection","features":[{"type":"Feature","properties":{"id":"s0","name":"Kijowska","bus":1,"tram":1,"rail":0,"n":23,"imp":0.248,"node":1,"deg":5,"term":0,"major":1},"geometry":{"type":"Point","coordinates":[20.988804,52.226956]}},{"type":"Feature","properties":{"id":"s1","name":"Ząbkowska","bus":1,"tram":1,"rail":0,"n":20,"imp":0.224,"node":1,"deg":5,"term":0,"major":1},"geometry":{"type":"Point","coordinates":[20.986749,52.228215]}},{"type":"Feature","properties":{"id":"s2","name":"Dw. Wileński","bus":1,"tram":1,"rail":1,"n":36,"imp":0.463,"node":1,"deg":14,"term":1,"major":1},"geometry":{"type":"Point","coordinates":[20.984695,52.229474]}},{"type":"Feature","properties":{"id":"s3","name":"Ratuszowa - Zoo","bus":1,"tram":1,"rail":0,"n":7,"imp":0.111,"node":1,"deg":4,"term":0,"major":1},"geometry":{"type":"Point","coordinates":[20.980585,52.231992]}},{"type":"Feature","properties":{"id":"s4","name":"Pl. Hallera","bus":1,"tram":1,"rail":0,"n":14,"imp":0.246,"node":1,"deg":6,"term":1,"major":1},"geometry":{"type":"Point","coordinates":[20.980585,52.233251]}},{"type":"Feature","properties":{"id":"s5","name":"Rondo Starzyńskiego","bus":1,"tram":1,"rail":0,"n":15,"imp":0.196,"node":1,"deg":5,"term":1,"major":1},"geometry":{"type":"Point","coordinates":[20.978531,52.23451]}},{"type":"Feature","properties":{"id":"s6","name":"Golędzinów","bus":1,"tram":1,"rail":0,"n":4,"imp":0.067,"node":0,"deg":2,"term":0,"major":0},"geometry":{"type":"Point","coordinates":[20.97575,52.236215]}},{"type":"Feature","properties":{"id":"s7","name":"PIMOT","bus":1,"tram":1,"rail":0,"n":4,"imp":0.077,"node":1,"deg":3,"term":0,"major":0},"geometry":{"type":"Point","coordinates":[20.974422,52.238288]}},{"type":"Feature","properties":{"id":"s8","name":"Batalionu Platerówek","bus":0,"tram":1,"rail":0,"n":2,"imp":0.035,"node":0,"deg":2,"term":0,"major":0},"geometry":{"type":"Point","coordinates":[20.972367,52.239547]}},{"type":"Feature","properties":{"id":"s9","name":"Śliwice","bus":1,"tram":1,"rail":0,"n":4,"imp":0.077,"node":1,"deg":3,"term":0,"major":0},"geometry":{"type":"Point","coordinates":[20.970313,52.240806]}},{"type":"Feature","properties":{"id":"s10","name":"Budzińskiej-Tylickiej","bus":1,"tram":1,"rail":0,"n":4,"imp":0.067,"node":0,"deg":2,"term":0,"major":0},"geometry":{"type":"Point","coordinates":[20.969285,52.241435]}},{"type":"Feature","properties":{"id":"s11","name":"Dyrekcja FSO","bus":1,"tram":1,"rail":0,"n":4,"imp":0.077,"node":1,"deg":3,"term":0,"major":0},"geometry":{"type":"Point","coordinates":[20.968258,52.242065]}},{"type":"Feature","properties":{"id":"s12","name":"Żerań FSO","bus":1,"tram":1,"rail":0,"n":19,"imp":0.322,"node":1,"deg":6,"term":1,"major":1},"geometry":{"type":"Point","coordinates":[20.962094,52.244583]}},{"type":"Feature","properties":{"id":"s13","name":"Żerań FSO","bus":1,"tram":0,"rail":0,"n":7,"imp":0.085,"node":1,"deg":3,"term":0,"major":0},"geometry":{"type":"Point","coordinates":[20.962094,52.245842]}},{"type":"Feature","properties":{"id":"s14","name":"EC Żerań","bus":1,"tram":0,"rail":0,"n":13,"imp":0.143,"node":1,"deg":4,"term":0,"major":1},"geometry":{"type":"Point","coordinates":[20.96004,52.245842]}},{"type":"Feature","properties":{"id":"s15","name":"Kanał Żerański","bus":1,"tram":0,"rail":0,"n":13,"imp":0.143,"node":1,"deg":4,"term":0,"major":1},"geometry":{"type":"Point","coordinates":[20.96004,52.247101]}},{"type":"Feature","properties":{"id":"s16","name":"Konwaliowa","bus":1,"tram":0,"rail":0,"n":14,"imp":0.16,"node":1,"deg":5,"term":0,"major":1},"geometry":{"type":"Point","coordinates":[20.96004,52.24836]}},{"type":"Feature","properties":{"id":"s17","name":"Płochocińska","bus":1,"tram":0,"rail":0,"n":15,"imp":0.149,"node":1,"deg":3,"term":0,"major":1},"geometry":{"type":"Point","coordinates":[20.957985,52.249619]}},{"type":"Feature","properties":{"id":"s18","name":"Ekspresowa","bus":1,"tram":0,"rail":0,"n":11,"imp":0.127,"node":1,"deg":4,"term":0,"major":1},"geometry":{"type":"Point","coordinates":[20.953876,52.250878]}},{"type":"Feature","properties":{"id":"s19","name":"Obrazkowa","bus":1,"tram":0,"rail":0,"n":9,"imp":0.101,"node":1,"deg":3,"term":0,"major":1},"geometry":{"type":"Point","coordinates":[20.947712,52.250878]}},{"type":"Feature","properties":{"id":"s20","name":"Białołęka - Ratusz","bus":1,"tram":0,"rail":0,"n":13,"imp":0.152,"node":1,"deg":5,"term":0,"major":1},"geometry":{"type":"Point","coordinates":[20.949767,52.254655]}},{"type":"Feature","properties":{"id":"s21","name":"Drogowa","bus":1,"tram":0,"rail":0,"n":4,"imp":0.051,"node":0,"deg":2,"term":0,"major":0},"geometry":{"type":"Point","coordinates":[20.949767,52.256334]}},{"type":"Feature","properties":{"id":"s22","name":"Klasyków","bus":1,"tram":0,"rail":0,"n":4,"imp":0.061,"node":1,"deg":3,"term":0,"major":0},"geometry":{"type":"Point","coordinates":[20.949767,52.257173]}},{"type":"Feature","properties":{"id":"s23","name":"Henryków","bus":1,"tram":0,"rail":0,"n":5,"imp":0.098,"node":1,"deg":6,"term":0,"major":0},"geometry":{"type":"Point","coordinates":[20.947712,52.258432]}},{"type":"Feature","properties":{"id":"s24","name":"Żiżki","bus":1,"tram":0,"rail":0,"n":3,"imp":0.053,"node":1,"deg":3,"term":0,"major":0},"geometry":{"type":"Point","coordinates":[20.941548,52.258432]}},{"type":"Feature","properties":{"id":"s25","name":"Poetów","bus":1,"tram":0,"rail":0,"n":7,"imp":0.114,"node":1,"deg":6,"term":0,"major":1},"geometry":{"type":"Point","coordinates":[20.939494,52.259691]}},{"type":"Feature","properties":{"id":"s26","name":"Dąbrówka Szlachecka","bus":1,"tram":0,"rail":0,"n":6,"imp":0.067,"node":0,"deg":2,"term":0,"major":0},"geometry":{"type":"Point","coordinates":[20.938467,52.260321]}},{"type":"Feature","properties":{"id":"s27","name":"Buków","bus":1,"tram":0,"rail":0,"n":6,"imp":0.087,"node":1,"deg":4,"term":0,"major":0},"geometry":{"type":"Point","coordinates":[20.935385,52.262209]}},{"type":"Feature","properties":{"id":"s28","name":"Dw. Wschodni (Kijowska)","bus":1,"tram":1,"rail":1,"n":13,"imp":0.252,"node":1,"deg":5,"term":1,"major":1},"geometry":{"type":"Point","coordinates":[20.990858,52.228215]}},{"type":"Feature","properties":{"id":"s29","name":"Zajezdnia Praga","bus":1,"tram":1,"rail":1,"n":5,"imp":0.085,"node":1,"deg":3,"term":0,"major":0},"geometry":{"type":"Point","coordinates":[20.990858,52.229474]}},{"type":"Feature","properties":{"id":"s30","name":"Wojnicka","bus":0,"tram":1,"rail":0,"n":2,"imp":0.035,"node":0,"deg":2,"term":0,"major":0},"geometry":{"type":"Point","coordinates":[20.991886,52.230104]}},{"type":"Feature","properties":{"id":"s31","name":"Kawęczyńska - Bazylika","bus":0,"tram":1,"rail":0,"n":2,"imp":0.05,"node":1,"deg":1,"term":1,"major":0},"geometry":{"type":"Point","coordinates":[20.992913,52.230733]}},{"type":"Feature","properties":{"id":"s32","name":"Markowska","bus":1,"tram":0,"rail":0,"n":4,"imp":0.061,"node":1,"deg":3,"term":0,"major":0},"geometry":{"type":"Point","coordinates":[20.988804,52.229474]}},{"type":"Feature","properties":{"id":"s33","name":"Korsaka","bus":1,"tram":0,"rail":0,"n":4,"imp":0.051,"node":0,"deg":2,"term":0,"major":0},"geometry":{"type":"Point","coordinates":[20.989831,52.230104]}},{"type":"Feature","properties":{"id":"s34","name":"Śnieżna","bus":1,"tram":0,"rail":1,"n":7,"imp":0.111,"node":1,"deg":4,"term":0,"major":1},"geometry":{"type":"Point","coordinates":[20.990858,52.230733]}},{"type":"Feature","properties":{"id":"s35","name":"Naczelnikowska","bus":1,"tram":0,"rail":0,"n":4,"imp":0.061,"node":1,"deg":3,"term":0,"major":0},"geometry":{"type":"Point","coordinates":[20.992913,52.231992]}},{"type":"Feature","properties":{"id":"s36","name":"Siarczana","bus":1,"tram":0,"rail":0,"n":2,"imp":0.045,"node":1,"deg":3,"term":0,"major":0},"geometry":{"type":"Point","coordinates":[20.997022,52.229474]}},{"type":"Feature","properties":{"id":"s37","name":"Zabraniecka - Magazyny","bus":1,"tram":0,"rail":0,"n":1,"imp":0.027,"node":0,"deg":2,"term":0,"major":0},"geometry":{"type":"Point","coordinates":[20.998392,52.229474]}},{"type":"Feature","properties":{"id":"s38","name":"Zabraniecka - Bocznica","bus":1,"tram":0,"rail":0,"n":1,"imp":0.027,"node":0,"deg":2,"term":0,"major":0},"geometry":{"type":"Point","coordinates":[20.999761,52.229474]}},{"type":"Feature","properties":{"id":"s39","name":"Księżnej Anny","bus":1,"tram":0,"rail":0,"n":2,"imp":0.045,"node":1,"deg":3,"term":0,"major":0},"geometry":{"type":"Point","coordinates":[21.001131,52.229474]}},{"type":"Feature","properties":{"id":"s40","name":"Matuszewska","bus":1,"tram":0,"rail":0,"n":2,"imp":0.035,"node":0,"deg":2,"term":0,"major":0},"geometry":{"type":"Point","coordinates":[21.002672,52.229474]}},{"type":"Feature","properties":{"id":"s41","name":"Zabraniecka","bus":1,"tram":0,"rail":0,"n":2,"imp":0.035,"node":0,"deg":2,"term":0,"major":0},"geometry":{"type":"Point","coordinates":[21.004213,52.229474]}},{"type":"Feature","properties":{"id":"s42","name":"Łubinowa","bus":1,"tram":0,"rail":0,"n":2,"imp":0.035,"node":0,"deg":2,"term":0,"major":0},"geometry":{"type":"Point","coordinates":[21.005754,52.229474]}},{"type":"Feature","properties":{"id":"s43","name":"Utrata","bus":1,"tram":0,"rail":0,"n":2,"imp":0.05,"node":1,"deg":1,"term":1,"major":0},"geometry":{"type":"Point","coordinates":[21.007295,52.229474]}},{"type":"Feature","properties":{"id":"s44","name":"Chemiczna","bus":1,"tram":0,"rail":0,"n":4,"imp":0.051,"node":0,"deg":2,"term":0,"major":0},"geometry":{"type":"Point","coordinates":[20.995652,52.231153]}},{"type":"Feature","properties":{"id":"s45","name":"Hutnicza","bus":1,"tram":0,"rail":0,"n":4,"imp":0.051,"node":0,"deg":2,"term":0,"major":0},"geometry":{"type":"Point","coordinates":[20.996337,52.231573]}},{"type":"Feature","properties":{"id":"s46","name":"Rzeczna","bus":1,"tram":0,"rail":0,"n":4,"imp":0.071,"node":1,"deg":4,"term":0,"major":0},"geometry":{"type":"Point","coordinates":[20.997022,52.231992]}},{"type":"Feature","properties":{"id":"s47","name":"Bukowiecka","bus":1,"tram":0,"rail":0,"n":3,"imp":0.043,"node":0,"deg":2,"term":0,"major":0},"geometry":{"type":"Point","coordinates":[20.998049,52.231992]}},{"type":"Feature","properties":{"id":"s48","name":"Jesiotrowa","bus":1,"tram":0,"rail":0,"n":1,"imp":0.027,"node":0,"deg":2,"term":0,"major":0},"geometry":{"type":"Point","coordinates":[21.000104,52.233251]}},{"type":"Feature","properties":{"id":"s49","name":"Lniana","bus":1,"tram":0,"rail":0,"n":1,"imp":0.037,"node":1,"deg":3,"term":0,"major":0},"geometry":{"type":"Point","coordinates":[21.001131,52.233251]}},{"type":"Feature","properties":{"id":"s50","name":"Elsnerów","bus":1,"tram":0,"rail":0,"n":1,"imp":0.03,"node":1,"deg":1,"term":1,"major":0},"geometry":{"type":"Point","coordinates":[21.003186,52.231992]}},{"type":"Feature","properties":{"id":"s51","name":"Rzeszotarskiej","bus":1,"tram":0,"rail":0,"n":7,"imp":0.075,"node":0,"deg":2,"term":0,"major":0},"geometry":{"type":"Point","coordinates":[20.984695,52.231624]}},{"type":"Feature","properties":{"id":"s52","name":"Szwedzka","bus":1,"tram":0,"rail":1,"n":30,"imp":0.333,"node":1,"deg":8,"term":0,"major":1},"geometry":{"type":"Point","coordinates":[20.986749,52.233251]}},{"type":"Feature","properties":{"id":"s53","name":"Piotra Skargi","bus":1,"tram":0,"rail":0,"n":7,"imp":0.095,"node":1,"deg":4,"term":0,"major":0},"geometry":{"type":"Point","coordinates":[20.992913,52.233251]}},{"type":"Feature","properties":{"id":"s54","name":"Gorzykowska","bus":1,"tram":0,"rail":0,"n":6,"imp":0.077,"node":1,"deg":3,"term":0,"major":0},"geometry":{"type":"Point","coordinates":[20.992913,52.23451]}},{"type":"Feature","properties":{"id":"s55","name":"Bieżuńska","bus":1,"tram":0,"rail":0,"n":11,"imp":0.136,"node":1,"deg":5,"term":0,"major":1},"geometry":{"type":"Point","coordinates":[20.994967,52.23451]}},{"type":"Feature","properties":{"id":"s56","name":"Jórskiego","bus":1,"tram":0,"rail":0,"n":10,"imp":0.109,"node":1,"deg":3,"term":0,"major":1},"geometry":{"type":"Point","coordinates":[20.994967,52.235769]}},{"type":"Feature","properties":{"id":"s57","name":"Kościeliska","bus":1,"tram":0,"rail":0,"n":8,"imp":0.103,"node":1,"deg":4,"term":0,"major":1},"geometry":{"type":"Point","coordinates":[20.992913,52.237028]}},{"type":"Feature","properties":{"id":"s58","name":"Tużycka","bus":1,"tram":0,"rail":0,"n":7,"imp":0.075,"node":0,"deg":2,"term":0,"major":0},"geometry":{"type":"Point","coordinates":[20.992913,52.237658]}},{"type":"Feature","properties":{"id":"s59","name":"Młodzieńcza","bus":1,"tram":0,"rail":0,"n":10,"imp":0.119,"node":1,"deg":4,"term":0,"major":1},"geometry":{"type":"Point","coordinates":[20.992913,52.238288]}},{"type":"Feature","properties":{"id":"s60","name":"Codzienna","bus":1,"tram":0,"rail":0,"n":4,"imp":0.061,"node":1,"deg":3,"term":0,"major":0},"geometry":{"type":"Point","coordinates":[20.990858,52.240806]}},{"type":"Feature","properties":{"id":"s61","name":"Bohuszewiczówny","bus":1,"tram":0,"rail":0,"n":3,"imp":0.043,"node":0,"deg":2,"term":0,"major":0},"geometry":{"type":"Point","coordinates":[20.988686,52.242065]}},{"type":"Feature","properties":{"id":"s62","name":"Blokowa","bus":1,"tram":0,"rail":0,"n":1,"imp":0.027,"node":0,"deg":2,"term":0,"major":0},"geometry":{"type":"Point","coordinates":[20.989489,52.239966]}},{"type":"Feature","properties":{"id":"s63","name":"Lewinów","bus":1,"tram":0,"rail":0,"n":4,"imp":0.063,"node":1,"deg":2,"term":1,"major":0},"geometry":{"type":"Point","coordinates":[20.999077,52.238288]}},{"type":"Feature","properties":{"id":"s64","name":"Klamrowa","bus":1,"tram":0,"rail":0,"n":3,"imp":0.043,"node":0,"deg":2,"term":0,"major":0},"geometry":{"type":"Point","coordinates":[21.001858,52.236583]}},{"type":"Feature","properties":{"id":"s65","name":"Inżynierska","bus":1,"tram":1,"rail":0,"n":12,"imp":0.179,"node":1,"deg":7,"term":0,"major":1},"geometry":{"type":"Point","coordinates":[20.984695,52.231992]}},{"type":"Feature","properties":{"id":"s66","name":"Konopacka","bus":1,"tram":1,"rail":0,"n":6,"imp":0.122,"node":1,"deg":6,"term":0,"major":1},"geometry":{"type":"Point","coordinates":[20.986749,52.230733]}},{"type":"Feature","properties":{"id":"s67","name":"Środkowa","bus":0,"tram":1,"rail":0,"n":2,"imp":0.035,"node":0,"deg":2,"term":0,"major":0},"geometry":{"type":"Point","coordinates":[20.987776,52.230733]}},{"type":"Feature","properties":{"id":"s68","name":"Czynszowa","bus":0,"tram":1,"rail":0,"n":2,"imp":0.059,"node":1,"deg":2,"term":1,"major":0},"geometry":{"type":"Point","coordinates":[20.988804,52.230733]}},{"type":"Feature","properties":{"id":"s69","name":"Kamienna","bus":1,"tram":0,"rail":1,"n":9,"imp":0.117,"node":1,"deg":3,"term":0,"major":1},"geometry":{"type":"Point","coordinates":[20.984695,52.23451]}},{"type":"Feature","properties":{"id":"s70","name":"Bródnowska","bus":1,"tram":1,"rail":0,"n":5,"imp":0.114,"node":1,"deg":6,"term":0,"major":1},"geometry":{"type":"Point","coordinates":[20.984695,52.233251]}},{"type":"Feature","properties":{"id":"s71","name":"Harnasie","bus":1,"tram":0,"rail":0,"n":1,"imp":0.027,"node":0,"deg":2,"term":0,"major":0},"geometry":{"type":"Point","coordinates":[20.984695,52.232622]}},{"type":"Feature","properties":{"id":"s72","name":"Darwina","bus":1,"tram":0,"rail":0,"n":2,"imp":0.035,"node":0,"deg":2,"term":0,"major":0},"geometry":{"type":"Point","coordinates":[20.980585,52.233881]}},{"type":"Feature","properties":{"id":"s73","name":"Namysłowska","bus":1,"tram":1,"rail":0,"n":8,"imp":0.119,"node":1,"deg":4,"term":0,"major":1},"geometry":{"type":"Point","coordinates":[20.980585,52.23451]}},{"type":"Feature","properties":{"id":"s74","name":"11 Listopada","bus":1,"tram":0,"rail":0,"n":6,"imp":0.087,"node":1,"deg":4,"term":0,"major":0},"geometry":{"type":"Point","coordinates":[20.98264,52.23451]}},{"type":"Feature","properties":{"id":"s75","name":"Rondo Żaba","bus":1,"tram":1,"rail":1,"n":16,"imp":0.202,"node":1,"deg":6,"term":0,"major":1},"geometry":{"type":"Point","coordinates":[20.98264,52.235769]}},{"type":"Feature","properties":{"id":"s76","name":"Staniewicka","bus":1,"tram":1,"rail":1,"n":10,"imp":0.115,"node":0,"deg":2,"term":0,"major":1},"geometry":{"type":"Point","coordinates":[20.980585,52.237028]}},{"type":"Feature","properties":{"id":"s77","name":"Pożarowa","bus":1,"tram":1,"rail":1,"n":12,"imp":0.141,"node":1,"deg":3,"term":0,"major":1},"geometry":{"type":"Point","coordinates":[20.978531,52.238288]}},{"type":"Feature","properties":{"id":"s78","name":"Budowlana","bus":1,"tram":1,"rail":1,"n":12,"imp":0.141,"node":1,"deg":3,"term":0,"major":1},"geometry":{"type":"Point","coordinates":[20.976476,52.239547]}},{"type":"Feature","properties":{"id":"s79","name":"Julianowska","bus":0,"tram":1,"rail":0,"n":3,"imp":0.043,"node":0,"deg":2,"term":0,"major":0},"geometry":{"type":"Point","coordinates":[20.976476,52.240806]}},{"type":"Feature","properties":{"id":"s80","name":"Rembielińska","bus":1,"tram":1,"rail":0,"n":10,"imp":0.144,"node":1,"deg":5,"term":0,"major":1},"geometry":{"type":"Point","coordinates":[20.976476,52.242065]}},{"type":"Feature","properties":{"id":"s81","name":"Poborzańska","bus":0,"tram":1,"rail":0,"n":3,"imp":0.043,"node":0,"deg":2,"term":0,"major":0},"geometry":{"type":"Point","coordinates":[20.975449,52.242694]}},{"type":"Feature","properties":{"id":"s82","name":"Metro Bródno","bus":1,"tram":1,"rail":1,"n":14,"imp":0.236,"node":1,"deg":5,"term":1,"major":1},"geometry":{"type":"Point","coordinates":[20.974422,52.243324]}},{"type":"Feature","properties":{"id":"s83","name":"Toruńska","bus":1,"tram":1,"rail":0,"n":7,"imp":0.13,"node":1,"deg":6,"term":0,"major":1},"geometry":{"type":"Point","coordinates":[20.972367,52.244583]}},{"type":"Feature","properties":{"id":"s84","name":"Annopol","bus":0,"tram":1,"rail":0,"n":2,"imp":0.05,"node":1,"deg":1,"term":1,"major":0},"geometry":{"type":"Point","coordinates":[20.970313,52.245842]}},{"type":"Feature","properties":{"id":"s85","name":"Inowłodzka","bus":1,"tram":1,"rail":0,"n":4,"imp":0.067,"node":0,"deg":2,"term":0,"major":0},"geometry":{"type":"Point","coordinates":[20.969586,52.246287]}},{"type":"Feature","properties":{"id":"s86","name":"Odlewnicza","bus":1,"tram":1,"rail":0,"n":5,"imp":0.095,"node":1,"deg":4,"term":0,"major":0},"geometry":{"type":"Point","coordinates":[20.968258,52.24836]}},{"type":"Feature","properties":{"id":"s87","name":"Faradaya","bus":1,"tram":1,"rail":0,"n":5,"imp":0.085,"node":1,"deg":3,"term":0,"major":0},"geometry":{"type":"Point","coordinates":[20.966203,52.24836]}},{"type":"Feature","properties":{"id":"s88","name":"Żerań Wschodni","bus":1,"tram":1,"rail":0,"n":5,"imp":0.121,"node":1,"deg":3,"term":1,"major":1},"geometry":{"type":"Point","coordinates":[20.966203,52.249619]}},{"type":"Feature","properties":{"id":"s89","name":"Fabryka Pomp","bus":1,"tram":0,"rail":1,"n":7,"imp":0.111,"node":1,"deg":4,"term":0,"major":1},"geometry":{"type":"Point","coordinates":[20.966203,52.247101]}},{"type":"Feature","properties":{"id":"s90","name":"Daniszewska","bus":1,"tram":0,"rail":1,"n":7,"imp":0.091,"node":0,"deg":2,"term":0,"major":0},"geometry":{"type":"Point","coordinates":[20.965176,52.24773]}},{"type":"Feature","properties":{"id":"s91","name":"Marywilska - Las","bus":1,"tram":0,"rail":1,"n":7,"imp":0.101,"node":1,"deg":3,"term":0,"major":1},"geometry":{"type":"Point","coordinates":[20.964149,52.24836]}},{"type":"Feature","properties":{"id":"s92","name":"PKP Żerań","bus":1,"tram":0,"rail":1,"n":11,"imp":0.162,"node":1,"deg":6,"term":0,"major":1},"geometry":{"type":"Point","coordinates":[20.962094,52.250878]}},{"type":"Feature","properties":{"id":"s93","name":"Os. Marywilska","bus":1,"tram":0,"rail":1,"n":7,"imp":0.101,"node":1,"deg":3,"term":0,"major":1},"geometry":{"type":"Point","coordinates":[20.962094,52.253396]}},{"type":"Feature","properties":{"id":"s94","name":"Marcelin","bus":1,"tram":0,"rail":1,"n":7,"imp":0.101,"node":1,"deg":3,"term":0,"major":1},"geometry":{"type":"Point","coordinates":[20.957985,52.253396]}},{"type":"Feature","properties":{"id":"s95","name":"Smugowa","bus":1,"tram":0,"rail":1,"n":5,"imp":0.075,"node":0,"deg":2,"term":0,"major":0},"geometry":{"type":"Point","coordinates":[20.956958,52.254026]}},{"type":"Feature","properties":{"id":"s96","name":"Zyndrama z Maszkowic","bus":1,"tram":0,"rail":1,"n":5,"imp":0.085,"node":1,"deg":3,"term":0,"major":0},"geometry":{"type":"Point","coordinates":[20.95593,52.254655]}},{"type":"Feature","properties":{"id":"s97","name":"Insurekcji","bus":1,"tram":0,"rail":0,"n":2,"imp":0.035,"node":0,"deg":2,"term":0,"major":0},"geometry":{"type":"Point","coordinates":[20.955109,52.258936]}},{"type":"Feature","properties":{"id":"s98","name":"Parowozowa","bus":1,"tram":0,"rail":0,"n":2,"imp":0.035,"node":0,"deg":2,"term":0,"major":0},"geometry":{"type":"Point","coordinates":[20.954287,52.25944]}},{"type":"Feature","properties":{"id":"s99","name":"Polfa","bus":1,"tram":0,"rail":0,"n":1,"imp":0.018,"node":1,"deg":1,"term":0,"major":0},"geometry":{"type":"Point","coordinates":[20.95593,52.252137]}},{"type":"Feature","properties":{"id":"s100","name":"Fletniowa","bus":1,"tram":0,"rail":0,"n":1,"imp":0.027,"node":0,"deg":2,"term":0,"major":0},"geometry":{"type":"Point","coordinates":[20.952506,52.257173]}},{"type":"Feature","properties":{"id":"s101","name":"PKP Płudy","bus":1,"tram":0,"rail":0,"n":3,"imp":0.063,"node":1,"deg":4,"term":0,"major":0},"geometry":{"type":"Point","coordinates":[20.953876,52.257173]}},{"type":"Feature","properties":{"id":"s102","name":"Ołówkowa","bus":1,"tram":0,"rail":0,"n":3,"imp":0.053,"node":1,"deg":3,"term":0,"major":0},"geometry":{"type":"Point","coordinates":[20.95593,52.258432]}},{"type":"Feature","properties":{"id":"s103","name":"Wałuszewska","bus":1,"tram":0,"rail":0,"n":1,"imp":0.027,"node":0,"deg":2,"term":0,"major":0},"geometry":{"type":"Point","coordinates":[20.958135,52.258432]}},{"type":"Feature","properties":{"id":"s104","name":"Żyrardowska","bus":1,"tram":0,"rail":0,"n":1,"imp":0.027,"node":0,"deg":2,"term":0,"major":0},"geometry":{"type":"Point","coordinates":[20.96034,52.258432]}},{"type":"Feature","properties":{"id":"s105","name":"Ambaras","bus":1,"tram":0,"rail":0,"n":1,"imp":0.027,"node":0,"deg":2,"term":0,"major":0},"geometry":{"type":"Point","coordinates":[20.962544,52.258432]}},{"type":"Feature","properties":{"id":"s106","name":"Zegarynki","bus":1,"tram":0,"rail":0,"n":1,"imp":0.027,"node":0,"deg":2,"term":0,"major":0},"geometry":{"type":"Point","coordinates":[20.964573,52.258172]}},{"type":"Feature","properties":{"id":"s107","name":"Białołęka Dworska","bus":1,"tram":0,"rail":0,"n":1,"imp":0.027,"node":0,"deg":2,"term":0,"major":0},"geometry":{"type":"Point","coordinates":[20.966132,52.257217]}},{"type":"Feature","properties":{"id":"s108","name":"Czeremchowa","bus":1,"tram":0,"rail":0,"n":1,"imp":0.027,"node":0,"deg":2,"term":0,"major":0},"geometry":{"type":"Point","coordinates":[20.948739,52.259062]}},{"type":"Feature","properties":{"id":"s109","name":"Orchowiecka","bus":1,"tram":0,"rail":0,"n":1,"imp":0.027,"node":0,"deg":2,"term":0,"major":0},"geometry":{"type":"Point","coordinates":[20.949767,52.259691]}},{"type":"Feature","properties":{"id":"s110","name":"Parcelacyjna","bus":1,"tram":0,"rail":0,"n":1,"imp":0.027,"node":0,"deg":2,"term":0,"major":0},"geometry":{"type":"Point","coordinates":[20.950794,52.260321]}},{"type":"Feature","properties":{"id":"s111","name":"Polnych Kwiatów","bus":1,"tram":0,"rail":0,"n":2,"imp":0.035,"node":0,"deg":2,"term":0,"major":0},"geometry":{"type":"Point","coordinates":[20.952643,52.260447]}},{"type":"Feature","properties":{"id":"s112","name":"Raciborska","bus":1,"tram":0,"rail":0,"n":3,"imp":0.043,"node":0,"deg":2,"term":0,"major":0},"geometry":{"type":"Point","coordinates":[20.951821,52.262209]}},{"type":"Feature","properties":{"id":"s113","name":"Choszczówka","bus":1,"tram":0,"rail":0,"n":3,"imp":0.079,"node":1,"deg":2,"term":1,"major":0},"geometry":{"type":"Point","coordinates":[20.951821,52.263468]}},{"type":"Feature","properties":{"id":"s114","name":"Chęcińska","bus":1,"tram":0,"rail":0,"n":2,"imp":0.045,"node":1,"deg":3,"term":0,"major":0},"geometry":{"type":"Point","coordinates":[20.945658,52.257173]}},{"type":"Feature","properties":{"id":"s115","name":"Leśnej Polanki","bus":1,"tram":0,"rail":0,"n":3,"imp":0.063,"node":1,"deg":4,"term":0,"major":0},"geometry":{"type":"Point","coordinates":[20.939494,52.255914]}},{"type":"Feature","properties":{"id":"s116","name":"Talarowa","bus":1,"tram":0,"rail":0,"n":1,"imp":0.027,"node":0,"deg":2,"term":0,"major":0},"geometry":{"type":"Point","coordinates":[20.938809,52.255495]}},{"type":"Feature","properties":{"id":"s117","name":"Nowodworska","bus":1,"tram":0,"rail":0,"n":2,"imp":0.035,"node":0,"deg":2,"term":0,"major":0},"geometry":{"type":"Point","coordinates":[20.934959,52.253396]}},{"type":"Feature","properties":{"id":"s118","name":"Czerwińska","bus":1,"tram":0,"rail":0,"n":1,"imp":0.027,"node":0,"deg":2,"term":0,"major":0},"geometry":{"type":"Point","coordinates":[20.990173,52.240386]}},{"type":"Feature","properties":{"id":"s119","name":"Stare Świdry","bus":1,"tram":1,"rail":0,"n":6,"imp":0.103,"node":1,"deg":4,"term":0,"major":1},"geometry":{"type":"Point","coordinates":[20.945658,52.252137]}},{"type":"Feature","properties":{"id":"s120","name":"Stanisławów","bus":1,"tram":0,"rail":0,"n":2,"imp":0.035,"node":0,"deg":2,"term":0,"major":0},"geometry":{"type":"Point","coordinates":[20.964149,52.265254]}},{"type":"Feature","properties":{"id":"s121","name":"Wartka","bus":1,"tram":0,"rail":0,"n":6,"imp":0.067,"node":0,"deg":2,"term":0,"major":0},"geometry":{"type":"Point","coordinates":[20.959154,52.250335]}},{"type":"Feature","properties":{"id":"s122","name":"Cementownia","bus":1,"tram":0,"rail":0,"n":6,"imp":0.067,"node":0,"deg":2,"term":0,"major":0},"geometry":{"type":"Point","coordinates":[20.960441,52.250878]}},{"type":"Feature","properties":{"id":"s123","name":"Płytowa","bus":1,"tram":0,"rail":0,"n":6,"imp":0.087,"node":1,"deg":4,"term":0,"major":0},"geometry":{"type":"Point","coordinates":[20.964149,52.252137]}},{"type":"Feature","properties":{"id":"s124","name":"Zaplecze","bus":1,"tram":0,"rail":0,"n":4,"imp":0.061,"node":1,"deg":3,"term":0,"major":0},"geometry":{"type":"Point","coordinates":[20.968258,52.252137]}},{"type":"Feature","properties":{"id":"s125","name":"Zakłady Zbożowe","bus":1,"tram":0,"rail":0,"n":4,"imp":0.051,"node":0,"deg":2,"term":0,"major":0},"geometry":{"type":"Point","coordinates":[20.969628,52.252976]}},{"type":"Feature","properties":{"id":"s126","name":"Bruszewska","bus":1,"tram":0,"rail":0,"n":4,"imp":0.051,"node":0,"deg":2,"term":0,"major":0},"geometry":{"type":"Point","coordinates":[20.970997,52.253816]}},{"type":"Feature","properties":{"id":"s127","name":"Nowiny","bus":1,"tram":0,"rail":0,"n":5,"imp":0.069,"node":1,"deg":3,"term":0,"major":0},"geometry":{"type":"Point","coordinates":[20.972367,52.254655]}},{"type":"Feature","properties":{"id":"s128","name":"Tomaszew","bus":1,"tram":0,"rail":0,"n":5,"imp":0.059,"node":0,"deg":2,"term":0,"major":0},"geometry":{"type":"Point","coordinates":[20.970463,52.255822]}},{"type":"Feature","properties":{"id":"s129","name":"Szamocin","bus":1,"tram":0,"rail":0,"n":5,"imp":0.059,"node":0,"deg":2,"term":0,"major":0},"geometry":{"type":"Point","coordinates":[20.966655,52.258156]}},{"type":"Feature","properties":{"id":"s130","name":"Kobiałka","bus":1,"tram":0,"rail":0,"n":5,"imp":0.069,"node":1,"deg":3,"term":0,"major":0},"geometry":{"type":"Point","coordinates":[20.966203,52.259691]}},{"type":"Feature","properties":{"id":"s131","name":"Długorzeczna","bus":1,"tram":0,"rail":0,"n":3,"imp":0.043,"node":0,"deg":2,"term":0,"major":0},"geometry":{"type":"Point","coordinates":[20.966203,52.260636]}},{"type":"Feature","properties":{"id":"s132","name":"Rembelszczyzna Grabina","bus":1,"tram":0,"rail":0,"n":3,"imp":0.043,"node":0,"deg":2,"term":0,"major":0},"geometry":{"type":"Point","coordinates":[20.966203,52.26158]}},{"type":"Feature","properties":{"id":"s133","name":"Myszkowska","bus":1,"tram":0,"rail":0,"n":6,"imp":0.077,"node":1,"deg":3,"term":0,"major":0},"geometry":{"type":"Point","coordinates":[20.990858,52.23451]}},{"type":"Feature","properties":{"id":"s134","name":"Metro Targówek Mieszkaniowy","bus":1,"tram":0,"rail":1,"n":15,"imp":0.175,"node":1,"deg":4,"term":0,"major":1},"geometry":{"type":"Point","coordinates":[20.988804,52.23451]}},{"type":"Feature","properties":{"id":"s135","name":"DKS Targówek","bus":1,"tram":0,"rail":0,"n":12,"imp":0.135,"node":1,"deg":4,"term":0,"major":1},"geometry":{"type":"Point","coordinates":[20.986749,52.235769]}},{"type":"Feature","properties":{"id":"s136","name":"Handlowa","bus":1,"tram":0,"rail":0,"n":6,"imp":0.077,"node":1,"deg":3,"term":0,"major":0},"geometry":{"type":"Point","coordinates":[20.988804,52.235769]}},{"type":"Feature","properties":{"id":"s137","name":"Metro Trocka","bus":1,"tram":0,"rail":1,"n":10,"imp":0.192,"node":1,"deg":5,"term":1,"major":1},"geometry":{"type":"Point","coordinates":[20.988804,52.237028]}},{"type":"Feature","properties":{"id":"s138","name":"Metro Zacisze","bus":1,"tram":0,"rail":1,"n":2,"imp":0.071,"node":1,"deg":4,"term":0,"major":0},"geometry":{"type":"Point","coordinates":[20.988804,52.239547]}},{"type":"Feature","properties":{"id":"s139","name":"Rogowska","bus":1,"tram":0,"rail":0,"n":6,"imp":0.067,"node":0,"deg":2,"term":0,"major":0},"geometry":{"type":"Point","coordinates":[20.983667,52.236399]}},{"type":"Feature","properties":{"id":"s140","name":"Kołowa","bus":1,"tram":0,"rail":0,"n":6,"imp":0.077,"node":1,"deg":3,"term":0,"major":0},"geometry":{"type":"Point","coordinates":[20.984695,52.237028]}},{"type":"Feature","properties":{"id":"s141","name":"Cm. Bródnowski","bus":1,"tram":0,"rail":0,"n":12,"imp":0.125,"node":1,"deg":3,"term":0,"major":1},"geometry":{"type":"Point","coordinates":[20.984695,52.238288]}},{"type":"Feature","properties":{"id":"s142","name":"Żuromińska","bus":1,"tram":0,"rail":0,"n":12,"imp":0.147,"node":1,"deg":4,"term":1,"major":1},"geometry":{"type":"Point","coordinates":[20.98264,52.240806]}},{"type":"Feature","properties":{"id":"s143","name":"Metro Kondratowicza","bus":1,"tram":0,"rail":1,"n":20,"imp":0.27,"node":1,"deg":6,"term":1,"major":1},"geometry":{"type":"Point","coordinates":[20.98264,52.242065]}},{"type":"Feature","properties":{"id":"s144","name":"Szpital Bródnowski","bus":1,"tram":0,"rail":1,"n":16,"imp":0.183,"node":1,"deg":4,"term":0,"major":1},"geometry":{"type":"Point","coordinates":[20.980585,52.243324]}},{"type":"Feature","properties":{"id":"s145","name":"Park Bródnowski","bus":1,"tram":0,"rail":1,"n":3,"imp":0.059,"node":0,"deg":2,"term":0,"major":0},"geometry":{"type":"Point","coordinates":[20.977504,52.243324]}},{"type":"Feature","properties":{"id":"s146","name":"Knapika","bus":1,"tram":0,"rail":0,"n":4,"imp":0.061,"node":1,"deg":3,"term":0,"major":0},"geometry":{"type":"Point","coordinates":[20.98264,52.243324]}},{"type":"Feature","properties":{"id":"s147","name":"Suwalska","bus":1,"tram":0,"rail":0,"n":8,"imp":0.093,"node":1,"deg":3,"term":0,"major":0},"geometry":{"type":"Point","coordinates":[20.976476,52.244583]}},{"type":"Feature","properties":{"id":"s148","name":"Rolanda","bus":1,"tram":0,"rail":0,"n":2,"imp":0.045,"node":1,"deg":3,"term":0,"major":0},"geometry":{"type":"Point","coordinates":[20.986749,52.238288]}},{"type":"Feature","properties":{"id":"s149","name":"Bródno - Podgrodzie","bus":1,"tram":0,"rail":0,"n":7,"imp":0.15,"node":1,"deg":1,"term":1,"major":1},"geometry":{"type":"Point","coordinates":[20.980585,52.245842]}},{"type":"Feature","properties":{"id":"s150","name":"Łojewska","bus":1,"tram":0,"rail":0,"n":10,"imp":0.109,"node":1,"deg":3,"term":0,"major":1},"geometry":{"type":"Point","coordinates":[20.980585,52.244583]}},{"type":"Feature","properties":{"id":"s151","name":"Klub Lira","bus":1,"tram":0,"rail":0,"n":4,"imp":0.051,"node":0,"deg":2,"term":0,"major":0},"geometry":{"type":"Point","coordinates":[20.978531,52.244583]}},{"type":"Feature","properties":{"id":"s152","name":"Chodecka","bus":1,"tram":0,"rail":0,"n":8,"imp":0.103,"node":1,"deg":4,"term":0,"major":1},"geometry":{"type":"Point","coordinates":[20.978531,52.242065]}},{"type":"Feature","properties":{"id":"s153","name":"Wyszogrodzka","bus":1,"tram":0,"rail":0,"n":6,"imp":0.067,"node":0,"deg":2,"term":0,"major":0},"geometry":{"type":"Point","coordinates":[20.977504,52.242065]}},{"type":"Feature","properties":{"id":"s154","name":"Bartnicza","bus":1,"tram":0,"rail":1,"n":14,"imp":0.157,"node":1,"deg":3,"term":0,"major":1},"geometry":{"type":"Point","coordinates":[20.974422,52.240806]}},{"type":"Feature","properties":{"id":"s155","name":"Bazyliańska","bus":1,"tram":0,"rail":1,"n":17,"imp":0.191,"node":1,"deg":4,"term":0,"major":1},"geometry":{"type":"Point","coordinates":[20.970313,52.243324]}},{"type":"Feature","properties":{"id":"s156","name":"PKP Toruńska","bus":1,"tram":0,"rail":1,"n":15,"imp":0.184,"node":1,"deg":5,"term":0,"major":1},"geometry":{"type":"Point","coordinates":[20.966203,52.244583]}},{"type":"Feature","properties":{"id":"s157","name":"Wołomińska","bus":1,"tram":0,"rail":0,"n":4,"imp":0.051,"node":0,"deg":2,"term":0,"major":0},"geometry":{"type":"Point","coordinates":[20.991886,52.231363]}},{"type":"Feature","properties":{"id":"s158","name":"Św. Hieronima","bus":1,"tram":0,"rail":0,"n":5,"imp":0.059,"node":0,"deg":2,"term":0,"major":0},"geometry":{"type":"Point","coordinates":[20.972367,52.243324]}},{"type":"Feature","properties":{"id":"s159","name":"Pelcowizna","bus":1,"tram":0,"rail":1,"n":12,"imp":0.151,"node":1,"deg":4,"term":0,"major":1},"geometry":{"type":"Point","coordinates":[20.968258,52.244583]}},{"type":"Feature","properties":{"id":"s160","name":"Park Praski","bus":1,"tram":1,"rail":0,"n":19,"imp":0.197,"node":1,"deg":3,"term":0,"major":1},"geometry":{"type":"Point","coordinates":[20.984695,52.228215]}},{"type":"Feature","properties":{"id":"s161","name":"Wybrzeże Helskie","bus":1,"tram":1,"rail":1,"n":13,"imp":0.159,"node":1,"deg":4,"term":0,"major":1},"geometry":{"type":"Point","coordinates":[20.976476,52.23451]}},{"type":"Feature","properties":{"id":"s162","name":"Kopijników","bus":1,"tram":0,"rail":0,"n":2,"imp":0.045,"node":1,"deg":3,"term":0,"major":0},"geometry":{"type":"Point","coordinates":[20.974422,52.247101]}},{"type":"Feature","properties":{"id":"s163","name":"Gryfitów","bus":1,"tram":0,"rail":0,"n":2,"imp":0.035,"node":0,"deg":2,"term":0,"major":0},"geometry":{"type":"Point","coordinates":[20.973394,52.24773]}},{"type":"Feature","properties":{"id":"s164","name":"Gryfitów","bus":1,"tram":0,"rail":0,"n":1,"imp":0.027,"node":0,"deg":2,"term":0,"major":0},"geometry":{"type":"Point","coordinates":[20.975791,52.24794]}},{"type":"Feature","properties":{"id":"s165","name":"Wielkiego Dębu","bus":1,"tram":0,"rail":0,"n":2,"imp":0.045,"node":1,"deg":3,"term":0,"major":0},"geometry":{"type":"Point","coordinates":[20.972367,52.24836]}},{"type":"Feature","properties":{"id":"s166","name":"Zbyszka z Bogdańca","bus":1,"tram":0,"rail":0,"n":1,"imp":0.027,"node":0,"deg":2,"term":0,"major":0},"geometry":{"type":"Point","coordinates":[20.972367,52.248989]}},{"type":"Feature","properties":{"id":"s167","name":"Danusi","bus":1,"tram":0,"rail":0,"n":4,"imp":0.071,"node":1,"deg":4,"term":0,"major":0},"geometry":{"type":"Point","coordinates":[20.972367,52.249619]}},{"type":"Feature","properties":{"id":"s168","name":"Danusi","bus":1,"tram":0,"rail":0,"n":4,"imp":0.051,"node":0,"deg":2,"term":0,"major":0},"geometry":{"type":"Point","coordinates":[20.968943,52.250039]}},{"type":"Feature","properties":{"id":"s169","name":"Przydrożna","bus":1,"tram":0,"rail":0,"n":4,"imp":0.061,"node":1,"deg":3,"term":0,"major":0},"geometry":{"type":"Point","coordinates":[20.970313,52.250878]}},{"type":"Feature","properties":{"id":"s170","name":"Przyjazna","bus":1,"tram":0,"rail":0,"n":3,"imp":0.063,"node":1,"deg":4,"term":0,"major":0},"geometry":{"type":"Point","coordinates":[20.972367,52.252137]}},{"type":"Feature","properties":{"id":"s171","name":"Dobka z Oleśnicy","bus":1,"tram":0,"rail":0,"n":3,"imp":0.043,"node":0,"deg":2,"term":0,"major":0},"geometry":{"type":"Point","coordinates":[20.972367,52.252767]}},{"type":"Feature","properties":{"id":"s172","name":"Białołęka - Kanał","bus":1,"tram":0,"rail":0,"n":4,"imp":0.083,"node":1,"deg":4,"term":1,"major":0},"geometry":{"type":"Point","coordinates":[20.972367,52.253396]}},{"type":"Feature","properties":{"id":"s173","name":"Łokietka","bus":1,"tram":0,"rail":0,"n":2,"imp":0.035,"node":0,"deg":2,"term":0,"major":0},"geometry":{"type":"Point","coordinates":[20.992629,52.237202]}},{"type":"Feature","properties":{"id":"s174","name":"Samarytanka","bus":1,"tram":0,"rail":0,"n":2,"imp":0.035,"node":0,"deg":2,"term":0,"major":0},"geometry":{"type":"Point","coordinates":[20.990056,52.238288]}},{"type":"Feature","properties":{"id":"s175","name":"CH Targówek","bus":1,"tram":0,"rail":0,"n":9,"imp":0.144,"node":1,"deg":5,"term":1,"major":1},"geometry":{"type":"Point","coordinates":[20.984695,52.244583]}},{"type":"Feature","properties":{"id":"s176","name":"Os. Lewandów I","bus":1,"tram":0,"rail":0,"n":5,"imp":0.059,"node":0,"deg":2,"term":0,"major":0},"geometry":{"type":"Point","coordinates":[20.985722,52.24773]}},{"type":"Feature","properties":{"id":"s177","name":"Okrągła","bus":1,"tram":0,"rail":0,"n":5,"imp":0.059,"node":0,"deg":2,"term":0,"major":0},"geometry":{"type":"Point","coordinates":[20.986749,52.249619]}},{"type":"Feature","properties":{"id":"s178","name":"Grodzisk","bus":1,"tram":0,"rail":0,"n":7,"imp":0.109,"node":1,"deg":3,"term":1,"major":1},"geometry":{"type":"Point","coordinates":[20.986749,52.250878]}},{"type":"Feature","properties":{"id":"s179","name":"Kąty Grodziskie","bus":1,"tram":0,"rail":0,"n":7,"imp":0.095,"node":1,"deg":4,"term":0,"major":0},"geometry":{"type":"Point","coordinates":[20.984695,52.252137]}},{"type":"Feature","properties":{"id":"s180","name":"Arena Legionowo","bus":1,"tram":0,"rail":0,"n":3,"imp":0.053,"node":1,"deg":3,"term":0,"major":0},"geometry":{"type":"Point","coordinates":[20.925112,52.269764]}},{"type":"Feature","properties":{"id":"s181","name":"Jabłonna Buchnik","bus":1,"tram":0,"rail":0,"n":3,"imp":0.043,"node":0,"deg":2,"term":0,"major":0},"geometry":{"type":"Point","coordinates":[20.932362,52.262209]}},{"type":"Feature","properties":{"id":"s182","name":"Jabłonna Piaskowa","bus":1,"tram":0,"rail":0,"n":3,"imp":0.043,"node":0,"deg":2,"term":0,"major":0},"geometry":{"type":"Point","coordinates":[20.929338,52.262209]}},{"type":"Feature","properties":{"id":"s183","name":"Jabłonna Szkolna","bus":1,"tram":0,"rail":0,"n":5,"imp":0.069,"node":1,"deg":3,"term":0,"major":0},"geometry":{"type":"Point","coordinates":[20.927166,52.263468]}},{"type":"Feature","properties":{"id":"s184","name":"Jabłonna Pałac","bus":1,"tram":0,"rail":0,"n":5,"imp":0.088,"node":1,"deg":5,"term":0,"major":0},"geometry":{"type":"Point","coordinates":[20.925112,52.264728]}},{"type":"Feature","properties":{"id":"s185","name":"Jabłonna Szarych Szeregów","bus":1,"tram":0,"rail":0,"n":4,"imp":0.08,"node":1,"deg":5,"term":0,"major":0},"geometry":{"type":"Point","coordinates":[20.929221,52.267246]}},{"type":"Feature","properties":{"id":"s186","name":"Legionowo Sobieskiego","bus":1,"tram":0,"rail":0,"n":4,"imp":0.051,"node":0,"deg":2,"term":0,"major":0},"geometry":{"type":"Point","coordinates":[20.929221,52.267875]}},{"type":"Feature","properties":{"id":"s187","name":"Legionowo Sowińskiego","bus":1,"tram":0,"rail":0,"n":4,"imp":0.051,"node":0,"deg":2,"term":0,"major":0},"geometry":{"type":"Point","coordinates":[20.933029,52.26743]}},{"type":"Feature","properties":{"id":"s188","name":"Legionowo 3 Maja","bus":1,"tram":0,"rail":0,"n":3,"imp":0.063,"node":1,"deg":4,"term":0,"major":0},"geometry":{"type":"Point","coordinates":[20.929221,52.269764]}},{"type":"Feature","properties":{"id":"s189","name":"Legionowo Mickiewicza","bus":1,"tram":0,"rail":0,"n":3,"imp":0.077,"node":1,"deg":3,"term":1,"major":0},"geometry":{"type":"Point","coordinates":[20.927166,52.269764]}},{"type":"Feature","properties":{"id":"s190","name":"Erazma z Zakroczymia","bus":1,"tram":0,"rail":0,"n":1,"imp":0.027,"node":0,"deg":2,"term":0,"major":0},"geometry":{"type":"Point","coordinates":[20.938124,52.255075]}},{"type":"Feature","properties":{"id":"s191","name":"Mehoffera","bus":1,"tram":1,"rail":0,"n":9,"imp":0.127,"node":1,"deg":4,"term":0,"major":1},"geometry":{"type":"Point","coordinates":[20.937439,52.254655]}},{"type":"Feature","properties":{"id":"s192","name":"Legionowo Parkowa","bus":1,"tram":0,"rail":0,"n":3,"imp":0.053,"node":1,"deg":3,"term":0,"major":0},"geometry":{"type":"Point","coordinates":[20.925112,52.271023]}},{"type":"Feature","properties":{"id":"s193","name":"PKP Legionowo Przystanek","bus":1,"tram":0,"rail":0,"n":3,"imp":0.067,"node":1,"deg":2,"term":1,"major":0},"geometry":{"type":"Point","coordinates":[20.921003,52.273541]}},{"type":"Feature","properties":{"id":"s194","name":"Zajezdnia Stalowa","bus":1,"tram":0,"rail":1,"n":27,"imp":0.583,"node":1,"deg":4,"term":1,"major":1},"geometry":{"type":"Point","coordinates":[20.988804,52.231992]}},{"type":"Feature","properties":{"id":"s195","name":"Wilkowiecka","bus":1,"tram":0,"rail":0,"n":5,"imp":0.059,"node":0,"deg":2,"term":0,"major":0},"geometry":{"type":"Point","coordinates":[20.968559,52.256989]}},{"type":"Feature","properties":{"id":"s196","name":"Oknicka","bus":1,"tram":0,"rail":0,"n":2,"imp":0.047,"node":1,"deg":2,"term":1,"major":0},"geometry":{"type":"Point","coordinates":[20.988804,52.250878]}},{"type":"Feature","properties":{"id":"s197","name":"Głębocka","bus":1,"tram":0,"rail":0,"n":5,"imp":0.079,"node":1,"deg":4,"term":0,"major":0},"geometry":{"type":"Point","coordinates":[20.984695,52.245842]}},{"type":"Feature","properties":{"id":"s198","name":"Legionowo Os. Młodych","bus":1,"tram":0,"rail":0,"n":4,"imp":0.063,"node":1,"deg":2,"term":1,"major":0},"geometry":{"type":"Point","coordinates":[20.929221,52.2748]}},{"type":"Feature","properties":{"id":"s199","name":"Ząbki Powstańców","bus":1,"tram":0,"rail":0,"n":3,"imp":0.053,"node":1,"deg":3,"term":0,"major":0},"geometry":{"type":"Point","coordinates":[21.007295,52.233251]}},{"type":"Feature","properties":{"id":"s200","name":"Ząbki Szwoleżerów","bus":1,"tram":0,"rail":0,"n":3,"imp":0.043,"node":0,"deg":2,"term":0,"major":0},"geometry":{"type":"Point","coordinates":[21.00524,52.234756]}},{"type":"Feature","properties":{"id":"s201","name":"Ząbki Warszawska","bus":1,"tram":0,"rail":0,"n":3,"imp":0.053,"node":1,"deg":3,"term":0,"major":0},"geometry":{"type":"Point","coordinates":[21.00524,52.235769]}},{"type":"Feature","properties":{"id":"s202","name":"Gościeradowska","bus":1,"tram":0,"rail":0,"n":9,"imp":0.101,"node":1,"deg":3,"term":0,"major":1},"geometry":{"type":"Point","coordinates":[20.986749,52.237028]}},{"type":"Feature","properties":{"id":"s203","name":"Gilarska","bus":1,"tram":0,"rail":0,"n":2,"imp":0.045,"node":1,"deg":3,"term":0,"major":0},"geometry":{"type":"Point","coordinates":[20.98264,52.239547]}},{"type":"Feature","properties":{"id":"s204","name":"Balkonowa","bus":1,"tram":0,"rail":0,"n":1,"imp":0.027,"node":0,"deg":2,"term":0,"major":0},"geometry":{"type":"Point","coordinates":[20.980585,52.240806]}},{"type":"Feature","properties":{"id":"s205","name":"Księcia Ziemowita","bus":1,"tram":0,"rail":0,"n":5,"imp":0.069,"node":1,"deg":3,"term":0,"major":0},"geometry":{"type":"Point","coordinates":[20.994967,52.230733]}},{"type":"Feature","properties":{"id":"s206","name":"Sadkowska","bus":1,"tram":0,"rail":0,"n":3,"imp":0.043,"node":0,"deg":2,"term":0,"major":0},"geometry":{"type":"Point","coordinates":[20.954903,52.257803]}},{"type":"Feature","properties":{"id":"s207","name":"Milenijna","bus":1,"tram":0,"rail":0,"n":9,"imp":0.101,"node":1,"deg":3,"term":0,"major":1},"geometry":{"type":"Point","coordinates":[20.947712,52.253396]}},{"type":"Feature","properties":{"id":"s208","name":"Sierakowskiego","bus":1,"tram":0,"rail":0,"n":3,"imp":0.053,"node":1,"deg":3,"term":0,"major":0},"geometry":{"type":"Point","coordinates":[20.986749,52.226956]}},{"type":"Feature","properties":{"id":"s209","name":"Ząbki Radzymińska","bus":1,"tram":0,"rail":0,"n":4,"imp":0.061,"node":1,"deg":3,"term":0,"major":0},"geometry":{"type":"Point","coordinates":[20.992913,52.242065]}},{"type":"Feature","properties":{"id":"s210","name":"Ząbki Cmentarz","bus":1,"tram":0,"rail":0,"n":3,"imp":0.043,"node":0,"deg":2,"term":0,"major":0},"geometry":{"type":"Point","coordinates":[21.006126,52.233968]}},{"type":"Feature","properties":{"id":"s211","name":"Wyszkowska","bus":1,"tram":0,"rail":0,"n":3,"imp":0.043,"node":0,"deg":2,"term":0,"major":0},"geometry":{"type":"Point","coordinates":[20.984695,52.253353]}},{"type":"Feature","properties":{"id":"s212","name":"Atrakcyjna","bus":1,"tram":0,"rail":0,"n":3,"imp":0.043,"node":0,"deg":2,"term":0,"major":0},"geometry":{"type":"Point","coordinates":[20.984043,52.253795]}},{"type":"Feature","properties":{"id":"s213","name":"Zdziarska - Kanał","bus":1,"tram":0,"rail":0,"n":3,"imp":0.053,"node":1,"deg":3,"term":0,"major":0},"geometry":{"type":"Point","coordinates":[20.980585,52.255914]}},{"type":"Feature","properties":{"id":"s214","name":"Mańki-Wojdy","bus":1,"tram":0,"rail":0,"n":4,"imp":0.08,"node":1,"deg":5,"term":0,"major":0},"geometry":{"type":"Point","coordinates":[20.976476,52.255914]}},{"type":"Feature","properties":{"id":"s215","name":"Legionowo Lwowska","bus":1,"tram":0,"rail":0,"n":1,"imp":0.027,"node":0,"deg":2,"term":0,"major":0},"geometry":{"type":"Point","coordinates":[20.925112,52.270603]}},{"type":"Feature","properties":{"id":"s216","name":"Legionowo Rycerska","bus":1,"tram":0,"rail":0,"n":3,"imp":0.053,"node":1,"deg":3,"term":0,"major":0},"geometry":{"type":"Point","coordinates":[20.925112,52.268505]}},{"type":"Feature","properties":{"id":"s217","name":"Legionowo Husarska","bus":1,"tram":0,"rail":0,"n":2,"imp":0.035,"node":0,"deg":2,"term":0,"major":0},"geometry":{"type":"Point","coordinates":[20.927166,52.268505]}},{"type":"Feature","properties":{"id":"s218","name":"Legionowo Siwińskiego","bus":1,"tram":0,"rail":0,"n":6,"imp":0.087,"node":1,"deg":4,"term":0,"major":0},"geometry":{"type":"Point","coordinates":[20.929221,52.268505]}},{"type":"Feature","properties":{"id":"s219","name":"Metro Stadion Narodowy","bus":1,"tram":0,"rail":1,"n":8,"imp":0.169,"node":1,"deg":8,"term":1,"major":1},"geometry":{"type":"Point","coordinates":[20.988804,52.225697]}},{"type":"Feature","properties":{"id":"s220","name":"Metro Stadion Narodowy","bus":1,"tram":0,"rail":1,"n":6,"imp":0.129,"node":1,"deg":3,"term":1,"major":1},"geometry":{"type":"Point","coordinates":[20.990858,52.223179]}},{"type":"Feature","properties":{"id":"s221","name":"Most Świętokrzyski","bus":1,"tram":0,"rail":1,"n":12,"imp":0.16,"node":1,"deg":5,"term":0,"major":1},"geometry":{"type":"Point","coordinates":[20.988804,52.224438]}},{"type":"Feature","properties":{"id":"s222","name":"Marki Wiejska","bus":1,"tram":0,"rail":0,"n":9,"imp":0.101,"node":1,"deg":3,"term":0,"major":1},"geometry":{"type":"Point","coordinates":[20.994967,52.245842]}},{"type":"Feature","properties":{"id":"s223","name":"CH Marki","bus":1,"tram":0,"rail":0,"n":6,"imp":0.149,"node":1,"deg":3,"term":1,"major":1},"geometry":{"type":"Point","coordinates":[20.992913,52.244583]}},{"type":"Feature","properties":{"id":"s224","name":"Ząbki Wolności","bus":1,"tram":0,"rail":0,"n":10,"imp":0.119,"node":1,"deg":4,"term":0,"major":1},"geometry":{"type":"Point","coordinates":[20.994967,52.243324]}},{"type":"Feature","properties":{"id":"s225","name":"Marki Szpitalna","bus":1,"tram":0,"rail":0,"n":8,"imp":0.083,"node":0,"deg":2,"term":0,"major":0},"geometry":{"type":"Point","coordinates":[20.994967,52.246471]}},{"type":"Feature","properties":{"id":"s226","name":"Marki Szkolna","bus":1,"tram":0,"rail":0,"n":9,"imp":0.101,"node":1,"deg":3,"term":0,"major":1},"geometry":{"type":"Point","coordinates":[20.994967,52.247101]}},{"type":"Feature","properties":{"id":"s227","name":"Marki - Ratusz","bus":1,"tram":0,"rail":0,"n":6,"imp":0.077,"node":1,"deg":3,"term":0,"major":0},"geometry":{"type":"Point","coordinates":[20.997022,52.249619]}},{"type":"Feature","properties":{"id":"s228","name":"Marki Wspólna","bus":1,"tram":0,"rail":0,"n":4,"imp":0.051,"node":0,"deg":2,"term":0,"major":0},"geometry":{"type":"Point","coordinates":[20.998049,52.251508]}},{"type":"Feature","properties":{"id":"s229","name":"Marki Pustelnik","bus":1,"tram":0,"rail":0,"n":6,"imp":0.089,"node":1,"deg":3,"term":1,"major":0},"geometry":{"type":"Point","coordinates":[20.999077,52.252137]}},{"type":"Feature","properties":{"id":"s230","name":"Marki Graniczna","bus":1,"tram":0,"rail":0,"n":5,"imp":0.069,"node":1,"deg":3,"term":0,"major":0},"geometry":{"type":"Point","coordinates":[20.999077,52.253396]}},{"type":"Feature","properties":{"id":"s231","name":"Marki Struga","bus":1,"tram":0,"rail":0,"n":5,"imp":0.079,"node":1,"deg":4,"term":0,"major":0},"geometry":{"type":"Point","coordinates":[20.999077,52.255914]}},{"type":"Feature","properties":{"id":"s232","name":"Marki Legionowa","bus":1,"tram":0,"rail":0,"n":2,"imp":0.035,"node":0,"deg":2,"term":0,"major":0},"geometry":{"type":"Point","coordinates":[20.995995,52.255914]}},{"type":"Feature","properties":{"id":"s233","name":"Marki Czarna Struga","bus":1,"tram":0,"rail":0,"n":2,"imp":0.05,"node":1,"deg":1,"term":1,"major":0},"geometry":{"type":"Point","coordinates":[20.992913,52.255914]}},{"type":"Feature","properties":{"id":"s234","name":"Marki Hallera","bus":1,"tram":0,"rail":0,"n":5,"imp":0.059,"node":0,"deg":2,"term":0,"major":0},"geometry":{"type":"Point","coordinates":[20.999077,52.252767]}},{"type":"Feature","properties":{"id":"s235","name":"Marki Słoneczna","bus":1,"tram":0,"rail":0,"n":6,"imp":0.077,"node":1,"deg":3,"term":0,"major":0},"geometry":{"type":"Point","coordinates":[20.997022,52.250878]}},{"type":"Feature","properties":{"id":"s236","name":"Porajów","bus":1,"tram":0,"rail":0,"n":7,"imp":0.095,"node":1,"deg":4,"term":0,"major":0},"geometry":{"type":"Point","coordinates":[20.943603,52.252137]}},{"type":"Feature","properties":{"id":"s237","name":"Picassa","bus":1,"tram":0,"rail":0,"n":4,"imp":0.061,"node":1,"deg":3,"term":0,"major":0},"geometry":{"type":"Point","coordinates":[20.941548,52.252137]}},{"type":"Feature","properties":{"id":"s238","name":"Nowodwory","bus":1,"tram":1,"rail":0,"n":10,"imp":0.207,"node":1,"deg":4,"term":1,"major":1},"geometry":{"type":"Point","coordinates":[20.935385,52.257173]}},{"type":"Feature","properties":{"id":"s239","name":"Braci Zawadzkich","bus":1,"tram":0,"rail":0,"n":4,"imp":0.051,"node":0,"deg":2,"term":0,"major":0},"geometry":{"type":"Point","coordinates":[20.949767,52.255495]}},{"type":"Feature","properties":{"id":"s240","name":"Internetowa","bus":1,"tram":0,"rail":0,"n":2,"imp":0.035,"node":0,"deg":2,"term":0,"major":0},"geometry":{"type":"Point","coordinates":[20.987434,52.250878]}},{"type":"Feature","properties":{"id":"s241","name":"Myśliborska","bus":1,"tram":1,"rail":0,"n":13,"imp":0.159,"node":1,"deg":4,"term":0,"major":1},"geometry":{"type":"Point","coordinates":[20.943603,52.253396]}},{"type":"Feature","properties":{"id":"s242","name":"Pancera","bus":1,"tram":0,"rail":0,"n":2,"imp":0.035,"node":0,"deg":2,"term":0,"major":0},"geometry":{"type":"Point","coordinates":[20.937226,52.253396]}},{"type":"Feature","properties":{"id":"s243","name":"Bystra","bus":1,"tram":0,"rail":0,"n":5,"imp":0.069,"node":1,"deg":3,"term":0,"major":0},"geometry":{"type":"Point","coordinates":[20.992913,52.240806]}},{"type":"Feature","properties":{"id":"s244","name":"Chłodnia","bus":1,"tram":0,"rail":1,"n":6,"imp":0.093,"node":1,"deg":3,"term":0,"major":0},"geometry":{"type":"Point","coordinates":[20.968258,52.245842]}},{"type":"Feature","properties":{"id":"s245","name":"KS Polonez","bus":1,"tram":0,"rail":0,"n":5,"imp":0.079,"node":1,"deg":4,"term":0,"major":0},"geometry":{"type":"Point","coordinates":[20.976476,52.245842]}},{"type":"Feature","properties":{"id":"s246","name":"Legionowo Cmentarz","bus":1,"tram":0,"rail":0,"n":3,"imp":0.053,"node":1,"deg":3,"term":0,"major":0},"geometry":{"type":"Point","coordinates":[20.929221,52.272282]}},{"type":"Feature","properties":{"id":"s247","name":"Legionowo Orzechowa","bus":1,"tram":0,"rail":0,"n":4,"imp":0.061,"node":1,"deg":3,"term":0,"major":0},"geometry":{"type":"Point","coordinates":[20.927166,52.273541]}},{"type":"Feature","properties":{"id":"s248","name":"Rembelszczyzna Gazownia","bus":1,"tram":0,"rail":0,"n":3,"imp":0.043,"node":0,"deg":2,"term":0,"major":0},"geometry":{"type":"Point","coordinates":[20.966203,52.262524]}},{"type":"Feature","properties":{"id":"s249","name":"Rembelszczyzna","bus":1,"tram":0,"rail":0,"n":4,"imp":0.071,"node":1,"deg":4,"term":0,"major":0},"geometry":{"type":"Point","coordinates":[20.966203,52.263468]}},{"type":"Feature","properties":{"id":"s250","name":"Stanisławów Pierwszy Aleksandrów","bus":1,"tram":0,"rail":0,"n":2,"imp":0.035,"node":0,"deg":2,"term":0,"major":0},"geometry":{"type":"Point","coordinates":[20.964149,52.266408]}},{"type":"Feature","properties":{"id":"s251","name":"Nieporęt Głogi","bus":1,"tram":0,"rail":0,"n":2,"imp":0.035,"node":0,"deg":2,"term":0,"major":0},"geometry":{"type":"Point","coordinates":[20.964149,52.267562]}},{"type":"Feature","properties":{"id":"s252","name":"Nieporęt Lipy","bus":1,"tram":0,"rail":0,"n":2,"imp":0.035,"node":0,"deg":2,"term":0,"major":0},"geometry":{"type":"Point","coordinates":[20.964149,52.268715]}},{"type":"Feature","properties":{"id":"s253","name":"Nieporęt Urząd Gminy","bus":1,"tram":0,"rail":0,"n":3,"imp":0.053,"node":1,"deg":3,"term":0,"major":0},"geometry":{"type":"Point","coordinates":[20.964149,52.271023]}},{"type":"Feature","properties":{"id":"s254","name":"Nieporęt Os. Las","bus":1,"tram":0,"rail":0,"n":3,"imp":0.043,"node":0,"deg":2,"term":0,"major":0},"geometry":{"type":"Point","coordinates":[20.963848,52.272466]}},{"type":"Feature","properties":{"id":"s255","name":"PKP Nieporęt","bus":1,"tram":0,"rail":0,"n":3,"imp":0.053,"node":1,"deg":3,"term":0,"major":0},"geometry":{"type":"Point","coordinates":[20.962094,52.273541]}},{"type":"Feature","properties":{"id":"s256","name":"Port Nieporęt","bus":1,"tram":0,"rail":0,"n":2,"imp":0.035,"node":0,"deg":2,"term":0,"major":0},"geometry":{"type":"Point","coordinates":[20.963121,52.27417]}},{"type":"Feature","properties":{"id":"s257","name":"Białobrzegi Port Pilawa","bus":1,"tram":0,"rail":0,"n":2,"imp":0.045,"node":1,"deg":3,"term":0,"major":0},"geometry":{"type":"Point","coordinates":[20.964149,52.2748]}},{"type":"Feature","properties":{"id":"s258","name":"Białobrzegi Al. Wojska Polskiego","bus":1,"tram":0,"rail":0,"n":2,"imp":0.035,"node":0,"deg":2,"term":0,"major":0},"geometry":{"type":"Point","coordinates":[20.966203,52.2748]}},{"type":"Feature","properties":{"id":"s259","name":"Białobrzegi Al. Wojska Polskiego","bus":1,"tram":0,"rail":0,"n":1,"imp":0.027,"node":0,"deg":2,"term":0,"major":0},"geometry":{"type":"Point","coordinates":[20.968258,52.275429]}},{"type":"Feature","properties":{"id":"s260","name":"Białobrzegi","bus":1,"tram":0,"rail":0,"n":2,"imp":0.076,"node":1,"deg":5,"term":1,"major":0},"geometry":{"type":"Point","coordinates":[20.968258,52.2748]}},{"type":"Feature","properties":{"id":"s261","name":"Tarchomin","bus":1,"tram":1,"rail":0,"n":14,"imp":0.248,"node":1,"deg":5,"term":1,"major":1},"geometry":{"type":"Point","coordinates":[20.939494,52.253396]}},{"type":"Feature","properties":{"id":"s262","name":"Pomorska","bus":1,"tram":0,"rail":0,"n":2,"imp":0.035,"node":0,"deg":2,"term":0,"major":0},"geometry":{"type":"Point","coordinates":[20.940521,52.255285]}},{"type":"Feature","properties":{"id":"s263","name":"Krynoliny","bus":1,"tram":0,"rail":0,"n":6,"imp":0.077,"node":1,"deg":3,"term":0,"major":0},"geometry":{"type":"Point","coordinates":[20.992913,52.239547]}},{"type":"Feature","properties":{"id":"s264","name":"Jesiennych Liści","bus":1,"tram":0,"rail":0,"n":7,"imp":0.114,"node":1,"deg":6,"term":0,"major":1},"geometry":{"type":"Point","coordinates":[20.984695,52.247101]}},{"type":"Feature","properties":{"id":"s265","name":"Ostródzka","bus":1,"tram":0,"rail":0,"n":4,"imp":0.071,"node":1,"deg":4,"term":0,"major":0},"geometry":{"type":"Point","coordinates":[20.978531,52.247101]}},{"type":"Feature","properties":{"id":"s266","name":"Współczesna","bus":1,"tram":0,"rail":0,"n":3,"imp":0.043,"node":0,"deg":2,"term":0,"major":0},"geometry":{"type":"Point","coordinates":[20.978531,52.24794]}},{"type":"Feature","properties":{"id":"s267","name":"Krzemienna","bus":1,"tram":0,"rail":0,"n":3,"imp":0.043,"node":0,"deg":2,"term":0,"major":0},"geometry":{"type":"Point","coordinates":[20.978531,52.24878]}},{"type":"Feature","properties":{"id":"s268","name":"Juranda ze Spychowa","bus":1,"tram":0,"rail":0,"n":6,"imp":0.096,"node":1,"deg":5,"term":0,"major":0},"geometry":{"type":"Point","coordinates":[20.978531,52.249619]}},{"type":"Feature","properties":{"id":"s269","name":"Berensona","bus":1,"tram":0,"rail":0,"n":5,"imp":0.088,"node":1,"deg":5,"term":0,"major":0},"geometry":{"type":"Point","coordinates":[20.978531,52.250878]}},{"type":"Feature","properties":{"id":"s270","name":"Ostródzka - Szkoła","bus":1,"tram":0,"rail":0,"n":5,"imp":0.088,"node":1,"deg":5,"term":0,"major":0},"geometry":{"type":"Point","coordinates":[20.976476,52.253396]}},{"type":"Feature","properties":{"id":"s271","name":"Małych Dębów","bus":1,"tram":0,"rail":0,"n":4,"imp":0.051,"node":0,"deg":2,"term":0,"major":0},"geometry":{"type":"Point","coordinates":[20.976476,52.254026]}},{"type":"Feature","properties":{"id":"s272","name":"Mochtyńska - Kanał","bus":1,"tram":0,"rail":0,"n":3,"imp":0.053,"node":1,"deg":3,"term":0,"major":0},"geometry":{"type":"Point","coordinates":[20.970313,52.258432]}},{"type":"Feature","properties":{"id":"s273","name":"Aroniowa","bus":1,"tram":0,"rail":0,"n":3,"imp":0.043,"node":0,"deg":2,"term":0,"major":0},"geometry":{"type":"Point","coordinates":[20.968559,52.259507]}},{"type":"Feature","properties":{"id":"s274","name":"Szymanowskiego","bus":1,"tram":0,"rail":0,"n":2,"imp":0.035,"node":0,"deg":2,"term":0,"major":0},"geometry":{"type":"Point","coordinates":[20.98264,52.233251]}},{"type":"Feature","properties":{"id":"s275","name":"Kobiałka - Szkoła","bus":1,"tram":0,"rail":0,"n":4,"imp":0.051,"node":0,"deg":2,"term":0,"major":0},"geometry":{"type":"Point","coordinates":[20.972367,52.26095]}},{"type":"Feature","properties":{"id":"s276","name":"Ruskowy Bród","bus":1,"tram":0,"rail":0,"n":5,"imp":0.069,"node":1,"deg":3,"term":0,"major":0},"geometry":{"type":"Point","coordinates":[20.974422,52.26095]}},{"type":"Feature","properties":{"id":"s277","name":"Olesin","bus":1,"tram":0,"rail":0,"n":5,"imp":0.11,"node":1,"deg":1,"term":1,"major":1},"geometry":{"type":"Point","coordinates":[20.980585,52.26095]}},{"type":"Feature","properties":{"id":"s278","name":"Mochtyńska","bus":1,"tram":0,"rail":0,"n":4,"imp":0.061,"node":1,"deg":3,"term":0,"major":0},"geometry":{"type":"Point","coordinates":[20.968258,52.26095]}},{"type":"Feature","properties":{"id":"s279","name":"Stanisławów Pierwszy Przyleśna","bus":1,"tram":0,"rail":0,"n":2,"imp":0.035,"node":0,"deg":2,"term":0,"major":0},"geometry":{"type":"Point","coordinates":[20.964872,52.264284]}},{"type":"Feature","properties":{"id":"s280","name":"Stefanika","bus":1,"tram":1,"rail":0,"n":7,"imp":0.101,"node":1,"deg":3,"term":0,"major":1},"geometry":{"type":"Point","coordinates":[20.935385,52.255914]}},{"type":"Feature","properties":{"id":"s281","name":"Jabłonna Pańska","bus":1,"tram":0,"rail":0,"n":2,"imp":0.045,"node":1,"deg":3,"term":0,"major":0},"geometry":{"type":"Point","coordinates":[20.929221,52.264728]}},{"type":"Feature","properties":{"id":"s282","name":"Nieświeska","bus":1,"tram":0,"rail":0,"n":1,"imp":0.027,"node":0,"deg":2,"term":0,"major":0},"geometry":{"type":"Point","coordinates":[20.999077,52.230733]}},{"type":"Feature","properties":{"id":"s283","name":"PKP Targówek","bus":1,"tram":0,"rail":1,"n":9,"imp":0.136,"node":1,"deg":5,"term":0,"major":1},"geometry":{"type":"Point","coordinates":[20.990858,52.231992]}},{"type":"Feature","properties":{"id":"s284","name":"Legionowo Urząd Miasta","bus":1,"tram":0,"rail":0,"n":10,"imp":0.128,"node":1,"deg":5,"term":0,"major":1},"geometry":{"type":"Point","coordinates":[20.931275,52.268505]}},{"type":"Feature","properties":{"id":"s285","name":"Kraśnicka","bus":1,"tram":0,"rail":0,"n":1,"imp":0.027,"node":0,"deg":2,"term":0,"major":0},"geometry":{"type":"Point","coordinates":[20.996721,52.233436]}},{"type":"Feature","properties":{"id":"s286","name":"Potulicka","bus":1,"tram":0,"rail":0,"n":4,"imp":0.071,"node":1,"deg":4,"term":0,"major":0},"geometry":{"type":"Point","coordinates":[20.997022,52.238288]}},{"type":"Feature","properties":{"id":"s287","name":"Okrzei","bus":1,"tram":0,"rail":0,"n":1,"imp":0.027,"node":0,"deg":2,"term":0,"major":0},"geometry":{"type":"Point","coordinates":[20.98705,52.226772]}},{"type":"Feature","properties":{"id":"s288","name":"Chotomów","bus":1,"tram":0,"rail":0,"n":2,"imp":0.057,"node":1,"deg":3,"term":1,"major":0},"geometry":{"type":"Point","coordinates":[20.914839,52.272282]}},{"type":"Feature","properties":{"id":"s289","name":"Chotomów Piusa XI","bus":1,"tram":0,"rail":0,"n":1,"imp":0.027,"node":0,"deg":2,"term":0,"major":0},"geometry":{"type":"Point","coordinates":[20.919349,52.272528]}},{"type":"Feature","properties":{"id":"s290","name":"Legionowo Ks. Skorupki","bus":1,"tram":0,"rail":0,"n":1,"imp":0.027,"node":0,"deg":2,"term":0,"major":0},"geometry":{"type":"Point","coordinates":[20.925797,52.270603]}},{"type":"Feature","properties":{"id":"s291","name":"Legionowo Os. Jagiellońska","bus":1,"tram":0,"rail":0,"n":1,"imp":0.027,"node":0,"deg":2,"term":0,"major":0},"geometry":{"type":"Point","coordinates":[20.926481,52.270183]}},{"type":"Feature","properties":{"id":"s292","name":"Legionowo CH Błękitne","bus":1,"tram":0,"rail":0,"n":7,"imp":0.104,"node":1,"deg":5,"term":0,"major":1},"geometry":{"type":"Point","coordinates":[20.93333,52.269764]}},{"type":"Feature","properties":{"id":"s293","name":"Ceramiczna","bus":1,"tram":0,"rail":0,"n":4,"imp":0.061,"node":1,"deg":3,"term":0,"major":0},"geometry":{"type":"Point","coordinates":[20.947712,52.254655]}},{"type":"Feature","properties":{"id":"s294","name":"Ćmielowska","bus":1,"tram":0,"rail":0,"n":4,"imp":0.061,"node":1,"deg":3,"term":0,"major":0},"geometry":{"type":"Point","coordinates":[20.941548,52.254655]}},{"type":"Feature","properties":{"id":"s295","name":"Kamińskiego","bus":1,"tram":0,"rail":0,"n":2,"imp":0.035,"node":0,"deg":2,"term":0,"major":0},"geometry":{"type":"Point","coordinates":[20.940521,52.254026]}},{"type":"Feature","properties":{"id":"s296","name":"Strumykowa","bus":1,"tram":0,"rail":0,"n":3,"imp":0.043,"node":0,"deg":2,"term":0,"major":0},"geometry":{"type":"Point","coordinates":[20.936412,52.257173]}},{"type":"Feature","properties":{"id":"s297","name":"Ćwiklińskiej","bus":1,"tram":0,"rail":0,"n":3,"imp":0.053,"node":1,"deg":3,"term":0,"major":0},"geometry":{"type":"Point","coordinates":[20.937439,52.257173]}},{"type":"Feature","properties":{"id":"s298","name":"Dąbrówka Wiślana","bus":1,"tram":0,"rail":0,"n":3,"imp":0.089,"node":1,"deg":3,"term":1,"major":0},"geometry":{"type":"Point","coordinates":[20.93333,52.259691]}},{"type":"Feature","properties":{"id":"s299","name":"Małego Rycerza","bus":1,"tram":0,"rail":0,"n":4,"imp":0.061,"node":1,"deg":3,"term":0,"major":0},"geometry":{"type":"Point","coordinates":[20.976476,52.254655]}},{"type":"Feature","properties":{"id":"s300","name":"Malborska","bus":1,"tram":0,"rail":0,"n":9,"imp":0.101,"node":1,"deg":3,"term":0,"major":1},"geometry":{"type":"Point","coordinates":[20.984695,52.243324]}},{"type":"Feature","properties":{"id":"s301","name":"Marki Kościuszki","bus":1,"tram":0,"rail":0,"n":2,"imp":0.047,"node":1,"deg":2,"term":1,"major":0},"geometry":{"type":"Point","coordinates":[20.992913,52.24836]}},{"type":"Feature","properties":{"id":"s302","name":"Nieporęt Stokrotki","bus":1,"tram":0,"rail":0,"n":1,"imp":0.027,"node":0,"deg":2,"term":0,"major":0},"geometry":{"type":"Point","coordinates":[20.958286,52.275875]}},{"type":"Feature","properties":{"id":"s303","name":"Zegrze Płd.","bus":1,"tram":0,"rail":0,"n":1,"imp":0.03,"node":1,"deg":1,"term":1,"major":0},"geometry":{"type":"Point","coordinates":[20.95593,52.278577]}},{"type":"Feature","properties":{"id":"s304","name":"Jabłonna Dworkowa","bus":1,"tram":0,"rail":0,"n":2,"imp":0.035,"node":0,"deg":2,"term":0,"major":0},"geometry":{"type":"Point","coordinates":[20.934733,52.263868]}},{"type":"Feature","properties":{"id":"s305","name":"Jabłonna Leśna","bus":1,"tram":0,"rail":0,"n":2,"imp":0.035,"node":0,"deg":2,"term":0,"major":0},"geometry":{"type":"Point","coordinates":[20.934032,52.264298]}},{"type":"Feature","properties":{"id":"s306","name":"Skarbka z Gór","bus":1,"tram":0,"rail":0,"n":6,"imp":0.096,"node":1,"deg":5,"term":0,"major":0},"geometry":{"type":"Point","coordinates":[20.980585,52.252137]}},{"type":"Feature","properties":{"id":"s307","name":"Ząbki Sosnkowskiego","bus":1,"tram":0,"rail":0,"n":1,"imp":0.027,"node":0,"deg":2,"term":0,"major":0},"geometry":{"type":"Point","coordinates":[20.995652,52.239547]}},{"type":"Feature","properties":{"id":"s308","name":"Ząbki Hallera","bus":1,"tram":0,"rail":0,"n":1,"imp":0.027,"node":0,"deg":2,"term":0,"major":0},"geometry":{"type":"Point","coordinates":[20.998392,52.239547]}},{"type":"Feature","properties":{"id":"s309","name":"Ząbki Wyspiańskiego","bus":1,"tram":0,"rail":0,"n":1,"imp":0.037,"node":1,"deg":3,"term":0,"major":0},"geometry":{"type":"Point","coordinates":[21.001131,52.239547]}},{"type":"Feature","properties":{"id":"s310","name":"Marki Nauczycielska","bus":1,"tram":0,"rail":0,"n":2,"imp":0.035,"node":0,"deg":2,"term":0,"major":0},"geometry":{"type":"Point","coordinates":[20.990858,52.249619]}},{"type":"Feature","properties":{"id":"s311","name":"Ząbki Ks. Skorupki","bus":1,"tram":0,"rail":0,"n":1,"imp":0.037,"node":1,"deg":3,"term":0,"major":0},"geometry":{"type":"Point","coordinates":[21.00524,52.238288]}},{"type":"Feature","properties":{"id":"s312","name":"Ząbki Różana","bus":1,"tram":0,"rail":0,"n":1,"imp":0.027,"node":0,"deg":2,"term":0,"major":0},"geometry":{"type":"Point","coordinates":[21.006268,52.237658]}},{"type":"Feature","properties":{"id":"s313","name":"Ząbki Sikorskiego","bus":1,"tram":0,"rail":0,"n":1,"imp":0.027,"node":0,"deg":2,"term":0,"major":0},"geometry":{"type":"Point","coordinates":[21.006268,52.237658]}},{"type":"Feature","properties":{"id":"s314","name":"Ząbki Zieleniecka","bus":1,"tram":0,"rail":0,"n":1,"imp":0.037,"node":1,"deg":3,"term":0,"major":0},"geometry":{"type":"Point","coordinates":[21.007295,52.237028]}},{"type":"Feature","properties":{"id":"s315","name":"Ząbki Pułaskiego","bus":1,"tram":0,"rail":0,"n":1,"imp":0.037,"node":1,"deg":3,"term":0,"major":0},"geometry":{"type":"Point","coordinates":[21.00935,52.231992]}},{"type":"Feature","properties":{"id":"s316","name":"Kupiecka","bus":1,"tram":0,"rail":0,"n":2,"imp":0.038,"node":1,"deg":1,"term":1,"major":0},"geometry":{"type":"Point","coordinates":[20.964149,52.254655]}},{"type":"Feature","properties":{"id":"s317","name":"Ząbki Kołłątaja","bus":1,"tram":0,"rail":0,"n":1,"imp":0.027,"node":0,"deg":2,"term":0,"major":0},"geometry":{"type":"Point","coordinates":[21.007207,52.235769]}},{"type":"Feature","properties":{"id":"s318","name":"Zielonka Waryńskiego","bus":1,"tram":0,"rail":0,"n":1,"imp":0.046,"node":1,"deg":4,"term":0,"major":0},"geometry":{"type":"Point","coordinates":[21.011404,52.238288]}},{"type":"Feature","properties":{"id":"s319","name":"Zielonka Kolejowa","bus":1,"tram":0,"rail":0,"n":2,"imp":0.045,"node":1,"deg":3,"term":0,"major":0},"geometry":{"type":"Point","coordinates":[21.013459,52.238288]}},{"type":"Feature","properties":{"id":"s320","name":"Zielonka Muzeum Zielonki","bus":1,"tram":0,"rail":0,"n":2,"imp":0.045,"node":1,"deg":3,"term":0,"major":0},"geometry":{"type":"Point","coordinates":[21.011404,52.240806]}},{"type":"Feature","properties":{"id":"s321","name":"Zielonka Pl. Jana Pawła II","bus":1,"tram":0,"rail":0,"n":2,"imp":0.035,"node":0,"deg":2,"term":0,"major":0},"geometry":{"type":"Point","coordinates":[21.011404,52.242065]}},{"type":"Feature","properties":{"id":"s322","name":"Pszeniczna","bus":1,"tram":0,"rail":0,"n":4,"imp":0.051,"node":0,"deg":2,"term":0,"major":0},"geometry":{"type":"Point","coordinates":[20.976476,52.255285]}},{"type":"Feature","properties":{"id":"s323","name":"Zdziarska","bus":1,"tram":0,"rail":0,"n":1,"imp":0.027,"node":0,"deg":2,"term":0,"major":0},"geometry":{"type":"Point","coordinates":[20.98401,52.257173]}},{"type":"Feature","properties":{"id":"s324","name":"Jarzębinowa","bus":1,"tram":0,"rail":0,"n":2,"imp":0.045,"node":1,"deg":3,"term":0,"major":0},"geometry":{"type":"Point","coordinates":[20.974422,52.259691]}},{"type":"Feature","properties":{"id":"s325","name":"Mańkowska","bus":1,"tram":0,"rail":0,"n":2,"imp":0.035,"node":0,"deg":2,"term":0,"major":0},"geometry":{"type":"Point","coordinates":[20.974422,52.260111]}},{"type":"Feature","properties":{"id":"s326","name":"Tymotki","bus":1,"tram":0,"rail":0,"n":2,"imp":0.035,"node":0,"deg":2,"term":0,"major":0},"geometry":{"type":"Point","coordinates":[20.974422,52.260531]}},{"type":"Feature","properties":{"id":"s327","name":"Marki Fabryczna","bus":1,"tram":0,"rail":0,"n":8,"imp":0.134,"node":1,"deg":6,"term":1,"major":1},"geometry":{"type":"Point","coordinates":[20.997022,52.247101]}},{"type":"Feature","properties":{"id":"s328","name":"Juranda ze Spychowa - Szkoła","bus":1,"tram":0,"rail":0,"n":4,"imp":0.071,"node":1,"deg":4,"term":0,"major":0},"geometry":{"type":"Point","coordinates":[20.974422,52.250878]}},{"type":"Feature","properties":{"id":"s329","name":"Echa Leśne","bus":1,"tram":0,"rail":0,"n":4,"imp":0.061,"node":1,"deg":3,"term":0,"major":0},"geometry":{"type":"Point","coordinates":[20.976476,52.249619]}},{"type":"Feature","properties":{"id":"s330","name":"Kamykowa","bus":1,"tram":0,"rail":0,"n":3,"imp":0.043,"node":0,"deg":2,"term":0,"major":0},"geometry":{"type":"Point","coordinates":[20.977504,52.249619]}},{"type":"Feature","properties":{"id":"s331","name":"Os. Derby VI","bus":1,"tram":0,"rail":0,"n":6,"imp":0.077,"node":1,"deg":3,"term":0,"major":0},"geometry":{"type":"Point","coordinates":[20.98264,52.250878]}},{"type":"Feature","properties":{"id":"s332","name":"Os. Derby III","bus":1,"tram":0,"rail":0,"n":6,"imp":0.077,"node":1,"deg":3,"term":0,"major":0},"geometry":{"type":"Point","coordinates":[20.98264,52.249619]}},{"type":"Feature","properties":{"id":"s333","name":"Os. Derby","bus":1,"tram":0,"rail":0,"n":5,"imp":0.095,"node":1,"deg":2,"term":1,"major":0},"geometry":{"type":"Point","coordinates":[20.984695,52.24836]}},{"type":"Feature","properties":{"id":"s334","name":"Białobrzegi Kąpielowa","bus":1,"tram":0,"rail":0,"n":1,"imp":0.037,"node":1,"deg":3,"term":0,"major":0},"geometry":{"type":"Point","coordinates":[20.968258,52.276059]}},{"type":"Feature","properties":{"id":"s335","name":"Białobrzegi Wczasowa","bus":1,"tram":0,"rail":0,"n":1,"imp":0.027,"node":0,"deg":2,"term":0,"major":0},"geometry":{"type":"Point","coordinates":[20.970313,52.277318]}},{"type":"Feature","properties":{"id":"s336","name":"Białobrzegi AMW Rewita","bus":1,"tram":0,"rail":0,"n":1,"imp":0.037,"node":1,"deg":3,"term":0,"major":0},"geometry":{"type":"Point","coordinates":[20.972367,52.278577]}},{"type":"Feature","properties":{"id":"s337","name":"Białobrzegi OW Promenada","bus":1,"tram":0,"rail":0,"n":1,"imp":0.027,"node":0,"deg":2,"term":0,"major":0},"geometry":{"type":"Point","coordinates":[20.972367,52.279416]}},{"type":"Feature","properties":{"id":"s338","name":"Rynia Główna","bus":1,"tram":0,"rail":0,"n":1,"imp":0.027,"node":0,"deg":2,"term":0,"major":0},"geometry":{"type":"Point","coordinates":[20.972367,52.280256]}},{"type":"Feature","properties":{"id":"s339","name":"Rynia","bus":1,"tram":0,"rail":0,"n":1,"imp":0.03,"node":1,"deg":1,"term":1,"major":0},"geometry":{"type":"Point","coordinates":[20.972367,52.281095]}},{"type":"Feature","properties":{"id":"s340","name":"Aluzyjna","bus":1,"tram":0,"rail":0,"n":7,"imp":0.095,"node":1,"deg":4,"term":0,"major":0},"geometry":{"type":"Point","coordinates":[20.937439,52.26095]}},{"type":"Feature","properties":{"id":"s341","name":"Legionowo Os. Batorego","bus":1,"tram":0,"rail":0,"n":7,"imp":0.104,"node":1,"deg":5,"term":0,"major":1},"geometry":{"type":"Point","coordinates":[20.935385,52.268505]}},{"type":"Feature","properties":{"id":"s342","name":"Legionowo Słowackiego","bus":1,"tram":0,"rail":0,"n":1,"imp":0.027,"node":0,"deg":2,"term":0,"major":0},"geometry":{"type":"Point","coordinates":[20.936412,52.269134]}},{"type":"Feature","properties":{"id":"s343","name":"Legionowo Sielankowa","bus":1,"tram":0,"rail":0,"n":5,"imp":0.069,"node":1,"deg":3,"term":0,"major":0},"geometry":{"type":"Point","coordinates":[20.935385,52.267246]}},{"type":"Feature","properties":{"id":"s344","name":"Legionowo Zegrzyńska","bus":1,"tram":0,"rail":0,"n":5,"imp":0.088,"node":1,"deg":5,"term":0,"major":0},"geometry":{"type":"Point","coordinates":[20.939494,52.269764]}},{"type":"Feature","properties":{"id":"s345","name":"Legionowo Os. Piaski","bus":1,"tram":0,"rail":0,"n":4,"imp":0.051,"node":0,"deg":2,"term":0,"major":0},"geometry":{"type":"Point","coordinates":[20.940521,52.270393]}},{"type":"Feature","properties":{"id":"s346","name":"Legionowo Al. Sybiraków","bus":1,"tram":0,"rail":0,"n":3,"imp":0.043,"node":0,"deg":2,"term":0,"major":0},"geometry":{"type":"Point","coordinates":[20.938913,52.271023]}},{"type":"Feature","properties":{"id":"s347","name":"Legionowo Piaskowa","bus":1,"tram":0,"rail":0,"n":3,"imp":0.043,"node":0,"deg":2,"term":0,"major":0},"geometry":{"type":"Point","coordinates":[20.936277,52.271023]}},{"type":"Feature","properties":{"id":"s348","name":"PKP Legionowo Piaski","bus":1,"tram":0,"rail":0,"n":3,"imp":0.043,"node":0,"deg":2,"term":0,"major":0},"geometry":{"type":"Point","coordinates":[20.933641,52.271023]}},{"type":"Feature","properties":{"id":"s349","name":"Legionowo Bandurskiego","bus":1,"tram":0,"rail":0,"n":3,"imp":0.043,"node":0,"deg":2,"term":0,"major":0},"geometry":{"type":"Point","coordinates":[20.931085,52.27114]}},{"type":"Feature","properties":{"id":"s350","name":"Legionowo Cynkowa","bus":1,"tram":0,"rail":0,"n":4,"imp":0.061,"node":1,"deg":3,"term":0,"major":0},"geometry":{"type":"Point","coordinates":[20.925112,52.272282]}},{"type":"Feature","properties":{"id":"s351","name":"Legionowo Szarych Szeregów","bus":1,"tram":0,"rail":0,"n":4,"imp":0.051,"node":0,"deg":2,"term":0,"major":0},"geometry":{"type":"Point","coordinates":[20.933029,52.273725]}},{"type":"Feature","properties":{"id":"s352","name":"Legionowo Starostwo Powiatowe","bus":1,"tram":0,"rail":0,"n":4,"imp":0.063,"node":1,"deg":2,"term":1,"major":0},"geometry":{"type":"Point","coordinates":[20.937439,52.273541]}},{"type":"Feature","properties":{"id":"s353","name":"Wołomin Sasina","bus":1,"tram":0,"rail":0,"n":6,"imp":0.115,"node":1,"deg":7,"term":0,"major":1},"geometry":{"type":"Point","coordinates":[21.023732,52.247101]}},{"type":"Feature","properties":{"id":"s354","name":"Wołomin Os. Nafta","bus":1,"tram":0,"rail":0,"n":3,"imp":0.053,"node":1,"deg":3,"term":0,"major":0},"geometry":{"type":"Point","coordinates":[21.027841,52.249619]}},{"type":"Feature","properties":{"id":"s355","name":"PKP Wołomin Słoneczna","bus":1,"tram":0,"rail":0,"n":4,"imp":0.061,"node":1,"deg":3,"term":0,"major":0},"geometry":{"type":"Point","coordinates":[21.03195,52.250878]}},{"type":"Feature","properties":{"id":"s356","name":"Wołomin Os. Niepodległości","bus":1,"tram":0,"rail":0,"n":6,"imp":0.127,"node":1,"deg":7,"term":1,"major":1},"geometry":{"type":"Point","coordinates":[21.03195,52.24836]}},{"type":"Feature","properties":{"id":"s357","name":"Wołomin Legionów","bus":1,"tram":0,"rail":0,"n":4,"imp":0.061,"node":1,"deg":3,"term":0,"major":0},"geometry":{"type":"Point","coordinates":[21.027841,52.245842]}},{"type":"Feature","properties":{"id":"s358","name":"Wołomin Wiejska","bus":1,"tram":0,"rail":0,"n":1,"imp":0.027,"node":0,"deg":2,"term":0,"major":0},"geometry":{"type":"Point","coordinates":[21.029895,52.242065]}},{"type":"Feature","properties":{"id":"s359","name":"Kobyłka Ręczajska","bus":1,"tram":0,"rail":0,"n":1,"imp":0.037,"node":1,"deg":3,"term":0,"major":0},"geometry":{"type":"Point","coordinates":[21.021677,52.243324]}},{"type":"Feature","properties":{"id":"s360","name":"Kobyłka Turów","bus":1,"tram":0,"rail":0,"n":3,"imp":0.053,"node":1,"deg":3,"term":0,"major":0},"geometry":{"type":"Point","coordinates":[21.021677,52.239547]}},{"type":"Feature","properties":{"id":"s361","name":"Ciołkosza","bus":1,"tram":0,"rail":0,"n":3,"imp":0.053,"node":1,"deg":3,"term":0,"major":0},"geometry":{"type":"Point","coordinates":[20.931275,52.254655]}},{"type":"Feature","properties":{"id":"s362","name":"Hanki Ordonówny","bus":1,"tram":0,"rail":0,"n":3,"imp":0.053,"node":1,"deg":3,"term":0,"major":0},"geometry":{"type":"Point","coordinates":[20.931275,52.257173]}},{"type":"Feature","properties":{"id":"s363","name":"Barei","bus":1,"tram":0,"rail":0,"n":2,"imp":0.035,"node":0,"deg":2,"term":0,"major":0},"geometry":{"type":"Point","coordinates":[20.932303,52.257803]}},{"type":"Feature","properties":{"id":"s364","name":"Dzierzgońska","bus":1,"tram":0,"rail":0,"n":3,"imp":0.053,"node":1,"deg":3,"term":0,"major":0},"geometry":{"type":"Point","coordinates":[20.93333,52.258432]}},{"type":"Feature","properties":{"id":"s365","name":"Grzymalitów","bus":1,"tram":0,"rail":0,"n":5,"imp":0.069,"node":1,"deg":3,"term":0,"major":0},"geometry":{"type":"Point","coordinates":[20.935385,52.258432]}},{"type":"Feature","properties":{"id":"s366","name":"Marki Wenecka","bus":1,"tram":0,"rail":0,"n":5,"imp":0.059,"node":0,"deg":2,"term":0,"major":0},"geometry":{"type":"Point","coordinates":[20.999077,52.254655]}},{"type":"Feature","properties":{"id":"s367","name":"Jabłonna Akademijna","bus":1,"tram":0,"rail":0,"n":1,"imp":0.027,"node":0,"deg":2,"term":0,"major":0},"geometry":{"type":"Point","coordinates":[20.931275,52.265987]}},{"type":"Feature","properties":{"id":"s368","name":"Jabłonna Os. Przylesie","bus":1,"tram":0,"rail":0,"n":3,"imp":0.063,"node":1,"deg":4,"term":0,"major":0},"geometry":{"type":"Point","coordinates":[20.93333,52.264728]}},{"type":"Feature","properties":{"id":"s369","name":"Legionowo Strużańska","bus":1,"tram":0,"rail":0,"n":1,"imp":0.027,"node":0,"deg":2,"term":0,"major":0},"geometry":{"type":"Point","coordinates":[20.941548,52.268505]}},{"type":"Feature","properties":{"id":"s370","name":"Legionowo Krakusa","bus":1,"tram":0,"rail":0,"n":1,"imp":0.037,"node":1,"deg":3,"term":0,"major":0},"geometry":{"type":"Point","coordinates":[20.943603,52.267246]}},{"type":"Feature","properties":{"id":"s371","name":"Józefów k. Legionowa Objazdowa","bus":1,"tram":0,"rail":0,"n":1,"imp":0.027,"node":0,"deg":2,"term":0,"major":0},"geometry":{"type":"Point","coordinates":[20.955945,52.267237]}},{"type":"Feature","properties":{"id":"s372","name":"Józefów k. Legionowa Szkolna","bus":1,"tram":0,"rail":0,"n":1,"imp":0.027,"node":0,"deg":2,"term":0,"major":0},"geometry":{"type":"Point","coordinates":[20.957692,52.266166]}},{"type":"Feature","properties":{"id":"s373","name":"Kąty Węgierskie","bus":1,"tram":0,"rail":0,"n":2,"imp":0.045,"node":1,"deg":3,"term":0,"major":0},"geometry":{"type":"Point","coordinates":[20.96004,52.265987]}},{"type":"Feature","properties":{"id":"s374","name":"Kąty Węgierskie Anusinek","bus":1,"tram":0,"rail":0,"n":2,"imp":0.035,"node":0,"deg":2,"term":0,"major":0},"geometry":{"type":"Point","coordinates":[20.962821,52.264282]}},{"type":"Feature","properties":{"id":"s375","name":"Legionowo Gen. Roi","bus":1,"tram":0,"rail":0,"n":1,"imp":0.027,"node":0,"deg":2,"term":0,"major":0},"geometry":{"type":"Point","coordinates":[20.953482,52.267246]}},{"type":"Feature","properties":{"id":"s376","name":"Legionowo Os. Bukowiec","bus":1,"tram":0,"rail":0,"n":1,"imp":0.027,"node":0,"deg":2,"term":0,"major":0},"geometry":{"type":"Point","coordinates":[20.951012,52.267246]}},{"type":"Feature","properties":{"id":"s377","name":"Legionowo Polna","bus":1,"tram":0,"rail":0,"n":1,"imp":0.027,"node":0,"deg":2,"term":0,"major":0},"geometry":{"type":"Point","coordinates":[20.946073,52.267246]}},{"type":"Feature","properties":{"id":"s378","name":"Tłuchowska","bus":1,"tram":0,"rail":0,"n":1,"imp":0.027,"node":0,"deg":2,"term":0,"major":0},"geometry":{"type":"Point","coordinates":[20.93333,52.258852]}},{"type":"Feature","properties":{"id":"s379","name":"Osiedle","bus":1,"tram":0,"rail":0,"n":1,"imp":0.027,"node":0,"deg":2,"term":0,"major":0},"geometry":{"type":"Point","coordinates":[20.93333,52.259272]}},{"type":"Feature","properties":{"id":"s380","name":"Legionowo Zegrzyńska - IMGW","bus":1,"tram":0,"rail":0,"n":4,"imp":0.071,"node":1,"deg":4,"term":0,"major":0},"geometry":{"type":"Point","coordinates":[20.941548,52.271023]}},{"type":"Feature","properties":{"id":"s381","name":"Główna","bus":1,"tram":0,"rail":0,"n":1,"imp":0.027,"node":0,"deg":2,"term":0,"major":0},"geometry":{"type":"Point","coordinates":[20.934357,52.26095]}},{"type":"Feature","properties":{"id":"s382","name":"Jabłonna Chotomowska","bus":1,"tram":0,"rail":0,"n":3,"imp":0.053,"node":1,"deg":3,"term":0,"major":0},"geometry":{"type":"Point","coordinates":[20.921003,52.267246]}},{"type":"Feature","properties":{"id":"s383","name":"Jabłonna Cmentarz","bus":1,"tram":0,"rail":0,"n":1,"imp":0.027,"node":0,"deg":2,"term":0,"major":0},"geometry":{"type":"Point","coordinates":[20.920932,52.268548]}},{"type":"Feature","properties":{"id":"s384","name":"Chotomów Kisielewskiego","bus":1,"tram":0,"rail":0,"n":1,"imp":0.027,"node":0,"deg":2,"term":0,"major":0},"geometry":{"type":"Point","coordinates":[20.919409,52.269481]}},{"type":"Feature","properties":{"id":"s385","name":"Chotomów Jasna","bus":1,"tram":0,"rail":0,"n":1,"imp":0.027,"node":0,"deg":2,"term":0,"major":0},"geometry":{"type":"Point","coordinates":[20.917885,52.270415]}},{"type":"Feature","properties":{"id":"s386","name":"Odkryta","bus":1,"tram":0,"rail":0,"n":2,"imp":0.035,"node":0,"deg":2,"term":0,"major":0},"geometry":{"type":"Point","coordinates":[20.932879,52.253673]}},{"type":"Feature","properties":{"id":"s387","name":"Krzesiwa","bus":1,"tram":0,"rail":0,"n":1,"imp":0.037,"node":1,"deg":3,"term":0,"major":0},"geometry":{"type":"Point","coordinates":[20.994967,52.237028]}},{"type":"Feature","properties":{"id":"s388","name":"Diamentowa","bus":1,"tram":0,"rail":0,"n":1,"imp":0.027,"node":0,"deg":2,"term":0,"major":0},"geometry":{"type":"Point","coordinates":[20.995995,52.237028]}},{"type":"Feature","properties":{"id":"s389","name":"Nadma Stara","bus":1,"tram":0,"rail":0,"n":1,"imp":0.027,"node":0,"deg":2,"term":0,"major":0},"geometry":{"type":"Point","coordinates":[21.004213,52.257803]}},{"type":"Feature","properties":{"id":"s390","name":"Nadma","bus":1,"tram":0,"rail":0,"n":3,"imp":0.063,"node":1,"deg":4,"term":0,"major":0},"geometry":{"type":"Point","coordinates":[21.00524,52.257173]}},{"type":"Feature","properties":{"id":"s391","name":"Nadma Sękocin","bus":1,"tram":0,"rail":0,"n":2,"imp":0.035,"node":0,"deg":2,"term":0,"major":0},"geometry":{"type":"Point","coordinates":[21.004213,52.257173]}},{"type":"Feature","properties":{"id":"s392","name":"Nadma Poziomkowa","bus":1,"tram":0,"rail":0,"n":2,"imp":0.035,"node":0,"deg":2,"term":0,"major":0},"geometry":{"type":"Point","coordinates":[21.003186,52.257173]}},{"type":"Feature","properties":{"id":"s393","name":"Nadma Jaworówka","bus":1,"tram":0,"rail":0,"n":2,"imp":0.035,"node":0,"deg":2,"term":0,"major":0},"geometry":{"type":"Point","coordinates":[21.002158,52.257173]}},{"type":"Feature","properties":{"id":"s394","name":"Frachtowa","bus":1,"tram":0,"rail":0,"n":4,"imp":0.051,"node":0,"deg":2,"term":0,"major":0},"geometry":{"type":"Point","coordinates":[20.970313,52.26095]}},{"type":"Feature","properties":{"id":"s395","name":"Borki Siwek","bus":1,"tram":0,"rail":0,"n":1,"imp":0.027,"node":0,"deg":2,"term":0,"major":0},"geometry":{"type":"Point","coordinates":[20.974016,52.278577]}},{"type":"Feature","properties":{"id":"s396","name":"Stare Załubice Wolica","bus":1,"tram":0,"rail":0,"n":1,"imp":0.027,"node":0,"deg":2,"term":0,"major":0},"geometry":{"type":"Point","coordinates":[20.977314,52.278577]}},{"type":"Feature","properties":{"id":"s397","name":"Stare Załubice Zegrzyńska","bus":1,"tram":0,"rail":0,"n":1,"imp":0.027,"node":0,"deg":2,"term":0,"major":0},"geometry":{"type":"Point","coordinates":[20.978963,52.278577]}},{"type":"Feature","properties":{"id":"s398","name":"Stare Załubice Marcinki","bus":1,"tram":0,"rail":0,"n":1,"imp":0.027,"node":0,"deg":2,"term":0,"major":0},"geometry":{"type":"Point","coordinates":[20.980612,52.278577]}},{"type":"Feature","properties":{"id":"s399","name":"Załubice - Szkoła","bus":1,"tram":0,"rail":0,"n":1,"imp":0.027,"node":0,"deg":2,"term":0,"major":0},"geometry":{"type":"Point","coordinates":[20.98391,52.278577]}},{"type":"Feature","properties":{"id":"s400","name":"Załubice - Poczta","bus":1,"tram":0,"rail":0,"n":1,"imp":0.027,"node":0,"deg":2,"term":0,"major":0},"geometry":{"type":"Point","coordinates":[20.985306,52.278952]}},{"type":"Feature","properties":{"id":"s401","name":"Stare Załubice","bus":1,"tram":0,"rail":0,"n":1,"imp":0.027,"node":0,"deg":2,"term":0,"major":0},"geometry":{"type":"Point","coordinates":[20.982261,52.278577]}},{"type":"Feature","properties":{"id":"s402","name":"Nadma Ceglana","bus":1,"tram":0,"rail":0,"n":2,"imp":0.035,"node":0,"deg":2,"term":0,"major":0},"geometry":{"type":"Point","coordinates":[21.001131,52.257803]}},{"type":"Feature","properties":{"id":"s403","name":"Słupno Pólko","bus":1,"tram":0,"rail":0,"n":2,"imp":0.035,"node":0,"deg":2,"term":0,"major":0},"geometry":{"type":"Point","coordinates":[21.001131,52.258432]}},{"type":"Feature","properties":{"id":"s404","name":"Nowe Słupno","bus":1,"tram":0,"rail":0,"n":2,"imp":0.035,"node":0,"deg":2,"term":0,"major":0},"geometry":{"type":"Point","coordinates":[21.001131,52.259062]}},{"type":"Feature","properties":{"id":"s405","name":"Słupno","bus":1,"tram":0,"rail":0,"n":3,"imp":0.063,"node":1,"deg":4,"term":0,"major":0},"geometry":{"type":"Point","coordinates":[21.001131,52.259691]}},{"type":"Feature","properties":{"id":"s406","name":"Słupno Górki","bus":1,"tram":0,"rail":0,"n":2,"imp":0.035,"node":0,"deg":2,"term":0,"major":0},"geometry":{"type":"Point","coordinates":[21.002371,52.260451]}},{"type":"Feature","properties":{"id":"s407","name":"Radzymin Cmentarz 1920 r.","bus":1,"tram":0,"rail":0,"n":2,"imp":0.035,"node":0,"deg":2,"term":0,"major":0},"geometry":{"type":"Point","coordinates":[21.003186,52.262394]}},{"type":"Feature","properties":{"id":"s408","name":"Radzymin Wierzbowa","bus":1,"tram":0,"rail":0,"n":2,"imp":0.035,"node":0,"deg":2,"term":0,"major":0},"geometry":{"type":"Point","coordinates":[21.004213,52.264098]}},{"type":"Feature","properties":{"id":"s409","name":"Radzymin Norwida","bus":1,"tram":0,"rail":0,"n":2,"imp":0.057,"node":1,"deg":3,"term":1,"major":0},"geometry":{"type":"Point","coordinates":[21.007295,52.265987]}},{"type":"Feature","properties":{"id":"s410","name":"Radzymin Korczaka","bus":1,"tram":0,"rail":0,"n":1,"imp":0.027,"node":0,"deg":2,"term":0,"major":0},"geometry":{"type":"Point","coordinates":[21.008407,52.265305]}},{"type":"Feature","properties":{"id":"s411","name":"Radzymin Os. Victoria","bus":1,"tram":0,"rail":0,"n":1,"imp":0.027,"node":0,"deg":2,"term":0,"major":0},"geometry":{"type":"Point","coordinates":[21.010632,52.263942]}},{"type":"Feature","properties":{"id":"s412","name":"Os. Lewandów II","bus":1,"tram":0,"rail":0,"n":2,"imp":0.035,"node":0,"deg":2,"term":0,"major":0},"geometry":{"type":"Point","coordinates":[20.988119,52.250878]}},{"type":"Feature","properties":{"id":"s413","name":"Jabłonna Królewska","bus":1,"tram":0,"rail":0,"n":2,"imp":0.035,"node":0,"deg":2,"term":0,"major":0},"geometry":{"type":"Point","coordinates":[20.927166,52.265987]}},{"type":"Feature","properties":{"id":"s414","name":"Ratuszowa","bus":0,"tram":1,"rail":0,"n":4,"imp":0.061,"node":1,"deg":3,"term":0,"major":0},"geometry":{"type":"Point","coordinates":[20.98264,52.231992]}},{"type":"Feature","properties":{"id":"s415","name":"Świderska","bus":1,"tram":1,"rail":0,"n":4,"imp":0.115,"node":1,"deg":7,"term":0,"major":1},"geometry":{"type":"Point","coordinates":[20.941548,52.250878]}},{"type":"Feature","properties":{"id":"s416","name":"Brzezińska","bus":1,"tram":0,"rail":0,"n":3,"imp":0.063,"node":1,"deg":4,"term":0,"major":0},"geometry":{"type":"Point","coordinates":[20.951821,52.26095]}},{"type":"Feature","properties":{"id":"s417","name":"Geodezyjna","bus":1,"tram":0,"rail":0,"n":1,"imp":0.046,"node":1,"deg":4,"term":0,"major":0},"geometry":{"type":"Point","coordinates":[20.990858,52.245842]}},{"type":"Feature","properties":{"id":"s418","name":"Ząbki Dzika","bus":1,"tram":0,"rail":0,"n":2,"imp":0.035,"node":0,"deg":2,"term":0,"major":0},"geometry":{"type":"Point","coordinates":[21.008322,52.233251]}},{"type":"Feature","properties":{"id":"s419","name":"Ząbki Maczka","bus":1,"tram":0,"rail":0,"n":2,"imp":0.067,"node":1,"deg":4,"term":1,"major":0},"geometry":{"type":"Point","coordinates":[21.00935,52.233251]}},{"type":"Feature","properties":{"id":"s420","name":"Ząbki Kosynierów","bus":1,"tram":0,"rail":0,"n":2,"imp":0.054,"node":1,"deg":4,"term":0,"major":0},"geometry":{"type":"Point","coordinates":[21.00935,52.237028]}},{"type":"Feature","properties":{"id":"s421","name":"Ząbki Gajowa","bus":1,"tram":0,"rail":0,"n":1,"imp":0.027,"node":0,"deg":2,"term":0,"major":0},"geometry":{"type":"Point","coordinates":[21.00935,52.23514]}},{"type":"Feature","properties":{"id":"s422","name":"Kanał Bródnowski","bus":1,"tram":0,"rail":0,"n":1,"imp":0.03,"node":1,"deg":1,"term":1,"major":0},"geometry":{"type":"Point","coordinates":[20.986749,52.239547]}},{"type":"Feature","properties":{"id":"s423","name":"Nieporęt Protazego","bus":1,"tram":0,"rail":0,"n":2,"imp":0.035,"node":0,"deg":2,"term":0,"major":0},"geometry":{"type":"Point","coordinates":[20.964149,52.269869]}},{"type":"Feature","properties":{"id":"s424","name":"Jabłonna Os. Bukowy Dworek","bus":1,"tram":0,"rail":0,"n":2,"imp":0.035,"node":0,"deg":2,"term":0,"major":0},"geometry":{"type":"Point","coordinates":[20.935385,52.263425]}},{"type":"Feature","properties":{"id":"s425","name":"Pl. Ostrej Bramy","bus":1,"tram":0,"rail":0,"n":3,"imp":0.053,"node":1,"deg":3,"term":0,"major":0},"geometry":{"type":"Point","coordinates":[20.997022,52.23451]}},{"type":"Feature","properties":{"id":"s426","name":"PKP Zacisze-Wilno","bus":1,"tram":0,"rail":0,"n":3,"imp":0.058,"node":1,"deg":1,"term":1,"major":0},"geometry":{"type":"Point","coordinates":[20.997022,52.235769]}},{"type":"Feature","properties":{"id":"s427","name":"Chlubna","bus":1,"tram":0,"rail":0,"n":1,"imp":0.027,"node":0,"deg":2,"term":0,"major":0},"geometry":{"type":"Point","coordinates":[20.939494,52.262209]}},{"type":"Feature","properties":{"id":"s428","name":"Dom Samotnej Matki","bus":1,"tram":0,"rail":0,"n":1,"imp":0.03,"node":1,"deg":1,"term":1,"major":0},"geometry":{"type":"Point","coordinates":[20.939494,52.263468]}},{"type":"Feature","properties":{"id":"s429","name":"Krokwi","bus":1,"tram":0,"rail":0,"n":1,"imp":0.027,"node":0,"deg":2,"term":0,"major":0},"geometry":{"type":"Point","coordinates":[20.951136,52.257173]}},{"type":"Feature","properties":{"id":"s430","name":"Kobyłka Dworkowa","bus":1,"tram":0,"rail":0,"n":2,"imp":0.035,"node":0,"deg":2,"term":0,"major":0},"geometry":{"type":"Point","coordinates":[21.013048,52.246849]}},{"type":"Feature","properties":{"id":"s431","name":"Kobyłka Serwitucka","bus":1,"tram":0,"rail":0,"n":3,"imp":0.063,"node":1,"deg":4,"term":0,"major":0},"geometry":{"type":"Point","coordinates":[21.013459,52.247101]}},{"type":"Feature","properties":{"id":"s432","name":"Kobyłka Napoleona","bus":1,"tram":0,"rail":0,"n":1,"imp":0.027,"node":0,"deg":2,"term":0,"major":0},"geometry":{"type":"Point","coordinates":[21.015513,52.245842]}},{"type":"Feature","properties":{"id":"s433","name":"PKP Kobyłka","bus":1,"tram":0,"rail":0,"n":4,"imp":0.071,"node":1,"deg":4,"term":0,"major":0},"geometry":{"type":"Point","coordinates":[21.021677,52.244583]}},{"type":"Feature","properties":{"id":"s434","name":"Kobyłka Czereśniowa","bus":1,"tram":0,"rail":0,"n":2,"imp":0.035,"node":0,"deg":2,"term":0,"major":0},"geometry":{"type":"Point","coordinates":[21.012637,52.246597]}},{"type":"Feature","properties":{"id":"s435","name":"Ząbki Leszyckiego","bus":1,"tram":0,"rail":0,"n":1,"imp":0.027,"node":0,"deg":2,"term":0,"major":0},"geometry":{"type":"Point","coordinates":[21.002158,52.239547]}},{"type":"Feature","properties":{"id":"s436","name":"Ząbki Urząd Miasta","bus":1,"tram":0,"rail":0,"n":1,"imp":0.037,"node":1,"deg":3,"term":0,"major":0},"geometry":{"type":"Point","coordinates":[21.003186,52.239547]}},{"type":"Feature","properties":{"id":"s437","name":"Ząbki Orla","bus":1,"tram":0,"rail":0,"n":1,"imp":0.027,"node":0,"deg":2,"term":0,"major":0},"geometry":{"type":"Point","coordinates":[21.004213,52.238917]}},{"type":"Feature","properties":{"id":"s438","name":"Ząbki Powstańców - Park","bus":1,"tram":0,"rail":0,"n":1,"imp":0.027,"node":0,"deg":2,"term":0,"major":0},"geometry":{"type":"Point","coordinates":[21.010377,52.233251]}},{"type":"Feature","properties":{"id":"s439","name":"Bohuna","bus":1,"tram":0,"rail":0,"n":5,"imp":0.059,"node":0,"deg":2,"term":0,"major":0},"geometry":{"type":"Point","coordinates":[20.978531,52.250248]}},{"type":"Feature","properties":{"id":"s440","name":"Kaflowa","bus":1,"tram":0,"rail":0,"n":4,"imp":0.051,"node":0,"deg":2,"term":0,"major":0},"geometry":{"type":"Point","coordinates":[20.94463,52.254655]}},{"type":"Feature","properties":{"id":"s441","name":"Płużnicka","bus":1,"tram":0,"rail":0,"n":3,"imp":0.053,"node":1,"deg":3,"term":0,"major":0},"geometry":{"type":"Point","coordinates":[20.945658,52.250878]}},{"type":"Feature","properties":{"id":"s442","name":"Kasztanowa","bus":1,"tram":0,"rail":0,"n":3,"imp":0.043,"node":0,"deg":2,"term":0,"major":0},"geometry":{"type":"Point","coordinates":[20.948314,52.249619]}},{"type":"Feature","properties":{"id":"s443","name":"Laurowa","bus":1,"tram":0,"rail":0,"n":3,"imp":0.053,"node":1,"deg":3,"term":0,"major":0},"geometry":{"type":"Point","coordinates":[20.951821,52.249619]}},{"type":"Feature","properties":{"id":"s444","name":"Spichrzowa","bus":1,"tram":0,"rail":0,"n":3,"imp":0.043,"node":0,"deg":2,"term":0,"major":0},"geometry":{"type":"Point","coordinates":[20.983341,52.254225]}},{"type":"Feature","properties":{"id":"s445","name":"Wierna","bus":1,"tram":0,"rail":0,"n":3,"imp":0.063,"node":1,"deg":4,"term":0,"major":0},"geometry":{"type":"Point","coordinates":[20.999077,52.233251]}},{"type":"Feature","properties":{"id":"s446","name":"Tarchomin Kościelny","bus":0,"tram":1,"rail":0,"n":2,"imp":0.05,"node":1,"deg":1,"term":1,"major":0},"geometry":{"type":"Point","coordinates":[20.935385,52.254655]}},{"type":"Feature","properties":{"id":"s447","name":"Strzelecka","bus":1,"tram":0,"rail":0,"n":1,"imp":0.027,"node":0,"deg":2,"term":0,"major":0},"geometry":{"type":"Point","coordinates":[20.984695,52.232622]}},{"type":"Feature","properties":{"id":"s448","name":"Ojca Aniceta","bus":1,"tram":0,"rail":0,"n":1,"imp":0.037,"node":1,"deg":3,"term":0,"major":0},"geometry":{"type":"Point","coordinates":[20.976476,52.24836]}},{"type":"Feature","properties":{"id":"s449","name":"Pośrednia","bus":1,"tram":0,"rail":0,"n":1,"imp":0.027,"node":0,"deg":2,"term":0,"major":0},"geometry":{"type":"Point","coordinates":[20.976476,52.24878]}},{"type":"Feature","properties":{"id":"s450","name":"Porzeczkowa","bus":1,"tram":0,"rail":0,"n":1,"imp":0.027,"node":0,"deg":2,"term":0,"major":0},"geometry":{"type":"Point","coordinates":[20.976476,52.249199]}},{"type":"Feature","properties":{"id":"s451","name":"Nieporęt Pl. Wolności","bus":1,"tram":0,"rail":0,"n":1,"imp":0.03,"node":1,"deg":1,"term":1,"major":0},"geometry":{"type":"Point","coordinates":[20.962094,52.269764]}},{"type":"Feature","properties":{"id":"s452","name":"Dębowa","bus":1,"tram":0,"rail":0,"n":2,"imp":0.035,"node":0,"deg":2,"term":0,"major":0},"geometry":{"type":"Point","coordinates":[20.935385,52.262817]}},{"type":"Feature","properties":{"id":"s453","name":"Lusińska","bus":1,"tram":0,"rail":0,"n":3,"imp":0.043,"node":0,"deg":2,"term":0,"major":0},"geometry":{"type":"Point","coordinates":[20.987776,52.235769]}},{"type":"Feature","properties":{"id":"s454","name":"Przejezdna","bus":1,"tram":0,"rail":0,"n":3,"imp":0.053,"node":1,"deg":3,"term":0,"major":0},"geometry":{"type":"Point","coordinates":[20.972367,52.257173]}},{"type":"Feature","properties":{"id":"s455","name":"Park Magiczny","bus":1,"tram":0,"rail":0,"n":2,"imp":0.035,"node":0,"deg":2,"term":0,"major":0},"geometry":{"type":"Point","coordinates":[20.984695,52.24773]}},{"type":"Feature","properties":{"id":"s456","name":"Śreniawitów","bus":0,"tram":1,"rail":0,"n":2,"imp":0.035,"node":0,"deg":2,"term":0,"major":0},"geometry":{"type":"Point","coordinates":[20.94463,52.252767]}},{"type":"Feature","properties":{"id":"s457","name":"Młyn Michla","bus":1,"tram":0,"rail":0,"n":1,"imp":0.027,"node":0,"deg":2,"term":0,"major":0},"geometry":{"type":"Point","coordinates":[20.994366,52.228215]}},{"type":"Feature","properties":{"id":"s458","name":"Sieczna","bus":1,"tram":0,"rail":0,"n":5,"imp":0.059,"node":0,"deg":2,"term":0,"major":0},"geometry":{"type":"Point","coordinates":[20.986749,52.248989]}},{"type":"Feature","properties":{"id":"s459","name":"Grodzisk - Kościół","bus":1,"tram":0,"rail":0,"n":5,"imp":0.059,"node":0,"deg":2,"term":0,"major":0},"geometry":{"type":"Point","coordinates":[20.986749,52.250248]}},{"type":"Feature","properties":{"id":"s460","name":"Szlachecka","bus":1,"tram":0,"rail":0,"n":4,"imp":0.071,"node":1,"deg":4,"term":0,"major":0},"geometry":{"type":"Point","coordinates":[20.968258,52.249619]}},{"type":"Feature","properties":{"id":"s461","name":"Śpiewaków","bus":1,"tram":0,"rail":1,"n":5,"imp":0.085,"node":1,"deg":3,"term":0,"major":0},"geometry":{"type":"Point","coordinates":[20.953876,52.255914]}},{"type":"Feature","properties":{"id":"s462","name":"Niwa","bus":1,"tram":0,"rail":0,"n":12,"imp":0.115,"node":0,"deg":2,"term":0,"major":1},"geometry":{"type":"Point","coordinates":[20.984394,52.239731]}},{"type":"Feature","properties":{"id":"s463","name":"Przy Grodzisku","bus":1,"tram":0,"rail":0,"n":3,"imp":0.043,"node":0,"deg":2,"term":0,"major":0},"geometry":{"type":"Point","coordinates":[20.985663,52.242065]}},{"type":"Feature","properties":{"id":"s464","name":"Marki Walewskiej","bus":1,"tram":0,"rail":0,"n":2,"imp":0.035,"node":0,"deg":2,"term":0,"major":0},"geometry":{"type":"Point","coordinates":[20.998783,52.251957]}},{"type":"Feature","properties":{"id":"s465","name":"Marki Karłowicza","bus":1,"tram":0,"rail":0,"n":2,"imp":0.035,"node":0,"deg":2,"term":0,"major":0},"geometry":{"type":"Point","coordinates":[20.99849,52.251777]}},{"type":"Feature","properties":{"id":"s466","name":"Marki Parkowa","bus":1,"tram":0,"rail":0,"n":2,"imp":0.035,"node":0,"deg":2,"term":0,"major":0},"geometry":{"type":"Point","coordinates":[20.998196,52.251597]}},{"type":"Feature","properties":{"id":"s467","name":"Marki Kolonia Makówko","bus":1,"tram":0,"rail":0,"n":2,"imp":0.035,"node":0,"deg":2,"term":0,"major":0},"geometry":{"type":"Point","coordinates":[20.997903,52.251418]}},{"type":"Feature","properties":{"id":"s468","name":"Marki Strefa Przemysłowa","bus":1,"tram":0,"rail":0,"n":2,"imp":0.035,"node":0,"deg":2,"term":0,"major":0},"geometry":{"type":"Point","coordinates":[20.997609,52.251238]}},{"type":"Feature","properties":{"id":"s469","name":"Marki Okólna","bus":1,"tram":0,"rail":0,"n":2,"imp":0.035,"node":0,"deg":2,"term":0,"major":0},"geometry":{"type":"Point","coordinates":[20.997316,52.251058]}},{"type":"Feature","properties":{"id":"s470","name":"Marki Struga - Kościół","bus":1,"tram":0,"rail":0,"n":4,"imp":0.061,"node":1,"deg":3,"term":0,"major":0},"geometry":{"type":"Point","coordinates":[21.001131,52.257173]}},{"type":"Feature","properties":{"id":"s471","name":"Marki Bandurskiego I","bus":1,"tram":0,"rail":0,"n":1,"imp":0.037,"node":1,"deg":3,"term":0,"major":0},"geometry":{"type":"Point","coordinates":[20.994967,52.249619]}},{"type":"Feature","properties":{"id":"s472","name":"Marki Bandurskiego II","bus":1,"tram":0,"rail":0,"n":1,"imp":0.027,"node":0,"deg":2,"term":0,"major":0},"geometry":{"type":"Point","coordinates":[20.993598,52.250458]}},{"type":"Feature","properties":{"id":"s473","name":"Marki Hoovera","bus":1,"tram":0,"rail":0,"n":1,"imp":0.027,"node":0,"deg":2,"term":0,"major":0},"geometry":{"type":"Point","coordinates":[20.992228,52.251298]}},{"type":"Feature","properties":{"id":"s474","name":"Cmentarz Marki","bus":1,"tram":0,"rail":0,"n":1,"imp":0.018,"node":1,"deg":1,"term":0,"major":0},"geometry":{"type":"Point","coordinates":[20.990858,52.252137]}},{"type":"Feature","properties":{"id":"s475","name":"Marki Jagiełły","bus":1,"tram":0,"rail":0,"n":2,"imp":0.045,"node":1,"deg":3,"term":0,"major":0},"geometry":{"type":"Point","coordinates":[21.001131,52.247101]}},{"type":"Feature","properties":{"id":"s476","name":"Marki Sokola","bus":1,"tram":0,"rail":0,"n":1,"imp":0.037,"node":1,"deg":3,"term":0,"major":0},"geometry":{"type":"Point","coordinates":[21.003186,52.245842]}},{"type":"Feature","properties":{"id":"s477","name":"Marki Wronia","bus":1,"tram":0,"rail":0,"n":1,"imp":0.027,"node":0,"deg":2,"term":0,"major":0},"geometry":{"type":"Point","coordinates":[21.003894,52.245842]}},{"type":"Feature","properties":{"id":"s478","name":"Chotomów Boczna","bus":1,"tram":0,"rail":0,"n":1,"imp":0.027,"node":0,"deg":2,"term":0,"major":0},"geometry":{"type":"Point","coordinates":[20.917177,52.272282]}},{"type":"Feature","properties":{"id":"s479","name":"Podwójna","bus":1,"tram":0,"rail":0,"n":5,"imp":0.069,"node":1,"deg":3,"term":0,"major":0},"geometry":{"type":"Point","coordinates":[20.986749,52.24836]}},{"type":"Feature","properties":{"id":"s480","name":"Augustów","bus":1,"tram":0,"rail":0,"n":1,"imp":0.03,"node":1,"deg":1,"term":1,"major":0},"geometry":{"type":"Point","coordinates":[20.986749,52.257173]}},{"type":"Feature","properties":{"id":"s481","name":"Augustówek","bus":1,"tram":0,"rail":0,"n":1,"imp":0.027,"node":0,"deg":2,"term":0,"major":0},"geometry":{"type":"Point","coordinates":[20.985379,52.257173]}},{"type":"Feature","properties":{"id":"s482","name":"Warzelnicza - Szkoła","bus":1,"tram":0,"rail":0,"n":2,"imp":0.035,"node":0,"deg":2,"term":0,"major":0},"geometry":{"type":"Point","coordinates":[20.974422,52.253396]}},{"type":"Feature","properties":{"id":"s483","name":"Berensona - Kanał","bus":1,"tram":0,"rail":0,"n":2,"imp":0.045,"node":1,"deg":3,"term":0,"major":0},"geometry":{"type":"Point","coordinates":[20.978531,52.252137]}},{"type":"Feature","properties":{"id":"s484","name":"Areszt Śledczy Białołęka","bus":1,"tram":0,"rail":0,"n":1,"imp":0.027,"node":0,"deg":2,"term":0,"major":0},"geometry":{"type":"Point","coordinates":[20.967691,52.256262]}},{"type":"Feature","properties":{"id":"s485","name":"Ogrody Przyjaciół","bus":1,"tram":0,"rail":0,"n":1,"imp":0.027,"node":0,"deg":2,"term":0,"major":0},"geometry":{"type":"Point","coordinates":[20.969249,52.255307]}},{"type":"Feature","properties":{"id":"s486","name":"Warmińska","bus":1,"tram":0,"rail":0,"n":1,"imp":0.027,"node":0,"deg":2,"term":0,"major":0},"geometry":{"type":"Point","coordinates":[20.970808,52.254351]}},{"type":"Feature","properties":{"id":"s487","name":"Radzymin Słowackiego","bus":1,"tram":0,"rail":0,"n":1,"imp":0.027,"node":0,"deg":2,"term":0,"major":0},"geometry":{"type":"Point","coordinates":[21.00952,52.264623]}},{"type":"Feature","properties":{"id":"s488","name":"Przylesie","bus":1,"tram":0,"rail":0,"n":1,"imp":0.027,"node":0,"deg":2,"term":0,"major":0},"geometry":{"type":"Point","coordinates":[20.939494,52.26095]}},{"type":"Feature","properties":{"id":"s489","name":"Dorodna","bus":1,"tram":0,"rail":0,"n":1,"imp":0.027,"node":0,"deg":2,"term":0,"major":0},"geometry":{"type":"Point","coordinates":[20.952849,52.249619]}},{"type":"Feature","properties":{"id":"s490","name":"Portowa","bus":1,"tram":0,"rail":0,"n":3,"imp":0.053,"node":1,"deg":3,"term":0,"major":0},"geometry":{"type":"Point","coordinates":[20.953876,52.249619]}},{"type":"Feature","properties":{"id":"s491","name":"Starego Dębu","bus":1,"tram":0,"rail":0,"n":2,"imp":0.035,"node":0,"deg":2,"term":0,"major":0},"geometry":{"type":"Point","coordinates":[20.953465,52.259943]}},{"type":"Feature","properties":{"id":"s492","name":"Koszalińska","bus":1,"tram":0,"rail":0,"n":1,"imp":0.027,"node":0,"deg":2,"term":0,"major":0},"geometry":{"type":"Point","coordinates":[20.99394,52.237028]}},{"type":"Feature","properties":{"id":"s493","name":"Lewinowska","bus":1,"tram":0,"rail":0,"n":1,"imp":0.027,"node":0,"deg":2,"term":0,"major":0},"geometry":{"type":"Point","coordinates":[20.997022,52.237658]}},{"type":"Feature","properties":{"id":"s494","name":"Perłowa","bus":1,"tram":0,"rail":0,"n":1,"imp":0.037,"node":1,"deg":3,"term":0,"major":0},"geometry":{"type":"Point","coordinates":[20.997022,52.237028]}},{"type":"Feature","properties":{"id":"s495","name":"Zielonka Prymasa Wyszyńskiego","bus":1,"tram":0,"rail":0,"n":1,"imp":0.027,"node":0,"deg":2,"term":0,"major":0},"geometry":{"type":"Point","coordinates":[21.012431,52.238917]}},{"type":"Feature","properties":{"id":"s496","name":"Zielonka Os. Poligon","bus":1,"tram":0,"rail":0,"n":2,"imp":0.054,"node":1,"deg":4,"term":0,"major":0},"geometry":{"type":"Point","coordinates":[21.015513,52.238288]}},{"type":"Feature","properties":{"id":"s497","name":"Olszewnica Stara Długa","bus":1,"tram":0,"rail":0,"n":1,"imp":0.027,"node":0,"deg":2,"term":0,"major":0},"geometry":{"type":"Point","coordinates":[20.907648,52.2748]}},{"type":"Feature","properties":{"id":"s498","name":"Kobyłka Krótka","bus":1,"tram":0,"rail":0,"n":1,"imp":0.027,"node":0,"deg":2,"term":0,"major":0},"geometry":{"type":"Point","coordinates":[21.0208,52.247823]}},{"type":"Feature","properties":{"id":"s499","name":"Kobyłka Załuskiego","bus":1,"tram":0,"rail":0,"n":4,"imp":0.071,"node":1,"deg":4,"term":0,"major":0},"geometry":{"type":"Point","coordinates":[21.021677,52.247101]}},{"type":"Feature","properties":{"id":"s500","name":"Os. Panieńska","bus":1,"tram":0,"rail":0,"n":4,"imp":0.071,"node":1,"deg":4,"term":0,"major":0},"geometry":{"type":"Point","coordinates":[20.986749,52.225697]}},{"type":"Feature","properties":{"id":"s501","name":"Kobyłka Sikorskiego","bus":1,"tram":0,"rail":0,"n":1,"imp":0.027,"node":0,"deg":2,"term":0,"major":0},"geometry":{"type":"Point","coordinates":[21.018595,52.243324]}},{"type":"Feature","properties":{"id":"s502","name":"Kobyłka Borysów","bus":1,"tram":0,"rail":0,"n":1,"imp":0.039,"node":1,"deg":2,"term":1,"major":0},"geometry":{"type":"Point","coordinates":[21.019622,52.243324]}},{"type":"Feature","properties":{"id":"s503","name":"Kobyłka Orzeszkowej","bus":1,"tram":0,"rail":0,"n":1,"imp":0.027,"node":0,"deg":2,"term":0,"major":0},"geometry":{"type":"Point","coordinates":[21.023732,52.240806]}},{"type":"Feature","properties":{"id":"s504","name":"Kobyłka Ks. Skorupki","bus":1,"tram":0,"rail":0,"n":1,"imp":0.027,"node":0,"deg":2,"term":0,"major":0},"geometry":{"type":"Point","coordinates":[21.023732,52.239547]}},{"type":"Feature","properties":{"id":"s505","name":"Wólka Radzymińska Topolowa","bus":1,"tram":0,"rail":0,"n":1,"imp":0.027,"node":0,"deg":2,"term":0,"major":0},"geometry":{"type":"Point","coordinates":[20.979618,52.267912]}},{"type":"Feature","properties":{"id":"s506","name":"Wołomin Nowa Wieś","bus":1,"tram":0,"rail":0,"n":1,"imp":0.027,"node":0,"deg":2,"term":0,"major":0},"geometry":{"type":"Point","coordinates":[21.024416,52.254655]}},{"type":"Feature","properties":{"id":"s507","name":"Wołomin Łukasiewicza - rondo","bus":1,"tram":0,"rail":0,"n":1,"imp":0.027,"node":0,"deg":2,"term":0,"major":0},"geometry":{"type":"Point","coordinates":[21.027156,52.254655]}},{"type":"Feature","properties":{"id":"s508","name":"Zielonka Południowa","bus":1,"tram":0,"rail":0,"n":1,"imp":0.027,"node":0,"deg":2,"term":0,"major":0},"geometry":{"type":"Point","coordinates":[21.017157,52.239295]}},{"type":"Feature","properties":{"id":"s509","name":"Skrzeszew Kościelna","bus":1,"tram":0,"rail":0,"n":1,"imp":0.027,"node":0,"deg":2,"term":0,"major":0},"geometry":{"type":"Point","coordinates":[20.915759,52.279836]}},{"type":"Feature","properties":{"id":"s510","name":"Kobyłka Przyjacielska","bus":1,"tram":0,"rail":0,"n":3,"imp":0.053,"node":1,"deg":3,"term":0,"major":0},"geometry":{"type":"Point","coordinates":[21.011404,52.249619]}},{"type":"Feature","properties":{"id":"s511","name":"Kobyłka Ziemowita","bus":1,"tram":0,"rail":0,"n":2,"imp":0.035,"node":0,"deg":2,"term":0,"major":0},"geometry":{"type":"Point","coordinates":[21.011404,52.251508]}},{"type":"Feature","properties":{"id":"s512","name":"Artyleryjska","bus":1,"tram":0,"rail":0,"n":1,"imp":0.027,"node":0,"deg":2,"term":0,"major":0},"geometry":{"type":"Point","coordinates":[20.975107,52.247521]}},{"type":"Feature","properties":{"id":"s513","name":"Białołęcka","bus":1,"tram":0,"rail":0,"n":3,"imp":0.043,"node":0,"deg":2,"term":0,"major":0},"geometry":{"type":"Point","coordinates":[20.970313,52.249619]}},{"type":"Feature","properties":{"id":"s514","name":"Przykoszarowa","bus":1,"tram":0,"rail":0,"n":4,"imp":0.051,"node":0,"deg":2,"term":0,"major":0},"geometry":{"type":"Point","coordinates":[20.969628,52.250458]}},{"type":"Feature","properties":{"id":"s515","name":"Borki Słowiańska","bus":1,"tram":0,"rail":0,"n":1,"imp":0.027,"node":0,"deg":2,"term":0,"major":0},"geometry":{"type":"Point","coordinates":[20.975665,52.278577]}},{"type":"Feature","properties":{"id":"s516","name":"Ossów - Muzeum","bus":1,"tram":0,"rail":0,"n":1,"imp":0.027,"node":0,"deg":2,"term":0,"major":0},"geometry":{"type":"Point","coordinates":[21.026197,52.238288]}},{"type":"Feature","properties":{"id":"s517","name":"Nowy Dwór Mazowiecki Warszawska - Park","bus":1,"tram":0,"rail":0,"n":3,"imp":0.063,"node":1,"deg":4,"term":0,"major":0},"geometry":{"type":"Point","coordinates":[20.869638,52.269764]}},{"type":"Feature","properties":{"id":"s518","name":"Nowy Dwór Mazowiecki Modlińska - Biblioteka","bus":1,"tram":0,"rail":0,"n":1,"imp":0.027,"node":0,"deg":2,"term":0,"major":0},"geometry":{"type":"Point","coordinates":[20.870665,52.270393]}},{"type":"Feature","properties":{"id":"s519","name":"Radzymin Zduńska","bus":1,"tram":0,"rail":0,"n":1,"imp":0.027,"node":0,"deg":2,"term":0,"major":0},"geometry":{"type":"Point","coordinates":[21.003894,52.270589]}},{"type":"Feature","properties":{"id":"s520","name":"Radzymin Koliski","bus":1,"tram":0,"rail":0,"n":2,"imp":0.035,"node":0,"deg":2,"term":0,"major":0},"geometry":{"type":"Point","coordinates":[21.006268,52.265357]}},{"type":"Feature","properties":{"id":"s521","name":"Stogi","bus":1,"tram":0,"rail":0,"n":3,"imp":0.053,"node":1,"deg":3,"term":0,"major":0},"geometry":{"type":"Point","coordinates":[20.98264,52.254655]}},{"type":"Feature","properties":{"id":"s522","name":"Przyrodnicza","bus":1,"tram":0,"rail":0,"n":3,"imp":0.043,"node":0,"deg":2,"term":0,"major":0},"geometry":{"type":"Point","coordinates":[20.984695,52.252745]}},{"type":"Feature","properties":{"id":"s523","name":"Zielonka Obrońców Westerplatte","bus":1,"tram":0,"rail":0,"n":1,"imp":0.027,"node":0,"deg":2,"term":0,"major":0},"geometry":{"type":"Point","coordinates":[21.009179,52.243324]}},{"type":"Feature","properties":{"id":"s524","name":"PKP Nowy Dwór Mazowiecki","bus":1,"tram":0,"rail":0,"n":2,"imp":0.035,"node":0,"deg":2,"term":0,"major":0},"geometry":{"type":"Point","coordinates":[20.873446,52.269764]}},{"type":"Feature","properties":{"id":"s525","name":"Cięciwa Polna","bus":1,"tram":0,"rail":0,"n":1,"imp":0.037,"node":1,"deg":3,"term":0,"major":0},"geometry":{"type":"Point","coordinates":[21.040168,52.238288]}},{"type":"Feature","properties":{"id":"s526","name":"R-5 Zajezdnia Annopol","bus":1,"tram":0,"rail":0,"n":1,"imp":0.037,"node":1,"deg":3,"term":0,"major":0},"geometry":{"type":"Point","coordinates":[20.972367,52.247101]}},{"type":"Feature","properties":{"id":"s527","name":"Legionowo Rondo WOŚP","bus":1,"tram":0,"rail":0,"n":2,"imp":0.035,"node":0,"deg":2,"term":0,"major":0},"geometry":{"type":"Point","coordinates":[20.925112,52.270393]}},{"type":"Feature","properties":{"id":"s528","name":"Lipinki Graniczna","bus":1,"tram":0,"rail":0,"n":1,"imp":0.027,"node":0,"deg":2,"term":0,"major":0},"geometry":{"type":"Point","coordinates":[21.03195,52.253396]}},{"type":"Feature","properties":{"id":"s529","name":"Ząbki Wyzwolenia","bus":1,"tram":0,"rail":0,"n":1,"imp":0.027,"node":0,"deg":2,"term":0,"major":0},"geometry":{"type":"Point","coordinates":[21.010014,52.237435]}},{"type":"Feature","properties":{"id":"s530","name":"Lipinki Wiosenna","bus":1,"tram":0,"rail":0,"n":1,"imp":0.027,"node":0,"deg":2,"term":0,"major":0},"geometry":{"type":"Point","coordinates":[21.035032,52.252767]}},{"type":"Feature","properties":{"id":"s531","name":"Kobyłka Orszagha - Tunel","bus":1,"tram":0,"rail":0,"n":1,"imp":0.027,"node":0,"deg":2,"term":0,"major":0},"geometry":{"type":"Point","coordinates":[21.02065,52.243953]}},{"type":"Feature","properties":{"id":"s532","name":"Duczki Przytorowa","bus":1,"tram":0,"rail":0,"n":1,"imp":0.027,"node":0,"deg":2,"term":0,"major":0},"geometry":{"type":"Point","coordinates":[21.032977,52.24836]}},{"type":"Feature","properties":{"id":"s533","name":"Radzymin Sanktuarium Jana Pawła II","bus":1,"tram":0,"rail":0,"n":1,"imp":0.027,"node":0,"deg":2,"term":0,"major":0},"geometry":{"type":"Point","coordinates":[21.011404,52.263173]}},{"type":"Feature","properties":{"id":"s534","name":"P+R Radzymin","bus":1,"tram":0,"rail":0,"n":1,"imp":0.03,"node":1,"deg":1,"term":1,"major":0},"geometry":{"type":"Point","coordinates":[21.011404,52.262209]}},{"type":"Feature","properties":{"id":"s535","name":"Fajna","bus":1,"tram":0,"rail":0,"n":2,"imp":0.045,"node":1,"deg":3,"term":0,"major":0},"geometry":{"type":"Point","coordinates":[20.972367,52.258432]}},{"type":"Feature","properties":{"id":"s536","name":"Os. Olchowy Park","bus":1,"tram":0,"rail":0,"n":2,"imp":0.035,"node":0,"deg":2,"term":0,"major":0},"geometry":{"type":"Point","coordinates":[20.974422,52.258432]}},{"type":"Feature","properties":{"id":"s537","name":"Pucciniego","bus":1,"tram":0,"rail":0,"n":3,"imp":0.053,"node":1,"deg":3,"term":0,"major":0},"geometry":{"type":"Point","coordinates":[20.98264,52.258432]}},{"type":"Feature","properties":{"id":"s538","name":"Os. Zielona Dolina","bus":1,"tram":0,"rail":0,"n":3,"imp":0.065,"node":1,"deg":3,"term":1,"major":0},"geometry":{"type":"Point","coordinates":[20.976476,52.258432]}},{"type":"Feature","properties":{"id":"s539","name":"Krzewna","bus":1,"tram":0,"rail":0,"n":3,"imp":0.053,"node":1,"deg":3,"term":0,"major":0},"geometry":{"type":"Point","coordinates":[20.999077,52.231992]}},{"type":"Feature","properties":{"id":"s540","name":"Duczki Olszowa","bus":1,"tram":0,"rail":0,"n":1,"imp":0.027,"node":0,"deg":2,"term":0,"major":0},"geometry":{"type":"Point","coordinates":[21.036059,52.24836]}},{"type":"Feature","properties":{"id":"s541","name":"Nowe Załubice Irysowa","bus":1,"tram":0,"rail":0,"n":1,"imp":0.027,"node":0,"deg":2,"term":0,"major":0},"geometry":{"type":"Point","coordinates":[20.987638,52.280381]}},{"type":"Feature","properties":{"id":"s542","name":"Nowe Załubice Starorzecze","bus":1,"tram":0,"rail":0,"n":1,"imp":0.027,"node":0,"deg":2,"term":0,"major":0},"geometry":{"type":"Point","coordinates":[20.986472,52.279666]}},{"type":"Feature","properties":{"id":"s543","name":"Nowe Załubice Opolska","bus":1,"tram":0,"rail":0,"n":1,"imp":0.03,"node":1,"deg":1,"term":1,"major":0},"geometry":{"type":"Point","coordinates":[20.988804,52.281095]}},{"type":"Feature","properties":{"id":"s544","name":"Wołomin PWiK","bus":1,"tram":0,"rail":0,"n":1,"imp":0.027,"node":0,"deg":2,"term":0,"major":0},"geometry":{"type":"Point","coordinates":[21.034518,52.240806]}},{"type":"Feature","properties":{"id":"s545","name":"Verdiego","bus":1,"tram":0,"rail":0,"n":4,"imp":0.08,"node":1,"deg":5,"term":0,"major":0},"geometry":{"type":"Point","coordinates":[20.98264,52.257173]}},{"type":"Feature","properties":{"id":"s546","name":"Ząbki MCS Basen","bus":1,"tram":0,"rail":0,"n":1,"imp":0.027,"node":0,"deg":2,"term":0,"major":0},"geometry":{"type":"Point","coordinates":[21.008623,52.236583]}},{"type":"Feature","properties":{"id":"s547","name":"Wołomin Szpital Powiatowy","bus":1,"tram":0,"rail":0,"n":7,"imp":0.143,"node":1,"deg":4,"term":1,"major":1},"geometry":{"type":"Point","coordinates":[21.021677,52.24836]}},{"type":"Feature","properties":{"id":"s548","name":"Legionowo Aleja Róż","bus":1,"tram":0,"rail":0,"n":1,"imp":0.027,"node":0,"deg":2,"term":0,"major":0},"geometry":{"type":"Point","coordinates":[20.925112,52.271442]}},{"type":"Feature","properties":{"id":"s549","name":"Kobyłka Załuskiego - Szkoła","bus":1,"tram":0,"rail":0,"n":1,"imp":0.027,"node":0,"deg":2,"term":0,"major":0},"geometry":{"type":"Point","coordinates":[21.019622,52.246602]}},{"type":"Feature","properties":{"id":"s550","name":"Kobyłka Żymirskiego - Przychodnia","bus":1,"tram":0,"rail":0,"n":5,"imp":0.069,"node":1,"deg":3,"term":0,"major":0},"geometry":{"type":"Point","coordinates":[21.017568,52.245842]}},{"type":"Feature","properties":{"id":"s551","name":"Wołomin Armii Krajowej","bus":1,"tram":0,"rail":0,"n":4,"imp":0.071,"node":1,"deg":4,"term":0,"major":0},"geometry":{"type":"Point","coordinates":[21.021677,52.245842]}},{"type":"Feature","properties":{"id":"s552","name":"PKP Kobyłka Ossów","bus":1,"tram":0,"rail":0,"n":1,"imp":0.037,"node":1,"deg":3,"term":0,"major":0},"geometry":{"type":"Point","coordinates":[21.017568,52.243324]}},{"type":"Feature","properties":{"id":"s553","name":"PKP Kobyłka Ossów","bus":1,"tram":0,"rail":0,"n":2,"imp":0.035,"node":0,"deg":2,"term":0,"major":0},"geometry":{"type":"Point","coordinates":[21.015513,52.243396]}},{"type":"Feature","properties":{"id":"s554","name":"Kobyłka 11 Listopada","bus":1,"tram":0,"rail":0,"n":1,"imp":0.046,"node":1,"deg":4,"term":0,"major":0},"geometry":{"type":"Point","coordinates":[21.019622,52.245842]}},{"type":"Feature","properties":{"id":"s555","name":"Kobyłka Chopina","bus":1,"tram":0,"rail":0,"n":2,"imp":0.035,"node":0,"deg":2,"term":0,"major":0},"geometry":{"type":"Point","coordinates":[21.015513,52.245248]}},{"type":"Feature","properties":{"id":"s556","name":"Kobyłka Kordeckiego","bus":1,"tram":0,"rail":0,"n":3,"imp":0.055,"node":1,"deg":2,"term":1,"major":0},"geometry":{"type":"Point","coordinates":[21.013459,52.250878]}},{"type":"Feature","properties":{"id":"s557","name":"Kobyłka Kościół","bus":1,"tram":0,"rail":0,"n":6,"imp":0.099,"node":1,"deg":4,"term":1,"major":0},"geometry":{"type":"Point","coordinates":[21.015513,52.247101]}},{"type":"Feature","properties":{"id":"s558","name":"Kobyłka Cmentarz","bus":1,"tram":0,"rail":0,"n":4,"imp":0.061,"node":1,"deg":3,"term":0,"major":0},"geometry":{"type":"Point","coordinates":[21.017568,52.244583]}},{"type":"Feature","properties":{"id":"s559","name":"Kobyłka Krasickiego","bus":1,"tram":0,"rail":0,"n":1,"imp":0.037,"node":1,"deg":3,"term":0,"major":0},"geometry":{"type":"Point","coordinates":[21.023732,52.242065]}},{"type":"Feature","properties":{"id":"s560","name":"Kobyłka Pionierska","bus":1,"tram":0,"rail":0,"n":1,"imp":0.027,"node":0,"deg":2,"term":0,"major":0},"geometry":{"type":"Point","coordinates":[21.019923,52.247285]}},{"type":"Feature","properties":{"id":"s561","name":"Wieliszew Magnolii","bus":1,"tram":0,"rail":0,"n":3,"imp":0.053,"node":1,"deg":3,"term":0,"major":0},"geometry":{"type":"Point","coordinates":[20.937439,52.278577]}},{"type":"Feature","properties":{"id":"s562","name":"Beniaminów","bus":1,"tram":0,"rail":0,"n":1,"imp":0.027,"node":0,"deg":2,"term":0,"major":0},"geometry":{"type":"Point","coordinates":[20.973068,52.2748]}},{"type":"Feature","properties":{"id":"s563","name":"Radzymin Przemysłowa","bus":1,"tram":0,"rail":0,"n":1,"imp":0.027,"node":0,"deg":2,"term":0,"major":0},"geometry":{"type":"Point","coordinates":[20.992309,52.2748]}},{"type":"Feature","properties":{"id":"s564","name":"Radzymin Kolonia Pod Lasem","bus":1,"tram":0,"rail":0,"n":1,"imp":0.027,"node":0,"deg":2,"term":0,"major":0},"geometry":{"type":"Point","coordinates":[20.997091,52.274758]}},{"type":"Feature","properties":{"id":"s565","name":"Radzymin Maczka","bus":1,"tram":0,"rail":0,"n":2,"imp":0.054,"node":1,"deg":4,"term":0,"major":0},"geometry":{"type":"Point","coordinates":[21.00524,52.264728]}},{"type":"Feature","properties":{"id":"s566","name":"Słupno Magnolii","bus":1,"tram":0,"rail":0,"n":1,"imp":0.027,"node":0,"deg":2,"term":0,"major":0},"geometry":{"type":"Point","coordinates":[20.997022,52.262209]}},{"type":"Feature","properties":{"id":"s567","name":"Słupno Szkolna","bus":1,"tram":0,"rail":0,"n":1,"imp":0.037,"node":1,"deg":3,"term":0,"major":0},"geometry":{"type":"Point","coordinates":[20.994967,52.263468]}},{"type":"Feature","properties":{"id":"s568","name":"Słupno Ekologiczna","bus":1,"tram":0,"rail":0,"n":1,"imp":0.027,"node":0,"deg":2,"term":0,"major":0},"geometry":{"type":"Point","coordinates":[20.991761,52.263468]}},{"type":"Feature","properties":{"id":"s569","name":"Sieraków k. Radzymina Podbipięty","bus":1,"tram":0,"rail":0,"n":1,"imp":0.027,"node":0,"deg":2,"term":0,"major":0},"geometry":{"type":"Point","coordinates":[20.989229,52.264467]}},{"type":"Feature","properties":{"id":"s570","name":"Sieraków k. Radzymina Sobieskiego","bus":1,"tram":0,"rail":0,"n":1,"imp":0.027,"node":0,"deg":2,"term":0,"major":0},"geometry":{"type":"Point","coordinates":[20.986962,52.265856]}},{"type":"Feature","properties":{"id":"s571","name":"Kobyłka Rozwadowskiego","bus":1,"tram":0,"rail":0,"n":3,"imp":0.072,"node":1,"deg":5,"term":0,"major":0},"geometry":{"type":"Point","coordinates":[21.017568,52.242065]}},{"type":"Feature","properties":{"id":"s572","name":"Kobyłka Dąbrowskiego","bus":1,"tram":0,"rail":0,"n":3,"imp":0.043,"node":0,"deg":2,"term":0,"major":0},"geometry":{"type":"Point","coordinates":[21.019622,52.240806]}},{"type":"Feature","properties":{"id":"s573","name":"Kobyłka Kazimierza Odnowiciela","bus":1,"tram":0,"rail":0,"n":2,"imp":0.045,"node":1,"deg":3,"term":0,"major":0},"geometry":{"type":"Point","coordinates":[21.011404,52.253396]}},{"type":"Feature","properties":{"id":"s574","name":"Kobyłka Hubala","bus":1,"tram":0,"rail":0,"n":1,"imp":0.027,"node":0,"deg":2,"term":0,"major":0},"geometry":{"type":"Point","coordinates":[21.017568,52.240806]}},{"type":"Feature","properties":{"id":"s575","name":"Cegielnia Wawrzyna","bus":1,"tram":0,"rail":0,"n":2,"imp":0.035,"node":0,"deg":2,"term":0,"major":0},"geometry":{"type":"Point","coordinates":[21.003186,52.261319]}},{"type":"Feature","properties":{"id":"s576","name":"Łąki Sasankowa","bus":1,"tram":0,"rail":0,"n":1,"imp":0.027,"node":0,"deg":2,"term":0,"major":0},"geometry":{"type":"Point","coordinates":[20.987499,52.2748]}},{"type":"Feature","properties":{"id":"s577","name":"Radzymin Wróblewskiego","bus":1,"tram":0,"rail":0,"n":1,"imp":0.027,"node":0,"deg":2,"term":0,"major":0},"geometry":{"type":"Point","coordinates":[21.000492,52.272673]}},{"type":"Feature","properties":{"id":"s578","name":"Słupno Lipowa","bus":1,"tram":0,"rail":0,"n":1,"imp":0.037,"node":1,"deg":3,"term":0,"major":0},"geometry":{"type":"Point","coordinates":[20.999077,52.26095]}},{"type":"Feature","properties":{"id":"s579","name":"Wołomin Graniczna","bus":1,"tram":0,"rail":0,"n":1,"imp":0.027,"node":0,"deg":2,"term":0,"major":0},"geometry":{"type":"Point","coordinates":[21.032977,52.240806]}},{"type":"Feature","properties":{"id":"s580","name":"Stare Grabie - Szkoła","bus":1,"tram":0,"rail":0,"n":1,"imp":0.027,"node":0,"deg":2,"term":0,"major":0},"geometry":{"type":"Point","coordinates":[21.038114,52.24836]}},{"type":"Feature","properties":{"id":"s581","name":"PKP Wołomin","bus":1,"tram":0,"rail":0,"n":6,"imp":0.142,"node":1,"deg":6,"term":1,"major":1},"geometry":{"type":"Point","coordinates":[21.025786,52.247101]}},{"type":"Feature","properties":{"id":"s582","name":"Majdan","bus":1,"tram":0,"rail":0,"n":2,"imp":0.067,"node":1,"deg":4,"term":1,"major":0},"geometry":{"type":"Point","coordinates":[21.038114,52.239547]}},{"type":"Feature","properties":{"id":"s583","name":"Czarna","bus":1,"tram":0,"rail":0,"n":1,"imp":0.037,"node":1,"deg":3,"term":0,"major":0},"geometry":{"type":"Point","coordinates":[21.021677,52.254655]}},{"type":"Feature","properties":{"id":"s584","name":"Wołomin Reja","bus":1,"tram":0,"rail":0,"n":4,"imp":0.061,"node":1,"deg":3,"term":0,"major":0},"geometry":{"type":"Point","coordinates":[21.029895,52.247101]}},{"type":"Feature","properties":{"id":"s585","name":"Lipinki","bus":1,"tram":0,"rail":0,"n":1,"imp":0.03,"node":1,"deg":1,"term":1,"major":0},"geometry":{"type":"Point","coordinates":[21.036059,52.253396]}},{"type":"Feature","properties":{"id":"s586","name":"Wołomin Sasina - Liceum","bus":1,"tram":0,"rail":0,"n":6,"imp":0.077,"node":1,"deg":3,"term":0,"major":0},"geometry":{"type":"Point","coordinates":[21.021677,52.249619]}},{"type":"Feature","properties":{"id":"s587","name":"Wołomin Piłsudskiego - Kościół","bus":1,"tram":0,"rail":0,"n":2,"imp":0.054,"node":1,"deg":4,"term":0,"major":0},"geometry":{"type":"Point","coordinates":[21.023732,52.250878]}},{"type":"Feature","properties":{"id":"s588","name":"Wołomin Popularna","bus":1,"tram":0,"rail":0,"n":1,"imp":0.027,"node":0,"deg":2,"term":0,"major":0},"geometry":{"type":"Point","coordinates":[21.026813,52.250878]}},{"type":"Feature","properties":{"id":"s589","name":"Wołomin Batorego","bus":1,"tram":0,"rail":0,"n":2,"imp":0.035,"node":0,"deg":2,"term":0,"major":0},"geometry":{"type":"Point","coordinates":[21.028868,52.250248]}},{"type":"Feature","properties":{"id":"s590","name":"Wołomin Kościelna","bus":1,"tram":0,"rail":0,"n":1,"imp":0.027,"node":0,"deg":2,"term":0,"major":0},"geometry":{"type":"Point","coordinates":[21.031265,52.244163]}},{"type":"Feature","properties":{"id":"s591","name":"Wołomin Lipińska","bus":1,"tram":0,"rail":0,"n":1,"imp":0.037,"node":1,"deg":3,"term":0,"major":0},"geometry":{"type":"Point","coordinates":[21.029895,52.243324]}},{"type":"Feature","properties":{"id":"s592","name":"Wołomin Partyzantów - Szkoła","bus":1,"tram":0,"rail":0,"n":1,"imp":0.037,"node":1,"deg":3,"term":0,"major":0},"geometry":{"type":"Point","coordinates":[21.029895,52.240806]}},{"type":"Feature","properties":{"id":"s593","name":"Wołomin Gryczana","bus":1,"tram":0,"rail":0,"n":1,"imp":0.027,"node":0,"deg":2,"term":0,"major":0},"geometry":{"type":"Point","coordinates":[21.031436,52.240806]}},{"type":"Feature","properties":{"id":"s594","name":"Turów II","bus":1,"tram":0,"rail":0,"n":2,"imp":0.035,"node":0,"deg":2,"term":0,"major":0},"geometry":{"type":"Point","coordinates":[21.022704,52.238917]}},{"type":"Feature","properties":{"id":"s595","name":"Ossów - Szkoła","bus":1,"tram":0,"rail":0,"n":2,"imp":0.045,"node":1,"deg":3,"term":0,"major":0},"geometry":{"type":"Point","coordinates":[21.023732,52.238288]}},{"type":"Feature","properties":{"id":"s596","name":"Ossów - Krzyż","bus":1,"tram":0,"rail":0,"n":1,"imp":0.027,"node":0,"deg":2,"term":0,"major":0},"geometry":{"type":"Point","coordinates":[21.028663,52.238288]}},{"type":"Feature","properties":{"id":"s597","name":"Ossów Krymska","bus":1,"tram":0,"rail":0,"n":1,"imp":0.027,"node":0,"deg":2,"term":0,"major":0},"geometry":{"type":"Point","coordinates":[21.031128,52.238288]}},{"type":"Feature","properties":{"id":"s598","name":"Leśniakowizna","bus":1,"tram":0,"rail":0,"n":1,"imp":0.037,"node":1,"deg":3,"term":0,"major":0},"geometry":{"type":"Point","coordinates":[21.036059,52.238288]}},{"type":"Feature","properties":{"id":"s599","name":"Mostówka","bus":1,"tram":0,"rail":0,"n":1,"imp":0.027,"node":0,"deg":2,"term":0,"major":0},"geometry":{"type":"Point","coordinates":[21.039141,52.238917]}},{"type":"Feature","properties":{"id":"s600","name":"Wołomin Cmentarz","bus":1,"tram":0,"rail":0,"n":2,"imp":0.045,"node":1,"deg":3,"term":0,"major":0},"geometry":{"type":"Point","coordinates":[21.036059,52.240806]}},{"type":"Feature","properties":{"id":"s601","name":"Wołomin Mieszka I","bus":1,"tram":0,"rail":0,"n":2,"imp":0.054,"node":1,"deg":4,"term":0,"major":0},"geometry":{"type":"Point","coordinates":[21.034004,52.244583]}},{"type":"Feature","properties":{"id":"s602","name":"Wołomin Miejski Dom Kultury","bus":1,"tram":0,"rail":0,"n":5,"imp":0.079,"node":1,"deg":4,"term":0,"major":0},"geometry":{"type":"Point","coordinates":[21.027841,52.247101]}},{"type":"Feature","properties":{"id":"s603","name":"Wołomin Lipowa","bus":1,"tram":0,"rail":0,"n":1,"imp":0.037,"node":1,"deg":3,"term":0,"major":0},"geometry":{"type":"Point","coordinates":[21.021677,52.252137]}},{"type":"Feature","properties":{"id":"s604","name":"Zagościniec - Szkoła","bus":1,"tram":0,"rail":0,"n":1,"imp":0.037,"node":1,"deg":3,"term":0,"major":0},"geometry":{"type":"Point","coordinates":[21.029895,52.254655]}},{"type":"Feature","properties":{"id":"s605","name":"PKP Zagościniec","bus":1,"tram":0,"rail":0,"n":1,"imp":0.037,"node":1,"deg":3,"term":0,"major":0},"geometry":{"type":"Point","coordinates":[21.034004,52.252137]}},{"type":"Feature","properties":{"id":"s606","name":"Stare Grabie","bus":1,"tram":0,"rail":0,"n":1,"imp":0.03,"node":1,"deg":1,"term":1,"major":0},"geometry":{"type":"Point","coordinates":[21.042223,52.24836]}},{"type":"Feature","properties":{"id":"s607","name":"Nowe Grabie I","bus":1,"tram":0,"rail":0,"n":1,"imp":0.037,"node":1,"deg":3,"term":0,"major":0},"geometry":{"type":"Point","coordinates":[21.038114,52.245842]}},{"type":"Feature","properties":{"id":"s608","name":"Nowe Grabie II","bus":1,"tram":0,"rail":0,"n":1,"imp":0.027,"node":0,"deg":2,"term":0,"major":0},"geometry":{"type":"Point","coordinates":[21.041196,52.245842]}},{"type":"Feature","properties":{"id":"s609","name":"Zielonka Przemysłowa","bus":1,"tram":0,"rail":0,"n":2,"imp":0.035,"node":0,"deg":2,"term":0,"major":0},"geometry":{"type":"Point","coordinates":[21.011815,52.246094]}},{"type":"Feature","properties":{"id":"s610","name":"Nadma Mostowa","bus":1,"tram":0,"rail":0,"n":2,"imp":0.035,"node":0,"deg":2,"term":0,"major":0},"geometry":{"type":"Point","coordinates":[21.008322,52.255285]}},{"type":"Feature","properties":{"id":"s611","name":"Nowe Lipiny","bus":1,"tram":0,"rail":0,"n":1,"imp":0.027,"node":0,"deg":2,"term":0,"major":0},"geometry":{"type":"Point","coordinates":[21.032464,52.24836]}},{"type":"Feature","properties":{"id":"s612","name":"Duczki - Szkoła","bus":1,"tram":0,"rail":0,"n":1,"imp":0.046,"node":1,"deg":4,"term":0,"major":0},"geometry":{"type":"Point","coordinates":[21.034004,52.24836]}},{"type":"Feature","properties":{"id":"s613","name":"Stare Lipiny","bus":1,"tram":0,"rail":0,"n":1,"imp":0.037,"node":1,"deg":3,"term":0,"major":0},"geometry":{"type":"Point","coordinates":[21.036059,52.243324]}},{"type":"Feature","properties":{"id":"s614","name":"Duczki Willowa","bus":1,"tram":0,"rail":0,"n":1,"imp":0.027,"node":0,"deg":2,"term":0,"major":0},"geometry":{"type":"Point","coordinates":[21.033491,52.24836]}},{"type":"Feature","properties":{"id":"s615","name":"Wołomin Waryńskiego","bus":1,"tram":0,"rail":0,"n":3,"imp":0.053,"node":1,"deg":3,"term":0,"major":0},"geometry":{"type":"Point","coordinates":[21.029895,52.250878]}},{"type":"Feature","properties":{"id":"s616","name":"Słupno Konopnickiej","bus":1,"tram":0,"rail":0,"n":1,"imp":0.027,"node":0,"deg":2,"term":0,"major":0},"geometry":{"type":"Point","coordinates":[20.997022,52.262209]}},{"type":"Feature","properties":{"id":"s617","name":"Stare Grabie II","bus":1,"tram":0,"rail":0,"n":1,"imp":0.027,"node":0,"deg":2,"term":0,"major":0},"geometry":{"type":"Point","coordinates":[21.040168,52.24836]}},{"type":"Feature","properties":{"id":"s618","name":"Leśniakowizna II","bus":1,"tram":0,"rail":0,"n":1,"imp":0.027,"node":0,"deg":2,"term":0,"major":0},"geometry":{"type":"Point","coordinates":[21.033594,52.238288]}},{"type":"Feature","properties":{"id":"s619","name":"Wołomin ZUS","bus":1,"tram":0,"rail":0,"n":1,"imp":0.037,"node":1,"deg":3,"term":0,"major":0},"geometry":{"type":"Point","coordinates":[21.03195,52.244583]}},{"type":"Feature","properties":{"id":"s620","name":"Jabłonna Dębowa","bus":1,"tram":0,"rail":0,"n":2,"imp":0.035,"node":0,"deg":2,"term":0,"major":0},"geometry":{"type":"Point","coordinates":[20.917329,52.268505]}},{"type":"Feature","properties":{"id":"s621","name":"Rajszew Nadzorcówka","bus":1,"tram":0,"rail":0,"n":2,"imp":0.035,"node":0,"deg":2,"term":0,"major":0},"geometry":{"type":"Point","coordinates":[20.912805,52.268505]}},{"type":"Feature","properties":{"id":"s622","name":"Rajszew Golfowa","bus":1,"tram":0,"rail":0,"n":2,"imp":0.035,"node":0,"deg":2,"term":0,"major":0},"geometry":{"type":"Point","coordinates":[20.908281,52.268505]}},{"type":"Feature","properties":{"id":"s623","name":"Skierdy Lipowa","bus":1,"tram":0,"rail":0,"n":2,"imp":0.035,"node":0,"deg":2,"term":0,"major":0},"geometry":{"type":"Point","coordinates":[20.903757,52.268505]}},{"type":"Feature","properties":{"id":"s624","name":"Skierdy Puszczyka","bus":1,"tram":0,"rail":0,"n":2,"imp":0.035,"node":0,"deg":2,"term":0,"major":0},"geometry":{"type":"Point","coordinates":[20.899232,52.268505]}},{"type":"Feature","properties":{"id":"s625","name":"Skierdy Nadwiślańska","bus":1,"tram":0,"rail":0,"n":2,"imp":0.035,"node":0,"deg":2,"term":0,"major":0},"geometry":{"type":"Point","coordinates":[20.894708,52.268505]}},{"type":"Feature","properties":{"id":"s626","name":"Suchocin Sołecka","bus":1,"tram":0,"rail":0,"n":2,"imp":0.045,"node":1,"deg":3,"term":0,"major":0},"geometry":{"type":"Point","coordinates":[20.890184,52.268505]}},{"type":"Feature","properties":{"id":"s627","name":"Suchocin","bus":1,"tram":0,"rail":0,"n":2,"imp":0.045,"node":1,"deg":3,"term":0,"major":0},"geometry":{"type":"Point","coordinates":[20.88402,52.268505]}},{"type":"Feature","properties":{"id":"s628","name":"Boża Wola Dębowa","bus":1,"tram":0,"rail":0,"n":2,"imp":0.035,"node":0,"deg":2,"term":0,"major":0},"geometry":{"type":"Point","coordinates":[20.882674,52.26933]}},{"type":"Feature","properties":{"id":"s629","name":"Nowy Dwór Mazowiecki Os. Młodych","bus":1,"tram":0,"rail":0,"n":2,"imp":0.035,"node":0,"deg":2,"term":0,"major":0},"geometry":{"type":"Point","coordinates":[20.881063,52.269764]}},{"type":"Feature","properties":{"id":"s630","name":"Nowy Dwór Mazowiecki Leśna","bus":1,"tram":0,"rail":0,"n":2,"imp":0.035,"node":0,"deg":2,"term":0,"major":0},"geometry":{"type":"Point","coordinates":[20.879159,52.269764]}},{"type":"Feature","properties":{"id":"s631","name":"PKP Legionowo","bus":1,"tram":0,"rail":1,"n":10,"imp":0.248,"node":1,"deg":7,"term":1,"major":1},"geometry":{"type":"Point","coordinates":[20.937439,52.269764]}},{"type":"Feature","properties":{"id":"s632","name":"Łajski Piaskowa","bus":1,"tram":0,"rail":0,"n":3,"imp":0.043,"node":0,"deg":2,"term":0,"major":0},"geometry":{"type":"Point","coordinates":[20.938467,52.27417]}},{"type":"Feature","properties":{"id":"s633","name":"Wieliszew Kościelna","bus":1,"tram":0,"rail":0,"n":3,"imp":0.043,"node":0,"deg":2,"term":0,"major":0},"geometry":{"type":"Point","coordinates":[20.938809,52.27438]}},{"type":"Feature","properties":{"id":"s634","name":"Wieliszew Szpital Onkologiczny","bus":1,"tram":0,"rail":0,"n":3,"imp":0.043,"node":0,"deg":2,"term":0,"major":0},"geometry":{"type":"Point","coordinates":[20.939151,52.27459]}},{"type":"Feature","properties":{"id":"s635","name":"Wieliszew Podgórna","bus":1,"tram":0,"rail":0,"n":3,"imp":0.053,"node":1,"deg":3,"term":0,"major":0},"geometry":{"type":"Point","coordinates":[20.939494,52.2748]}},{"type":"Feature","properties":{"id":"s636","name":"Wieliszew Polna","bus":1,"tram":0,"rail":0,"n":3,"imp":0.053,"node":1,"deg":3,"term":0,"major":0},"geometry":{"type":"Point","coordinates":[20.941548,52.276059]}},{"type":"Feature","properties":{"id":"s637","name":"Wieliszew Niepodległości","bus":1,"tram":0,"rail":0,"n":2,"imp":0.035,"node":0,"deg":2,"term":0,"major":0},"geometry":{"type":"Point","coordinates":[20.943904,52.277134]}},{"type":"Feature","properties":{"id":"s638","name":"Wieliszew Niepodległości","bus":1,"tram":0,"rail":0,"n":3,"imp":0.053,"node":1,"deg":3,"term":0,"major":0},"geometry":{"type":"Point","coordinates":[20.941548,52.278577]}},{"type":"Feature","properties":{"id":"s639","name":"Wieliszew Modlińska","bus":1,"tram":0,"rail":0,"n":3,"imp":0.072,"node":1,"deg":5,"term":0,"major":0},"geometry":{"type":"Point","coordinates":[20.939494,52.277318]}},{"type":"Feature","properties":{"id":"s640","name":"Wieliszew Willowa","bus":1,"tram":0,"rail":0,"n":3,"imp":0.043,"node":0,"deg":2,"term":0,"major":0},"geometry":{"type":"Point","coordinates":[20.938467,52.277948]}},{"type":"Feature","properties":{"id":"s641","name":"Wieliszew Słoneczna","bus":1,"tram":0,"rail":0,"n":3,"imp":0.043,"node":0,"deg":2,"term":0,"major":0},"geometry":{"type":"Point","coordinates":[20.938467,52.277948]}},{"type":"Feature","properties":{"id":"s642","name":"Wieliszew Przedpełskiego","bus":1,"tram":0,"rail":0,"n":3,"imp":0.053,"node":1,"deg":3,"term":0,"major":0},"geometry":{"type":"Point","coordinates":[20.935385,52.279836]}},{"type":"Feature","properties":{"id":"s643","name":"Wieliszew Wodociąg Płn.","bus":1,"tram":0,"rail":0,"n":3,"imp":0.043,"node":1,"deg":2,"term":0,"major":0},"geometry":{"type":"Point","coordinates":[20.935385,52.281095]}},{"type":"Feature","properties":{"id":"s644","name":"Wieliszew - Plaża","bus":1,"tram":0,"rail":0,"n":2,"imp":0.05,"node":1,"deg":1,"term":1,"major":0},"geometry":{"type":"Point","coordinates":[20.935385,52.283613]}},{"type":"Feature","properties":{"id":"s645","name":"Komornica Polna","bus":1,"tram":0,"rail":0,"n":3,"imp":0.053,"node":1,"deg":3,"term":0,"major":0},"geometry":{"type":"Point","coordinates":[20.929221,52.279836]}},{"type":"Feature","properties":{"id":"s646","name":"Poddębie Sosnowa","bus":1,"tram":0,"rail":0,"n":2,"imp":0.035,"node":0,"deg":2,"term":0,"major":0},"geometry":{"type":"Point","coordinates":[20.929221,52.281725]}},{"type":"Feature","properties":{"id":"s647","name":"Komornica - Szkoła","bus":1,"tram":0,"rail":0,"n":2,"imp":0.05,"node":1,"deg":1,"term":1,"major":0},"geometry":{"type":"Point","coordinates":[20.929221,52.283613]}},{"type":"Feature","properties":{"id":"s648","name":"Wieliszew Urząd Gminy","bus":1,"tram":0,"rail":0,"n":2,"imp":0.045,"node":1,"deg":3,"term":0,"major":0},"geometry":{"type":"Point","coordinates":[20.947712,52.276059]}},{"type":"Feature","properties":{"id":"s649","name":"Poniatów","bus":1,"tram":0,"rail":0,"n":1,"imp":0.027,"node":0,"deg":2,"term":0,"major":0},"geometry":{"type":"Point","coordinates":[20.925855,52.279836]}},{"type":"Feature","properties":{"id":"s650","name":"Kałuszyn","bus":1,"tram":0,"rail":0,"n":1,"imp":0.027,"node":0,"deg":2,"term":0,"major":0},"geometry":{"type":"Point","coordinates":[20.913109,52.278776]}},{"type":"Feature","properties":{"id":"s651","name":"Olszewnica Stara Warszawska","bus":1,"tram":0,"rail":0,"n":2,"imp":0.054,"node":1,"deg":4,"term":0,"major":0},"geometry":{"type":"Point","coordinates":[20.91073,52.277318]}},{"type":"Feature","properties":{"id":"s652","name":"Olszewnica Nowa Wiejska","bus":1,"tram":0,"rail":0,"n":1,"imp":0.039,"node":1,"deg":2,"term":1,"major":0},"geometry":{"type":"Point","coordinates":[20.904566,52.2748]}},{"type":"Feature","properties":{"id":"s653","name":"Olszewnica Nowa Spacerowa","bus":1,"tram":0,"rail":0,"n":1,"imp":0.027,"node":0,"deg":2,"term":0,"major":0},"geometry":{"type":"Point","coordinates":[20.905699,52.277318]}},{"type":"Feature","properties":{"id":"s654","name":"Krubin","bus":1,"tram":0,"rail":0,"n":1,"imp":0.027,"node":0,"deg":2,"term":0,"major":0},"geometry":{"type":"Point","coordinates":[20.895638,52.277318]}},{"type":"Feature","properties":{"id":"s655","name":"Janówek Pierwszy Kwiatowa","bus":1,"tram":0,"rail":0,"n":1,"imp":0.027,"node":0,"deg":2,"term":0,"major":0},"geometry":{"type":"Point","coordinates":[20.891687,52.275721]}},{"type":"Feature","properties":{"id":"s656","name":"Góra Dworcowa","bus":1,"tram":0,"rail":0,"n":1,"imp":0.037,"node":1,"deg":3,"term":0,"major":0},"geometry":{"type":"Point","coordinates":[20.888129,52.273541]}},{"type":"Feature","properties":{"id":"s657","name":"Michałów-Reginów Wolska","bus":1,"tram":0,"rail":0,"n":1,"imp":0.027,"node":0,"deg":2,"term":0,"major":0},"geometry":{"type":"Point","coordinates":[20.94463,52.271023]}},{"type":"Feature","properties":{"id":"s658","name":"Skrzeszew Rozwojowa","bus":1,"tram":0,"rail":0,"n":1,"imp":0.027,"node":0,"deg":2,"term":0,"major":0},"geometry":{"type":"Point","coordinates":[20.92249,52.279836]}},{"type":"Feature","properties":{"id":"s659","name":"OSP Skrzeszew","bus":1,"tram":0,"rail":0,"n":1,"imp":0.027,"node":0,"deg":2,"term":0,"major":0},"geometry":{"type":"Point","coordinates":[20.919124,52.279836]}},{"type":"Feature","properties":{"id":"s660","name":"Olszewnica Stara","bus":1,"tram":0,"rail":0,"n":2,"imp":0.057,"node":1,"deg":3,"term":1,"major":0},"geometry":{"type":"Point","coordinates":[20.91073,52.2748]}},{"type":"Feature","properties":{"id":"s661","name":"Łajski Szkolna","bus":1,"tram":0,"rail":0,"n":3,"imp":0.043,"node":0,"deg":2,"term":0,"major":0},"geometry":{"type":"Point","coordinates":[20.938124,52.273961]}},{"type":"Feature","properties":{"id":"s662","name":"Łajski Fabryczna","bus":1,"tram":0,"rail":0,"n":3,"imp":0.043,"node":0,"deg":2,"term":0,"major":0},"geometry":{"type":"Point","coordinates":[20.937782,52.273751]}},{"type":"Feature","properties":{"id":"s663","name":"Legionowo Rynek","bus":1,"tram":0,"rail":0,"n":6,"imp":0.067,"node":0,"deg":2,"term":0,"major":0},"geometry":{"type":"Point","coordinates":[20.935385,52.269764]}},{"type":"Feature","properties":{"id":"s664","name":"Wieliszew Solidarności","bus":1,"tram":0,"rail":0,"n":2,"imp":0.035,"node":0,"deg":2,"term":0,"major":0},"geometry":{"type":"Point","coordinates":[20.944028,52.2748]}},{"type":"Feature","properties":{"id":"s665","name":"Zielonka 11 Listopada","bus":1,"tram":0,"rail":0,"n":2,"imp":0.069,"node":1,"deg":3,"term":1,"major":0},"geometry":{"type":"Point","coordinates":[21.013459,52.237028]}},{"type":"Feature","properties":{"id":"s666","name":"Zielonka Paderewskiego","bus":1,"tram":0,"rail":0,"n":2,"imp":0.064,"node":1,"deg":5,"term":0,"major":0},"geometry":{"type":"Point","coordinates":[21.015513,52.235769]}},{"type":"Feature","properties":{"id":"s667","name":"Zielonka Os. Wituś","bus":1,"tram":0,"rail":0,"n":2,"imp":0.054,"node":1,"deg":4,"term":0,"major":0},"geometry":{"type":"Point","coordinates":[21.017568,52.237028]}},{"type":"Feature","properties":{"id":"s668","name":"Zielonka Urząd Miasta","bus":1,"tram":0,"rail":0,"n":3,"imp":0.072,"node":1,"deg":5,"term":0,"major":0},"geometry":{"type":"Point","coordinates":[21.011404,52.243324]}},{"type":"Feature","properties":{"id":"s669","name":"Zielonka Wolności","bus":1,"tram":0,"rail":0,"n":3,"imp":0.063,"node":1,"deg":4,"term":0,"major":0},"geometry":{"type":"Point","coordinates":[21.011404,52.245842]}},{"type":"Feature","properties":{"id":"s670","name":"Zielonka Młodzieżowa","bus":1,"tram":0,"rail":0,"n":1,"imp":0.037,"node":1,"deg":3,"term":0,"major":0},"geometry":{"type":"Point","coordinates":[21.007295,52.244583]}},{"type":"Feature","properties":{"id":"s671","name":"Zielonka Sowińskiego","bus":1,"tram":0,"rail":0,"n":1,"imp":0.027,"node":0,"deg":2,"term":0,"major":0},"geometry":{"type":"Point","coordinates":[21.006794,52.24489]}},{"type":"Feature","properties":{"id":"s672","name":"Zielonka Powstańców","bus":1,"tram":0,"rail":0,"n":1,"imp":0.027,"node":0,"deg":2,"term":0,"major":0},"geometry":{"type":"Point","coordinates":[21.006293,52.245197]}},{"type":"Feature","properties":{"id":"s673","name":"Zielonka Marecka","bus":1,"tram":0,"rail":0,"n":1,"imp":0.027,"node":0,"deg":2,"term":0,"major":0},"geometry":{"type":"Point","coordinates":[21.00473,52.243324]}},{"type":"Feature","properties":{"id":"s674","name":"Zielonka Drewnicka","bus":1,"tram":0,"rail":0,"n":1,"imp":0.027,"node":0,"deg":2,"term":0,"major":0},"geometry":{"type":"Point","coordinates":[21.002704,52.243619]}},{"type":"Feature","properties":{"id":"s675","name":"Góra Rzeczna","bus":1,"tram":0,"rail":0,"n":1,"imp":0.027,"node":0,"deg":2,"term":0,"major":0},"geometry":{"type":"Point","coordinates":[20.882934,52.272282]}},{"type":"Feature","properties":{"id":"s676","name":"Zielonka Mickiewicza","bus":1,"tram":0,"rail":0,"n":2,"imp":0.054,"node":1,"deg":4,"term":0,"major":0},"geometry":{"type":"Point","coordinates":[21.013459,52.239547]}},{"type":"Feature","properties":{"id":"s677","name":"Legionowo Słoneczna","bus":1,"tram":0,"rail":0,"n":1,"imp":0.027,"node":0,"deg":2,"term":0,"major":0},"geometry":{"type":"Point","coordinates":[20.948542,52.267246]}},{"type":"Feature","properties":{"id":"s678","name":"Krubin Polna","bus":1,"tram":0,"rail":0,"n":1,"imp":0.027,"node":0,"deg":2,"term":0,"major":0},"geometry":{"type":"Point","coordinates":[20.900668,52.277318]}},{"type":"Feature","properties":{"id":"s679","name":"Aleksandrów Królewska","bus":1,"tram":0,"rail":0,"n":1,"imp":0.027,"node":0,"deg":2,"term":0,"major":0},"geometry":{"type":"Point","coordinates":[20.973813,52.264355]}},{"type":"Feature","properties":{"id":"s680","name":"Ząbki Andersena","bus":1,"tram":0,"rail":0,"n":2,"imp":0.054,"node":1,"deg":4,"term":0,"major":0},"geometry":{"type":"Point","coordinates":[21.011404,52.233251]}},{"type":"Feature","properties":{"id":"s681","name":"Łąki","bus":1,"tram":0,"rail":0,"n":1,"imp":0.027,"node":0,"deg":2,"term":0,"major":0},"geometry":{"type":"Point","coordinates":[20.982689,52.2748]}},{"type":"Feature","properties":{"id":"s682","name":"Łąki Biedronki","bus":1,"tram":0,"rail":0,"n":1,"imp":0.027,"node":0,"deg":2,"term":0,"major":0},"geometry":{"type":"Point","coordinates":[20.977878,52.2748]}},{"type":"Feature","properties":{"id":"s683","name":"PKP Dąbkowizna","bus":1,"tram":0,"rail":0,"n":2,"imp":0.05,"node":1,"deg":1,"term":1,"major":0},"geometry":{"type":"Point","coordinates":[20.978531,52.269764]}},{"type":"Feature","properties":{"id":"s684","name":"Wólka Radzymińska Majowa","bus":1,"tram":0,"rail":0,"n":2,"imp":0.045,"node":1,"deg":3,"term":0,"major":0},"geometry":{"type":"Point","coordinates":[20.980585,52.268505]}},{"type":"Feature","properties":{"id":"s685","name":"Wólka Radzymińska Wirażowa","bus":1,"tram":0,"rail":0,"n":2,"imp":0.035,"node":1,"deg":2,"term":0,"major":0},"geometry":{"type":"Point","coordinates":[20.984695,52.267246]}},{"type":"Feature","properties":{"id":"s686","name":"Stanisławów Drugi GOK","bus":1,"tram":0,"rail":0,"n":1,"imp":0.027,"node":0,"deg":2,"term":0,"major":0},"geometry":{"type":"Point","coordinates":[20.94946,52.271023]}},{"type":"Feature","properties":{"id":"s687","name":"Stanisławów Drugi Wiśniowa","bus":1,"tram":0,"rail":0,"n":1,"imp":0.037,"node":1,"deg":3,"term":0,"major":0},"geometry":{"type":"Point","coordinates":[20.947712,52.271023]}},{"type":"Feature","properties":{"id":"s688","name":"Stanisławów Pierwszy Przyszłość","bus":1,"tram":0,"rail":0,"n":1,"imp":0.027,"node":0,"deg":2,"term":0,"major":0},"geometry":{"type":"Point","coordinates":[20.971676,52.263468]}},{"type":"Feature","properties":{"id":"s689","name":"Stanisławów Pierwszy Rodzinna","bus":1,"tram":0,"rail":0,"n":1,"imp":0.027,"node":0,"deg":2,"term":0,"major":0},"geometry":{"type":"Point","coordinates":[20.970308,52.263468]}},{"type":"Feature","properties":{"id":"s690","name":"Stanisławów Pierwszy Księżycowa","bus":1,"tram":0,"rail":0,"n":1,"imp":0.027,"node":0,"deg":2,"term":0,"major":0},"geometry":{"type":"Point","coordinates":[20.967572,52.263468]}},{"type":"Feature","properties":{"id":"s691","name":"Góra Pałacowa","bus":1,"tram":0,"rail":0,"n":1,"imp":0.027,"node":0,"deg":2,"term":0,"major":0},"geometry":{"type":"Point","coordinates":[20.885957,52.272282]}},{"type":"Feature","properties":{"id":"s692","name":"Stanisławów Pierwszy Sielska","bus":1,"tram":0,"rail":0,"n":1,"imp":0.027,"node":0,"deg":2,"term":0,"major":0},"geometry":{"type":"Point","coordinates":[20.96894,52.263468]}},{"type":"Feature","properties":{"id":"s693","name":"Okunin","bus":1,"tram":0,"rail":0,"n":1,"imp":0.037,"node":1,"deg":3,"term":0,"major":0},"geometry":{"type":"Point","coordinates":[20.879911,52.272282]}},{"type":"Feature","properties":{"id":"s694","name":"Okunin Przemysłowa","bus":1,"tram":0,"rail":0,"n":1,"imp":0.027,"node":0,"deg":2,"term":0,"major":0},"geometry":{"type":"Point","coordinates":[20.877739,52.271023]}},{"type":"Feature","properties":{"id":"s695","name":"Okunin Straż","bus":1,"tram":0,"rail":0,"n":1,"imp":0.027,"node":0,"deg":2,"term":0,"major":0},"geometry":{"type":"Point","coordinates":[20.874716,52.271023]}},{"type":"Feature","properties":{"id":"s696","name":"Nowy Dwór Mazowiecki Zdobywców Kosmosu","bus":1,"tram":0,"rail":0,"n":1,"imp":0.037,"node":1,"deg":3,"term":0,"major":0},"geometry":{"type":"Point","coordinates":[20.871693,52.271023]}},{"type":"Feature","properties":{"id":"s697","name":"Nowy Dwór Mazowiecki Urząd Miasta","bus":1,"tram":0,"rail":0,"n":3,"imp":0.07,"node":1,"deg":1,"term":1,"major":0},"geometry":{"type":"Point","coordinates":[20.863474,52.269764]}},{"type":"Feature","properties":{"id":"s698","name":"Nieporęt Nowolipie","bus":1,"tram":0,"rail":0,"n":1,"imp":0.027,"node":0,"deg":2,"term":0,"major":0},"geometry":{"type":"Point","coordinates":[20.978651,52.267319]}},{"type":"Feature","properties":{"id":"s699","name":"Nieporęt Przyjaciół","bus":1,"tram":0,"rail":0,"n":1,"imp":0.027,"node":0,"deg":2,"term":0,"major":0},"geometry":{"type":"Point","coordinates":[20.977683,52.266726]}},{"type":"Feature","properties":{"id":"s700","name":"Nieporęt Pęczkowskiego","bus":1,"tram":0,"rail":0,"n":1,"imp":0.027,"node":0,"deg":2,"term":0,"major":0},"geometry":{"type":"Point","coordinates":[20.976716,52.266133]}},{"type":"Feature","properties":{"id":"s701","name":"Wólka Radzymińska Beniaminówka","bus":1,"tram":0,"rail":0,"n":2,"imp":0.035,"node":0,"deg":2,"term":0,"major":0},"geometry":{"type":"Point","coordinates":[20.979558,52.269134]}},{"type":"Feature","properties":{"id":"s702","name":"Aleksandrów Sosenkowa","bus":1,"tram":0,"rail":0,"n":1,"imp":0.027,"node":0,"deg":2,"term":0,"major":0},"geometry":{"type":"Point","coordinates":[20.975748,52.26554]}},{"type":"Feature","properties":{"id":"s703","name":"Izabelin k. Nieporętu Izabelińska","bus":1,"tram":0,"rail":0,"n":1,"imp":0.027,"node":0,"deg":2,"term":0,"major":0},"geometry":{"type":"Point","coordinates":[20.974781,52.264948]}},{"type":"Feature","properties":{"id":"s704","name":"Stanisławów Pierwszy Koncertowa","bus":1,"tram":0,"rail":0,"n":1,"imp":0.027,"node":0,"deg":2,"term":0,"major":0},"geometry":{"type":"Point","coordinates":[20.972846,52.263762]}},{"type":"Feature","properties":{"id":"s705","name":"Kąty Węgierskie Kościelna - OSP","bus":1,"tram":0,"rail":0,"n":1,"imp":0.027,"node":0,"deg":2,"term":0,"major":0},"geometry":{"type":"Point","coordinates":[20.958804,52.266744]}},{"type":"Feature","properties":{"id":"s706","name":"Kąty Węgierskie Marzycieli","bus":1,"tram":0,"rail":0,"n":1,"imp":0.027,"node":0,"deg":2,"term":0,"major":0},"geometry":{"type":"Point","coordinates":[20.956332,52.268259]}},{"type":"Feature","properties":{"id":"s707","name":"Wola Aleksandra Gajowa","bus":1,"tram":0,"rail":0,"n":1,"imp":0.027,"node":0,"deg":2,"term":0,"major":0},"geometry":{"type":"Point","coordinates":[20.955096,52.269016]}},{"type":"Feature","properties":{"id":"s708","name":"Wola Aleksandra Wolska I","bus":1,"tram":0,"rail":0,"n":1,"imp":0.027,"node":0,"deg":2,"term":0,"major":0},"geometry":{"type":"Point","coordinates":[20.95386,52.269774]}},{"type":"Feature","properties":{"id":"s709","name":"Stanisławów Drugi Wolska III","bus":1,"tram":0,"rail":0,"n":1,"imp":0.027,"node":0,"deg":2,"term":0,"major":0},"geometry":{"type":"Point","coordinates":[20.951208,52.271023]}},{"type":"Feature","properties":{"id":"s710","name":"Warszawa Zoo","bus":0,"tram":0,"rail":1,"n":2,"imp":0.035,"node":0,"deg":2,"term":0,"major":0},"geometry":{"type":"Point","coordinates":[20.976476,52.236399]}},{"type":"Feature","properties":{"id":"s711","name":"Warszawa Praga","bus":0,"tram":0,"rail":1,"n":3,"imp":0.043,"node":1,"deg":2,"term":0,"major":0},"geometry":{"type":"Point","coordinates":[20.976476,52.238288]}},{"type":"Feature","properties":{"id":"s712","name":"Warszawa Toruńska","bus":0,"tram":0,"rail":1,"n":3,"imp":0.043,"node":0,"deg":2,"term":0,"major":0},"geometry":{"type":"Point","coordinates":[20.967231,52.244583]}},{"type":"Feature","properties":{"id":"s713","name":"Warszawa Żerań","bus":0,"tram":0,"rail":1,"n":3,"imp":0.043,"node":0,"deg":2,"term":0,"major":0},"geometry":{"type":"Point","coordinates":[20.962094,52.252137]}},{"type":"Feature","properties":{"id":"s714","name":"Warszawa Płudy","bus":0,"tram":0,"rail":1,"n":3,"imp":0.043,"node":0,"deg":2,"term":0,"major":0},"geometry":{"type":"Point","coordinates":[20.951303,52.261268]}},{"type":"Feature","properties":{"id":"s715","name":"Warszawa Choszczówka","bus":0,"tram":0,"rail":1,"n":3,"imp":0.043,"node":0,"deg":2,"term":0,"major":0},"geometry":{"type":"Point","coordinates":[20.944371,52.265516]}},{"type":"Feature","properties":{"id":"s716","name":"Legionowo Piaski","bus":0,"tram":0,"rail":1,"n":2,"imp":0.035,"node":0,"deg":2,"term":0,"major":0},"geometry":{"type":"Point","coordinates":[20.939978,52.27132]}},{"type":"Feature","properties":{"id":"s717","name":"Michałów-Reginów","bus":0,"tram":0,"rail":1,"n":2,"imp":0.035,"node":0,"deg":2,"term":0,"major":0},"geometry":{"type":"Point","coordinates":[20.942517,52.272875]}},{"type":"Feature","properties":{"id":"s718","name":"Wieliszew","bus":0,"tram":0,"rail":1,"n":2,"imp":0.069,"node":1,"deg":3,"term":1,"major":0},"geometry":{"type":"Point","coordinates":[20.945658,52.273541]}},{"type":"Feature","properties":{"id":"s719","name":"Nieporęt","bus":0,"tram":0,"rail":1,"n":1,"imp":0.027,"node":0,"deg":2,"term":0,"major":0},"geometry":{"type":"Point","coordinates":[20.965283,52.273541]}},{"type":"Feature","properties":{"id":"s720","name":"Dąbkowizna","bus":0,"tram":0,"rail":1,"n":1,"imp":0.027,"node":0,"deg":2,"term":0,"major":0},"geometry":{"type":"Point","coordinates":[20.984909,52.273541]}},{"type":"Feature","properties":{"id":"s721","name":"Radzymin","bus":0,"tram":0,"rail":1,"n":1,"imp":0.03,"node":1,"deg":1,"term":1,"major":0},"geometry":{"type":"Point","coordinates":[21.001131,52.268505]}},{"type":"Feature","properties":{"id":"s722","name":"Warszawa Targówek","bus":1,"tram":0,"rail":1,"n":2,"imp":0.061,"node":1,"deg":3,"term":0,"major":0},"geometry":{"type":"Point","coordinates":[20.990858,52.233251]}},{"type":"Feature","properties":{"id":"s723","name":"Wieliszew Centrum","bus":0,"tram":0,"rail":1,"n":1,"imp":0.027,"node":0,"deg":2,"term":0,"major":0},"geometry":{"type":"Point","coordinates":[20.948739,52.275429]}},{"type":"Feature","properties":{"id":"s724","name":"Zegrze Południowe","bus":0,"tram":0,"rail":1,"n":1,"imp":0.03,"node":1,"deg":1,"term":1,"major":0},"geometry":{"type":"Point","coordinates":[20.951821,52.277318]}},{"type":"Feature","properties":{"id":"s725","name":"Kobyłka Królewska","bus":1,"tram":0,"rail":0,"n":1,"imp":0.027,"node":0,"deg":2,"term":0,"major":0},"geometry":{"type":"Point","coordinates":[21.024759,52.242694]}},{"type":"Feature","properties":{"id":"s726","name":"Kobyłka Sienkiewicza","bus":1,"tram":0,"rail":0,"n":1,"imp":0.037,"node":1,"deg":3,"term":0,"major":0},"geometry":{"type":"Point","coordinates":[21.025786,52.243324]}},{"type":"Feature","properties":{"id":"s727","name":"Chotomów Kościelna","bus":1,"tram":0,"rail":0,"n":1,"imp":0.027,"node":0,"deg":2,"term":0,"major":0},"geometry":{"type":"Point","coordinates":[20.916362,52.271348]}},{"type":"Feature","properties":{"id":"s728","name":"Wołomin Słowackiego","bus":1,"tram":0,"rail":0,"n":1,"imp":0.027,"node":0,"deg":2,"term":0,"major":0},"geometry":{"type":"Point","coordinates":[21.03058,52.243743]}},{"type":"Feature","properties":{"id":"s729","name":"Zielonka Glinianki","bus":1,"tram":0,"rail":0,"n":2,"imp":0.035,"node":0,"deg":2,"term":0,"major":0},"geometry":{"type":"Point","coordinates":[21.012226,52.246345]}},{"type":"Feature","properties":{"id":"s730","name":"Kalenica","bus":1,"tram":0,"rail":0,"n":1,"imp":0.037,"node":1,"deg":3,"term":0,"major":0},"geometry":{"type":"Point","coordinates":[20.931275,52.26095]}},{"type":"Feature","properties":{"id":"s731","name":"Bukowska","bus":1,"tram":0,"rail":0,"n":1,"imp":0.027,"node":0,"deg":2,"term":0,"major":0},"geometry":{"type":"Point","coordinates":[20.929221,52.259691]}},{"type":"Feature","properties":{"id":"s732","name":"Kępa Tarchomińska","bus":1,"tram":0,"rail":0,"n":1,"imp":0.03,"node":1,"deg":1,"term":1,"major":0},"geometry":{"type":"Point","coordinates":[20.927166,52.258432]}},{"type":"Feature","properties":{"id":"s733","name":"Radzymin Hallera","bus":1,"tram":0,"rail":0,"n":2,"imp":0.045,"node":1,"deg":3,"term":0,"major":0},"geometry":{"type":"Point","coordinates":[21.003186,52.263468]}},{"type":"Feature","properties":{"id":"s734","name":"Winnica","bus":1,"tram":0,"rail":0,"n":9,"imp":0.171,"node":1,"deg":4,"term":1,"major":1},"geometry":{"type":"Point","coordinates":[20.939494,52.258432]}},{"type":"Feature","properties":{"id":"s735","name":"Czarna Kochanowskiego","bus":1,"tram":0,"rail":0,"n":1,"imp":0.027,"node":0,"deg":2,"term":0,"major":0},"geometry":{"type":"Point","coordinates":[21.021677,52.253396]}},{"type":"Feature","properties":{"id":"s736","name":"Nowy Dwór Mazowiecki Morawicza","bus":1,"tram":0,"rail":0,"n":2,"imp":0.035,"node":0,"deg":2,"term":0,"major":0},"geometry":{"type":"Point","coordinates":[20.877255,52.269764]}},{"type":"Feature","properties":{"id":"s737","name":"Nowy Dwór Mazowiecki Akacjowa","bus":1,"tram":0,"rail":0,"n":2,"imp":0.035,"node":0,"deg":2,"term":0,"major":0},"geometry":{"type":"Point","coordinates":[20.875351,52.269764]}},{"type":"Feature","properties":{"id":"s738","name":"Nowy Dwór Mazowiecki Paderewskiego","bus":1,"tram":0,"rail":0,"n":2,"imp":0.035,"node":0,"deg":2,"term":0,"major":0},"geometry":{"type":"Point","coordinates":[20.871542,52.269764]}},{"type":"Feature","properties":{"id":"s739","name":"Chotomów Wypoczynkowa","bus":1,"tram":0,"rail":0,"n":1,"imp":0.027,"node":0,"deg":2,"term":0,"major":0},"geometry":{"type":"Point","coordinates":[20.914017,52.272785]}},{"type":"Feature","properties":{"id":"s740","name":"Chotomów Lipowa","bus":1,"tram":0,"rail":0,"n":1,"imp":0.027,"node":0,"deg":2,"term":0,"major":0},"geometry":{"type":"Point","coordinates":[20.913195,52.273289]}},{"type":"Feature","properties":{"id":"s741","name":"Chotomów Brzozowa","bus":1,"tram":0,"rail":0,"n":1,"imp":0.027,"node":0,"deg":2,"term":0,"major":0},"geometry":{"type":"Point","coordinates":[20.912373,52.273793]}},{"type":"Feature","properties":{"id":"s742","name":"Olszewnica Stara Polna","bus":1,"tram":0,"rail":0,"n":1,"imp":0.027,"node":0,"deg":2,"term":0,"major":0},"geometry":{"type":"Point","coordinates":[20.911552,52.274296]}},{"type":"Feature","properties":{"id":"s743","name":"Kobyłka Miejski Ośrodek Kultury","bus":1,"tram":0,"rail":0,"n":1,"imp":0.037,"node":1,"deg":3,"term":0,"major":0},"geometry":{"type":"Point","coordinates":[21.019622,52.244583]}},{"type":"Feature","properties":{"id":"s744","name":"Kobyłka Orszagha","bus":1,"tram":0,"rail":0,"n":1,"imp":0.027,"node":0,"deg":2,"term":0,"major":0},"geometry":{"type":"Point","coordinates":[21.018595,52.245842]}},{"type":"Feature","properties":{"id":"s745","name":"Wołomin Prądzyńskiego","bus":1,"tram":0,"rail":0,"n":3,"imp":0.053,"node":1,"deg":3,"term":0,"major":0},"geometry":{"type":"Point","coordinates":[21.025786,52.244583]}},{"type":"Feature","properties":{"id":"s746","name":"Wołomin Urząd Miasta","bus":1,"tram":0,"rail":0,"n":3,"imp":0.043,"node":0,"deg":2,"term":0,"major":0},"geometry":{"type":"Point","coordinates":[21.024759,52.247101]}},{"type":"Feature","properties":{"id":"s747","name":"Zielonka Os. Wolności","bus":1,"tram":0,"rail":0,"n":1,"imp":0.037,"node":1,"deg":3,"term":0,"major":0},"geometry":{"type":"Point","coordinates":[21.013459,52.244583]}},{"type":"Feature","properties":{"id":"s748","name":"Zielonka Mazurska","bus":1,"tram":0,"rail":0,"n":1,"imp":0.027,"node":0,"deg":2,"term":0,"major":0},"geometry":{"type":"Point","coordinates":[21.005792,52.245504]}},{"type":"Feature","properties":{"id":"s749","name":"Zielonka Mazurska","bus":1,"tram":0,"rail":0,"n":1,"imp":0.027,"node":0,"deg":2,"term":0,"major":0},"geometry":{"type":"Point","coordinates":[21.005291,52.245811]}},{"type":"Feature","properties":{"id":"s750","name":"Zielonka Poniatowskiego - Przychodnia","bus":1,"tram":0,"rail":0,"n":1,"imp":0.058,"node":1,"deg":4,"term":1,"major":0},"geometry":{"type":"Point","coordinates":[21.017568,52.239547]}},{"type":"Feature","properties":{"id":"s751","name":"PKP Zielonka","bus":1,"tram":0,"rail":0,"n":1,"imp":0.027,"node":0,"deg":2,"term":0,"major":0},"geometry":{"type":"Point","coordinates":[21.016746,52.239043]}},{"type":"Feature","properties":{"id":"s752","name":"Zielonka Poniatowskiego","bus":1,"tram":0,"rail":0,"n":1,"imp":0.027,"node":0,"deg":2,"term":0,"major":0},"geometry":{"type":"Point","coordinates":[21.016335,52.238791]}},{"type":"Feature","properties":{"id":"s753","name":"Zielonka Ks. Skorupki","bus":1,"tram":0,"rail":0,"n":1,"imp":0.027,"node":0,"deg":2,"term":0,"major":0},"geometry":{"type":"Point","coordinates":[21.015924,52.238539]}},{"type":"Feature","properties":{"id":"s754","name":"Zielonka Pustelnicka","bus":1,"tram":0,"rail":0,"n":1,"imp":0.027,"node":0,"deg":2,"term":0,"major":0},"geometry":{"type":"Point","coordinates":[21.004603,52.245842]}},{"type":"Feature","properties":{"id":"s755","name":"Zielonka Różana","bus":1,"tram":0,"rail":0,"n":1,"imp":0.027,"node":0,"deg":2,"term":0,"major":0},"geometry":{"type":"Point","coordinates":[21.006955,52.243324]}},{"type":"Feature","properties":{"id":"s756","name":"Marki Ząbkowska","bus":1,"tram":0,"rail":0,"n":1,"imp":0.037,"node":1,"deg":3,"term":0,"major":0},"geometry":{"type":"Point","coordinates":[21.001131,52.244583]}},{"type":"Feature","properties":{"id":"s757","name":"Zielonka Bankowa","bus":1,"tram":0,"rail":0,"n":1,"imp":0.037,"node":1,"deg":3,"term":0,"major":0},"geometry":{"type":"Point","coordinates":[21.017568,52.233251]}},{"type":"Feature","properties":{"id":"s758","name":"PKP Zielonka Bankowa","bus":1,"tram":0,"rail":0,"n":1,"imp":0.037,"node":1,"deg":3,"term":0,"major":0},"geometry":{"type":"Point","coordinates":[21.015513,52.233251]}},{"type":"Feature","properties":{"id":"s759","name":"Zielonka Armii Krajowej","bus":1,"tram":0,"rail":0,"n":2,"imp":0.045,"node":1,"deg":3,"term":0,"major":0},"geometry":{"type":"Point","coordinates":[21.013459,52.235769]}},{"type":"Feature","properties":{"id":"s760","name":"Marki Sportowa","bus":1,"tram":0,"rail":0,"n":2,"imp":0.035,"node":0,"deg":2,"term":0,"major":0},"geometry":{"type":"Point","coordinates":[20.999077,52.247101]}},{"type":"Feature","properties":{"id":"s761","name":"Nadma Wrzosowa","bus":1,"tram":0,"rail":0,"n":1,"imp":0.027,"node":0,"deg":2,"term":0,"major":0},"geometry":{"type":"Point","coordinates":[21.003186,52.258432]}},{"type":"Feature","properties":{"id":"s762","name":"Słupno Bieszczadzka","bus":1,"tram":0,"rail":0,"n":1,"imp":0.027,"node":0,"deg":2,"term":0,"major":0},"geometry":{"type":"Point","coordinates":[21.002158,52.259062]}},{"type":"Feature","properties":{"id":"s763","name":"Duczki Ręczajska","bus":1,"tram":0,"rail":0,"n":1,"imp":0.027,"node":0,"deg":2,"term":0,"major":0},"geometry":{"type":"Point","coordinates":[21.036059,52.247101]}},{"type":"Feature","properties":{"id":"s764","name":"Nowe Grabie - Cmentarz","bus":1,"tram":0,"rail":0,"n":1,"imp":0.018,"node":1,"deg":1,"term":0,"major":0},"geometry":{"type":"Point","coordinates":[21.044277,52.245842]}},{"type":"Feature","properties":{"id":"s765","name":"Wola Aleksandra Wolska II","bus":1,"tram":0,"rail":0,"n":1,"imp":0.027,"node":0,"deg":2,"term":0,"major":0},"geometry":{"type":"Point","coordinates":[20.952624,52.270531]}},{"type":"Feature","properties":{"id":"s766","name":"Kąty Węgierskie Akacjowa","bus":1,"tram":0,"rail":0,"n":1,"imp":0.027,"node":0,"deg":2,"term":0,"major":0},"geometry":{"type":"Point","coordinates":[20.957568,52.267501]}},{"type":"Feature","properties":{"id":"s767","name":"Suchocin Wiklinowa","bus":1,"tram":0,"rail":0,"n":2,"imp":0.035,"node":0,"deg":2,"term":0,"major":0},"geometry":{"type":"Point","coordinates":[20.887102,52.268505]}},{"type":"Feature","properties":{"id":"s768","name":"Nadma Nowa","bus":1,"tram":0,"rail":0,"n":1,"imp":0.039,"node":1,"deg":2,"term":1,"major":0},"geometry":{"type":"Point","coordinates":[21.00524,52.253396]}},{"type":"Feature","properties":{"id":"s769","name":"Radzymin Głowackiego","bus":1,"tram":0,"rail":0,"n":1,"imp":0.03,"node":1,"deg":1,"term":1,"major":0},"geometry":{"type":"Point","coordinates":[21.007295,52.268505]}},{"type":"Feature","properties":{"id":"s770","name":"Al. Zieleniecka","bus":1,"tram":1,"rail":0,"n":19,"imp":0.207,"node":1,"deg":4,"term":0,"major":1},"geometry":{"type":"Point","coordinates":[20.990858,52.225697]}},{"type":"Feature","properties":{"id":"s771","name":"Lubelska","bus":1,"tram":1,"rail":0,"n":13,"imp":0.149,"node":1,"deg":3,"term":0,"major":1},"geometry":{"type":"Point","coordinates":[20.992913,52.224438]}},{"type":"Feature","properties":{"id":"s772","name":"Bliska","bus":1,"tram":1,"rail":0,"n":9,"imp":0.107,"node":0,"deg":2,"term":0,"major":1},"geometry":{"type":"Point","coordinates":[20.993598,52.224018]}},{"type":"Feature","properties":{"id":"s773","name":"Gocławska","bus":1,"tram":1,"rail":0,"n":9,"imp":0.107,"node":0,"deg":2,"term":0,"major":1},"geometry":{"type":"Point","coordinates":[20.994283,52.223599]}},{"type":"Feature","properties":{"id":"s774","name":"Praga-Płd. - Ratusz","bus":1,"tram":1,"rail":0,"n":10,"imp":0.125,"node":1,"deg":3,"term":0,"major":1},"geometry":{"type":"Point","coordinates":[20.994967,52.223179]}},{"type":"Feature","properties":{"id":"s775","name":"Międzyborska","bus":1,"tram":1,"rail":0,"n":14,"imp":0.186,"node":1,"deg":6,"term":0,"major":1},"geometry":{"type":"Point","coordinates":[20.999077,52.223179]}},{"type":"Feature","properties":{"id":"s776","name":"Kickiego","bus":0,"tram":1,"rail":0,"n":3,"imp":0.043,"node":0,"deg":2,"term":0,"major":0},"geometry":{"type":"Point","coordinates":[21.00083,52.222104]}},{"type":"Feature","properties":{"id":"s777","name":"Wiatraczna","bus":1,"tram":1,"rail":0,"n":23,"imp":0.407,"node":1,"deg":9,"term":1,"major":1},"geometry":{"type":"Point","coordinates":[21.003186,52.22192]}},{"type":"Feature","properties":{"id":"s778","name":"Czapelska","bus":0,"tram":1,"rail":0,"n":3,"imp":0.043,"node":0,"deg":2,"term":0,"major":0},"geometry":{"type":"Point","coordinates":[21.004213,52.22192]}},{"type":"Feature","properties":{"id":"s779","name":"Wspólna Droga","bus":1,"tram":1,"rail":0,"n":19,"imp":0.197,"node":1,"deg":3,"term":0,"major":1},"geometry":{"type":"Point","coordinates":[21.00524,52.22192]}},{"type":"Feature","properties":{"id":"s780","name":"Pl. Szembeka","bus":1,"tram":1,"rail":0,"n":24,"imp":0.256,"node":1,"deg":5,"term":0,"major":1},"geometry":{"type":"Point","coordinates":[21.007295,52.22192]}},{"type":"Feature","properties":{"id":"s781","name":"Żółkiewskiego","bus":1,"tram":1,"rail":0,"n":20,"imp":0.215,"node":1,"deg":4,"term":0,"major":1},"geometry":{"type":"Point","coordinates":[21.00935,52.220661]}},{"type":"Feature","properties":{"id":"s782","name":"Kwatery Głównej","bus":1,"tram":1,"rail":0,"n":19,"imp":0.197,"node":1,"deg":3,"term":0,"major":1},"geometry":{"type":"Point","coordinates":[21.011404,52.219402]}},{"type":"Feature","properties":{"id":"s783","name":"Gocławek","bus":1,"tram":1,"rail":0,"n":18,"imp":0.225,"node":1,"deg":3,"term":1,"major":1},"geometry":{"type":"Point","coordinates":[21.013459,52.218143]}},{"type":"Feature","properties":{"id":"s784","name":"Płowiecka","bus":1,"tram":0,"rail":1,"n":26,"imp":0.316,"node":1,"deg":7,"term":1,"major":1},"geometry":{"type":"Point","coordinates":[21.015513,52.216884]}},{"type":"Feature","properties":{"id":"s785","name":"Świecka","bus":1,"tram":0,"rail":0,"n":8,"imp":0.083,"node":0,"deg":2,"term":0,"major":0},"geometry":{"type":"Point","coordinates":[21.016541,52.216254]}},{"type":"Feature","properties":{"id":"s786","name":"Edisona","bus":1,"tram":0,"rail":0,"n":8,"imp":0.093,"node":1,"deg":3,"term":0,"major":0},"geometry":{"type":"Point","coordinates":[21.017568,52.215625]}},{"type":"Feature","properties":{"id":"s787","name":"Trakt Lubelski","bus":1,"tram":0,"rail":1,"n":15,"imp":0.204,"node":1,"deg":7,"term":0,"major":1},"geometry":{"type":"Point","coordinates":[21.017568,52.213107]}},{"type":"Feature","properties":{"id":"s788","name":"Trawiasta","bus":1,"tram":0,"rail":0,"n":8,"imp":0.093,"node":1,"deg":3,"term":0,"major":0},"geometry":{"type":"Point","coordinates":[21.019622,52.211848]}},{"type":"Feature","properties":{"id":"s789","name":"Kajki","bus":1,"tram":0,"rail":0,"n":10,"imp":0.147,"node":1,"deg":7,"term":0,"major":1},"geometry":{"type":"Point","coordinates":[21.021677,52.211848]}},{"type":"Feature","properties":{"id":"s790","name":"Wierzchowskiego","bus":1,"tram":0,"rail":0,"n":4,"imp":0.051,"node":0,"deg":2,"term":0,"major":0},"geometry":{"type":"Point","coordinates":[21.023944,52.211848]}},{"type":"Feature","properties":{"id":"s791","name":"Bronisława Czecha - Las","bus":1,"tram":0,"rail":0,"n":4,"imp":0.051,"node":0,"deg":2,"term":0,"major":0},"geometry":{"type":"Point","coordinates":[21.026212,52.211848]}},{"type":"Feature","properties":{"id":"s792","name":"Odrodzenia","bus":1,"tram":0,"rail":0,"n":5,"imp":0.069,"node":1,"deg":3,"term":0,"major":0},"geometry":{"type":"Point","coordinates":[21.025786,52.209329]}},{"type":"Feature","properties":{"id":"s793","name":"Alpejska - Instytut","bus":1,"tram":0,"rail":0,"n":4,"imp":0.051,"node":0,"deg":2,"term":0,"major":0},"geometry":{"type":"Point","coordinates":[21.025786,52.20807]}},{"type":"Feature","properties":{"id":"s794","name":"IX Poprzeczna","bus":1,"tram":0,"rail":0,"n":4,"imp":0.051,"node":0,"deg":2,"term":0,"major":0},"geometry":{"type":"Point","coordinates":[21.025786,52.206811]}},{"type":"Feature","properties":{"id":"s795","name":"Czatów","bus":1,"tram":0,"rail":0,"n":4,"imp":0.051,"node":0,"deg":2,"term":0,"major":0},"geometry":{"type":"Point","coordinates":[21.025786,52.205552]}},{"type":"Feature","properties":{"id":"s796","name":"Pożaryskiego","bus":1,"tram":0,"rail":0,"n":7,"imp":0.085,"node":1,"deg":3,"term":0,"major":0},"geometry":{"type":"Point","coordinates":[21.025786,52.204293]}},{"type":"Feature","properties":{"id":"s797","name":"Bursztynowa - Szpital","bus":1,"tram":0,"rail":0,"n":6,"imp":0.067,"node":0,"deg":2,"term":0,"major":0},"geometry":{"type":"Point","coordinates":[21.027156,52.204293]}},{"type":"Feature","properties":{"id":"s798","name":"Bielszowicka","bus":1,"tram":0,"rail":0,"n":6,"imp":0.067,"node":0,"deg":2,"term":0,"major":0},"geometry":{"type":"Point","coordinates":[21.028526,52.204293]}},{"type":"Feature","properties":{"id":"s799","name":"Centrum Zdrowia Dziecka","bus":1,"tram":0,"rail":0,"n":6,"imp":0.077,"node":1,"deg":3,"term":0,"major":0},"geometry":{"type":"Point","coordinates":[21.029895,52.204293]}},{"type":"Feature","properties":{"id":"s800","name":"Międzylesie","bus":1,"tram":0,"rail":0,"n":4,"imp":0.09,"node":1,"deg":1,"term":1,"major":0},"geometry":{"type":"Point","coordinates":[21.034004,52.204293]}},{"type":"Feature","properties":{"id":"s801","name":"Trzykrotki","bus":1,"tram":0,"rail":0,"n":2,"imp":0.035,"node":0,"deg":2,"term":0,"major":0},"geometry":{"type":"Point","coordinates":[21.030923,52.204923]}},{"type":"Feature","properties":{"id":"s802","name":"Wiśniowa Góra","bus":1,"tram":0,"rail":0,"n":2,"imp":0.047,"node":1,"deg":2,"term":1,"major":0},"geometry":{"type":"Point","coordinates":[21.03195,52.205552]}},{"type":"Feature","properties":{"id":"s803","name":"PKP Wawer","bus":1,"tram":0,"rail":1,"n":5,"imp":0.085,"node":1,"deg":3,"term":0,"major":0},"geometry":{"type":"Point","coordinates":[21.019622,52.20807]}},{"type":"Feature","properties":{"id":"s804","name":"Solidna","bus":1,"tram":0,"rail":1,"n":5,"imp":0.075,"node":0,"deg":2,"term":0,"major":0},"geometry":{"type":"Point","coordinates":[21.02065,52.207441]}},{"type":"Feature","properties":{"id":"s805","name":"PKP Anin","bus":1,"tram":0,"rail":1,"n":8,"imp":0.119,"node":1,"deg":4,"term":0,"major":1},"geometry":{"type":"Point","coordinates":[21.021677,52.206811]}},{"type":"Feature","properties":{"id":"s806","name":"Piechurów","bus":1,"tram":0,"rail":1,"n":8,"imp":0.109,"node":1,"deg":3,"term":0,"major":1},"geometry":{"type":"Point","coordinates":[21.023732,52.205552]}},{"type":"Feature","properties":{"id":"s807","name":"PKP Międzylesie","bus":1,"tram":0,"rail":1,"n":12,"imp":0.192,"node":1,"deg":7,"term":1,"major":1},"geometry":{"type":"Point","coordinates":[21.023732,52.203034]}},{"type":"Feature","properties":{"id":"s808","name":"Odeska","bus":1,"tram":0,"rail":0,"n":4,"imp":0.051,"node":0,"deg":2,"term":0,"major":0},"geometry":{"type":"Point","coordinates":[21.023732,52.201601]}},{"type":"Feature","properties":{"id":"s809","name":"Montażowa","bus":1,"tram":0,"rail":0,"n":4,"imp":0.051,"node":0,"deg":2,"term":0,"major":0},"geometry":{"type":"Point","coordinates":[21.024133,52.20027]}},{"type":"Feature","properties":{"id":"s810","name":"Pomologiczna","bus":1,"tram":0,"rail":1,"n":6,"imp":0.093,"node":1,"deg":3,"term":0,"major":0},"geometry":{"type":"Point","coordinates":[21.027841,52.197998]}},{"type":"Feature","properties":{"id":"s811","name":"PKP Radość","bus":1,"tram":0,"rail":1,"n":7,"imp":0.111,"node":1,"deg":4,"term":0,"major":1},"geometry":{"type":"Point","coordinates":[21.029895,52.19548]}},{"type":"Feature","properties":{"id":"s812","name":"Wielowiejska","bus":1,"tram":0,"rail":1,"n":6,"imp":0.083,"node":0,"deg":2,"term":0,"major":0},"geometry":{"type":"Point","coordinates":[21.029895,52.194221]}},{"type":"Feature","properties":{"id":"s813","name":"Szachowa","bus":1,"tram":0,"rail":1,"n":6,"imp":0.093,"node":1,"deg":3,"term":0,"major":0},"geometry":{"type":"Point","coordinates":[21.029895,52.192962]}},{"type":"Feature","properties":{"id":"s814","name":"PKP Miedzeszyn","bus":1,"tram":0,"rail":1,"n":8,"imp":0.128,"node":1,"deg":5,"term":0,"major":1},"geometry":{"type":"Point","coordinates":[21.029895,52.191703]}},{"type":"Feature","properties":{"id":"s815","name":"Prasowa","bus":1,"tram":0,"rail":1,"n":8,"imp":0.119,"node":1,"deg":4,"term":0,"major":1},"geometry":{"type":"Point","coordinates":[21.029895,52.190444]}},{"type":"Feature","properties":{"id":"s816","name":"PKP Falenica","bus":1,"tram":0,"rail":1,"n":7,"imp":0.132,"node":1,"deg":5,"term":1,"major":1},"geometry":{"type":"Point","coordinates":[21.03195,52.186667]}},{"type":"Feature","properties":{"id":"s817","name":"Czekanowska","bus":1,"tram":0,"rail":0,"n":4,"imp":0.08,"node":1,"deg":5,"term":0,"major":0},"geometry":{"type":"Point","coordinates":[21.038114,52.190444]}},{"type":"Feature","properties":{"id":"s818","name":"Przełęczy","bus":1,"tram":0,"rail":0,"n":4,"imp":0.051,"node":0,"deg":2,"term":0,"major":0},"geometry":{"type":"Point","coordinates":[21.038114,52.191073]}},{"type":"Feature","properties":{"id":"s819","name":"Napoleona Bonaparte","bus":1,"tram":0,"rail":0,"n":4,"imp":0.061,"node":1,"deg":3,"term":0,"major":0},"geometry":{"type":"Point","coordinates":[21.038114,52.191703]}},{"type":"Feature","properties":{"id":"s820","name":"Falenica","bus":1,"tram":0,"rail":0,"n":7,"imp":0.133,"node":1,"deg":3,"term":1,"major":1},"geometry":{"type":"Point","coordinates":[21.029895,52.186667]}},{"type":"Feature","properties":{"id":"s821","name":"Mera-Pnefal","bus":1,"tram":0,"rail":0,"n":4,"imp":0.061,"node":1,"deg":3,"term":0,"major":0},"geometry":{"type":"Point","coordinates":[21.027841,52.186667]}},{"type":"Feature","properties":{"id":"s822","name":"Kosaćcowa","bus":1,"tram":0,"rail":0,"n":3,"imp":0.043,"node":0,"deg":2,"term":0,"major":0},"geometry":{"type":"Point","coordinates":[21.023732,52.186667]}},{"type":"Feature","properties":{"id":"s823","name":"Bysławska","bus":1,"tram":0,"rail":0,"n":4,"imp":0.061,"node":1,"deg":3,"term":0,"major":0},"geometry":{"type":"Point","coordinates":[21.021677,52.186667]}},{"type":"Feature","properties":{"id":"s824","name":"Krokusów","bus":1,"tram":0,"rail":0,"n":2,"imp":0.035,"node":0,"deg":2,"term":0,"major":0},"geometry":{"type":"Point","coordinates":[21.021978,52.183964]}},{"type":"Feature","properties":{"id":"s825","name":"Błota","bus":1,"tram":0,"rail":0,"n":2,"imp":0.047,"node":1,"deg":2,"term":1,"major":0},"geometry":{"type":"Point","coordinates":[21.023732,52.18163]}},{"type":"Feature","properties":{"id":"s826","name":"PKP Gocławek","bus":1,"tram":0,"rail":1,"n":16,"imp":0.207,"node":1,"deg":4,"term":1,"major":1},"geometry":{"type":"Point","coordinates":[21.015513,52.218143]}},{"type":"Feature","properties":{"id":"s827","name":"Okularowa","bus":1,"tram":0,"rail":1,"n":13,"imp":0.168,"node":1,"deg":5,"term":0,"major":1},"geometry":{"type":"Point","coordinates":[21.017568,52.219402]}},{"type":"Feature","properties":{"id":"s828","name":"Rezedowa","bus":1,"tram":0,"rail":0,"n":7,"imp":0.075,"node":0,"deg":2,"term":0,"major":0},"geometry":{"type":"Point","coordinates":[21.018595,52.218772]}},{"type":"Feature","properties":{"id":"s829","name":"Łysakowska","bus":1,"tram":0,"rail":0,"n":9,"imp":0.101,"node":1,"deg":3,"term":0,"major":1},"geometry":{"type":"Point","coordinates":[21.019622,52.218143]}},{"type":"Feature","properties":{"id":"s830","name":"Potockich","bus":1,"tram":0,"rail":0,"n":9,"imp":0.101,"node":1,"deg":3,"term":0,"major":1},"geometry":{"type":"Point","coordinates":[21.021677,52.218143]}},{"type":"Feature","properties":{"id":"s831","name":"Sezam","bus":1,"tram":0,"rail":0,"n":8,"imp":0.083,"node":0,"deg":2,"term":0,"major":0},"geometry":{"type":"Point","coordinates":[21.022704,52.218143]}},{"type":"Feature","properties":{"id":"s832","name":"Marysin","bus":1,"tram":0,"rail":0,"n":9,"imp":0.147,"node":1,"deg":4,"term":1,"major":1},"geometry":{"type":"Point","coordinates":[21.023732,52.218143]}},{"type":"Feature","properties":{"id":"s833","name":"Spółdzielnia Noma","bus":1,"tram":0,"rail":0,"n":4,"imp":0.051,"node":0,"deg":2,"term":0,"major":0},"geometry":{"type":"Point","coordinates":[21.024553,52.218143]}},{"type":"Feature","properties":{"id":"s834","name":"Korkowa - Cmentarz","bus":1,"tram":0,"rail":0,"n":4,"imp":0.051,"node":0,"deg":2,"term":0,"major":0},"geometry":{"type":"Point","coordinates":[21.025375,52.218143]}},{"type":"Feature","properties":{"id":"s835","name":"Rekrucka","bus":1,"tram":0,"rail":1,"n":7,"imp":0.091,"node":0,"deg":2,"term":0,"major":0},"geometry":{"type":"Point","coordinates":[21.017568,52.220241]}},{"type":"Feature","properties":{"id":"s836","name":"Marsa - Las","bus":1,"tram":0,"rail":1,"n":7,"imp":0.091,"node":0,"deg":2,"term":0,"major":0},"geometry":{"type":"Point","coordinates":[21.017568,52.221081]}},{"type":"Feature","properties":{"id":"s837","name":"Pocisk","bus":1,"tram":0,"rail":1,"n":7,"imp":0.101,"node":1,"deg":3,"term":0,"major":1},"geometry":{"type":"Point","coordinates":[21.017568,52.22192]}},{"type":"Feature","properties":{"id":"s838","name":"PKP Rembertów","bus":1,"tram":0,"rail":0,"n":6,"imp":0.096,"node":1,"deg":5,"term":0,"major":0},"geometry":{"type":"Point","coordinates":[21.019622,52.224438]}},{"type":"Feature","properties":{"id":"s839","name":"Rafii","bus":1,"tram":0,"rail":0,"n":2,"imp":0.035,"node":0,"deg":2,"term":0,"major":0},"geometry":{"type":"Point","coordinates":[21.015513,52.220661]}},{"type":"Feature","properties":{"id":"s840","name":"Szymańskiego","bus":1,"tram":0,"rail":0,"n":2,"imp":0.045,"node":1,"deg":3,"term":0,"major":0},"geometry":{"type":"Point","coordinates":[21.013459,52.22192]}},{"type":"Feature","properties":{"id":"s841","name":"Oraczy","bus":1,"tram":0,"rail":0,"n":2,"imp":0.035,"node":0,"deg":2,"term":0,"major":0},"geometry":{"type":"Point","coordinates":[21.013459,52.223946]}},{"type":"Feature","properties":{"id":"s842","name":"Gontarska","bus":1,"tram":0,"rail":0,"n":2,"imp":0.035,"node":0,"deg":2,"term":0,"major":0},"geometry":{"type":"Point","coordinates":[21.011688,52.225523]}},{"type":"Feature","properties":{"id":"s843","name":"Rondo Granzowa","bus":1,"tram":0,"rail":0,"n":2,"imp":0.045,"node":1,"deg":3,"term":0,"major":0},"geometry":{"type":"Point","coordinates":[21.00935,52.226956]}},{"type":"Feature","properties":{"id":"s844","name":"Gwarków","bus":1,"tram":0,"rail":0,"n":1,"imp":0.027,"node":0,"deg":2,"term":0,"major":0},"geometry":{"type":"Point","coordinates":[21.007776,52.22792]}},{"type":"Feature","properties":{"id":"s845","name":"Ciepłownia Kawęczyn","bus":1,"tram":0,"rail":0,"n":1,"imp":0.027,"node":0,"deg":2,"term":0,"major":0},"geometry":{"type":"Point","coordinates":[21.007295,52.229161]}},{"type":"Feature","properties":{"id":"s846","name":"Ogrody Działkowe Kawęczyn","bus":1,"tram":0,"rail":0,"n":1,"imp":0.027,"node":0,"deg":2,"term":0,"major":0},"geometry":{"type":"Point","coordinates":[21.007295,52.231888]}},{"type":"Feature","properties":{"id":"s847","name":"Floriana","bus":1,"tram":0,"rail":0,"n":3,"imp":0.043,"node":0,"deg":2,"term":0,"major":0},"geometry":{"type":"Point","coordinates":[21.015814,52.212032]}},{"type":"Feature","properties":{"id":"s848","name":"Strażacka","bus":1,"tram":0,"rail":0,"n":1,"imp":0.027,"node":0,"deg":2,"term":0,"major":0},"geometry":{"type":"Point","coordinates":[21.010719,52.227795]}},{"type":"Feature","properties":{"id":"s849","name":"Żołnierska","bus":1,"tram":0,"rail":0,"n":1,"imp":0.018,"node":1,"deg":1,"term":0,"major":0},"geometry":{"type":"Point","coordinates":[21.011404,52.225697]}},{"type":"Feature","properties":{"id":"s850","name":"Kordiana","bus":1,"tram":0,"rail":0,"n":3,"imp":0.053,"node":1,"deg":3,"term":0,"major":0},"geometry":{"type":"Point","coordinates":[21.013459,52.223179]}},{"type":"Feature","properties":{"id":"s851","name":"Rembertów - Ratusz","bus":1,"tram":0,"rail":0,"n":3,"imp":0.063,"node":1,"deg":4,"term":0,"major":0},"geometry":{"type":"Point","coordinates":[21.015513,52.224438]}},{"type":"Feature","properties":{"id":"s852","name":"Przebieg","bus":1,"tram":0,"rail":0,"n":2,"imp":0.045,"node":1,"deg":3,"term":0,"major":0},"geometry":{"type":"Point","coordinates":[21.025786,52.228215]}},{"type":"Feature","properties":{"id":"s853","name":"Buławy","bus":1,"tram":0,"rail":0,"n":2,"imp":0.035,"node":0,"deg":2,"term":0,"major":0},"geometry":{"type":"Point","coordinates":[21.028567,52.226511]}},{"type":"Feature","properties":{"id":"s854","name":"Rembertów - Kolonia","bus":1,"tram":0,"rail":0,"n":3,"imp":0.079,"node":1,"deg":2,"term":1,"major":0},"geometry":{"type":"Point","coordinates":[21.029895,52.224438]}},{"type":"Feature","properties":{"id":"s855","name":"Eskulapów","bus":1,"tram":0,"rail":0,"n":5,"imp":0.079,"node":1,"deg":4,"term":0,"major":0},"geometry":{"type":"Point","coordinates":[21.019622,52.225697]}},{"type":"Feature","properties":{"id":"s856","name":"Rembertów - Akademia","bus":1,"tram":0,"rail":0,"n":5,"imp":0.079,"node":1,"deg":4,"term":0,"major":0},"geometry":{"type":"Point","coordinates":[21.021677,52.226956]}},{"type":"Feature","properties":{"id":"s857","name":"Zawodowa","bus":1,"tram":0,"rail":0,"n":3,"imp":0.063,"node":1,"deg":4,"term":0,"major":0},"geometry":{"type":"Point","coordinates":[21.015513,52.228215]}},{"type":"Feature","properties":{"id":"s858","name":"Szafarzy","bus":1,"tram":0,"rail":0,"n":3,"imp":0.043,"node":0,"deg":2,"term":0,"major":0},"geometry":{"type":"Point","coordinates":[21.015513,52.228845]}},{"type":"Feature","properties":{"id":"s859","name":"Paderewskiego","bus":1,"tram":0,"rail":0,"n":3,"imp":0.053,"node":1,"deg":3,"term":0,"major":0},"geometry":{"type":"Point","coordinates":[21.015513,52.229474]}},{"type":"Feature","properties":{"id":"s860","name":"Dziewanowska","bus":1,"tram":0,"rail":0,"n":1,"imp":0.027,"node":0,"deg":2,"term":0,"major":0},"geometry":{"type":"Point","coordinates":[21.01748,52.229474]}},{"type":"Feature","properties":{"id":"s861","name":"Szyszaków","bus":1,"tram":0,"rail":0,"n":1,"imp":0.027,"node":0,"deg":2,"term":0,"major":0},"geometry":{"type":"Point","coordinates":[21.018896,52.230288]}},{"type":"Feature","properties":{"id":"s862","name":"Listonoszy","bus":1,"tram":0,"rail":0,"n":1,"imp":0.027,"node":0,"deg":2,"term":0,"major":0},"geometry":{"type":"Point","coordinates":[21.020287,52.23114]}},{"type":"Feature","properties":{"id":"s863","name":"Wał Miedzeszyński","bus":1,"tram":0,"rail":0,"n":14,"imp":0.151,"node":1,"deg":4,"term":0,"major":1},"geometry":{"type":"Point","coordinates":[20.997022,52.214366]}},{"type":"Feature","properties":{"id":"s864","name":"Saska","bus":1,"tram":0,"rail":0,"n":22,"imp":0.244,"node":1,"deg":7,"term":0,"major":1},"geometry":{"type":"Point","coordinates":[20.999077,52.215625]}},{"type":"Feature","properties":{"id":"s865","name":"Międzynarodowa","bus":1,"tram":0,"rail":0,"n":13,"imp":0.133,"node":1,"deg":3,"term":0,"major":1},"geometry":{"type":"Point","coordinates":[21.001131,52.216884]}},{"type":"Feature","properties":{"id":"s866","name":"Kanał Gocławski","bus":1,"tram":0,"rail":0,"n":9,"imp":0.091,"node":0,"deg":2,"term":0,"major":0},"geometry":{"type":"Point","coordinates":[21.002158,52.217513]}},{"type":"Feature","properties":{"id":"s867","name":"Przyczółek Grochowski","bus":1,"tram":0,"rail":0,"n":20,"imp":0.208,"node":1,"deg":5,"term":0,"major":1},"geometry":{"type":"Point","coordinates":[21.003186,52.218143]}},{"type":"Feature","properties":{"id":"s868","name":"Poligonowa","bus":1,"tram":0,"rail":0,"n":22,"imp":0.224,"node":1,"deg":5,"term":0,"major":1},"geometry":{"type":"Point","coordinates":[21.00524,52.218143]}},{"type":"Feature","properties":{"id":"s869","name":"Zamieniecka","bus":1,"tram":0,"rail":0,"n":23,"imp":0.242,"node":1,"deg":6,"term":0,"major":1},"geometry":{"type":"Point","coordinates":[21.007295,52.218143]}},{"type":"Feature","properties":{"id":"s870","name":"CH Promenada","bus":1,"tram":0,"rail":0,"n":15,"imp":0.149,"node":1,"deg":3,"term":0,"major":1},"geometry":{"type":"Point","coordinates":[21.00935,52.216884]}},{"type":"Feature","properties":{"id":"s871","name":"R-3 Zajezdnia Ostrobramska","bus":1,"tram":0,"rail":0,"n":24,"imp":0.459,"node":1,"deg":4,"term":1,"major":1},"geometry":{"type":"Point","coordinates":[21.013459,52.216884]}},{"type":"Feature","properties":{"id":"s872","name":"Witolin","bus":1,"tram":0,"rail":0,"n":10,"imp":0.167,"node":1,"deg":4,"term":1,"major":1},"geometry":{"type":"Point","coordinates":[21.011404,52.218143]}},{"type":"Feature","properties":{"id":"s873","name":"Tarnowiecka","bus":1,"tram":0,"rail":0,"n":3,"imp":0.043,"node":0,"deg":2,"term":0,"major":0},"geometry":{"type":"Point","coordinates":[21.009049,52.218327]}},{"type":"Feature","properties":{"id":"s874","name":"Łukowska","bus":1,"tram":0,"rail":0,"n":8,"imp":0.093,"node":1,"deg":3,"term":0,"major":0},"geometry":{"type":"Point","coordinates":[21.007295,52.219402]}},{"type":"Feature","properties":{"id":"s875","name":"PKP Olszynka Grochowska","bus":1,"tram":0,"rail":1,"n":4,"imp":0.094,"node":1,"deg":1,"term":1,"major":0},"geometry":{"type":"Point","coordinates":[21.00935,52.224438]}},{"type":"Feature","properties":{"id":"s876","name":"Chłopickiego","bus":1,"tram":0,"rail":1,"n":9,"imp":0.127,"node":1,"deg":4,"term":0,"major":1},"geometry":{"type":"Point","coordinates":[21.007295,52.223179]}},{"type":"Feature","properties":{"id":"s877","name":"Osiedle Młodych","bus":1,"tram":0,"rail":1,"n":8,"imp":0.099,"node":0,"deg":2,"term":0,"major":1},"geometry":{"type":"Point","coordinates":[21.00661,52.223599]}},{"type":"Feature","properties":{"id":"s878","name":"Garwolińska","bus":1,"tram":0,"rail":1,"n":8,"imp":0.099,"node":0,"deg":2,"term":0,"major":1},"geometry":{"type":"Point","coordinates":[21.005925,52.224018]}},{"type":"Feature","properties":{"id":"s879","name":"Szaserów - Szpital","bus":1,"tram":0,"rail":1,"n":8,"imp":0.109,"node":1,"deg":3,"term":0,"major":1},"geometry":{"type":"Point","coordinates":[21.00524,52.224438]}},{"type":"Feature","properties":{"id":"s880","name":"Dwernickiego","bus":1,"tram":0,"rail":1,"n":9,"imp":0.127,"node":1,"deg":4,"term":0,"major":1},"geometry":{"type":"Point","coordinates":[21.003186,52.225697]}},{"type":"Feature","properties":{"id":"s881","name":"Mycielskiego","bus":1,"tram":0,"rail":1,"n":8,"imp":0.119,"node":1,"deg":4,"term":0,"major":1},"geometry":{"type":"Point","coordinates":[21.001131,52.224438]}},{"type":"Feature","properties":{"id":"s882","name":"RKS Orzeł","bus":1,"tram":0,"rail":1,"n":8,"imp":0.099,"node":0,"deg":2,"term":0,"major":1},"geometry":{"type":"Point","coordinates":[21.000104,52.224438]}},{"type":"Feature","properties":{"id":"s883","name":"Podskarbińska","bus":1,"tram":0,"rail":1,"n":9,"imp":0.136,"node":1,"deg":5,"term":0,"major":1},"geometry":{"type":"Point","coordinates":[20.999077,52.224438]}},{"type":"Feature","properties":{"id":"s884","name":"Mińska","bus":1,"tram":0,"rail":0,"n":3,"imp":0.053,"node":1,"deg":3,"term":0,"major":0},"geometry":{"type":"Point","coordinates":[20.994967,52.225697]}},{"type":"Feature","properties":{"id":"s885","name":"Chodakowska","bus":1,"tram":0,"rail":1,"n":6,"imp":0.103,"node":1,"deg":4,"term":0,"major":1},"geometry":{"type":"Point","coordinates":[20.994967,52.226956]}},{"type":"Feature","properties":{"id":"s886","name":"Żupnicza","bus":1,"tram":0,"rail":1,"n":6,"imp":0.083,"node":0,"deg":2,"term":0,"major":0},"geometry":{"type":"Point","coordinates":[20.99394,52.226956]}},{"type":"Feature","properties":{"id":"s887","name":"Dw. Wschodni (Lubelska)","bus":1,"tram":0,"rail":1,"n":9,"imp":0.175,"node":1,"deg":4,"term":1,"major":1},"geometry":{"type":"Point","coordinates":[20.992913,52.226956]}},{"type":"Feature","properties":{"id":"s888","name":"Przeworska","bus":1,"tram":0,"rail":1,"n":3,"imp":0.079,"node":1,"deg":4,"term":0,"major":0},"geometry":{"type":"Point","coordinates":[21.003186,52.226956]}},{"type":"Feature","properties":{"id":"s889","name":"Siennicka","bus":1,"tram":0,"rail":1,"n":3,"imp":0.069,"node":1,"deg":3,"term":0,"major":0},"geometry":{"type":"Point","coordinates":[21.001131,52.226956]}},{"type":"Feature","properties":{"id":"s890","name":"Tor Kolarski","bus":1,"tram":0,"rail":0,"n":3,"imp":0.072,"node":1,"deg":5,"term":0,"major":0},"geometry":{"type":"Point","coordinates":[20.997022,52.225697]}},{"type":"Feature","properties":{"id":"s891","name":"Bukowskiego","bus":1,"tram":0,"rail":0,"n":7,"imp":0.095,"node":1,"deg":4,"term":0,"major":0},"geometry":{"type":"Point","coordinates":[21.007295,52.215625]}},{"type":"Feature","properties":{"id":"s892","name":"Cm. Ofiar Wojny","bus":1,"tram":0,"rail":0,"n":3,"imp":0.053,"node":1,"deg":3,"term":0,"major":0},"geometry":{"type":"Point","coordinates":[21.021677,52.214366]}},{"type":"Feature","properties":{"id":"s893","name":"Planetowa","bus":1,"tram":0,"rail":1,"n":2,"imp":0.061,"node":1,"deg":3,"term":0,"major":0},"geometry":{"type":"Point","coordinates":[21.027841,52.200516]}},{"type":"Feature","properties":{"id":"s894","name":"Zbaraska","bus":1,"tram":0,"rail":0,"n":4,"imp":0.071,"node":1,"deg":4,"term":0,"major":0},"geometry":{"type":"Point","coordinates":[20.999077,52.22192]}},{"type":"Feature","properties":{"id":"s895","name":"Os. Wilga","bus":1,"tram":0,"rail":0,"n":8,"imp":0.083,"node":0,"deg":2,"term":0,"major":0},"geometry":{"type":"Point","coordinates":[21.00935,52.213107]}},{"type":"Feature","properties":{"id":"s896","name":"Szpital Grochowski","bus":1,"tram":0,"rail":0,"n":5,"imp":0.069,"node":1,"deg":3,"term":0,"major":0},"geometry":{"type":"Point","coordinates":[21.001131,52.220661]}},{"type":"Feature","properties":{"id":"s897","name":"Os. Majdańska","bus":1,"tram":0,"rail":0,"n":9,"imp":0.12,"node":1,"deg":5,"term":0,"major":1},"geometry":{"type":"Point","coordinates":[21.003186,52.219402]}},{"type":"Feature","properties":{"id":"s898","name":"Rondo Waszyngtona","bus":1,"tram":1,"rail":0,"n":24,"imp":0.276,"node":1,"deg":7,"term":0,"major":1},"geometry":{"type":"Point","coordinates":[20.992913,52.22192]}},{"type":"Feature","properties":{"id":"s899","name":"Park Skaryszewski","bus":1,"tram":1,"rail":0,"n":11,"imp":0.133,"node":1,"deg":3,"term":0,"major":1},"geometry":{"type":"Point","coordinates":[20.994967,52.22192]}},{"type":"Feature","properties":{"id":"s900","name":"Kinowa","bus":1,"tram":1,"rail":0,"n":11,"imp":0.143,"node":1,"deg":4,"term":0,"major":1},"geometry":{"type":"Point","coordinates":[20.997022,52.22192]}},{"type":"Feature","properties":{"id":"s901","name":"Grenadierów","bus":1,"tram":1,"rail":0,"n":4,"imp":0.067,"node":1,"deg":2,"term":0,"major":0},"geometry":{"type":"Point","coordinates":[21.001131,52.22192]}},{"type":"Feature","properties":{"id":"s902","name":"Walewska","bus":1,"tram":0,"rail":0,"n":8,"imp":0.083,"node":0,"deg":2,"term":0,"major":0},"geometry":{"type":"Point","coordinates":[20.999077,52.220661]}},{"type":"Feature","properties":{"id":"s903","name":"Rozłucka","bus":1,"tram":0,"rail":0,"n":8,"imp":0.093,"node":1,"deg":3,"term":0,"major":0},"geometry":{"type":"Point","coordinates":[21.001131,52.219402]}},{"type":"Feature","properties":{"id":"s904","name":"Spalinowa","bus":1,"tram":0,"rail":0,"n":1,"imp":0.027,"node":0,"deg":2,"term":0,"major":0},"geometry":{"type":"Point","coordinates":[21.002158,52.219402]}},{"type":"Feature","properties":{"id":"s905","name":"Adampolska","bus":1,"tram":0,"rail":0,"n":7,"imp":0.085,"node":1,"deg":3,"term":0,"major":0},"geometry":{"type":"Point","coordinates":[20.997022,52.219402]}},{"type":"Feature","properties":{"id":"s906","name":"Walecznych","bus":1,"tram":0,"rail":0,"n":5,"imp":0.059,"node":0,"deg":2,"term":0,"major":0},"geometry":{"type":"Point","coordinates":[20.998049,52.218772]}},{"type":"Feature","properties":{"id":"s907","name":"Stacja Krwiodawstwa","bus":1,"tram":0,"rail":0,"n":8,"imp":0.112,"node":1,"deg":5,"term":0,"major":1},"geometry":{"type":"Point","coordinates":[20.999077,52.218143]}},{"type":"Feature","properties":{"id":"s908","name":"Zwycięzców","bus":1,"tram":0,"rail":0,"n":2,"imp":0.035,"node":0,"deg":2,"term":0,"major":0},"geometry":{"type":"Point","coordinates":[20.999077,52.217303]}},{"type":"Feature","properties":{"id":"s909","name":"Brazylijska","bus":1,"tram":0,"rail":0,"n":2,"imp":0.035,"node":0,"deg":2,"term":0,"major":0},"geometry":{"type":"Point","coordinates":[20.999077,52.216464]}},{"type":"Feature","properties":{"id":"s910","name":"Afrykańska","bus":1,"tram":0,"rail":0,"n":11,"imp":0.117,"node":1,"deg":3,"term":0,"major":1},"geometry":{"type":"Point","coordinates":[21.001131,52.214366]}},{"type":"Feature","properties":{"id":"s911","name":"Wał Gocławski","bus":1,"tram":0,"rail":0,"n":11,"imp":0.107,"node":0,"deg":2,"term":0,"major":1},"geometry":{"type":"Point","coordinates":[21.002158,52.214366]}},{"type":"Feature","properties":{"id":"s912","name":"Abrahama","bus":1,"tram":0,"rail":0,"n":12,"imp":0.135,"node":1,"deg":4,"term":0,"major":1},"geometry":{"type":"Point","coordinates":[21.003186,52.214366]}},{"type":"Feature","properties":{"id":"s913","name":"Bora - Komorowskiego","bus":1,"tram":0,"rail":0,"n":13,"imp":0.143,"node":1,"deg":4,"term":0,"major":1},"geometry":{"type":"Point","coordinates":[21.007295,52.213107]}},{"type":"Feature","properties":{"id":"s914","name":"Horbaczewskiego","bus":1,"tram":0,"rail":0,"n":7,"imp":0.075,"node":0,"deg":2,"term":0,"major":0},"geometry":{"type":"Point","coordinates":[21.00965,52.212922]}},{"type":"Feature","properties":{"id":"s915","name":"Gocław","bus":1,"tram":0,"rail":0,"n":16,"imp":0.313,"node":1,"deg":8,"term":1,"major":1},"geometry":{"type":"Point","coordinates":[21.011404,52.211848]}},{"type":"Feature","properties":{"id":"s916","name":"Umińskiego","bus":1,"tram":0,"rail":0,"n":12,"imp":0.144,"node":1,"deg":5,"term":0,"major":1},"geometry":{"type":"Point","coordinates":[21.007295,52.214366]}},{"type":"Feature","properties":{"id":"s917","name":"Ateńska","bus":1,"tram":0,"rail":0,"n":7,"imp":0.085,"node":1,"deg":3,"term":0,"major":0},"geometry":{"type":"Point","coordinates":[20.999077,52.213107]}},{"type":"Feature","properties":{"id":"s918","name":"Wersalska","bus":1,"tram":0,"rail":0,"n":2,"imp":0.045,"node":1,"deg":3,"term":0,"major":0},"geometry":{"type":"Point","coordinates":[20.997022,52.213107]}},{"type":"Feature","properties":{"id":"s919","name":"Meksykańska","bus":1,"tram":0,"rail":0,"n":2,"imp":0.035,"node":0,"deg":2,"term":0,"major":0},"geometry":{"type":"Point","coordinates":[20.997022,52.215625]}},{"type":"Feature","properties":{"id":"s920","name":"Francuska","bus":1,"tram":0,"rail":0,"n":6,"imp":0.077,"node":1,"deg":3,"term":0,"major":0},"geometry":{"type":"Point","coordinates":[20.994967,52.219402]}},{"type":"Feature","properties":{"id":"s921","name":"Katowicka","bus":1,"tram":0,"rail":0,"n":2,"imp":0.035,"node":0,"deg":2,"term":0,"major":0},"geometry":{"type":"Point","coordinates":[20.994967,52.218143]}},{"type":"Feature","properties":{"id":"s922","name":"Kryniczna","bus":1,"tram":0,"rail":0,"n":2,"imp":0.064,"node":1,"deg":5,"term":0,"major":0},"geometry":{"type":"Point","coordinates":[20.994967,52.216884]}},{"type":"Feature","properties":{"id":"s923","name":"Kosodrzewiny","bus":1,"tram":0,"rail":0,"n":2,"imp":0.045,"node":1,"deg":3,"term":0,"major":0},"geometry":{"type":"Point","coordinates":[21.027841,52.184148]}},{"type":"Feature","properties":{"id":"s924","name":"Jachowicza","bus":1,"tram":0,"rail":0,"n":2,"imp":0.035,"node":0,"deg":2,"term":0,"major":0},"geometry":{"type":"Point","coordinates":[21.028868,52.183519]}},{"type":"Feature","properties":{"id":"s925","name":"Olecka","bus":1,"tram":0,"rail":0,"n":2,"imp":0.047,"node":1,"deg":2,"term":1,"major":0},"geometry":{"type":"Point","coordinates":[21.029895,52.182889]}},{"type":"Feature","properties":{"id":"s926","name":"Michalinki","bus":1,"tram":0,"rail":0,"n":2,"imp":0.035,"node":0,"deg":2,"term":0,"major":0},"geometry":{"type":"Point","coordinates":[21.03195,52.184517]}},{"type":"Feature","properties":{"id":"s927","name":"Bartoszycka","bus":1,"tram":0,"rail":0,"n":3,"imp":0.043,"node":0,"deg":2,"term":0,"major":0},"geometry":{"type":"Point","coordinates":[21.038114,52.188555]}},{"type":"Feature","properties":{"id":"s928","name":"Wasilkowska","bus":1,"tram":0,"rail":0,"n":3,"imp":0.063,"node":1,"deg":4,"term":0,"major":0},"geometry":{"type":"Point","coordinates":[21.038114,52.186667]}},{"type":"Feature","properties":{"id":"s929","name":"Narcyzowa","bus":1,"tram":0,"rail":0,"n":3,"imp":0.043,"node":0,"deg":2,"term":0,"major":0},"geometry":{"type":"Point","coordinates":[21.037086,52.186037]}},{"type":"Feature","properties":{"id":"s930","name":"Ochocza","bus":1,"tram":0,"rail":0,"n":3,"imp":0.053,"node":1,"deg":3,"term":0,"major":0},"geometry":{"type":"Point","coordinates":[21.036059,52.185407]}},{"type":"Feature","properties":{"id":"s931","name":"Podkowy","bus":1,"tram":0,"rail":0,"n":3,"imp":0.043,"node":0,"deg":2,"term":0,"major":0},"geometry":{"type":"Point","coordinates":[21.035758,52.186851]}},{"type":"Feature","properties":{"id":"s932","name":"Nadarzyńska","bus":1,"tram":0,"rail":0,"n":3,"imp":0.043,"node":0,"deg":2,"term":0,"major":0},"geometry":{"type":"Point","coordinates":[21.028868,52.191703]}},{"type":"Feature","properties":{"id":"s933","name":"Wiesiołka","bus":1,"tram":0,"rail":0,"n":3,"imp":0.043,"node":0,"deg":2,"term":0,"major":0},"geometry":{"type":"Point","coordinates":[21.027841,52.191703]}},{"type":"Feature","properties":{"id":"s934","name":"Majerankowa","bus":1,"tram":0,"rail":0,"n":3,"imp":0.043,"node":0,"deg":2,"term":0,"major":0},"geometry":{"type":"Point","coordinates":[21.026813,52.191703]}},{"type":"Feature","properties":{"id":"s935","name":"Tawułkowa","bus":1,"tram":0,"rail":0,"n":4,"imp":0.08,"node":1,"deg":5,"term":0,"major":0},"geometry":{"type":"Point","coordinates":[21.025786,52.191703]}},{"type":"Feature","properties":{"id":"s936","name":"Draceny","bus":1,"tram":0,"rail":0,"n":1,"imp":0.027,"node":0,"deg":2,"term":0,"major":0},"geometry":{"type":"Point","coordinates":[21.025786,52.192463]}},{"type":"Feature","properties":{"id":"s937","name":"Hortensji","bus":1,"tram":0,"rail":0,"n":1,"imp":0.027,"node":0,"deg":2,"term":0,"major":0},"geometry":{"type":"Point","coordinates":[21.025485,52.193146]}},{"type":"Feature","properties":{"id":"s938","name":"Borowiecka","bus":1,"tram":0,"rail":0,"n":1,"imp":0.027,"node":0,"deg":2,"term":0,"major":0},"geometry":{"type":"Point","coordinates":[21.024608,52.193683]}},{"type":"Feature","properties":{"id":"s939","name":"Zasobna","bus":1,"tram":0,"rail":0,"n":1,"imp":0.037,"node":1,"deg":3,"term":0,"major":0},"geometry":{"type":"Point","coordinates":[21.023732,52.194221]}},{"type":"Feature","properties":{"id":"s940","name":"Mozaikowa","bus":1,"tram":0,"rail":0,"n":2,"imp":0.054,"node":1,"deg":4,"term":0,"major":0},"geometry":{"type":"Point","coordinates":[21.025786,52.19548]}},{"type":"Feature","properties":{"id":"s941","name":"Powojowa","bus":1,"tram":0,"rail":0,"n":1,"imp":0.027,"node":0,"deg":2,"term":0,"major":0},"geometry":{"type":"Point","coordinates":[21.027841,52.19548]}},{"type":"Feature","properties":{"id":"s942","name":"Otwock Tysiąclecia","bus":1,"tram":0,"rail":0,"n":1,"imp":0.027,"node":0,"deg":2,"term":0,"major":0},"geometry":{"type":"Point","coordinates":[21.027841,52.171558]}},{"type":"Feature","properties":{"id":"s943","name":"Olchy","bus":1,"tram":0,"rail":0,"n":1,"imp":0.027,"node":0,"deg":2,"term":0,"major":0},"geometry":{"type":"Point","coordinates":[21.032772,52.196739]}},{"type":"Feature","properties":{"id":"s944","name":"Jontka","bus":1,"tram":0,"rail":0,"n":1,"imp":0.027,"node":0,"deg":2,"term":0,"major":0},"geometry":{"type":"Point","coordinates":[21.033594,52.196739]}},{"type":"Feature","properties":{"id":"s945","name":"Czołgistów","bus":1,"tram":0,"rail":0,"n":1,"imp":0.027,"node":0,"deg":2,"term":0,"major":0},"geometry":{"type":"Point","coordinates":[21.034415,52.196739]}},{"type":"Feature","properties":{"id":"s946","name":"Kwitnącej Akacji","bus":1,"tram":0,"rail":0,"n":1,"imp":0.027,"node":0,"deg":2,"term":0,"major":0},"geometry":{"type":"Point","coordinates":[21.035237,52.196739]}},{"type":"Feature","properties":{"id":"s947","name":"Izbicka - Cmentarz","bus":1,"tram":0,"rail":0,"n":1,"imp":0.027,"node":0,"deg":2,"term":0,"major":0},"geometry":{"type":"Point","coordinates":[21.036059,52.195813]}},{"type":"Feature","properties":{"id":"s948","name":"Cygańska","bus":1,"tram":0,"rail":0,"n":1,"imp":0.037,"node":1,"deg":3,"term":0,"major":0},"geometry":{"type":"Point","coordinates":[21.036059,52.196739]}},{"type":"Feature","properties":{"id":"s949","name":"Zbójna Góra","bus":1,"tram":0,"rail":0,"n":1,"imp":0.018,"node":1,"deg":1,"term":0,"major":0},"geometry":{"type":"Point","coordinates":[21.038114,52.197998]}},{"type":"Feature","properties":{"id":"s950","name":"Spadowa","bus":1,"tram":0,"rail":0,"n":4,"imp":0.071,"node":1,"deg":4,"term":0,"major":0},"geometry":{"type":"Point","coordinates":[21.015513,52.210588]}},{"type":"Feature","properties":{"id":"s951","name":"Dzielnicowa","bus":1,"tram":0,"rail":0,"n":4,"imp":0.051,"node":0,"deg":2,"term":0,"major":0},"geometry":{"type":"Point","coordinates":[21.015513,52.209749]}},{"type":"Feature","properties":{"id":"s952","name":"Klimontowska","bus":1,"tram":0,"rail":0,"n":4,"imp":0.051,"node":0,"deg":2,"term":0,"major":0},"geometry":{"type":"Point","coordinates":[21.015513,52.20891]}},{"type":"Feature","properties":{"id":"s953","name":"Lucerny","bus":1,"tram":0,"rail":0,"n":7,"imp":0.095,"node":1,"deg":4,"term":0,"major":0},"geometry":{"type":"Point","coordinates":[21.015513,52.20807]}},{"type":"Feature","properties":{"id":"s954","name":"Lebiodowa","bus":1,"tram":0,"rail":0,"n":4,"imp":0.051,"node":0,"deg":2,"term":0,"major":0},"geometry":{"type":"Point","coordinates":[21.016883,52.204713]}},{"type":"Feature","properties":{"id":"s955","name":"Kombajnistów","bus":1,"tram":0,"rail":0,"n":6,"imp":0.077,"node":1,"deg":3,"term":0,"major":0},"geometry":{"type":"Point","coordinates":[21.017568,52.203034]}},{"type":"Feature","properties":{"id":"s956","name":"Zerzeń","bus":1,"tram":0,"rail":0,"n":5,"imp":0.059,"node":0,"deg":2,"term":0,"major":0},"geometry":{"type":"Point","coordinates":[21.017568,52.201775]}},{"type":"Feature","properties":{"id":"s957","name":"Zwoleńska","bus":1,"tram":0,"rail":0,"n":5,"imp":0.069,"node":1,"deg":3,"term":0,"major":0},"geometry":{"type":"Point","coordinates":[21.017568,52.200516]}},{"type":"Feature","properties":{"id":"s958","name":"Cylichowska","bus":1,"tram":0,"rail":0,"n":3,"imp":0.043,"node":0,"deg":2,"term":0,"major":0},"geometry":{"type":"Point","coordinates":[21.017568,52.199257]}},{"type":"Feature","properties":{"id":"s959","name":"Borków","bus":1,"tram":0,"rail":0,"n":3,"imp":0.043,"node":0,"deg":2,"term":0,"major":0},"geometry":{"type":"Point","coordinates":[21.017568,52.197998]}},{"type":"Feature","properties":{"id":"s960","name":"Ośrodek Szkoleniowy","bus":1,"tram":0,"rail":0,"n":4,"imp":0.073,"node":1,"deg":3,"term":1,"major":0},"geometry":{"type":"Point","coordinates":[21.017568,52.196739]}},{"type":"Feature","properties":{"id":"s961","name":"Odrębna","bus":1,"tram":0,"rail":0,"n":3,"imp":0.043,"node":0,"deg":2,"term":0,"major":0},"geometry":{"type":"Point","coordinates":[21.019622,52.195408]}},{"type":"Feature","properties":{"id":"s962","name":"Wędkarska","bus":1,"tram":0,"rail":0,"n":3,"imp":0.043,"node":0,"deg":2,"term":0,"major":0},"geometry":{"type":"Point","coordinates":[21.019622,52.193555]}},{"type":"Feature","properties":{"id":"s963","name":"Strzygłowska","bus":1,"tram":0,"rail":0,"n":4,"imp":0.08,"node":1,"deg":5,"term":0,"major":0},"geometry":{"type":"Point","coordinates":[21.019622,52.191703]}},{"type":"Feature","properties":{"id":"s964","name":"Ogórkowa","bus":1,"tram":0,"rail":0,"n":3,"imp":0.043,"node":0,"deg":2,"term":0,"major":0},"geometry":{"type":"Point","coordinates":[21.020033,52.187674]}},{"type":"Feature","properties":{"id":"s965","name":"Podbiałowa","bus":1,"tram":0,"rail":0,"n":3,"imp":0.043,"node":0,"deg":2,"term":0,"major":0},"geometry":{"type":"Point","coordinates":[21.020444,52.187422]}},{"type":"Feature","properties":{"id":"s966","name":"Rozchodnikowa","bus":1,"tram":0,"rail":0,"n":3,"imp":0.043,"node":0,"deg":2,"term":0,"major":0},"geometry":{"type":"Point","coordinates":[21.020855,52.18717]}},{"type":"Feature","properties":{"id":"s967","name":"Rzymska","bus":1,"tram":0,"rail":0,"n":1,"imp":0.027,"node":0,"deg":2,"term":0,"major":0},"geometry":{"type":"Point","coordinates":[20.999006,52.211891]}},{"type":"Feature","properties":{"id":"s968","name":"Arabska","bus":1,"tram":0,"rail":0,"n":1,"imp":0.027,"node":0,"deg":2,"term":0,"major":0},"geometry":{"type":"Point","coordinates":[21.00099,52.210675]}},{"type":"Feature","properties":{"id":"s969","name":"Algierska","bus":1,"tram":0,"rail":0,"n":1,"imp":0.027,"node":0,"deg":2,"term":0,"major":0},"geometry":{"type":"Point","coordinates":[21.003738,52.210588]}},{"type":"Feature","properties":{"id":"s970","name":"Most Siekierkowski","bus":1,"tram":0,"rail":0,"n":8,"imp":0.112,"node":1,"deg":5,"term":0,"major":1},"geometry":{"type":"Point","coordinates":[21.00935,52.210588]}},{"type":"Feature","properties":{"id":"s971","name":"Kadetów","bus":1,"tram":0,"rail":0,"n":5,"imp":0.079,"node":1,"deg":4,"term":0,"major":0},"geometry":{"type":"Point","coordinates":[21.011404,52.206811]}},{"type":"Feature","properties":{"id":"s972","name":"Wojsławicka","bus":1,"tram":0,"rail":0,"n":4,"imp":0.051,"node":0,"deg":2,"term":0,"major":0},"geometry":{"type":"Point","coordinates":[21.011404,52.205378]}},{"type":"Feature","properties":{"id":"s973","name":"Kanał Nowe Ujście","bus":1,"tram":0,"rail":0,"n":4,"imp":0.051,"node":0,"deg":2,"term":0,"major":0},"geometry":{"type":"Point","coordinates":[21.011805,52.204047]}},{"type":"Feature","properties":{"id":"s974","name":"Bronowska","bus":1,"tram":0,"rail":0,"n":4,"imp":0.061,"node":1,"deg":3,"term":0,"major":0},"geometry":{"type":"Point","coordinates":[21.013459,52.203034]}},{"type":"Feature","properties":{"id":"s975","name":"Jeziorowa","bus":1,"tram":0,"rail":0,"n":1,"imp":0.027,"node":0,"deg":2,"term":0,"major":0},"geometry":{"type":"Point","coordinates":[21.013459,52.200811]}},{"type":"Feature","properties":{"id":"s976","name":"Peonii","bus":1,"tram":0,"rail":0,"n":1,"imp":0.027,"node":0,"deg":2,"term":0,"major":0},"geometry":{"type":"Point","coordinates":[21.013459,52.198588]}},{"type":"Feature","properties":{"id":"s977","name":"Skalnicowa","bus":1,"tram":0,"rail":0,"n":1,"imp":0.027,"node":0,"deg":2,"term":0,"major":0},"geometry":{"type":"Point","coordinates":[21.013459,52.196365]}},{"type":"Feature","properties":{"id":"s978","name":"Cyklamenów","bus":1,"tram":0,"rail":0,"n":1,"imp":0.027,"node":0,"deg":2,"term":0,"major":0},"geometry":{"type":"Point","coordinates":[21.015003,52.194534]}},{"type":"Feature","properties":{"id":"s979","name":"Romantyczna","bus":1,"tram":0,"rail":0,"n":1,"imp":0.037,"node":1,"deg":3,"term":0,"major":0},"geometry":{"type":"Point","coordinates":[21.017568,52.192962]}},{"type":"Feature","properties":{"id":"s980","name":"Wodniaków","bus":1,"tram":0,"rail":0,"n":3,"imp":0.043,"node":0,"deg":2,"term":0,"major":0},"geometry":{"type":"Point","coordinates":[21.015513,52.203034]}},{"type":"Feature","properties":{"id":"s981","name":"Wiązana","bus":1,"tram":0,"rail":0,"n":2,"imp":0.035,"node":0,"deg":2,"term":0,"major":0},"geometry":{"type":"Point","coordinates":[21.018879,52.200516]}},{"type":"Feature","properties":{"id":"s982","name":"Motylkowa","bus":1,"tram":0,"rail":0,"n":2,"imp":0.035,"node":0,"deg":2,"term":0,"major":0},"geometry":{"type":"Point","coordinates":[21.020024,52.200762]}},{"type":"Feature","properties":{"id":"s983","name":"Żonkilowa","bus":1,"tram":0,"rail":0,"n":2,"imp":0.035,"node":0,"deg":2,"term":0,"major":0},"geometry":{"type":"Point","coordinates":[21.021878,52.201898]}},{"type":"Feature","properties":{"id":"s984","name":"Stężycka","bus":1,"tram":0,"rail":0,"n":1,"imp":0.027,"node":0,"deg":2,"term":0,"major":0},"geometry":{"type":"Point","coordinates":[21.012089,52.228635]}},{"type":"Feature","properties":{"id":"s985","name":"PKP Mokry Ług","bus":1,"tram":0,"rail":0,"n":2,"imp":0.069,"node":1,"deg":3,"term":1,"major":0},"geometry":{"type":"Point","coordinates":[21.021677,52.231992]}},{"type":"Feature","properties":{"id":"s986","name":"Ks. Szulczyka","bus":1,"tram":0,"rail":0,"n":3,"imp":0.043,"node":0,"deg":2,"term":0,"major":0},"geometry":{"type":"Point","coordinates":[21.038799,52.191703]}},{"type":"Feature","properties":{"id":"s987","name":"Aleksandrów","bus":1,"tram":0,"rail":0,"n":3,"imp":0.07,"node":1,"deg":1,"term":1,"major":0},"geometry":{"type":"Point","coordinates":[21.040168,52.191703]}},{"type":"Feature","properties":{"id":"s988","name":"Józefów Ks. Malinowskiego","bus":1,"tram":0,"rail":0,"n":1,"imp":0.027,"node":0,"deg":2,"term":0,"major":0},"geometry":{"type":"Point","coordinates":[21.02509,52.180798]}},{"type":"Feature","properties":{"id":"s989","name":"Józefów Podleśna","bus":1,"tram":0,"rail":0,"n":1,"imp":0.027,"node":0,"deg":2,"term":0,"major":0},"geometry":{"type":"Point","coordinates":[21.025786,52.179798]}},{"type":"Feature","properties":{"id":"s990","name":"Józefów Nowa Wieś","bus":1,"tram":0,"rail":0,"n":1,"imp":0.027,"node":0,"deg":2,"term":0,"major":0},"geometry":{"type":"Point","coordinates":[21.025786,52.178621]}},{"type":"Feature","properties":{"id":"s991","name":"Józefów Polna","bus":1,"tram":0,"rail":0,"n":1,"imp":0.027,"node":0,"deg":2,"term":0,"major":0},"geometry":{"type":"Point","coordinates":[21.025786,52.177443]}},{"type":"Feature","properties":{"id":"s992","name":"Józefów Świdry Małe","bus":1,"tram":0,"rail":0,"n":1,"imp":0.027,"node":0,"deg":2,"term":0,"major":0},"geometry":{"type":"Point","coordinates":[21.025786,52.176266]}},{"type":"Feature","properties":{"id":"s993","name":"Józefów Wyszyńskiego","bus":1,"tram":0,"rail":0,"n":1,"imp":0.027,"node":0,"deg":2,"term":0,"major":0},"geometry":{"type":"Point","coordinates":[21.025786,52.175089]}},{"type":"Feature","properties":{"id":"s994","name":"Józefów Drogowców","bus":1,"tram":0,"rail":0,"n":1,"imp":0.027,"node":0,"deg":2,"term":0,"major":0},"geometry":{"type":"Point","coordinates":[21.025786,52.173912]}},{"type":"Feature","properties":{"id":"s995","name":"Józefów Górki","bus":1,"tram":0,"rail":0,"n":1,"imp":0.027,"node":0,"deg":2,"term":0,"major":0},"geometry":{"type":"Point","coordinates":[21.025786,52.172735]}},{"type":"Feature","properties":{"id":"s996","name":"Otwock Świdry Wielkie","bus":1,"tram":0,"rail":0,"n":1,"imp":0.037,"node":1,"deg":3,"term":0,"major":0},"geometry":{"type":"Point","coordinates":[21.025786,52.171558]}},{"type":"Feature","properties":{"id":"s997","name":"Otwock Okrzei","bus":1,"tram":0,"rail":0,"n":1,"imp":0.046,"node":1,"deg":4,"term":0,"major":0},"geometry":{"type":"Point","coordinates":[21.029895,52.171558]}},{"type":"Feature","properties":{"id":"s998","name":"Otwock Park Miejski","bus":1,"tram":0,"rail":0,"n":2,"imp":0.054,"node":1,"deg":4,"term":0,"major":0},"geometry":{"type":"Point","coordinates":[21.038114,52.170299]}},{"type":"Feature","properties":{"id":"s999","name":"Otwock Urząd Skarbowy","bus":1,"tram":0,"rail":0,"n":2,"imp":0.045,"node":1,"deg":3,"term":0,"major":0},"geometry":{"type":"Point","coordinates":[21.034004,52.16904]}},{"type":"Feature","properties":{"id":"s1000","name":"Otwock Hoża","bus":1,"tram":0,"rail":0,"n":2,"imp":0.035,"node":0,"deg":2,"term":0,"major":0},"geometry":{"type":"Point","coordinates":[21.038114,52.171558]}},{"type":"Feature","properties":{"id":"s1001","name":"Otwock Batorego","bus":1,"tram":0,"rail":0,"n":1,"imp":0.037,"node":1,"deg":3,"term":0,"major":0},"geometry":{"type":"Point","coordinates":[21.029895,52.16904]}},{"type":"Feature","properties":{"id":"s1002","name":"Otwock Olszowa","bus":1,"tram":0,"rail":0,"n":1,"imp":0.037,"node":1,"deg":3,"term":0,"major":0},"geometry":{"type":"Point","coordinates":[21.03195,52.16904]}},{"type":"Feature","properties":{"id":"s1003","name":"Otwock Szpital Powiatowy","bus":1,"tram":0,"rail":0,"n":2,"imp":0.054,"node":1,"deg":4,"term":0,"major":0},"geometry":{"type":"Point","coordinates":[21.034004,52.167781]}},{"type":"Feature","properties":{"id":"s1004","name":"Trakt Lubelski - Las","bus":1,"tram":0,"rail":0,"n":4,"imp":0.051,"node":0,"deg":2,"term":0,"major":0},"geometry":{"type":"Point","coordinates":[21.015513,52.206218]}},{"type":"Feature","properties":{"id":"s1005","name":"Słowackiego","bus":1,"tram":0,"rail":0,"n":2,"imp":0.035,"node":0,"deg":2,"term":0,"major":0},"geometry":{"type":"Point","coordinates":[21.034004,52.216645]}},{"type":"Feature","properties":{"id":"s1006","name":"Narodowa","bus":1,"tram":0,"rail":0,"n":5,"imp":0.079,"node":1,"deg":4,"term":0,"major":0},"geometry":{"type":"Point","coordinates":[21.011404,52.20807]}},{"type":"Feature","properties":{"id":"s1007","name":"Perkuna","bus":1,"tram":0,"rail":0,"n":7,"imp":0.095,"node":1,"deg":4,"term":0,"major":0},"geometry":{"type":"Point","coordinates":[21.007295,52.216884]}},{"type":"Feature","properties":{"id":"s1008","name":"Berezyńska","bus":0,"tram":1,"rail":0,"n":1,"imp":0.027,"node":0,"deg":2,"term":0,"major":0},"geometry":{"type":"Point","coordinates":[20.99394,52.22192]}},{"type":"Feature","properties":{"id":"s1009","name":"Os. Jantar","bus":1,"tram":0,"rail":0,"n":5,"imp":0.059,"node":0,"deg":2,"term":0,"major":0},"geometry":{"type":"Point","coordinates":[21.00524,52.213107]}},{"type":"Feature","properties":{"id":"s1010","name":"Pl. Przymierza","bus":1,"tram":0,"rail":0,"n":5,"imp":0.088,"node":1,"deg":5,"term":0,"major":0},"geometry":{"type":"Point","coordinates":[20.997022,52.218143]}},{"type":"Feature","properties":{"id":"s1011","name":"Otwock Mazurska","bus":1,"tram":0,"rail":0,"n":1,"imp":0.027,"node":0,"deg":2,"term":0,"major":0},"geometry":{"type":"Point","coordinates":[21.029895,52.170299]}},{"type":"Feature","properties":{"id":"s1012","name":"Fieldorfa","bus":1,"tram":0,"rail":0,"n":1,"imp":0.027,"node":0,"deg":2,"term":0,"major":0},"geometry":{"type":"Point","coordinates":[21.006544,52.210588]}},{"type":"Feature","properties":{"id":"s1013","name":"Działyńczyków","bus":1,"tram":0,"rail":0,"n":4,"imp":0.061,"node":1,"deg":3,"term":0,"major":0},"geometry":{"type":"Point","coordinates":[21.021677,52.220661]}},{"type":"Feature","properties":{"id":"s1014","name":"Rogatkowa","bus":1,"tram":0,"rail":0,"n":2,"imp":0.035,"node":0,"deg":2,"term":0,"major":0},"geometry":{"type":"Point","coordinates":[21.022805,52.202466]}},{"type":"Feature","properties":{"id":"s1015","name":"Rychnowska","bus":1,"tram":0,"rail":0,"n":1,"imp":0.027,"node":0,"deg":2,"term":0,"major":0},"geometry":{"type":"Point","coordinates":[21.018595,52.192332]}},{"type":"Feature","properties":{"id":"s1016","name":"Rychnowska","bus":1,"tram":0,"rail":0,"n":1,"imp":0.027,"node":0,"deg":2,"term":0,"major":0},"geometry":{"type":"Point","coordinates":[21.018595,52.192332]}},{"type":"Feature","properties":{"id":"s1017","name":"Skrzyneckiego","bus":1,"tram":0,"rail":0,"n":1,"imp":0.027,"node":0,"deg":2,"term":0,"major":0},"geometry":{"type":"Point","coordinates":[21.019622,52.215364]}},{"type":"Feature","properties":{"id":"s1018","name":"Strusia","bus":1,"tram":0,"rail":0,"n":1,"imp":0.039,"node":1,"deg":2,"term":1,"major":0},"geometry":{"type":"Point","coordinates":[21.017568,52.211848]}},{"type":"Feature","properties":{"id":"s1019","name":"Topograficzna","bus":1,"tram":0,"rail":0,"n":3,"imp":0.043,"node":0,"deg":2,"term":0,"major":0},"geometry":{"type":"Point","coordinates":[21.024015,52.225523]}},{"type":"Feature","properties":{"id":"s1020","name":"Czerwonych Beretów","bus":1,"tram":0,"rail":0,"n":3,"imp":0.043,"node":0,"deg":2,"term":0,"major":0},"geometry":{"type":"Point","coordinates":[21.026589,52.224438]}},{"type":"Feature","properties":{"id":"s1021","name":"Pielęgniarek","bus":1,"tram":0,"rail":0,"n":4,"imp":0.051,"node":0,"deg":2,"term":0,"major":0},"geometry":{"type":"Point","coordinates":[21.017167,52.207057]}},{"type":"Feature","properties":{"id":"s1022","name":"Pomiechowska","bus":1,"tram":0,"rail":0,"n":4,"imp":0.051,"node":0,"deg":2,"term":0,"major":0},"geometry":{"type":"Point","coordinates":[21.019339,52.206811]}},{"type":"Feature","properties":{"id":"s1023","name":"Hetmańska","bus":1,"tram":0,"rail":1,"n":4,"imp":0.067,"node":0,"deg":2,"term":0,"major":0},"geometry":{"type":"Point","coordinates":[21.008939,52.222172]}},{"type":"Feature","properties":{"id":"s1024","name":"Podolska","bus":1,"tram":0,"rail":1,"n":4,"imp":0.067,"node":0,"deg":2,"term":0,"major":0},"geometry":{"type":"Point","coordinates":[21.010582,52.221164]}},{"type":"Feature","properties":{"id":"s1025","name":"Szaserów","bus":1,"tram":0,"rail":1,"n":4,"imp":0.067,"node":0,"deg":2,"term":0,"major":0},"geometry":{"type":"Point","coordinates":[21.012226,52.220157]}},{"type":"Feature","properties":{"id":"s1026","name":"Os. Iskra","bus":1,"tram":0,"rail":0,"n":4,"imp":0.051,"node":0,"deg":2,"term":0,"major":0},"geometry":{"type":"Point","coordinates":[21.00935,52.211848]}},{"type":"Feature","properties":{"id":"s1027","name":"Os. Orlik","bus":1,"tram":0,"rail":0,"n":2,"imp":0.035,"node":0,"deg":2,"term":0,"major":0},"geometry":{"type":"Point","coordinates":[21.00524,52.214366]}},{"type":"Feature","properties":{"id":"s1028","name":"Staszica","bus":1,"tram":0,"rail":0,"n":2,"imp":0.035,"node":0,"deg":2,"term":0,"major":0},"geometry":{"type":"Point","coordinates":[21.034004,52.214626]}},{"type":"Feature","properties":{"id":"s1029","name":"Sulejówek Idzikowskiego","bus":1,"tram":0,"rail":0,"n":1,"imp":0.027,"node":0,"deg":2,"term":0,"major":0},"geometry":{"type":"Point","coordinates":[21.040168,52.212477]}},{"type":"Feature","properties":{"id":"s1030","name":"Drobiarska","bus":1,"tram":0,"rail":0,"n":1,"imp":0.027,"node":0,"deg":2,"term":0,"major":0},"geometry":{"type":"Point","coordinates":[21.040168,52.210274]}},{"type":"Feature","properties":{"id":"s1031","name":"Hipodrom","bus":1,"tram":0,"rail":0,"n":2,"imp":0.035,"node":0,"deg":2,"term":0,"major":0},"geometry":{"type":"Point","coordinates":[21.034004,52.212607]}},{"type":"Feature","properties":{"id":"s1032","name":"Stara Miłosna (Ułańska)","bus":1,"tram":0,"rail":0,"n":5,"imp":0.105,"node":1,"deg":3,"term":1,"major":1},"geometry":{"type":"Point","coordinates":[21.040168,52.20807]}},{"type":"Feature","properties":{"id":"s1033","name":"Jagiellońska","bus":1,"tram":0,"rail":0,"n":4,"imp":0.051,"node":0,"deg":2,"term":0,"major":0},"geometry":{"type":"Point","coordinates":[21.026197,52.218143]}},{"type":"Feature","properties":{"id":"s1034","name":"Brata Alberta","bus":1,"tram":0,"rail":1,"n":7,"imp":0.101,"node":1,"deg":3,"term":0,"major":1},"geometry":{"type":"Point","coordinates":[21.027841,52.218143]}},{"type":"Feature","properties":{"id":"s1035","name":"Grzybowa","bus":1,"tram":0,"rail":1,"n":5,"imp":0.075,"node":0,"deg":2,"term":0,"major":0},"geometry":{"type":"Point","coordinates":[21.028868,52.218143]}},{"type":"Feature","properties":{"id":"s1036","name":"Groszówka","bus":1,"tram":0,"rail":1,"n":5,"imp":0.075,"node":0,"deg":2,"term":0,"major":0},"geometry":{"type":"Point","coordinates":[21.029895,52.218143]}},{"type":"Feature","properties":{"id":"s1037","name":"Rejtana","bus":1,"tram":0,"rail":1,"n":5,"imp":0.075,"node":0,"deg":2,"term":0,"major":0},"geometry":{"type":"Point","coordinates":[21.030923,52.218143]}},{"type":"Feature","properties":{"id":"s1038","name":"Wesoła - Ratusz","bus":1,"tram":0,"rail":1,"n":6,"imp":0.093,"node":1,"deg":3,"term":0,"major":0},"geometry":{"type":"Point","coordinates":[21.03195,52.218143]}},{"type":"Feature","properties":{"id":"s1039","name":"Armii Krajowej","bus":1,"tram":0,"rail":1,"n":5,"imp":0.085,"node":1,"deg":3,"term":0,"major":0},"geometry":{"type":"Point","coordinates":[21.03195,52.219402]}},{"type":"Feature","properties":{"id":"s1040","name":"Chodkiewicza","bus":1,"tram":0,"rail":0,"n":4,"imp":0.061,"node":1,"deg":3,"term":0,"major":0},"geometry":{"type":"Point","coordinates":[21.036059,52.219402]}},{"type":"Feature","properties":{"id":"s1041","name":"Wiosenna","bus":1,"tram":0,"rail":0,"n":3,"imp":0.043,"node":0,"deg":2,"term":0,"major":0},"geometry":{"type":"Point","coordinates":[21.038114,52.218143]}},{"type":"Feature","properties":{"id":"s1042","name":"Wola Grzybowska","bus":1,"tram":0,"rail":0,"n":3,"imp":0.067,"node":1,"deg":2,"term":1,"major":0},"geometry":{"type":"Point","coordinates":[21.040168,52.216884]}},{"type":"Feature","properties":{"id":"s1043","name":"Sulejówek Orla","bus":1,"tram":0,"rail":0,"n":1,"imp":0.027,"node":0,"deg":2,"term":0,"major":0},"geometry":{"type":"Point","coordinates":[21.040168,52.215782]}},{"type":"Feature","properties":{"id":"s1044","name":"Sulejówek Puszkina","bus":1,"tram":0,"rail":0,"n":1,"imp":0.027,"node":0,"deg":2,"term":0,"major":0},"geometry":{"type":"Point","coordinates":[21.040168,52.21468]}},{"type":"Feature","properties":{"id":"s1045","name":"Sulejówek Al. Piłsudskiego","bus":1,"tram":0,"rail":0,"n":1,"imp":0.027,"node":0,"deg":2,"term":0,"major":0},"geometry":{"type":"Point","coordinates":[21.040168,52.213579]}},{"type":"Feature","properties":{"id":"s1046","name":"Wawerska","bus":1,"tram":0,"rail":0,"n":4,"imp":0.051,"node":0,"deg":2,"term":0,"major":0},"geometry":{"type":"Point","coordinates":[21.028292,52.211571]}},{"type":"Feature","properties":{"id":"s1047","name":"Objazdowa","bus":1,"tram":0,"rail":0,"n":5,"imp":0.069,"node":1,"deg":3,"term":0,"major":0},"geometry":{"type":"Point","coordinates":[21.029895,52.210588]}},{"type":"Feature","properties":{"id":"s1048","name":"1. Praskiego Pułku","bus":1,"tram":0,"rail":0,"n":7,"imp":0.095,"node":1,"deg":4,"term":0,"major":0},"geometry":{"type":"Point","coordinates":[21.034004,52.210588]}},{"type":"Feature","properties":{"id":"s1049","name":"Fabryczna","bus":1,"tram":0,"rail":0,"n":6,"imp":0.067,"node":0,"deg":2,"term":0,"major":0},"geometry":{"type":"Point","coordinates":[21.035032,52.210588]}},{"type":"Feature","properties":{"id":"s1050","name":"Nizinna","bus":1,"tram":0,"rail":0,"n":6,"imp":0.077,"node":1,"deg":3,"term":0,"major":0},"geometry":{"type":"Point","coordinates":[21.036059,52.210588]}},{"type":"Feature","properties":{"id":"s1051","name":"Szosa Lubelska","bus":1,"tram":0,"rail":0,"n":4,"imp":0.061,"node":1,"deg":3,"term":0,"major":0},"geometry":{"type":"Point","coordinates":[21.042223,52.210588]}},{"type":"Feature","properties":{"id":"s1052","name":"Zakrętowa","bus":1,"tram":0,"rail":0,"n":3,"imp":0.043,"node":0,"deg":2,"term":0,"major":0},"geometry":{"type":"Point","coordinates":[21.044277,52.208838]}},{"type":"Feature","properties":{"id":"s1053","name":"Majdan","bus":1,"tram":0,"rail":0,"n":3,"imp":0.053,"node":1,"deg":3,"term":0,"major":0},"geometry":{"type":"Point","coordinates":[21.044277,52.204293]}},{"type":"Feature","properties":{"id":"s1054","name":"Zagórze - Sanatorium","bus":1,"tram":0,"rail":0,"n":1,"imp":0.018,"node":1,"deg":1,"term":0,"major":0},"geometry":{"type":"Point","coordinates":[21.038114,52.201775]}},{"type":"Feature","properties":{"id":"s1055","name":"Sulejówek Hotelowa","bus":1,"tram":0,"rail":0,"n":1,"imp":0.027,"node":0,"deg":2,"term":0,"major":0},"geometry":{"type":"Point","coordinates":[21.043237,52.210588]}},{"type":"Feature","properties":{"id":"s1056","name":"Sulejówek Rataja","bus":1,"tram":0,"rail":0,"n":1,"imp":0.027,"node":0,"deg":2,"term":0,"major":0},"geometry":{"type":"Point","coordinates":[21.04425,52.210588]}},{"type":"Feature","properties":{"id":"s1057","name":"Konik Nowy Hipolitowska","bus":1,"tram":0,"rail":0,"n":1,"imp":0.027,"node":0,"deg":2,"term":0,"major":0},"geometry":{"type":"Point","coordinates":[21.050333,52.210588]}},{"type":"Feature","properties":{"id":"s1058","name":"Sulejówek Gwarna","bus":1,"tram":0,"rail":0,"n":1,"imp":0.027,"node":0,"deg":2,"term":0,"major":0},"geometry":{"type":"Point","coordinates":[21.045264,52.210588]}},{"type":"Feature","properties":{"id":"s1059","name":"Sulejówek Ogrodnicza","bus":1,"tram":0,"rail":0,"n":1,"imp":0.027,"node":0,"deg":2,"term":0,"major":0},"geometry":{"type":"Point","coordinates":[21.046278,52.210588]}},{"type":"Feature","properties":{"id":"s1060","name":"Wspólna","bus":1,"tram":0,"rail":0,"n":4,"imp":0.051,"node":0,"deg":2,"term":0,"major":0},"geometry":{"type":"Point","coordinates":[21.027019,52.218143]}},{"type":"Feature","properties":{"id":"s1061","name":"Konik Nowy Podgórna","bus":1,"tram":0,"rail":0,"n":1,"imp":0.027,"node":0,"deg":2,"term":0,"major":0},"geometry":{"type":"Point","coordinates":[21.047291,52.210588]}},{"type":"Feature","properties":{"id":"s1062","name":"Konik Nowy Terespolska","bus":1,"tram":0,"rail":0,"n":1,"imp":0.027,"node":0,"deg":2,"term":0,"major":0},"geometry":{"type":"Point","coordinates":[21.048305,52.210588]}},{"type":"Feature","properties":{"id":"s1063","name":"Konik Nowy","bus":1,"tram":0,"rail":0,"n":1,"imp":0.027,"node":0,"deg":2,"term":0,"major":0},"geometry":{"type":"Point","coordinates":[21.049319,52.210588]}},{"type":"Feature","properties":{"id":"s1064","name":"PKP Halinów","bus":1,"tram":0,"rail":0,"n":1,"imp":0.03,"node":1,"deg":1,"term":1,"major":0},"geometry":{"type":"Point","coordinates":[21.05455,52.209329]}},{"type":"Feature","properties":{"id":"s1065","name":"Meissnera","bus":1,"tram":0,"rail":0,"n":9,"imp":0.12,"node":1,"deg":5,"term":0,"major":1},"geometry":{"type":"Point","coordinates":[21.007295,52.211848]}},{"type":"Feature","properties":{"id":"s1066","name":"Zbójnogórska","bus":1,"tram":0,"rail":1,"n":2,"imp":0.051,"node":0,"deg":2,"term":0,"major":0},"geometry":{"type":"Point","coordinates":[21.027156,52.200936]}},{"type":"Feature","properties":{"id":"s1067","name":"Radość - Wodociąg","bus":1,"tram":0,"rail":1,"n":2,"imp":0.051,"node":0,"deg":2,"term":0,"major":0},"geometry":{"type":"Point","coordinates":[21.026471,52.201355]}},{"type":"Feature","properties":{"id":"s1068","name":"Kolarska","bus":1,"tram":0,"rail":1,"n":2,"imp":0.061,"node":1,"deg":3,"term":0,"major":0},"geometry":{"type":"Point","coordinates":[21.025786,52.201775]}},{"type":"Feature","properties":{"id":"s1069","name":"Klasztorna","bus":1,"tram":0,"rail":1,"n":6,"imp":0.103,"node":1,"deg":4,"term":0,"major":1},"geometry":{"type":"Point","coordinates":[21.021677,52.223179]}},{"type":"Feature","properties":{"id":"s1070","name":"Niedziałkowskiego","bus":1,"tram":0,"rail":1,"n":6,"imp":0.093,"node":1,"deg":3,"term":0,"major":0},"geometry":{"type":"Point","coordinates":[21.021677,52.22192]}},{"type":"Feature","properties":{"id":"s1071","name":"Meblowa","bus":1,"tram":0,"rail":0,"n":1,"imp":0.027,"node":0,"deg":2,"term":0,"major":0},"geometry":{"type":"Point","coordinates":[21.007295,52.230525]}},{"type":"Feature","properties":{"id":"s1072","name":"Rolnicza","bus":1,"tram":0,"rail":0,"n":3,"imp":0.043,"node":0,"deg":2,"term":0,"major":0},"geometry":{"type":"Point","coordinates":[21.021677,52.213107]}},{"type":"Feature","properties":{"id":"s1073","name":"Sosnowa","bus":1,"tram":0,"rail":1,"n":6,"imp":0.083,"node":0,"deg":2,"term":0,"major":0},"geometry":{"type":"Point","coordinates":[21.026813,52.218772]}},{"type":"Feature","properties":{"id":"s1074","name":"Instruktorska","bus":1,"tram":0,"rail":1,"n":6,"imp":0.103,"node":1,"deg":4,"term":0,"major":1},"geometry":{"type":"Point","coordinates":[21.025786,52.219402]}},{"type":"Feature","properties":{"id":"s1075","name":"Wiązowna Boryszewska","bus":1,"tram":0,"rail":0,"n":3,"imp":0.063,"node":1,"deg":4,"term":0,"major":0},"geometry":{"type":"Point","coordinates":[21.046332,52.196739]}},{"type":"Feature","properties":{"id":"s1076","name":"Góraszka","bus":1,"tram":0,"rail":0,"n":3,"imp":0.043,"node":0,"deg":2,"term":0,"major":0},"geometry":{"type":"Point","coordinates":[21.044277,52.200255]}},{"type":"Feature","properties":{"id":"s1077","name":"Majdan Widoczna","bus":1,"tram":0,"rail":0,"n":3,"imp":0.043,"node":0,"deg":2,"term":0,"major":0},"geometry":{"type":"Point","coordinates":[21.044277,52.202947]}},{"type":"Feature","properties":{"id":"s1078","name":"Wiązowna Szkolna","bus":1,"tram":0,"rail":0,"n":2,"imp":0.054,"node":1,"deg":4,"term":0,"major":0},"geometry":{"type":"Point","coordinates":[21.046332,52.192962]}},{"type":"Feature","properties":{"id":"s1079","name":"Wiązowna Pęclińska","bus":1,"tram":0,"rail":0,"n":2,"imp":0.035,"node":0,"deg":2,"term":0,"major":0},"geometry":{"type":"Point","coordinates":[21.048387,52.191631]}},{"type":"Feature","properties":{"id":"s1080","name":"Żanęcin Spokojna","bus":1,"tram":0,"rail":0,"n":2,"imp":0.054,"node":1,"deg":4,"term":0,"major":0},"geometry":{"type":"Point","coordinates":[21.048387,52.187926]}},{"type":"Feature","properties":{"id":"s1081","name":"Żanęcin","bus":1,"tram":0,"rail":0,"n":1,"imp":0.027,"node":0,"deg":2,"term":0,"major":0},"geometry":{"type":"Point","coordinates":[21.049414,52.187296]}},{"type":"Feature","properties":{"id":"s1082","name":"Dziechciniec Piaskowa","bus":1,"tram":0,"rail":0,"n":1,"imp":0.037,"node":1,"deg":3,"term":0,"major":0},"geometry":{"type":"Point","coordinates":[21.05455,52.186667]}},{"type":"Feature","properties":{"id":"s1083","name":"Dziechciniec","bus":1,"tram":0,"rail":0,"n":1,"imp":0.037,"node":1,"deg":3,"term":0,"major":0},"geometry":{"type":"Point","coordinates":[21.056605,52.185407]}},{"type":"Feature","properties":{"id":"s1084","name":"Dziechciniec","bus":1,"tram":0,"rail":0,"n":1,"imp":0.037,"node":1,"deg":3,"term":0,"major":0},"geometry":{"type":"Point","coordinates":[21.058659,52.186667]}},{"type":"Feature","properties":{"id":"s1085","name":"Malcanów","bus":1,"tram":0,"rail":0,"n":1,"imp":0.037,"node":1,"deg":3,"term":0,"major":0},"geometry":{"type":"Point","coordinates":[21.060714,52.185407]}},{"type":"Feature","properties":{"id":"s1086","name":"Malcanów Kotliny","bus":1,"tram":0,"rail":0,"n":1,"imp":0.027,"node":0,"deg":2,"term":0,"major":0},"geometry":{"type":"Point","coordinates":[21.061536,52.185407]}},{"type":"Feature","properties":{"id":"s1087","name":"Lipowo","bus":1,"tram":0,"rail":0,"n":1,"imp":0.027,"node":0,"deg":2,"term":0,"major":0},"geometry":{"type":"Point","coordinates":[21.06318,52.185407]}},{"type":"Feature","properties":{"id":"s1088","name":"Glinianka Ośrodek Zdrowia","bus":1,"tram":0,"rail":0,"n":1,"imp":0.027,"node":0,"deg":2,"term":0,"major":0},"geometry":{"type":"Point","coordinates":[21.064001,52.185407]}},{"type":"Feature","properties":{"id":"s1089","name":"Glinianka","bus":1,"tram":0,"rail":0,"n":1,"imp":0.027,"node":0,"deg":2,"term":0,"major":0},"geometry":{"type":"Point","coordinates":[21.064823,52.185407]}},{"type":"Feature","properties":{"id":"s1090","name":"Dziechciniec - Kolonia","bus":1,"tram":0,"rail":0,"n":1,"imp":0.056,"node":1,"deg":5,"term":0,"major":0},"geometry":{"type":"Point","coordinates":[21.050441,52.186667]}},{"type":"Feature","properties":{"id":"s1091","name":"Wiązowna Projektowana","bus":1,"tram":0,"rail":0,"n":2,"imp":0.035,"node":0,"deg":2,"term":0,"major":0},"geometry":{"type":"Point","coordinates":[21.048387,52.189778]}},{"type":"Feature","properties":{"id":"s1092","name":"PKP Wesoła","bus":1,"tram":0,"rail":1,"n":2,"imp":0.073,"node":1,"deg":3,"term":1,"major":0},"geometry":{"type":"Point","coordinates":[21.03195,52.22192]}},{"type":"Feature","properties":{"id":"s1093","name":"Sagalli","bus":1,"tram":0,"rail":0,"n":2,"imp":0.035,"node":0,"deg":2,"term":0,"major":0},"geometry":{"type":"Point","coordinates":[21.034305,52.209145]}},{"type":"Feature","properties":{"id":"s1094","name":"Torfowa","bus":1,"tram":0,"rail":0,"n":5,"imp":0.069,"node":1,"deg":3,"term":0,"major":0},"geometry":{"type":"Point","coordinates":[21.036059,52.20807]}},{"type":"Feature","properties":{"id":"s1095","name":"Marmurowa","bus":1,"tram":0,"rail":0,"n":5,"imp":0.059,"node":0,"deg":2,"term":0,"major":0},"geometry":{"type":"Point","coordinates":[21.036881,52.20807]}},{"type":"Feature","properties":{"id":"s1096","name":"Pogodna","bus":1,"tram":0,"rail":0,"n":5,"imp":0.059,"node":0,"deg":2,"term":0,"major":0},"geometry":{"type":"Point","coordinates":[21.038525,52.20807]}},{"type":"Feature","properties":{"id":"s1097","name":"Rumiankowa","bus":1,"tram":0,"rail":0,"n":5,"imp":0.059,"node":0,"deg":2,"term":0,"major":0},"geometry":{"type":"Point","coordinates":[21.039346,52.20807]}},{"type":"Feature","properties":{"id":"s1098","name":"Józefów Wąska","bus":1,"tram":0,"rail":0,"n":1,"imp":0.027,"node":0,"deg":2,"term":0,"major":0},"geometry":{"type":"Point","coordinates":[21.033278,52.184594]}},{"type":"Feature","properties":{"id":"s1099","name":"PKP Michalin","bus":1,"tram":0,"rail":1,"n":2,"imp":0.061,"node":1,"deg":3,"term":0,"major":0},"geometry":{"type":"Point","coordinates":[21.036059,52.182889]}},{"type":"Feature","properties":{"id":"s1100","name":"Józefów Cicha","bus":1,"tram":0,"rail":1,"n":2,"imp":0.051,"node":0,"deg":2,"term":0,"major":0},"geometry":{"type":"Point","coordinates":[21.036059,52.181274]}},{"type":"Feature","properties":{"id":"s1101","name":"PKP Józefów","bus":1,"tram":0,"rail":1,"n":2,"imp":0.051,"node":0,"deg":2,"term":0,"major":0},"geometry":{"type":"Point","coordinates":[21.035237,52.179868]}},{"type":"Feature","properties":{"id":"s1102","name":"Józefów Jarosławska","bus":1,"tram":0,"rail":1,"n":2,"imp":0.051,"node":0,"deg":2,"term":0,"major":0},"geometry":{"type":"Point","coordinates":[21.034004,52.178565]}},{"type":"Feature","properties":{"id":"s1103","name":"Otwock Świder - Kościół","bus":1,"tram":0,"rail":1,"n":2,"imp":0.051,"node":0,"deg":2,"term":0,"major":0},"geometry":{"type":"Point","coordinates":[21.034004,52.17695]}},{"type":"Feature","properties":{"id":"s1104","name":"Otwock Świder","bus":1,"tram":0,"rail":1,"n":2,"imp":0.061,"node":1,"deg":3,"term":0,"major":0},"geometry":{"type":"Point","coordinates":[21.034004,52.175335]}},{"type":"Feature","properties":{"id":"s1105","name":"Otwock Rzemieślnicza","bus":1,"tram":0,"rail":1,"n":2,"imp":0.061,"node":1,"deg":3,"term":0,"major":0},"geometry":{"type":"Point","coordinates":[21.036059,52.174076]}},{"type":"Feature","properties":{"id":"s1106","name":"Otwock Orla","bus":1,"tram":0,"rail":0,"n":2,"imp":0.069,"node":1,"deg":3,"term":1,"major":0},"geometry":{"type":"Point","coordinates":[21.038114,52.172817]}},{"type":"Feature","properties":{"id":"s1107","name":"Karczew Pomnik Kolei Wąskotorowej","bus":1,"tram":0,"rail":0,"n":1,"imp":0.027,"node":0,"deg":2,"term":0,"major":0},"geometry":{"type":"Point","coordinates":[21.03195,52.164597]}},{"type":"Feature","properties":{"id":"s1108","name":"Gdecka","bus":1,"tram":0,"rail":0,"n":6,"imp":0.077,"node":1,"deg":3,"term":0,"major":0},"geometry":{"type":"Point","coordinates":[21.007295,52.220661]}},{"type":"Feature","properties":{"id":"s1109","name":"Nowy Rembertów","bus":1,"tram":0,"rail":0,"n":1,"imp":0.039,"node":1,"deg":2,"term":1,"major":0},"geometry":{"type":"Point","coordinates":[21.023732,52.219402]}},{"type":"Feature","properties":{"id":"s1110","name":"Wiązowna Sportowa","bus":1,"tram":0,"rail":0,"n":2,"imp":0.045,"node":1,"deg":3,"term":0,"major":0},"geometry":{"type":"Point","coordinates":[21.046332,52.190444]}},{"type":"Feature","properties":{"id":"s1111","name":"Emów Gródek","bus":1,"tram":0,"rail":0,"n":1,"imp":0.027,"node":0,"deg":2,"term":0,"major":0},"geometry":{"type":"Point","coordinates":[21.046332,52.189604]}},{"type":"Feature","properties":{"id":"s1112","name":"Radiówek","bus":1,"tram":0,"rail":0,"n":1,"imp":0.027,"node":0,"deg":2,"term":0,"major":0},"geometry":{"type":"Point","coordinates":[21.046332,52.188765]}},{"type":"Feature","properties":{"id":"s1113","name":"Gruszy","bus":1,"tram":0,"rail":0,"n":2,"imp":0.035,"node":0,"deg":2,"term":0,"major":0},"geometry":{"type":"Point","coordinates":[21.023732,52.201015]}},{"type":"Feature","properties":{"id":"s1114","name":"Juhasów","bus":1,"tram":0,"rail":0,"n":2,"imp":0.035,"node":0,"deg":2,"term":0,"major":0},"geometry":{"type":"Point","coordinates":[21.023732,52.198996]}},{"type":"Feature","properties":{"id":"s1115","name":"Klimatyczna","bus":1,"tram":0,"rail":0,"n":2,"imp":0.035,"node":0,"deg":2,"term":0,"major":0},"geometry":{"type":"Point","coordinates":[21.023732,52.196977]}},{"type":"Feature","properties":{"id":"s1116","name":"Drohobycka","bus":1,"tram":0,"rail":0,"n":1,"imp":0.027,"node":0,"deg":2,"term":0,"major":0},"geometry":{"type":"Point","coordinates":[21.036059,52.194886]}},{"type":"Feature","properties":{"id":"s1117","name":"Jachtowa","bus":1,"tram":0,"rail":0,"n":1,"imp":0.027,"node":0,"deg":2,"term":0,"major":0},"geometry":{"type":"Point","coordinates":[21.036059,52.19396]}},{"type":"Feature","properties":{"id":"s1118","name":"Zagórzańska","bus":1,"tram":0,"rail":0,"n":1,"imp":0.027,"node":0,"deg":2,"term":0,"major":0},"geometry":{"type":"Point","coordinates":[21.036059,52.193034]}},{"type":"Feature","properties":{"id":"s1119","name":"Samorządowa","bus":1,"tram":0,"rail":0,"n":1,"imp":0.027,"node":0,"deg":2,"term":0,"major":0},"geometry":{"type":"Point","coordinates":[21.037045,52.192358]}},{"type":"Feature","properties":{"id":"s1120","name":"Stefanówka","bus":1,"tram":0,"rail":0,"n":1,"imp":0.027,"node":0,"deg":2,"term":0,"major":0},"geometry":{"type":"Point","coordinates":[21.048186,52.197875]}},{"type":"Feature","properties":{"id":"s1121","name":"Stefanówka Boryszew","bus":1,"tram":0,"rail":0,"n":1,"imp":0.027,"node":0,"deg":2,"term":0,"major":0},"geometry":{"type":"Point","coordinates":[21.05004,52.199011]}},{"type":"Feature","properties":{"id":"s1122","name":"Duchnów Wspólna","bus":1,"tram":0,"rail":0,"n":1,"imp":0.027,"node":0,"deg":2,"term":0,"major":0},"geometry":{"type":"Point","coordinates":[21.051894,52.200147]}},{"type":"Feature","properties":{"id":"s1123","name":"Duchnów Spacerowa","bus":1,"tram":0,"rail":0,"n":1,"imp":0.027,"node":0,"deg":2,"term":0,"major":0},"geometry":{"type":"Point","coordinates":[21.053748,52.201283]}},{"type":"Feature","properties":{"id":"s1124","name":"Duchnów","bus":1,"tram":0,"rail":0,"n":1,"imp":0.027,"node":0,"deg":2,"term":0,"major":0},"geometry":{"type":"Point","coordinates":[21.056038,52.201775]}},{"type":"Feature","properties":{"id":"s1125","name":"Sęczkowa","bus":1,"tram":0,"rail":0,"n":1,"imp":0.027,"node":0,"deg":2,"term":0,"major":0},"geometry":{"type":"Point","coordinates":[21.012431,52.207441]}},{"type":"Feature","properties":{"id":"s1126","name":"Kadetów - Szkoła","bus":1,"tram":0,"rail":0,"n":2,"imp":0.054,"node":1,"deg":4,"term":0,"major":0},"geometry":{"type":"Point","coordinates":[21.013459,52.20807]}},{"type":"Feature","properties":{"id":"s1127","name":"Kadetów - Kościół","bus":1,"tram":0,"rail":0,"n":2,"imp":0.035,"node":0,"deg":2,"term":0,"major":0},"geometry":{"type":"Point","coordinates":[21.014486,52.20807]}},{"type":"Feature","properties":{"id":"s1128","name":"Pęclin Podleśna","bus":1,"tram":0,"rail":0,"n":1,"imp":0.027,"node":0,"deg":2,"term":0,"major":0},"geometry":{"type":"Point","coordinates":[21.05455,52.191073]}},{"type":"Feature","properties":{"id":"s1129","name":"Pęclin","bus":1,"tram":0,"rail":0,"n":1,"imp":0.018,"node":1,"deg":1,"term":0,"major":0},"geometry":{"type":"Point","coordinates":[21.05455,52.192962]}},{"type":"Feature","properties":{"id":"s1130","name":"Lipowo Wierzbowa","bus":1,"tram":0,"rail":0,"n":1,"imp":0.027,"node":0,"deg":2,"term":0,"major":0},"geometry":{"type":"Point","coordinates":[21.062358,52.185407]}},{"type":"Feature","properties":{"id":"s1131","name":"Glinianka Szkolna","bus":1,"tram":0,"rail":0,"n":1,"imp":0.027,"node":0,"deg":2,"term":0,"major":0},"geometry":{"type":"Point","coordinates":[21.065645,52.185407]}},{"type":"Feature","properties":{"id":"s1132","name":"Czarnówka","bus":1,"tram":0,"rail":0,"n":1,"imp":0.027,"node":0,"deg":2,"term":0,"major":0},"geometry":{"type":"Point","coordinates":[21.066467,52.185407]}},{"type":"Feature","properties":{"id":"s1133","name":"Rzakta Popławska","bus":1,"tram":0,"rail":0,"n":1,"imp":0.027,"node":0,"deg":2,"term":0,"major":0},"geometry":{"type":"Point","coordinates":[21.068111,52.185407]}},{"type":"Feature","properties":{"id":"s1134","name":"Rzakta","bus":1,"tram":0,"rail":0,"n":1,"imp":0.03,"node":1,"deg":1,"term":1,"major":0},"geometry":{"type":"Point","coordinates":[21.068932,52.185407]}},{"type":"Feature","properties":{"id":"s1135","name":"Jerzego","bus":1,"tram":0,"rail":0,"n":1,"imp":0.027,"node":0,"deg":2,"term":0,"major":0},"geometry":{"type":"Point","coordinates":[21.021677,52.228635]}},{"type":"Feature","properties":{"id":"s1136","name":"Buchalteryjna","bus":1,"tram":0,"rail":0,"n":1,"imp":0.027,"node":0,"deg":2,"term":0,"major":0},"geometry":{"type":"Point","coordinates":[21.021677,52.230314]}},{"type":"Feature","properties":{"id":"s1137","name":"Cukrownicza","bus":1,"tram":0,"rail":1,"n":4,"imp":0.067,"node":0,"deg":2,"term":0,"major":0},"geometry":{"type":"Point","coordinates":[21.01387,52.21915]}},{"type":"Feature","properties":{"id":"s1138","name":"Wybrzeże Szczecińskie","bus":1,"tram":0,"rail":0,"n":3,"imp":0.053,"node":1,"deg":3,"term":0,"major":0},"geometry":{"type":"Point","coordinates":[20.990858,52.22192]}},{"type":"Feature","properties":{"id":"s1139","name":"Stoczniowców","bus":1,"tram":0,"rail":0,"n":1,"imp":0.027,"node":0,"deg":2,"term":0,"major":0},"geometry":{"type":"Point","coordinates":[21.013058,52.210834]}},{"type":"Feature","properties":{"id":"s1140","name":"Terespolska","bus":1,"tram":0,"rail":1,"n":5,"imp":0.104,"node":1,"deg":5,"term":0,"major":1},"geometry":{"type":"Point","coordinates":[20.994967,52.224438]}},{"type":"Feature","properties":{"id":"s1141","name":"Zasadowa","bus":1,"tram":0,"rail":0,"n":2,"imp":0.045,"node":1,"deg":3,"term":0,"major":0},"geometry":{"type":"Point","coordinates":[21.021677,52.19548]}},{"type":"Feature","properties":{"id":"s1142","name":"Kompasowa","bus":1,"tram":0,"rail":0,"n":3,"imp":0.043,"node":0,"deg":2,"term":0,"major":0},"geometry":{"type":"Point","coordinates":[21.00524,52.217303]}},{"type":"Feature","properties":{"id":"s1143","name":"Kakowskiego","bus":1,"tram":0,"rail":0,"n":3,"imp":0.043,"node":0,"deg":2,"term":0,"major":0},"geometry":{"type":"Point","coordinates":[21.00524,52.216464]}},{"type":"Feature","properties":{"id":"s1144","name":"Bohaterewicza","bus":1,"tram":0,"rail":0,"n":3,"imp":0.072,"node":1,"deg":5,"term":0,"major":0},"geometry":{"type":"Point","coordinates":[21.00524,52.215625]}},{"type":"Feature","properties":{"id":"s1145","name":"Nowaka - Jeziorańskiego","bus":1,"tram":0,"rail":0,"n":3,"imp":0.063,"node":1,"deg":4,"term":0,"major":0},"geometry":{"type":"Point","coordinates":[21.00935,52.215625]}},{"type":"Feature","properties":{"id":"s1146","name":"Nowaka - Jeziorańskiego","bus":1,"tram":0,"rail":0,"n":1,"imp":0.027,"node":0,"deg":2,"term":0,"major":0},"geometry":{"type":"Point","coordinates":[21.007897,52.214366]}},{"type":"Feature","properties":{"id":"s1147","name":"Mokry Ług - Leśniczówka","bus":1,"tram":0,"rail":0,"n":1,"imp":0.027,"node":0,"deg":2,"term":0,"major":0},"geometry":{"type":"Point","coordinates":[21.021677,52.233251]}},{"type":"Feature","properties":{"id":"s1148","name":"Pastuszków","bus":1,"tram":0,"rail":0,"n":1,"imp":0.03,"node":1,"deg":1,"term":1,"major":0},"geometry":{"type":"Point","coordinates":[21.021677,52.23451]}},{"type":"Feature","properties":{"id":"s1149","name":"Łasaka","bus":1,"tram":0,"rail":0,"n":1,"imp":0.027,"node":0,"deg":2,"term":0,"major":0},"geometry":{"type":"Point","coordinates":[21.013459,52.209503]}},{"type":"Feature","properties":{"id":"s1150","name":"Gawronia","bus":1,"tram":0,"rail":0,"n":1,"imp":0.027,"node":0,"deg":2,"term":0,"major":0},"geometry":{"type":"Point","coordinates":[21.020508,52.196196]}},{"type":"Feature","properties":{"id":"s1151","name":"Malowana","bus":1,"tram":0,"rail":0,"n":1,"imp":0.027,"node":0,"deg":2,"term":0,"major":0},"geometry":{"type":"Point","coordinates":[21.019221,52.196739]}},{"type":"Feature","properties":{"id":"s1152","name":"Dzięcioła","bus":1,"tram":0,"rail":0,"n":3,"imp":0.063,"node":1,"deg":4,"term":0,"major":0},"geometry":{"type":"Point","coordinates":[21.021677,52.190444]}},{"type":"Feature","properties":{"id":"s1153","name":"Mrągowska","bus":1,"tram":0,"rail":0,"n":3,"imp":0.053,"node":1,"deg":3,"term":0,"major":0},"geometry":{"type":"Point","coordinates":[21.023732,52.191703]}},{"type":"Feature","properties":{"id":"s1154","name":"Celulozy","bus":1,"tram":0,"rail":0,"n":3,"imp":0.043,"node":0,"deg":2,"term":0,"major":0},"geometry":{"type":"Point","coordinates":[21.024759,52.191703]}},{"type":"Feature","properties":{"id":"s1155","name":"Złotej Jesieni","bus":1,"tram":0,"rail":0,"n":3,"imp":0.043,"node":0,"deg":2,"term":0,"major":0},"geometry":{"type":"Point","coordinates":[21.039483,52.191703]}},{"type":"Feature","properties":{"id":"s1156","name":"Brzeziny","bus":1,"tram":0,"rail":0,"n":1,"imp":0.03,"node":1,"deg":1,"term":1,"major":0},"geometry":{"type":"Point","coordinates":[21.058659,52.201775]}},{"type":"Feature","properties":{"id":"s1157","name":"Wawer - Ratusz","bus":1,"tram":0,"rail":0,"n":5,"imp":0.059,"node":0,"deg":2,"term":0,"major":0},"geometry":{"type":"Point","coordinates":[21.024759,52.203664]}},{"type":"Feature","properties":{"id":"s1158","name":"Kociszewskich","bus":1,"tram":0,"rail":0,"n":1,"imp":0.027,"node":0,"deg":2,"term":0,"major":0},"geometry":{"type":"Point","coordinates":[21.032977,52.206182]}},{"type":"Feature","properties":{"id":"s1159","name":"Stara Miłosna (Graniczna)","bus":1,"tram":0,"rail":0,"n":3,"imp":0.067,"node":1,"deg":2,"term":1,"major":0},"geometry":{"type":"Point","coordinates":[21.034004,52.206811]}},{"type":"Feature","properties":{"id":"s1160","name":"Katiuszy","bus":1,"tram":0,"rail":0,"n":3,"imp":0.053,"node":1,"deg":3,"term":0,"major":0},"geometry":{"type":"Point","coordinates":[21.017568,52.225697]}},{"type":"Feature","properties":{"id":"s1161","name":"Czwartaków","bus":1,"tram":0,"rail":0,"n":2,"imp":0.054,"node":1,"deg":4,"term":0,"major":0},"geometry":{"type":"Point","coordinates":[21.013459,52.229474]}},{"type":"Feature","properties":{"id":"s1162","name":"Kłodzka","bus":1,"tram":0,"rail":0,"n":4,"imp":0.061,"node":1,"deg":3,"term":0,"major":0},"geometry":{"type":"Point","coordinates":[21.03195,52.189185]}},{"type":"Feature","properties":{"id":"s1163","name":"Kłodzka","bus":1,"tram":0,"rail":0,"n":4,"imp":0.061,"node":1,"deg":3,"term":0,"major":0},"geometry":{"type":"Point","coordinates":[21.034004,52.190444]}},{"type":"Feature","properties":{"id":"s1164","name":"Grawerska","bus":1,"tram":0,"rail":0,"n":5,"imp":0.079,"node":1,"deg":4,"term":0,"major":0},"geometry":{"type":"Point","coordinates":[21.021677,52.224438]}},{"type":"Feature","properties":{"id":"s1165","name":"Emilii Gierczak","bus":1,"tram":0,"rail":0,"n":1,"imp":0.027,"node":0,"deg":2,"term":0,"major":0},"geometry":{"type":"Point","coordinates":[21.023732,52.226956]}},{"type":"Feature","properties":{"id":"s1166","name":"Rembertów - Strzelnica","bus":1,"tram":0,"rail":0,"n":1,"imp":0.03,"node":1,"deg":1,"term":1,"major":0},"geometry":{"type":"Point","coordinates":[21.025786,52.226956]}},{"type":"Feature","properties":{"id":"s1167","name":"Liliowa","bus":1,"tram":0,"rail":0,"n":4,"imp":0.061,"node":1,"deg":3,"term":0,"major":0},"geometry":{"type":"Point","coordinates":[21.025786,52.186667]}},{"type":"Feature","properties":{"id":"s1168","name":"Czarnuszki","bus":1,"tram":0,"rail":0,"n":3,"imp":0.043,"node":0,"deg":2,"term":0,"major":0},"geometry":{"type":"Point","coordinates":[21.021266,52.186918]}},{"type":"Feature","properties":{"id":"s1169","name":"Instytut Kardiologii","bus":1,"tram":0,"rail":0,"n":1,"imp":0.027,"node":0,"deg":2,"term":0,"major":0},"geometry":{"type":"Point","coordinates":[21.023732,52.210588]}},{"type":"Feature","properties":{"id":"s1170","name":"Dziechciniec Kamiennej Górki","bus":1,"tram":0,"rail":0,"n":1,"imp":0.056,"node":1,"deg":5,"term":0,"major":0},"geometry":{"type":"Point","coordinates":[21.05455,52.189185]}},{"type":"Feature","properties":{"id":"s1171","name":"Przewodowa","bus":1,"tram":0,"rail":0,"n":6,"imp":0.077,"node":1,"deg":3,"term":0,"major":0},"geometry":{"type":"Point","coordinates":[21.019622,52.189185]}},{"type":"Feature","properties":{"id":"s1172","name":"Sitowie","bus":1,"tram":0,"rail":0,"n":5,"imp":0.079,"node":1,"deg":4,"term":0,"major":0},"geometry":{"type":"Point","coordinates":[21.019622,52.187926]}},{"type":"Feature","properties":{"id":"s1173","name":"Mazowiecka","bus":1,"tram":0,"rail":0,"n":1,"imp":0.027,"node":0,"deg":2,"term":0,"major":0},"geometry":{"type":"Point","coordinates":[21.040168,52.209172]}},{"type":"Feature","properties":{"id":"s1174","name":"Góraszka Polna","bus":1,"tram":0,"rail":0,"n":3,"imp":0.043,"node":0,"deg":2,"term":0,"major":0},"geometry":{"type":"Point","coordinates":[21.044779,52.197691]}},{"type":"Feature","properties":{"id":"s1175","name":"Zakręt Długa","bus":1,"tram":0,"rail":0,"n":3,"imp":0.043,"node":0,"deg":2,"term":0,"major":0},"geometry":{"type":"Point","coordinates":[21.044277,52.206565]}},{"type":"Feature","properties":{"id":"s1176","name":"Majdan Klubowa","bus":1,"tram":0,"rail":0,"n":3,"imp":0.043,"node":0,"deg":2,"term":0,"major":0},"geometry":{"type":"Point","coordinates":[21.044277,52.201601]}},{"type":"Feature","properties":{"id":"s1177","name":"Biegunowa","bus":1,"tram":0,"rail":0,"n":2,"imp":0.035,"node":0,"deg":2,"term":0,"major":0},"geometry":{"type":"Point","coordinates":[21.020951,52.20133]}},{"type":"Feature","properties":{"id":"s1178","name":"Kamionek","bus":1,"tram":0,"rail":1,"n":3,"imp":0.091,"node":1,"deg":4,"term":1,"major":0},"geometry":{"type":"Point","coordinates":[20.999077,52.228215]}},{"type":"Feature","properties":{"id":"s1179","name":"Góraszka Mickiewicza","bus":1,"tram":0,"rail":0,"n":3,"imp":0.043,"node":0,"deg":2,"term":0,"major":0},"geometry":{"type":"Point","coordinates":[21.044277,52.198909]}},{"type":"Feature","properties":{"id":"s1180","name":"Majdan Równa","bus":1,"tram":0,"rail":0,"n":1,"imp":0.027,"node":0,"deg":2,"term":0,"major":0},"geometry":{"type":"Point","coordinates":[21.041496,52.202589]}},{"type":"Feature","properties":{"id":"s1181","name":"Cieplarniana","bus":1,"tram":0,"rail":0,"n":5,"imp":0.059,"node":0,"deg":2,"term":0,"major":0},"geometry":{"type":"Point","coordinates":[21.037703,52.20807]}},{"type":"Feature","properties":{"id":"s1182","name":"Szafirowa","bus":1,"tram":0,"rail":0,"n":1,"imp":0.027,"node":0,"deg":2,"term":0,"major":0},"geometry":{"type":"Point","coordinates":[21.025786,52.190444]}},{"type":"Feature","properties":{"id":"s1183","name":"Brodnicka","bus":1,"tram":0,"rail":0,"n":1,"imp":0.027,"node":0,"deg":2,"term":0,"major":0},"geometry":{"type":"Point","coordinates":[21.025786,52.189185]}},{"type":"Feature","properties":{"id":"s1184","name":"Małowiejska","bus":1,"tram":0,"rail":0,"n":1,"imp":0.027,"node":0,"deg":2,"term":0,"major":0},"geometry":{"type":"Point","coordinates":[21.025786,52.187926]}},{"type":"Feature","properties":{"id":"s1185","name":"Rzakta Przemysłowa","bus":1,"tram":0,"rail":0,"n":1,"imp":0.027,"node":0,"deg":2,"term":0,"major":0},"geometry":{"type":"Point","coordinates":[21.067289,52.185407]}},{"type":"Feature","properties":{"id":"s1186","name":"Płatnerska","bus":1,"tram":0,"rail":1,"n":5,"imp":0.095,"node":1,"deg":4,"term":0,"major":0},"geometry":{"type":"Point","coordinates":[21.019622,52.223179]}},{"type":"Feature","properties":{"id":"s1187","name":"Drwęcka","bus":1,"tram":0,"rail":1,"n":2,"imp":0.051,"node":0,"deg":2,"term":0,"major":0},"geometry":{"type":"Point","coordinates":[21.000104,52.227586]}},{"type":"Feature","properties":{"id":"s1188","name":"Rechniewskiego","bus":1,"tram":0,"rail":0,"n":1,"imp":0.039,"node":1,"deg":2,"term":1,"major":0},"geometry":{"type":"Point","coordinates":[21.011404,52.214366]}},{"type":"Feature","properties":{"id":"s1189","name":"PKP Radość (Izbicka)","bus":1,"tram":0,"rail":0,"n":1,"imp":0.03,"node":1,"deg":1,"term":1,"major":0},"geometry":{"type":"Point","coordinates":[21.03195,52.196739]}},{"type":"Feature","properties":{"id":"s1190","name":"Kazimierza Króla","bus":1,"tram":0,"rail":0,"n":5,"imp":0.069,"node":1,"deg":3,"term":0,"major":0},"geometry":{"type":"Point","coordinates":[21.025786,52.199257]}},{"type":"Feature","properties":{"id":"s1191","name":"PKP Falenica (Bystrzycka)","bus":1,"tram":0,"rail":0,"n":4,"imp":0.071,"node":1,"deg":4,"term":0,"major":0},"geometry":{"type":"Point","coordinates":[21.034004,52.187926]}},{"type":"Feature","properties":{"id":"s1192","name":"Ciepielowska","bus":1,"tram":0,"rail":1,"n":6,"imp":0.083,"node":0,"deg":2,"term":0,"major":0},"geometry":{"type":"Point","coordinates":[21.029895,52.188294]}},{"type":"Feature","properties":{"id":"s1193","name":"Hipolitów Malwy","bus":1,"tram":0,"rail":0,"n":1,"imp":0.027,"node":0,"deg":2,"term":0,"major":0},"geometry":{"type":"Point","coordinates":[21.051346,52.210588]}},{"type":"Feature","properties":{"id":"s1194","name":"Hipolitów Majowa","bus":1,"tram":0,"rail":0,"n":1,"imp":0.027,"node":0,"deg":2,"term":0,"major":0},"geometry":{"type":"Point","coordinates":[21.05236,52.210588]}},{"type":"Feature","properties":{"id":"s1195","name":"Hipolitów Herbaciana","bus":1,"tram":0,"rail":0,"n":1,"imp":0.027,"node":0,"deg":2,"term":0,"major":0},"geometry":{"type":"Point","coordinates":[21.053117,52.210208]}},{"type":"Feature","properties":{"id":"s1196","name":"Hipolitów Bukowa","bus":1,"tram":0,"rail":0,"n":1,"imp":0.027,"node":0,"deg":2,"term":0,"major":0},"geometry":{"type":"Point","coordinates":[21.053833,52.209769]}},{"type":"Feature","properties":{"id":"s1197","name":"Wiązowna Kościelna","bus":1,"tram":0,"rail":0,"n":2,"imp":0.045,"node":1,"deg":3,"term":0,"major":0},"geometry":{"type":"Point","coordinates":[21.044277,52.191703]}},{"type":"Feature","properties":{"id":"s1198","name":"Otwock Powstańców Warszawy","bus":1,"tram":0,"rail":0,"n":2,"imp":0.035,"node":0,"deg":2,"term":0,"major":0},"geometry":{"type":"Point","coordinates":[21.038114,52.171558]}},{"type":"Feature","properties":{"id":"s1199","name":"Sulejówek Mariańska","bus":1,"tram":0,"rail":0,"n":1,"imp":0.027,"node":0,"deg":2,"term":0,"major":0},"geometry":{"type":"Point","coordinates":[21.040168,52.211375]}},{"type":"Feature","properties":{"id":"s1200","name":"Karczew Os.Ługi","bus":1,"tram":0,"rail":0,"n":1,"imp":0.027,"node":0,"deg":2,"term":0,"major":0},"geometry":{"type":"Point","coordinates":[21.03195,52.16645]}},{"type":"Feature","properties":{"id":"s1201","name":"Karczew Stare Miasto","bus":1,"tram":0,"rail":0,"n":1,"imp":0.03,"node":1,"deg":1,"term":1,"major":0},"geometry":{"type":"Point","coordinates":[21.03195,52.162745]}},{"type":"Feature","properties":{"id":"s1202","name":"Os. Radiówek","bus":1,"tram":0,"rail":0,"n":1,"imp":0.039,"node":1,"deg":2,"term":1,"major":0},"geometry":{"type":"Point","coordinates":[21.046332,52.187926]}},{"type":"Feature","properties":{"id":"s1203","name":"PKP Rembertów (Strażacka)","bus":1,"tram":0,"rail":0,"n":3,"imp":0.043,"node":0,"deg":2,"term":0,"major":0},"geometry":{"type":"Point","coordinates":[21.014486,52.223808]}},{"type":"Feature","properties":{"id":"s1204","name":"Gawędziarzy","bus":1,"tram":0,"rail":0,"n":2,"imp":0.057,"node":1,"deg":3,"term":1,"major":0},"geometry":{"type":"Point","coordinates":[21.019622,52.228215]}},{"type":"Feature","properties":{"id":"s1205","name":"Fiszera","bus":1,"tram":0,"rail":0,"n":1,"imp":0.027,"node":0,"deg":2,"term":0,"major":0},"geometry":{"type":"Point","coordinates":[21.022704,52.228215]}},{"type":"Feature","properties":{"id":"s1206","name":"Warszawa Wschodnia","bus":0,"tram":0,"rail":1,"n":3,"imp":0.053,"node":1,"deg":3,"term":0,"major":0},"geometry":{"type":"Point","coordinates":[20.990858,52.226956]}},{"type":"Feature","properties":{"id":"s1207","name":"Warszawa Stadion","bus":0,"tram":0,"rail":1,"n":3,"imp":0.043,"node":0,"deg":2,"term":0,"major":0},"geometry":{"type":"Point","coordinates":[20.990858,52.225068]}},{"type":"Feature","properties":{"id":"s1208","name":"Warszawa Gocławek","bus":0,"tram":0,"rail":1,"n":1,"imp":0.018,"node":1,"deg":1,"term":0,"major":0},"geometry":{"type":"Point","coordinates":[21.017568,52.216884]}},{"type":"Feature","properties":{"id":"s1209","name":"Warszawa Wawer","bus":0,"tram":0,"rail":1,"n":1,"imp":0.03,"node":1,"deg":1,"term":1,"major":0},"geometry":{"type":"Point","coordinates":[21.021677,52.209329]}},{"type":"Feature","properties":{"id":"s1210","name":"Warszawa Anin","bus":0,"tram":0,"rail":1,"n":1,"imp":0.027,"node":0,"deg":2,"term":0,"major":0},"geometry":{"type":"Point","coordinates":[21.022704,52.206182]}},{"type":"Feature","properties":{"id":"s1211","name":"Warszawa Międzylesie","bus":0,"tram":0,"rail":1,"n":1,"imp":0.027,"node":0,"deg":2,"term":0,"major":0},"geometry":{"type":"Point","coordinates":[21.024759,52.202405]}},{"type":"Feature","properties":{"id":"s1212","name":"Warszawa Radość","bus":0,"tram":0,"rail":1,"n":1,"imp":0.018,"node":1,"deg":1,"term":0,"major":0},"geometry":{"type":"Point","coordinates":[21.03195,52.194221]}},{"type":"Feature","properties":{"id":"s1213","name":"Warszawa Miedzeszyn","bus":0,"tram":0,"rail":1,"n":1,"imp":0.027,"node":0,"deg":2,"term":0,"major":0},"geometry":{"type":"Point","coordinates":[21.029895,52.192332]}},{"type":"Feature","properties":{"id":"s1214","name":"Warszawa Falenica","bus":0,"tram":0,"rail":1,"n":1,"imp":0.027,"node":0,"deg":2,"term":0,"major":0},"geometry":{"type":"Point","coordinates":[21.032351,52.185162]}},{"type":"Feature","properties":{"id":"s1215","name":"Warszawa Rembertów","bus":0,"tram":0,"rail":1,"n":1,"imp":0.027,"node":0,"deg":2,"term":0,"major":0},"geometry":{"type":"Point","coordinates":[21.02065,52.223179]}},{"type":"Feature","properties":{"id":"s1216","name":"Warszawa Wesoła","bus":0,"tram":0,"rail":1,"n":1,"imp":0.027,"node":0,"deg":2,"term":0,"major":0},"geometry":{"type":"Point","coordinates":[21.037123,52.22192]}},{"type":"Feature","properties":{"id":"s1217","name":"Warszawa Wola Grzybowska","bus":0,"tram":0,"rail":1,"n":1,"imp":0.027,"node":0,"deg":2,"term":0,"major":0},"geometry":{"type":"Point","coordinates":[21.041071,52.220108]}},{"type":"Feature","properties":{"id":"s1218","name":"Sulejówek","bus":0,"tram":0,"rail":1,"n":1,"imp":0.027,"node":0,"deg":2,"term":0,"major":0},"geometry":{"type":"Point","coordinates":[21.044729,52.217866]}},{"type":"Feature","properties":{"id":"s1219","name":"Sulejówek Miłosna","bus":0,"tram":0,"rail":1,"n":1,"imp":0.03,"node":1,"deg":1,"term":1,"major":0},"geometry":{"type":"Point","coordinates":[21.048387,52.215625]}},{"type":"Feature","properties":{"id":"s1220","name":"Michalin","bus":0,"tram":0,"rail":1,"n":1,"imp":0.027,"node":0,"deg":2,"term":0,"major":0},"geometry":{"type":"Point","coordinates":[21.034205,52.184026]}},{"type":"Feature","properties":{"id":"s1221","name":"Otwock Świder","bus":0,"tram":0,"rail":1,"n":1,"imp":0.018,"node":1,"deg":1,"term":0,"major":0},"geometry":{"type":"Point","coordinates":[21.038114,52.177853]}},{"type":"Feature","properties":{"id":"s1222","name":"Otwock","bus":0,"tram":0,"rail":1,"n":1,"imp":0.03,"node":1,"deg":1,"term":1,"major":0},"geometry":{"type":"Point","coordinates":[21.042223,52.174076]}},{"type":"Feature","properties":{"id":"s1223","name":"Warszawa Grochów","bus":0,"tram":0,"rail":1,"n":1,"imp":0.018,"node":1,"deg":1,"term":0,"major":0},"geometry":{"type":"Point","coordinates":[21.003186,52.228215]}},{"type":"Feature","properties":{"id":"s1224","name":"Pl. Unii Lubelskiej","bus":1,"tram":1,"rail":0,"n":17,"imp":0.239,"node":1,"deg":9,"term":0,"major":1},"geometry":{"type":"Point","coordinates":[20.988804,52.209329]}},{"type":"Feature","properties":{"id":"s1225","name":"Rakowiecka","bus":1,"tram":1,"rail":0,"n":10,"imp":0.135,"node":1,"deg":4,"term":0,"major":1},"geometry":{"type":"Point","coordinates":[20.988804,52.206811]}},{"type":"Feature","properties":{"id":"s1226","name":"Dworkowa","bus":1,"tram":1,"rail":0,"n":7,"imp":0.111,"node":1,"deg":4,"term":0,"major":1},"geometry":{"type":"Point","coordinates":[20.988804,52.204293]}},{"type":"Feature","properties":{"id":"s1227","name":"Morskie Oko","bus":1,"tram":1,"rail":0,"n":6,"imp":0.093,"node":1,"deg":3,"term":0,"major":0},"geometry":{"type":"Point","coordinates":[20.988804,52.201775]}},{"type":"Feature","properties":{"id":"s1228","name":"Park Dreszera","bus":1,"tram":1,"rail":0,"n":7,"imp":0.111,"node":1,"deg":4,"term":0,"major":1},"geometry":{"type":"Point","coordinates":[20.988804,52.199257]}},{"type":"Feature","properties":{"id":"s1229","name":"Malczewskiego","bus":1,"tram":1,"rail":0,"n":5,"imp":0.085,"node":1,"deg":3,"term":0,"major":0},"geometry":{"type":"Point","coordinates":[20.988804,52.197998]}},{"type":"Feature","properties":{"id":"s1230","name":"Królikarnia","bus":1,"tram":1,"rail":0,"n":7,"imp":0.111,"node":1,"deg":4,"term":0,"major":1},"geometry":{"type":"Point","coordinates":[20.988804,52.19548]}},{"type":"Feature","properties":{"id":"s1231","name":"Bukowińska","bus":1,"tram":1,"rail":0,"n":5,"imp":0.095,"node":1,"deg":4,"term":0,"major":0},"geometry":{"type":"Point","coordinates":[20.990858,52.194221]}},{"type":"Feature","properties":{"id":"s1232","name":"Metro Wilanowska","bus":1,"tram":1,"rail":1,"n":25,"imp":0.5,"node":1,"deg":7,"term":1,"major":1},"geometry":{"type":"Point","coordinates":[20.986749,52.189185]}},{"type":"Feature","properties":{"id":"s1233","name":"Niedźwiedzia","bus":1,"tram":0,"rail":0,"n":10,"imp":0.099,"node":0,"deg":2,"term":0,"major":1},"geometry":{"type":"Point","coordinates":[20.986749,52.187035]}},{"type":"Feature","properties":{"id":"s1234","name":"Al. Lotników","bus":1,"tram":0,"rail":0,"n":14,"imp":0.151,"node":1,"deg":4,"term":0,"major":1},"geometry":{"type":"Point","coordinates":[20.984695,52.185407]}},{"type":"Feature","properties":{"id":"s1235","name":"Wyścigi","bus":1,"tram":0,"rail":0,"n":11,"imp":0.127,"node":1,"deg":4,"term":0,"major":1},"geometry":{"type":"Point","coordinates":[20.98264,52.18163]}},{"type":"Feature","properties":{"id":"s1236","name":"Poleczki","bus":1,"tram":0,"rail":0,"n":9,"imp":0.142,"node":1,"deg":6,"term":1,"major":1},"geometry":{"type":"Point","coordinates":[20.978531,52.175335]}},{"type":"Feature","properties":{"id":"s1237","name":"Grabów","bus":1,"tram":0,"rail":0,"n":5,"imp":0.059,"node":0,"deg":2,"term":0,"major":0},"geometry":{"type":"Point","coordinates":[20.978531,52.173186]}},{"type":"Feature","properties":{"id":"s1238","name":"Sójki","bus":1,"tram":0,"rail":0,"n":8,"imp":0.093,"node":1,"deg":3,"term":0,"major":0},"geometry":{"type":"Point","coordinates":[20.976476,52.171558]}},{"type":"Feature","properties":{"id":"s1239","name":"Żołny","bus":1,"tram":0,"rail":0,"n":7,"imp":0.075,"node":0,"deg":2,"term":0,"major":0},"geometry":{"type":"Point","coordinates":[20.976476,52.169409]}},{"type":"Feature","properties":{"id":"s1240","name":"Bogatki","bus":1,"tram":0,"rail":0,"n":7,"imp":0.075,"node":0,"deg":2,"term":0,"major":0},"geometry":{"type":"Point","coordinates":[20.975874,52.167412]}},{"type":"Feature","properties":{"id":"s1241","name":"Łagiewnicka","bus":1,"tram":0,"rail":0,"n":7,"imp":0.075,"node":0,"deg":2,"term":0,"major":0},"geometry":{"type":"Point","coordinates":[20.973394,52.165892]}},{"type":"Feature","properties":{"id":"s1242","name":"Pelikanów","bus":1,"tram":0,"rail":0,"n":7,"imp":0.085,"node":1,"deg":3,"term":0,"major":0},"geometry":{"type":"Point","coordinates":[20.972367,52.164004]}},{"type":"Feature","properties":{"id":"s1243","name":"Kapeli","bus":1,"tram":0,"rail":0,"n":6,"imp":0.067,"node":0,"deg":2,"term":0,"major":0},"geometry":{"type":"Point","coordinates":[20.970513,52.162868]}},{"type":"Feature","properties":{"id":"s1244","name":"Jagielska","bus":1,"tram":0,"rail":0,"n":6,"imp":0.067,"node":0,"deg":2,"term":0,"major":0},"geometry":{"type":"Point","coordinates":[20.968659,52.161731]}},{"type":"Feature","properties":{"id":"s1245","name":"Karczunkowska","bus":1,"tram":0,"rail":0,"n":7,"imp":0.085,"node":1,"deg":3,"term":0,"major":0},"geometry":{"type":"Point","coordinates":[20.968258,52.160227]}},{"type":"Feature","properties":{"id":"s1246","name":"Dąbrówka","bus":1,"tram":0,"rail":0,"n":7,"imp":0.099,"node":1,"deg":2,"term":1,"major":1},"geometry":{"type":"Point","coordinates":[20.968258,52.158967]}},{"type":"Feature","properties":{"id":"s1247","name":"Trombity","bus":1,"tram":0,"rail":0,"n":3,"imp":0.043,"node":0,"deg":2,"term":0,"major":0},"geometry":{"type":"Point","coordinates":[20.963723,52.160227]}},{"type":"Feature","properties":{"id":"s1248","name":"PKP Jeziorki","bus":1,"tram":0,"rail":0,"n":3,"imp":0.055,"node":1,"deg":2,"term":1,"major":0},"geometry":{"type":"Point","coordinates":[20.96004,52.158967]}},{"type":"Feature","properties":{"id":"s1249","name":"Spacerowa","bus":1,"tram":1,"rail":0,"n":13,"imp":0.188,"node":1,"deg":7,"term":0,"major":1},"geometry":{"type":"Point","coordinates":[20.992913,52.205552]}},{"type":"Feature","properties":{"id":"s1250","name":"Dolna","bus":1,"tram":1,"rail":0,"n":12,"imp":0.151,"node":1,"deg":4,"term":0,"major":1},"geometry":{"type":"Point","coordinates":[20.992913,52.203034]}},{"type":"Feature","properties":{"id":"s1251","name":"Kostrzewskiego","bus":1,"tram":1,"rail":0,"n":10,"imp":0.125,"node":1,"deg":3,"term":0,"major":1},"geometry":{"type":"Point","coordinates":[20.994967,52.197998]}},{"type":"Feature","properties":{"id":"s1252","name":"SGGW - Biblioteka","bus":1,"tram":0,"rail":0,"n":3,"imp":0.043,"node":0,"deg":2,"term":0,"major":0},"geometry":{"type":"Point","coordinates":[20.992913,52.183897]}},{"type":"Feature","properties":{"id":"s1253","name":"Tor Stegny","bus":1,"tram":0,"rail":0,"n":10,"imp":0.147,"node":1,"deg":7,"term":0,"major":1},"geometry":{"type":"Point","coordinates":[20.994967,52.19548]}},{"type":"Feature","properties":{"id":"s1254","name":"Mangalia","bus":1,"tram":1,"rail":0,"n":10,"imp":0.125,"node":1,"deg":3,"term":0,"major":1},"geometry":{"type":"Point","coordinates":[20.997022,52.194221]}},{"type":"Feature","properties":{"id":"s1255","name":"Czarnomorska","bus":1,"tram":1,"rail":0,"n":10,"imp":0.115,"node":0,"deg":2,"term":0,"major":1},"geometry":{"type":"Point","coordinates":[20.997022,52.192962]}},{"type":"Feature","properties":{"id":"s1256","name":"Św. Bonifacego","bus":1,"tram":1,"rail":0,"n":17,"imp":0.21,"node":1,"deg":6,"term":0,"major":1},"geometry":{"type":"Point","coordinates":[20.997022,52.191703]}},{"type":"Feature","properties":{"id":"s1257","name":"Truskawiecka","bus":1,"tram":0,"rail":0,"n":4,"imp":0.051,"node":0,"deg":2,"term":0,"major":0},"geometry":{"type":"Point","coordinates":[20.998049,52.191073]}},{"type":"Feature","properties":{"id":"s1258","name":"Nałęczowska","bus":1,"tram":1,"rail":0,"n":7,"imp":0.111,"node":1,"deg":4,"term":0,"major":1},"geometry":{"type":"Point","coordinates":[20.999077,52.190444]}},{"type":"Feature","properties":{"id":"s1259","name":"Instytut Psychiatrii i Neurologii","bus":1,"tram":0,"rail":0,"n":4,"imp":0.051,"node":0,"deg":2,"term":0,"major":0},"geometry":{"type":"Point","coordinates":[20.999077,52.188555]}},{"type":"Feature","properties":{"id":"s1260","name":"Podbipięty","bus":1,"tram":0,"rail":0,"n":8,"imp":0.103,"node":1,"deg":4,"term":0,"major":1},"geometry":{"type":"Point","coordinates":[20.988804,52.187926]}},{"type":"Feature","properties":{"id":"s1261","name":"Dominikańska","bus":1,"tram":0,"rail":0,"n":5,"imp":0.069,"node":1,"deg":3,"term":0,"major":0},"geometry":{"type":"Point","coordinates":[20.990858,52.187926]}},{"type":"Feature","properties":{"id":"s1262","name":"Dolina Służewiecka","bus":1,"tram":0,"rail":0,"n":18,"imp":0.221,"node":1,"deg":8,"term":0,"major":1},"geometry":{"type":"Point","coordinates":[20.992913,52.187926]}},{"type":"Feature","properties":{"id":"s1263","name":"Patkowskiego","bus":1,"tram":0,"rail":0,"n":6,"imp":0.067,"node":0,"deg":2,"term":0,"major":0},"geometry":{"type":"Point","coordinates":[20.99642,52.187926]}},{"type":"Feature","properties":{"id":"s1264","name":"Os. Arbuzowa","bus":1,"tram":0,"rail":0,"n":6,"imp":0.067,"node":0,"deg":2,"term":0,"major":0},"geometry":{"type":"Point","coordinates":[20.997837,52.187426]}},{"type":"Feature","properties":{"id":"s1265","name":"Sobieskiego","bus":1,"tram":1,"rail":0,"n":12,"imp":0.16,"node":1,"deg":5,"term":0,"major":1},"geometry":{"type":"Point","coordinates":[20.999077,52.186667]}},{"type":"Feature","properties":{"id":"s1266","name":"Królowej Marysieńki","bus":1,"tram":0,"rail":0,"n":7,"imp":0.075,"node":0,"deg":2,"term":0,"major":0},"geometry":{"type":"Point","coordinates":[21.001131,52.186667]}},{"type":"Feature","properties":{"id":"s1267","name":"Wilanów","bus":1,"tram":0,"rail":0,"n":9,"imp":0.161,"node":1,"deg":3,"term":1,"major":1},"geometry":{"type":"Point","coordinates":[21.003186,52.186667]}},{"type":"Feature","properties":{"id":"s1268","name":"Vogla","bus":1,"tram":0,"rail":0,"n":8,"imp":0.103,"node":1,"deg":4,"term":0,"major":1},"geometry":{"type":"Point","coordinates":[21.003186,52.182889]}},{"type":"Feature","properties":{"id":"s1269","name":"Powsinek","bus":1,"tram":0,"rail":0,"n":5,"imp":0.069,"node":1,"deg":3,"term":0,"major":0},"geometry":{"type":"Point","coordinates":[21.00524,52.180371]}},{"type":"Feature","properties":{"id":"s1270","name":"Pałacowa","bus":1,"tram":0,"rail":0,"n":3,"imp":0.043,"node":0,"deg":2,"term":0,"major":0},"geometry":{"type":"Point","coordinates":[21.00524,52.177853]}},{"type":"Feature","properties":{"id":"s1271","name":"Czekoladowa","bus":1,"tram":0,"rail":0,"n":5,"imp":0.069,"node":1,"deg":3,"term":0,"major":0},"geometry":{"type":"Point","coordinates":[21.00524,52.175335]}},{"type":"Feature","properties":{"id":"s1272","name":"Rosochata","bus":1,"tram":0,"rail":0,"n":5,"imp":0.069,"node":1,"deg":3,"term":0,"major":0},"geometry":{"type":"Point","coordinates":[21.00524,52.172817]}},{"type":"Feature","properties":{"id":"s1273","name":"Przekorna","bus":1,"tram":0,"rail":0,"n":4,"imp":0.061,"node":1,"deg":3,"term":0,"major":0},"geometry":{"type":"Point","coordinates":[21.00524,52.171558]}},{"type":"Feature","properties":{"id":"s1274","name":"Waflowa","bus":1,"tram":0,"rail":0,"n":5,"imp":0.069,"node":1,"deg":3,"term":0,"major":0},"geometry":{"type":"Point","coordinates":[21.001131,52.167781]}},{"type":"Feature","properties":{"id":"s1275","name":"Andrutowa","bus":1,"tram":0,"rail":0,"n":6,"imp":0.099,"node":1,"deg":4,"term":1,"major":0},"geometry":{"type":"Point","coordinates":[21.001131,52.16904]}},{"type":"Feature","properties":{"id":"s1276","name":"Gąsek","bus":1,"tram":0,"rail":0,"n":1,"imp":0.027,"node":0,"deg":2,"term":0,"major":0},"geometry":{"type":"Point","coordinates":[20.999077,52.167781]}},{"type":"Feature","properties":{"id":"s1277","name":"Stare Kabaty","bus":1,"tram":0,"rail":0,"n":4,"imp":0.051,"node":0,"deg":2,"term":0,"major":0},"geometry":{"type":"Point","coordinates":[20.998666,52.171558]}},{"type":"Feature","properties":{"id":"s1278","name":"Powsin - Park Kultury","bus":1,"tram":0,"rail":0,"n":1,"imp":0.03,"node":1,"deg":1,"term":1,"major":0},"geometry":{"type":"Point","coordinates":[20.997022,52.166522]}},{"type":"Feature","properties":{"id":"s1279","name":"Bartycka","bus":1,"tram":0,"rail":0,"n":12,"imp":0.125,"node":1,"deg":3,"term":0,"major":1},"geometry":{"type":"Point","coordinates":[20.997022,52.20807]}},{"type":"Feature","properties":{"id":"s1280","name":"Sielce","bus":1,"tram":1,"rail":0,"n":15,"imp":0.196,"node":1,"deg":5,"term":1,"major":1},"geometry":{"type":"Point","coordinates":[20.997022,52.205552]}},{"type":"Feature","properties":{"id":"s1281","name":"Chełmska","bus":1,"tram":0,"rail":0,"n":11,"imp":0.148,"node":1,"deg":5,"term":1,"major":1},"geometry":{"type":"Point","coordinates":[20.997022,52.203034]}},{"type":"Feature","properties":{"id":"s1282","name":"Al. Witosa","bus":1,"tram":0,"rail":0,"n":11,"imp":0.136,"node":1,"deg":5,"term":0,"major":1},"geometry":{"type":"Point","coordinates":[20.997022,52.199257]}},{"type":"Feature","properties":{"id":"s1283","name":"Al. Witosa","bus":1,"tram":0,"rail":0,"n":7,"imp":0.075,"node":0,"deg":2,"term":0,"major":0},"geometry":{"type":"Point","coordinates":[20.999077,52.201406]}},{"type":"Feature","properties":{"id":"s1284","name":"Pl. Bernardyński","bus":1,"tram":0,"rail":0,"n":7,"imp":0.085,"node":1,"deg":3,"term":0,"major":0},"geometry":{"type":"Point","coordinates":[20.999077,52.199257]}},{"type":"Feature","properties":{"id":"s1285","name":"Gołkowska","bus":1,"tram":0,"rail":0,"n":8,"imp":0.112,"node":1,"deg":5,"term":0,"major":1},"geometry":{"type":"Point","coordinates":[20.999077,52.196739]}},{"type":"Feature","properties":{"id":"s1286","name":"Limanowskiego","bus":1,"tram":0,"rail":0,"n":6,"imp":0.067,"node":0,"deg":2,"term":0,"major":0},"geometry":{"type":"Point","coordinates":[21.001131,52.197629]}},{"type":"Feature","properties":{"id":"s1287","name":"Goraszewska","bus":1,"tram":0,"rail":0,"n":9,"imp":0.111,"node":1,"deg":4,"term":0,"major":1},"geometry":{"type":"Point","coordinates":[21.001131,52.19548]}},{"type":"Feature","properties":{"id":"s1288","name":"Sadyba","bus":1,"tram":0,"rail":0,"n":6,"imp":0.115,"node":1,"deg":2,"term":1,"major":1},"geometry":{"type":"Point","coordinates":[21.003186,52.194221]}},{"type":"Feature","properties":{"id":"s1289","name":"Wiertnicza","bus":1,"tram":0,"rail":0,"n":4,"imp":0.061,"node":1,"deg":3,"term":0,"major":0},"geometry":{"type":"Point","coordinates":[21.003186,52.190444]}},{"type":"Feature","properties":{"id":"s1290","name":"Łowcza","bus":1,"tram":0,"rail":0,"n":3,"imp":0.043,"node":0,"deg":2,"term":0,"major":0},"geometry":{"type":"Point","coordinates":[21.003186,52.189185]}},{"type":"Feature","properties":{"id":"s1291","name":"Kosiarzy","bus":1,"tram":0,"rail":0,"n":3,"imp":0.043,"node":0,"deg":2,"term":0,"major":0},"geometry":{"type":"Point","coordinates":[21.003186,52.187926]}},{"type":"Feature","properties":{"id":"s1292","name":"Budexpo","bus":1,"tram":0,"rail":0,"n":2,"imp":0.035,"node":0,"deg":2,"term":0,"major":0},"geometry":{"type":"Point","coordinates":[20.998255,52.20807]}},{"type":"Feature","properties":{"id":"s1293","name":"Figowa","bus":1,"tram":0,"rail":0,"n":2,"imp":0.035,"node":0,"deg":2,"term":0,"major":0},"geometry":{"type":"Point","coordinates":[21.00072,52.20807]}},{"type":"Feature","properties":{"id":"s1294","name":"Łososiowa","bus":1,"tram":0,"rail":0,"n":2,"imp":0.035,"node":0,"deg":2,"term":0,"major":0},"geometry":{"type":"Point","coordinates":[21.001953,52.20807]}},{"type":"Feature","properties":{"id":"s1295","name":"Siekierkowska","bus":1,"tram":0,"rail":0,"n":2,"imp":0.045,"node":1,"deg":3,"term":0,"major":0},"geometry":{"type":"Point","coordinates":[21.003186,52.20807]}},{"type":"Feature","properties":{"id":"s1296","name":"Gąsocińska","bus":1,"tram":0,"rail":0,"n":1,"imp":0.027,"node":0,"deg":2,"term":0,"major":0},"geometry":{"type":"Point","coordinates":[21.003186,52.206182]}},{"type":"Feature","properties":{"id":"s1297","name":"Ananasowa","bus":1,"tram":0,"rail":0,"n":1,"imp":0.03,"node":1,"deg":1,"term":1,"major":0},"geometry":{"type":"Point","coordinates":[21.003186,52.204293]}},{"type":"Feature","properties":{"id":"s1298","name":"EC Siekierki","bus":1,"tram":0,"rail":0,"n":2,"imp":0.05,"node":1,"deg":1,"term":1,"major":0},"geometry":{"type":"Point","coordinates":[21.007295,52.196739]}},{"type":"Feature","properties":{"id":"s1299","name":"Statkowskiego","bus":1,"tram":0,"rail":0,"n":2,"imp":0.035,"node":0,"deg":2,"term":0,"major":0},"geometry":{"type":"Point","coordinates":[21.005651,52.196739]}},{"type":"Feature","properties":{"id":"s1300","name":"Zawodzie","bus":1,"tram":0,"rail":0,"n":2,"imp":0.035,"node":0,"deg":2,"term":0,"major":0},"geometry":{"type":"Point","coordinates":[21.00468,52.189528]}},{"type":"Feature","properties":{"id":"s1301","name":"Santocka","bus":1,"tram":0,"rail":0,"n":2,"imp":0.035,"node":0,"deg":2,"term":0,"major":0},"geometry":{"type":"Point","coordinates":[21.003933,52.189986]}},{"type":"Feature","properties":{"id":"s1302","name":"Stępińska","bus":1,"tram":0,"rail":0,"n":5,"imp":0.059,"node":0,"deg":2,"term":0,"major":0},"geometry":{"type":"Point","coordinates":[20.994283,52.205552]}},{"type":"Feature","properties":{"id":"s1303","name":"Iwicka","bus":1,"tram":0,"rail":0,"n":5,"imp":0.059,"node":0,"deg":2,"term":0,"major":0},"geometry":{"type":"Point","coordinates":[20.995652,52.205552]}},{"type":"Feature","properties":{"id":"s1304","name":"Zakrzewska","bus":1,"tram":0,"rail":0,"n":4,"imp":0.061,"node":1,"deg":3,"term":0,"major":0},"geometry":{"type":"Point","coordinates":[20.994967,52.203034]}},{"type":"Feature","properties":{"id":"s1305","name":"Bobrowiecka","bus":1,"tram":0,"rail":0,"n":2,"imp":0.045,"node":1,"deg":3,"term":0,"major":0},"geometry":{"type":"Point","coordinates":[20.994967,52.201775]}},{"type":"Feature","properties":{"id":"s1306","name":"Kierbedzia","bus":1,"tram":0,"rail":0,"n":2,"imp":0.045,"node":1,"deg":3,"term":0,"major":0},"geometry":{"type":"Point","coordinates":[20.992913,52.199257]}},{"type":"Feature","properties":{"id":"s1307","name":"Os. Bernardyńska","bus":1,"tram":0,"rail":0,"n":2,"imp":0.035,"node":0,"deg":2,"term":0,"major":0},"geometry":{"type":"Point","coordinates":[21.00072,52.196739]}},{"type":"Feature","properties":{"id":"s1308","name":"Jeziorko Czerniakowskie","bus":1,"tram":0,"rail":0,"n":2,"imp":0.035,"node":0,"deg":2,"term":0,"major":0},"geometry":{"type":"Point","coordinates":[21.002364,52.196739]}},{"type":"Feature","properties":{"id":"s1309","name":"Sypniewska","bus":1,"tram":0,"rail":0,"n":2,"imp":0.035,"node":0,"deg":2,"term":0,"major":0},"geometry":{"type":"Point","coordinates":[21.004008,52.196739]}},{"type":"Feature","properties":{"id":"s1310","name":"Klarysewska","bus":1,"tram":0,"rail":0,"n":7,"imp":0.075,"node":0,"deg":2,"term":0,"major":0},"geometry":{"type":"Point","coordinates":[20.999803,52.193407]}},{"type":"Feature","properties":{"id":"s1311","name":"Batumi","bus":1,"tram":0,"rail":0,"n":9,"imp":0.091,"node":0,"deg":2,"term":0,"major":0},"geometry":{"type":"Point","coordinates":[20.995995,52.191073]}},{"type":"Feature","properties":{"id":"s1312","name":"Stegny","bus":1,"tram":1,"rail":0,"n":10,"imp":0.149,"node":1,"deg":3,"term":1,"major":1},"geometry":{"type":"Point","coordinates":[20.994967,52.190444]}},{"type":"Feature","properties":{"id":"s1313","name":"Warneńska","bus":1,"tram":0,"rail":0,"n":4,"imp":0.061,"node":1,"deg":3,"term":0,"major":0},"geometry":{"type":"Point","coordinates":[20.992913,52.191703]}},{"type":"Feature","properties":{"id":"s1314","name":"Wróbla","bus":1,"tram":0,"rail":0,"n":6,"imp":0.077,"node":1,"deg":3,"term":0,"major":0},"geometry":{"type":"Point","coordinates":[20.988804,52.186667]}},{"type":"Feature","properties":{"id":"s1315","name":"Noskowskiego","bus":1,"tram":0,"rail":0,"n":7,"imp":0.095,"node":1,"deg":4,"term":0,"major":0},"geometry":{"type":"Point","coordinates":[20.990858,52.186667]}},{"type":"Feature","properties":{"id":"s1316","name":"Nowoursynowska","bus":1,"tram":0,"rail":0,"n":12,"imp":0.144,"node":1,"deg":5,"term":0,"major":1},"geometry":{"type":"Point","coordinates":[20.992913,52.185407]}},{"type":"Feature","properties":{"id":"s1317","name":"Arbuzowa","bus":1,"tram":0,"rail":0,"n":3,"imp":0.043,"node":0,"deg":2,"term":0,"major":0},"geometry":{"type":"Point","coordinates":[20.992913,52.184652]}},{"type":"Feature","properties":{"id":"s1318","name":"SGGW - Rektorat","bus":1,"tram":0,"rail":0,"n":3,"imp":0.043,"node":0,"deg":2,"term":0,"major":0},"geometry":{"type":"Point","coordinates":[20.992913,52.183141]}},{"type":"Feature","properties":{"id":"s1319","name":"Konstancin-Jeziorna Chopina","bus":1,"tram":0,"rail":0,"n":2,"imp":0.035,"node":0,"deg":2,"term":0,"major":0},"geometry":{"type":"Point","coordinates":[20.98953,52.155635]}},{"type":"Feature","properties":{"id":"s1320","name":"Tango","bus":1,"tram":0,"rail":0,"n":3,"imp":0.043,"node":0,"deg":2,"term":0,"major":0},"geometry":{"type":"Point","coordinates":[20.977504,52.175335]}},{"type":"Feature","properties":{"id":"s1321","name":"Łączyny","bus":1,"tram":0,"rail":0,"n":1,"imp":0.027,"node":0,"deg":2,"term":0,"major":0},"geometry":{"type":"Point","coordinates":[20.975449,52.175965]}},{"type":"Feature","properties":{"id":"s1322","name":"Wyczółki","bus":1,"tram":0,"rail":0,"n":3,"imp":0.077,"node":1,"deg":3,"term":1,"major":0},"geometry":{"type":"Point","coordinates":[20.974422,52.176594]}},{"type":"Feature","properties":{"id":"s1323","name":"Wiśniowa","bus":1,"tram":0,"rail":0,"n":4,"imp":0.061,"node":1,"deg":3,"term":0,"major":0},"geometry":{"type":"Point","coordinates":[20.984695,52.20807]}},{"type":"Feature","properties":{"id":"s1324","name":"Madalińskiego - Szpital","bus":1,"tram":0,"rail":0,"n":1,"imp":0.027,"node":0,"deg":2,"term":0,"major":0},"geometry":{"type":"Point","coordinates":[20.987776,52.203664]}},{"type":"Feature","properties":{"id":"s1325","name":"Krasickiego","bus":1,"tram":0,"rail":0,"n":2,"imp":0.035,"node":0,"deg":2,"term":0,"major":0},"geometry":{"type":"Point","coordinates":[20.986749,52.199257]}},{"type":"Feature","properties":{"id":"s1326","name":"Wielicka","bus":1,"tram":0,"rail":0,"n":2,"imp":0.059,"node":1,"deg":2,"term":1,"major":0},"geometry":{"type":"Point","coordinates":[20.988804,52.194221]}},{"type":"Feature","properties":{"id":"s1327","name":"Ksawerów","bus":1,"tram":0,"rail":0,"n":1,"imp":0.027,"node":0,"deg":2,"term":0,"major":0},"geometry":{"type":"Point","coordinates":[20.984695,52.192593]}},{"type":"Feature","properties":{"id":"s1328","name":"Os. Domaniewska","bus":1,"tram":0,"rail":0,"n":9,"imp":0.101,"node":1,"deg":3,"term":0,"major":1},"geometry":{"type":"Point","coordinates":[20.984695,52.190444]}},{"type":"Feature","properties":{"id":"s1329","name":"Modzelewskiego","bus":1,"tram":0,"rail":0,"n":11,"imp":0.117,"node":1,"deg":3,"term":0,"major":1},"geometry":{"type":"Point","coordinates":[20.98264,52.189185]}},{"type":"Feature","properties":{"id":"s1330","name":"Smoluchowskiego","bus":1,"tram":0,"rail":0,"n":9,"imp":0.111,"node":1,"deg":4,"term":0,"major":1},"geometry":{"type":"Point","coordinates":[20.98264,52.187926]}},{"type":"Feature","properties":{"id":"s1331","name":"Metro Wierzbno","bus":1,"tram":1,"rail":1,"n":9,"imp":0.167,"node":1,"deg":7,"term":1,"major":1},"geometry":{"type":"Point","coordinates":[20.986749,52.194221]}},{"type":"Feature","properties":{"id":"s1332","name":"Telewizja Polska","bus":1,"tram":1,"rail":0,"n":7,"imp":0.091,"node":0,"deg":2,"term":0,"major":0},"geometry":{"type":"Point","coordinates":[20.984695,52.194221]}},{"type":"Feature","properties":{"id":"s1333","name":"Samochodowa","bus":1,"tram":1,"rail":0,"n":8,"imp":0.109,"node":1,"deg":3,"term":0,"major":1},"geometry":{"type":"Point","coordinates":[20.98264,52.194221]}},{"type":"Feature","properties":{"id":"s1334","name":"Konduktorska","bus":1,"tram":0,"rail":0,"n":3,"imp":0.053,"node":1,"deg":3,"term":0,"major":0},"geometry":{"type":"Point","coordinates":[20.990858,52.201775]}},{"type":"Feature","properties":{"id":"s1335","name":"Kielecka","bus":0,"tram":1,"rail":0,"n":3,"imp":0.043,"node":0,"deg":2,"term":0,"major":0},"geometry":{"type":"Point","coordinates":[20.981613,52.206182]}},{"type":"Feature","properties":{"id":"s1336","name":"Ursynów Płn.","bus":1,"tram":0,"rail":0,"n":9,"imp":0.183,"node":1,"deg":4,"term":1,"major":1},"geometry":{"type":"Point","coordinates":[20.988804,52.18163]}},{"type":"Feature","properties":{"id":"s1337","name":"Strzeleckiego","bus":1,"tram":0,"rail":0,"n":5,"imp":0.088,"node":1,"deg":5,"term":0,"major":0},"geometry":{"type":"Point","coordinates":[20.990858,52.180371]}},{"type":"Feature","properties":{"id":"s1338","name":"Teligi","bus":1,"tram":0,"rail":0,"n":8,"imp":0.103,"node":1,"deg":4,"term":0,"major":1},"geometry":{"type":"Point","coordinates":[20.992913,52.179112]}},{"type":"Feature","properties":{"id":"s1339","name":"Nugat","bus":1,"tram":0,"rail":0,"n":1,"imp":0.027,"node":0,"deg":2,"term":0,"major":0},"geometry":{"type":"Point","coordinates":[20.992913,52.179952]}},{"type":"Feature","properties":{"id":"s1340","name":"Kopcińskiego","bus":1,"tram":0,"rail":0,"n":1,"imp":0.027,"node":0,"deg":2,"term":0,"major":0},"geometry":{"type":"Point","coordinates":[20.992913,52.180791]}},{"type":"Feature","properties":{"id":"s1341","name":"Łowicka","bus":1,"tram":0,"rail":0,"n":4,"imp":0.061,"node":1,"deg":3,"term":0,"major":0},"geometry":{"type":"Point","coordinates":[20.98264,52.203034]}},{"type":"Feature","properties":{"id":"s1342","name":"Tagore'a","bus":1,"tram":0,"rail":0,"n":2,"imp":0.035,"node":0,"deg":2,"term":0,"major":0},"geometry":{"type":"Point","coordinates":[20.983667,52.199257]}},{"type":"Feature","properties":{"id":"s1343","name":"Metro Ursynów","bus":1,"tram":0,"rail":1,"n":9,"imp":0.146,"node":1,"deg":6,"term":0,"major":1},"geometry":{"type":"Point","coordinates":[20.984695,52.180371]}},{"type":"Feature","properties":{"id":"s1344","name":"Koński Jar","bus":1,"tram":0,"rail":0,"n":9,"imp":0.101,"node":1,"deg":3,"term":0,"major":1},"geometry":{"type":"Point","coordinates":[20.980585,52.179112]}},{"type":"Feature","properties":{"id":"s1345","name":"Megasam","bus":1,"tram":0,"rail":0,"n":9,"imp":0.101,"node":1,"deg":3,"term":0,"major":1},"geometry":{"type":"Point","coordinates":[20.980585,52.177853]}},{"type":"Feature","properties":{"id":"s1346","name":"Pięciolinii","bus":1,"tram":0,"rail":0,"n":10,"imp":0.109,"node":1,"deg":3,"term":0,"major":1},"geometry":{"type":"Point","coordinates":[20.980585,52.176594]}},{"type":"Feature","properties":{"id":"s1347","name":"Dunikowskiego","bus":1,"tram":0,"rail":0,"n":7,"imp":0.095,"node":1,"deg":4,"term":0,"major":0},"geometry":{"type":"Point","coordinates":[20.98264,52.176594]}},{"type":"Feature","properties":{"id":"s1348","name":"Metro Stokłosy","bus":1,"tram":0,"rail":1,"n":9,"imp":0.146,"node":1,"deg":6,"term":0,"major":1},"geometry":{"type":"Point","coordinates":[20.986749,52.179112]}},{"type":"Feature","properties":{"id":"s1349","name":"Herbsta","bus":1,"tram":0,"rail":0,"n":7,"imp":0.095,"node":1,"deg":4,"term":0,"major":0},"geometry":{"type":"Point","coordinates":[20.980585,52.174076]}},{"type":"Feature","properties":{"id":"s1350","name":"Centrum Onkologii","bus":1,"tram":0,"rail":0,"n":10,"imp":0.159,"node":1,"deg":7,"term":1,"major":1},"geometry":{"type":"Point","coordinates":[20.98264,52.174076]}},{"type":"Feature","properties":{"id":"s1351","name":"Ursynów Płd.","bus":1,"tram":0,"rail":0,"n":7,"imp":0.14,"node":1,"deg":5,"term":1,"major":1},"geometry":{"type":"Point","coordinates":[20.986749,52.177853]}},{"type":"Feature","properties":{"id":"s1352","name":"Magellana","bus":1,"tram":0,"rail":0,"n":1,"imp":0.027,"node":0,"deg":2,"term":0,"major":0},"geometry":{"type":"Point","coordinates":[20.988804,52.179112]}},{"type":"Feature","properties":{"id":"s1353","name":"Polinezyjska","bus":1,"tram":0,"rail":0,"n":9,"imp":0.101,"node":1,"deg":3,"term":0,"major":1},"geometry":{"type":"Point","coordinates":[20.988804,52.177853]}},{"type":"Feature","properties":{"id":"s1354","name":"Miklaszewskiego","bus":1,"tram":0,"rail":0,"n":8,"imp":0.103,"node":1,"deg":4,"term":0,"major":1},"geometry":{"type":"Point","coordinates":[20.986749,52.174076]}},{"type":"Feature","properties":{"id":"s1355","name":"Stryjeńskich","bus":1,"tram":0,"rail":0,"n":3,"imp":0.063,"node":1,"deg":4,"term":0,"major":0},"geometry":{"type":"Point","coordinates":[20.986749,52.172817]}},{"type":"Feature","properties":{"id":"s1356","name":"Braci Wagów","bus":1,"tram":0,"rail":0,"n":1,"imp":0.027,"node":0,"deg":2,"term":0,"major":0},"geometry":{"type":"Point","coordinates":[20.988804,52.174076]}},{"type":"Feature","properties":{"id":"s1357","name":"Natolin Płn.","bus":1,"tram":0,"rail":1,"n":7,"imp":0.147,"node":1,"deg":4,"term":1,"major":1},"geometry":{"type":"Point","coordinates":[20.990858,52.175335]}},{"type":"Feature","properties":{"id":"s1358","name":"Cynamonowa","bus":1,"tram":0,"rail":0,"n":3,"imp":0.053,"node":1,"deg":3,"term":0,"major":0},"geometry":{"type":"Point","coordinates":[20.992913,52.176594]}},{"type":"Feature","properties":{"id":"s1359","name":"Szolc-Rogozińskiego","bus":1,"tram":0,"rail":0,"n":3,"imp":0.053,"node":1,"deg":3,"term":0,"major":0},"geometry":{"type":"Point","coordinates":[20.990858,52.177853]}},{"type":"Feature","properties":{"id":"s1360","name":"Lanciego","bus":1,"tram":0,"rail":0,"n":2,"imp":0.035,"node":0,"deg":2,"term":0,"major":0},"geometry":{"type":"Point","coordinates":[20.994241,52.173631]}},{"type":"Feature","properties":{"id":"s1361","name":"Europejska","bus":1,"tram":0,"rail":0,"n":3,"imp":0.043,"node":0,"deg":2,"term":0,"major":0},"geometry":{"type":"Point","coordinates":[21.004589,52.183749]}},{"type":"Feature","properties":{"id":"s1362","name":"Vogla - Morysin","bus":1,"tram":0,"rail":0,"n":3,"imp":0.043,"node":0,"deg":2,"term":0,"major":0},"geometry":{"type":"Point","coordinates":[21.005992,52.184609]}},{"type":"Feature","properties":{"id":"s1363","name":"Ruczaj","bus":1,"tram":0,"rail":0,"n":3,"imp":0.043,"node":0,"deg":2,"term":0,"major":0},"geometry":{"type":"Point","coordinates":[21.007436,52.185407]}},{"type":"Feature","properties":{"id":"s1364","name":"Syta","bus":1,"tram":0,"rail":0,"n":3,"imp":0.053,"node":1,"deg":3,"term":0,"major":0},"geometry":{"type":"Point","coordinates":[21.011404,52.185407]}},{"type":"Feature","properties":{"id":"s1365","name":"Ciszewskiego","bus":1,"tram":0,"rail":0,"n":3,"imp":0.053,"node":1,"deg":3,"term":0,"major":0},"geometry":{"type":"Point","coordinates":[20.992913,52.18163]}},{"type":"Feature","properties":{"id":"s1366","name":"Glebowa","bus":1,"tram":0,"rail":0,"n":2,"imp":0.035,"node":0,"deg":2,"term":0,"major":0},"geometry":{"type":"Point","coordinates":[21.008416,52.187239]}},{"type":"Feature","properties":{"id":"s1367","name":"Lercha","bus":1,"tram":0,"rail":0,"n":1,"imp":0.027,"node":0,"deg":2,"term":0,"major":0},"geometry":{"type":"Point","coordinates":[21.011991,52.185048]}},{"type":"Feature","properties":{"id":"s1368","name":"Zawady","bus":1,"tram":0,"rail":0,"n":1,"imp":0.027,"node":0,"deg":2,"term":0,"major":0},"geometry":{"type":"Point","coordinates":[21.012578,52.184688]}},{"type":"Feature","properties":{"id":"s1369","name":"Metryczna","bus":1,"tram":0,"rail":0,"n":1,"imp":0.027,"node":0,"deg":2,"term":0,"major":0},"geometry":{"type":"Point","coordinates":[21.013165,52.184328]}},{"type":"Feature","properties":{"id":"s1370","name":"Bartyki","bus":1,"tram":0,"rail":0,"n":1,"imp":0.027,"node":0,"deg":2,"term":0,"major":0},"geometry":{"type":"Point","coordinates":[21.013752,52.183969]}},{"type":"Feature","properties":{"id":"s1371","name":"Grabalówki","bus":1,"tram":0,"rail":0,"n":1,"imp":0.027,"node":0,"deg":2,"term":0,"major":0},"geometry":{"type":"Point","coordinates":[21.014339,52.183609]}},{"type":"Feature","properties":{"id":"s1372","name":"Gratyny","bus":1,"tram":0,"rail":0,"n":1,"imp":0.027,"node":0,"deg":2,"term":0,"major":0},"geometry":{"type":"Point","coordinates":[21.014926,52.183249]}},{"type":"Feature","properties":{"id":"s1373","name":"Kępa Zawadowska","bus":1,"tram":0,"rail":0,"n":1,"imp":0.039,"node":1,"deg":2,"term":1,"major":0},"geometry":{"type":"Point","coordinates":[21.015513,52.182889]}},{"type":"Feature","properties":{"id":"s1374","name":"Mysiadło","bus":1,"tram":0,"rail":0,"n":8,"imp":0.124,"node":1,"deg":5,"term":1,"major":1},"geometry":{"type":"Point","coordinates":[20.968258,52.157708]}},{"type":"Feature","properties":{"id":"s1375","name":"Piaseczno Energetyczna","bus":1,"tram":0,"rail":0,"n":5,"imp":0.088,"node":1,"deg":5,"term":0,"major":0},"geometry":{"type":"Point","coordinates":[20.968258,52.15519]}},{"type":"Feature","properties":{"id":"s1376","name":"Piaseczno Lamina","bus":1,"tram":0,"rail":0,"n":4,"imp":0.09,"node":1,"deg":6,"term":0,"major":0},"geometry":{"type":"Point","coordinates":[20.970313,52.153931]}},{"type":"Feature","properties":{"id":"s1377","name":"Piaseczno Szkolna","bus":1,"tram":0,"rail":0,"n":17,"imp":0.196,"node":1,"deg":5,"term":1,"major":1},"geometry":{"type":"Point","coordinates":[20.970313,52.152672]}},{"type":"Feature","properties":{"id":"s1378","name":"Piaseczno Chyliczkowska - Technikum","bus":1,"tram":0,"rail":0,"n":5,"imp":0.098,"node":1,"deg":6,"term":0,"major":0},"geometry":{"type":"Point","coordinates":[20.976476,52.152672]}},{"type":"Feature","properties":{"id":"s1379","name":"Piaseczno Kusocińskiego","bus":1,"tram":0,"rail":0,"n":5,"imp":0.107,"node":1,"deg":7,"term":0,"major":1},"geometry":{"type":"Point","coordinates":[20.968258,52.153931]}},{"type":"Feature","properties":{"id":"s1380","name":"Piaseczno Urząd Miasta","bus":1,"tram":0,"rail":0,"n":15,"imp":0.159,"node":1,"deg":4,"term":0,"major":1},"geometry":{"type":"Point","coordinates":[20.972367,52.151413]}},{"type":"Feature","properties":{"id":"s1381","name":"Piaseczno Kolejka Piaseczyńska","bus":1,"tram":0,"rail":0,"n":17,"imp":0.194,"node":1,"deg":6,"term":0,"major":1},"geometry":{"type":"Point","coordinates":[20.968258,52.150154]}},{"type":"Feature","properties":{"id":"s1382","name":"PKP Piaseczno","bus":1,"tram":0,"rail":1,"n":22,"imp":0.313,"node":1,"deg":5,"term":1,"major":1},"geometry":{"type":"Point","coordinates":[20.966203,52.148895]}},{"type":"Feature","properties":{"id":"s1383","name":"Piaseczno Zalesie Dolne","bus":1,"tram":0,"rail":0,"n":10,"imp":0.119,"node":1,"deg":4,"term":0,"major":1},"geometry":{"type":"Point","coordinates":[20.96004,52.145118]}},{"type":"Feature","properties":{"id":"s1384","name":"Piaseczno Zalesinek","bus":1,"tram":0,"rail":0,"n":9,"imp":0.091,"node":0,"deg":2,"term":0,"major":0},"geometry":{"type":"Point","coordinates":[20.955505,52.145118]}},{"type":"Feature","properties":{"id":"s1385","name":"Piaseczno Gołków - Letnisko","bus":1,"tram":0,"rail":0,"n":9,"imp":0.111,"node":1,"deg":4,"term":0,"major":1},"geometry":{"type":"Point","coordinates":[20.951821,52.143859]}},{"type":"Feature","properties":{"id":"s1386","name":"Konstancin-Jeziorna Dom Artystów","bus":1,"tram":0,"rail":0,"n":2,"imp":0.035,"node":0,"deg":2,"term":0,"major":0},"geometry":{"type":"Point","coordinates":[20.989489,52.157708]}},{"type":"Feature","properties":{"id":"s1387","name":"Piaseczno Zielona","bus":1,"tram":0,"rail":0,"n":1,"imp":0.027,"node":0,"deg":2,"term":0,"major":0},"geometry":{"type":"Point","coordinates":[20.979558,52.152672]}},{"type":"Feature","properties":{"id":"s1388","name":"Chylice","bus":1,"tram":0,"rail":0,"n":2,"imp":0.054,"node":1,"deg":4,"term":0,"major":0},"geometry":{"type":"Point","coordinates":[20.98264,52.152672]}},{"type":"Feature","properties":{"id":"s1389","name":"Konstancin-Jeziorna Jasna","bus":1,"tram":0,"rail":0,"n":3,"imp":0.043,"node":0,"deg":2,"term":0,"major":0},"geometry":{"type":"Point","coordinates":[20.985722,52.153931]}},{"type":"Feature","properties":{"id":"s1390","name":"Konstancin-Jeziorna Pańska","bus":1,"tram":0,"rail":0,"n":4,"imp":0.087,"node":1,"deg":2,"term":1,"major":0},"geometry":{"type":"Point","coordinates":[20.986749,52.153931]}},{"type":"Feature","properties":{"id":"s1391","name":"Konstancin-Jeziorna Skolimów","bus":1,"tram":0,"rail":0,"n":5,"imp":0.112,"node":1,"deg":5,"term":1,"major":1},"geometry":{"type":"Point","coordinates":[20.992913,52.156449]}},{"type":"Feature","properties":{"id":"s1392","name":"Konstancin-Jeziorna Pl. Sportowy","bus":1,"tram":0,"rail":0,"n":3,"imp":0.043,"node":0,"deg":2,"term":0,"major":0},"geometry":{"type":"Point","coordinates":[20.995569,52.157708]}},{"type":"Feature","properties":{"id":"s1393","name":"Konstancin-Jeziorna Piasta","bus":1,"tram":0,"rail":0,"n":4,"imp":0.08,"node":1,"deg":5,"term":0,"major":0},"geometry":{"type":"Point","coordinates":[20.999077,52.157708]}},{"type":"Feature","properties":{"id":"s1394","name":"Konstancin-Jeziorna Stocer","bus":1,"tram":0,"rail":0,"n":2,"imp":0.035,"node":0,"deg":2,"term":0,"major":0},"geometry":{"type":"Point","coordinates":[20.999077,52.158338]}},{"type":"Feature","properties":{"id":"s1395","name":"Konstancin-Jeziorna Park Zdrojowy","bus":1,"tram":0,"rail":0,"n":4,"imp":0.061,"node":1,"deg":3,"term":0,"major":0},"geometry":{"type":"Point","coordinates":[20.999077,52.158967]}},{"type":"Feature","properties":{"id":"s1396","name":"Konstancin-Jeziorna Os. Grapa","bus":1,"tram":0,"rail":0,"n":6,"imp":0.099,"node":1,"deg":4,"term":1,"major":0},"geometry":{"type":"Point","coordinates":[21.001131,52.160227]}},{"type":"Feature","properties":{"id":"s1397","name":"Konstancin-Jeziorna CH Stara Papiernia","bus":1,"tram":0,"rail":0,"n":5,"imp":0.069,"node":1,"deg":3,"term":0,"major":0},"geometry":{"type":"Point","coordinates":[21.003186,52.161486]}},{"type":"Feature","properties":{"id":"s1398","name":"Konstancin-Jeziorna Osiedle Mirków","bus":1,"tram":0,"rail":0,"n":5,"imp":0.069,"node":1,"deg":3,"term":0,"major":0},"geometry":{"type":"Point","coordinates":[21.00935,52.162745]}},{"type":"Feature","properties":{"id":"s1399","name":"Konstancin-Jeziorna Mirkowska","bus":1,"tram":0,"rail":0,"n":8,"imp":0.127,"node":1,"deg":4,"term":1,"major":1},"geometry":{"type":"Point","coordinates":[21.00524,52.165263]}},{"type":"Feature","properties":{"id":"s1400","name":"Konstancin-Jeziorna Klarysew","bus":1,"tram":0,"rail":0,"n":6,"imp":0.077,"node":1,"deg":3,"term":0,"major":0},"geometry":{"type":"Point","coordinates":[21.001131,52.164004]}},{"type":"Feature","properties":{"id":"s1401","name":"Mandarynki","bus":1,"tram":0,"rail":0,"n":3,"imp":0.043,"node":0,"deg":2,"term":0,"major":0},"geometry":{"type":"Point","coordinates":[20.996721,52.176779]}},{"type":"Feature","properties":{"id":"s1402","name":"Piaseczno Iwiczna","bus":1,"tram":0,"rail":0,"n":4,"imp":0.051,"node":0,"deg":2,"term":0,"major":0},"geometry":{"type":"Point","coordinates":[20.968258,52.156449]}},{"type":"Feature","properties":{"id":"s1403","name":"Konstancin-Jeziorna Mirków - Szkoła","bus":1,"tram":0,"rail":0,"n":4,"imp":0.051,"node":0,"deg":2,"term":0,"major":0},"geometry":{"type":"Point","coordinates":[21.007295,52.164004]}},{"type":"Feature","properties":{"id":"s1404","name":"Konstancin-Jeziorna Polna","bus":1,"tram":0,"rail":0,"n":8,"imp":0.112,"node":1,"deg":5,"term":0,"major":1},"geometry":{"type":"Point","coordinates":[21.001131,52.162745]}},{"type":"Feature","properties":{"id":"s1405","name":"Małcużyńskiego","bus":1,"tram":0,"rail":0,"n":1,"imp":0.027,"node":0,"deg":2,"term":0,"major":0},"geometry":{"type":"Point","coordinates":[20.989831,52.172187]}},{"type":"Feature","properties":{"id":"s1406","name":"Os. Wyżyny","bus":1,"tram":0,"rail":0,"n":3,"imp":0.053,"node":1,"deg":3,"term":0,"major":0},"geometry":{"type":"Point","coordinates":[20.988804,52.171558]}},{"type":"Feature","properties":{"id":"s1407","name":"Zaściankowa","bus":1,"tram":0,"rail":0,"n":2,"imp":0.035,"node":0,"deg":2,"term":0,"major":0},"geometry":{"type":"Point","coordinates":[21.010657,52.185865]}},{"type":"Feature","properties":{"id":"s1408","name":"Jara","bus":1,"tram":0,"rail":0,"n":2,"imp":0.035,"node":0,"deg":2,"term":0,"major":0},"geometry":{"type":"Point","coordinates":[21.00991,52.186323]}},{"type":"Feature","properties":{"id":"s1409","name":"Siedliskowa","bus":1,"tram":0,"rail":0,"n":2,"imp":0.035,"node":0,"deg":2,"term":0,"major":0},"geometry":{"type":"Point","coordinates":[21.009163,52.186781]}},{"type":"Feature","properties":{"id":"s1410","name":"Zaolziańska","bus":1,"tram":0,"rail":0,"n":3,"imp":0.043,"node":0,"deg":2,"term":0,"major":0},"geometry":{"type":"Point","coordinates":[20.98264,52.179112]}},{"type":"Feature","properties":{"id":"s1411","name":"Belgradzka","bus":1,"tram":0,"rail":0,"n":3,"imp":0.053,"node":1,"deg":3,"term":0,"major":0},"geometry":{"type":"Point","coordinates":[20.997022,52.175335]}},{"type":"Feature","properties":{"id":"s1412","name":"Lokajskiego","bus":1,"tram":0,"rail":0,"n":2,"imp":0.045,"node":1,"deg":3,"term":0,"major":0},"geometry":{"type":"Point","coordinates":[20.997022,52.174076]}},{"type":"Feature","properties":{"id":"s1413","name":"Raabego","bus":1,"tram":0,"rail":0,"n":2,"imp":0.045,"node":1,"deg":3,"term":0,"major":0},"geometry":{"type":"Point","coordinates":[20.992913,52.171558]}},{"type":"Feature","properties":{"id":"s1414","name":"Małej Łąki","bus":1,"tram":0,"rail":0,"n":3,"imp":0.043,"node":0,"deg":2,"term":0,"major":0},"geometry":{"type":"Point","coordinates":[20.989681,52.171021]}},{"type":"Feature","properties":{"id":"s1415","name":"Piaseczno Dom Kultury","bus":1,"tram":0,"rail":0,"n":5,"imp":0.069,"node":1,"deg":3,"term":0,"major":0},"geometry":{"type":"Point","coordinates":[20.972367,52.150154]}},{"type":"Feature","properties":{"id":"s1416","name":"SGGW - Klinika","bus":1,"tram":0,"rail":0,"n":3,"imp":0.043,"node":0,"deg":2,"term":0,"major":0},"geometry":{"type":"Point","coordinates":[20.992913,52.182386]}},{"type":"Feature","properties":{"id":"s1417","name":"Grzegorzewskiej","bus":1,"tram":0,"rail":0,"n":5,"imp":0.059,"node":0,"deg":2,"term":0,"major":0},"geometry":{"type":"Point","coordinates":[20.99394,52.178483]}},{"type":"Feature","properties":{"id":"s1418","name":"Płaskowickiej","bus":1,"tram":0,"rail":0,"n":7,"imp":0.104,"node":1,"deg":5,"term":0,"major":1},"geometry":{"type":"Point","coordinates":[20.994967,52.177853]}},{"type":"Feature","properties":{"id":"s1419","name":"Kiepury","bus":1,"tram":0,"rail":0,"n":2,"imp":0.035,"node":0,"deg":2,"term":0,"major":0},"geometry":{"type":"Point","coordinates":[20.997022,52.172817]}},{"type":"Feature","properties":{"id":"s1420","name":"Gołków - Wieś","bus":1,"tram":0,"rail":0,"n":3,"imp":0.043,"node":0,"deg":2,"term":0,"major":0},"geometry":{"type":"Point","coordinates":[20.947888,52.143859]}},{"type":"Feature","properties":{"id":"s1421","name":"Gołków Zielona","bus":1,"tram":0,"rail":0,"n":3,"imp":0.043,"node":0,"deg":2,"term":0,"major":0},"geometry":{"type":"Point","coordinates":[20.945056,52.142231]}},{"type":"Feature","properties":{"id":"s1422","name":"Głosków-Letnisko Ogrodowa","bus":1,"tram":0,"rail":0,"n":1,"imp":0.027,"node":0,"deg":2,"term":0,"major":0},"geometry":{"type":"Point","coordinates":[20.938467,52.143229]}},{"type":"Feature","properties":{"id":"s1423","name":"Głosków - Szkoła","bus":1,"tram":0,"rail":0,"n":2,"imp":0.045,"node":1,"deg":3,"term":0,"major":0},"geometry":{"type":"Point","coordinates":[20.935385,52.141341]}},{"type":"Feature","properties":{"id":"s1424","name":"Głosków Milenium","bus":1,"tram":0,"rail":0,"n":2,"imp":0.035,"node":0,"deg":2,"term":0,"major":0},"geometry":{"type":"Point","coordinates":[20.937439,52.140082]}},{"type":"Feature","properties":{"id":"s1425","name":"Głosków - Zielone","bus":1,"tram":0,"rail":0,"n":3,"imp":0.063,"node":1,"deg":4,"term":0,"major":0},"geometry":{"type":"Point","coordinates":[20.939494,52.138823]}},{"type":"Feature","properties":{"id":"s1426","name":"Głosków - Letnisko","bus":1,"tram":0,"rail":0,"n":3,"imp":0.043,"node":0,"deg":2,"term":0,"major":0},"geometry":{"type":"Point","coordinates":[20.942275,52.140527]}},{"type":"Feature","properties":{"id":"s1427","name":"Konstancin-Jeziorna Rozjazd Oborski","bus":1,"tram":0,"rail":0,"n":3,"imp":0.043,"node":0,"deg":2,"term":0,"major":0},"geometry":{"type":"Point","coordinates":[20.996054,52.159633]}},{"type":"Feature","properties":{"id":"s1428","name":"Konstancin-Jeziorna Bydgoska","bus":1,"tram":0,"rail":0,"n":3,"imp":0.063,"node":1,"deg":4,"term":0,"major":0},"geometry":{"type":"Point","coordinates":[20.992913,52.158967]}},{"type":"Feature","properties":{"id":"s1429","name":"Konstancin-Jeziorna Śniadeckich","bus":1,"tram":0,"rail":0,"n":2,"imp":0.045,"node":1,"deg":3,"term":0,"major":0},"geometry":{"type":"Point","coordinates":[20.988804,52.157708]}},{"type":"Feature","properties":{"id":"s1430","name":"Chyliczki","bus":1,"tram":0,"rail":0,"n":2,"imp":0.054,"node":1,"deg":4,"term":0,"major":0},"geometry":{"type":"Point","coordinates":[20.984695,52.15519]}},{"type":"Feature","properties":{"id":"s1431","name":"Piaseczno Książąt Mazowieckich","bus":1,"tram":0,"rail":0,"n":3,"imp":0.063,"node":1,"deg":4,"term":0,"major":0},"geometry":{"type":"Point","coordinates":[20.978531,52.153931]}},{"type":"Feature","properties":{"id":"s1432","name":"Piaseczno Markowskiego","bus":1,"tram":0,"rail":0,"n":3,"imp":0.043,"node":0,"deg":2,"term":0,"major":0},"geometry":{"type":"Point","coordinates":[20.977504,52.153302]}},{"type":"Feature","properties":{"id":"s1433","name":"Metro Pole Mokotowskie","bus":1,"tram":1,"rail":1,"n":15,"imp":0.213,"node":1,"deg":8,"term":0,"major":1},"geometry":{"type":"Point","coordinates":[20.98264,52.206811]}},{"type":"Feature","properties":{"id":"s1434","name":"Madalińskiego","bus":1,"tram":0,"rail":0,"n":5,"imp":0.079,"node":1,"deg":4,"term":0,"major":0},"geometry":{"type":"Point","coordinates":[20.986749,52.203034]}},{"type":"Feature","properties":{"id":"s1435","name":"Metro Racławicka","bus":1,"tram":0,"rail":1,"n":4,"imp":0.087,"node":1,"deg":4,"term":0,"major":0},"geometry":{"type":"Point","coordinates":[20.986749,52.200516]}},{"type":"Feature","properties":{"id":"s1436","name":"Odyńca","bus":1,"tram":0,"rail":0,"n":5,"imp":0.079,"node":1,"deg":4,"term":0,"major":0},"geometry":{"type":"Point","coordinates":[20.984695,52.199257]}},{"type":"Feature","properties":{"id":"s1437","name":"Polskie Radio","bus":1,"tram":0,"rail":0,"n":4,"imp":0.071,"node":1,"deg":4,"term":0,"major":0},"geometry":{"type":"Point","coordinates":[20.984695,52.19548]}},{"type":"Feature","properties":{"id":"s1438","name":"Joliot-Curie","bus":1,"tram":0,"rail":0,"n":1,"imp":0.027,"node":0,"deg":2,"term":0,"major":0},"geometry":{"type":"Point","coordinates":[20.983667,52.19485]}},{"type":"Feature","properties":{"id":"s1439","name":"Stefana Batorego","bus":1,"tram":0,"rail":0,"n":3,"imp":0.043,"node":0,"deg":2,"term":0,"major":0},"geometry":{"type":"Point","coordinates":[20.981613,52.206182]}},{"type":"Feature","properties":{"id":"s1440","name":"Kulskiego","bus":1,"tram":1,"rail":0,"n":13,"imp":0.149,"node":1,"deg":3,"term":0,"major":1},"geometry":{"type":"Point","coordinates":[20.980585,52.203034]}},{"type":"Feature","properties":{"id":"s1441","name":"Wołoska - Szpital","bus":1,"tram":1,"rail":0,"n":11,"imp":0.123,"node":0,"deg":2,"term":0,"major":1},"geometry":{"type":"Point","coordinates":[20.980585,52.200885]}},{"type":"Feature","properties":{"id":"s1442","name":"Wołoska","bus":1,"tram":1,"rail":0,"n":14,"imp":0.176,"node":1,"deg":5,"term":0,"major":1},"geometry":{"type":"Point","coordinates":[20.98264,52.199257]}},{"type":"Feature","properties":{"id":"s1443","name":"Woronicza","bus":1,"tram":1,"rail":0,"n":20,"imp":0.234,"node":1,"deg":6,"term":0,"major":1},"geometry":{"type":"Point","coordinates":[20.980585,52.192962]}},{"type":"Feature","properties":{"id":"s1444","name":"Konstruktorska","bus":1,"tram":1,"rail":0,"n":11,"imp":0.133,"node":1,"deg":3,"term":0,"major":1},"geometry":{"type":"Point","coordinates":[20.980585,52.190444]}},{"type":"Feature","properties":{"id":"s1445","name":"Domaniewska","bus":1,"tram":1,"rail":0,"n":21,"imp":0.232,"node":1,"deg":5,"term":0,"major":1},"geometry":{"type":"Point","coordinates":[20.980585,52.189185]}},{"type":"Feature","properties":{"id":"s1446","name":"Rondo Unii Europejskiej","bus":1,"tram":1,"rail":0,"n":19,"imp":0.236,"node":1,"deg":7,"term":0,"major":1},"geometry":{"type":"Point","coordinates":[20.978531,52.186667]}},{"type":"Feature","properties":{"id":"s1447","name":"Cybernetyki","bus":1,"tram":0,"rail":0,"n":5,"imp":0.088,"node":1,"deg":5,"term":0,"major":0},"geometry":{"type":"Point","coordinates":[20.978531,52.184148]}},{"type":"Feature","properties":{"id":"s1448","name":"Gotarda","bus":1,"tram":0,"rail":0,"n":6,"imp":0.087,"node":1,"deg":4,"term":0,"major":0},"geometry":{"type":"Point","coordinates":[20.980585,52.182889]}},{"type":"Feature","properties":{"id":"s1449","name":"Orzycka","bus":1,"tram":0,"rail":0,"n":4,"imp":0.061,"node":1,"deg":3,"term":0,"major":0},"geometry":{"type":"Point","coordinates":[20.98264,52.182889]}},{"type":"Feature","properties":{"id":"s1450","name":"Bartłomieja","bus":1,"tram":0,"rail":0,"n":5,"imp":0.059,"node":0,"deg":2,"term":0,"major":0},"geometry":{"type":"Point","coordinates":[20.981613,52.18226]}},{"type":"Feature","properties":{"id":"s1451","name":"Bełdan","bus":1,"tram":0,"rail":0,"n":10,"imp":0.138,"node":1,"deg":6,"term":0,"major":1},"geometry":{"type":"Point","coordinates":[20.98264,52.185407]}},{"type":"Feature","properties":{"id":"s1452","name":"Instytut Fizyki","bus":1,"tram":0,"rail":0,"n":6,"imp":0.077,"node":1,"deg":3,"term":0,"major":0},"geometry":{"type":"Point","coordinates":[20.980585,52.186667]}},{"type":"Feature","properties":{"id":"s1453","name":"Postępu","bus":1,"tram":1,"rail":0,"n":8,"imp":0.109,"node":1,"deg":3,"term":0,"major":1},"geometry":{"type":"Point","coordinates":[20.976476,52.187926]}},{"type":"Feature","properties":{"id":"s1454","name":"Wynalazek","bus":1,"tram":1,"rail":0,"n":8,"imp":0.121,"node":1,"deg":3,"term":1,"major":1},"geometry":{"type":"Point","coordinates":[20.976476,52.186667]}},{"type":"Feature","properties":{"id":"s1455","name":"PKP Służewiec","bus":1,"tram":1,"rail":1,"n":12,"imp":0.208,"node":1,"deg":5,"term":1,"major":1},"geometry":{"type":"Point","coordinates":[20.974422,52.187926]}},{"type":"Feature","properties":{"id":"s1456","name":"Miłobędzka","bus":1,"tram":0,"rail":0,"n":3,"imp":0.043,"node":0,"deg":2,"term":0,"major":0},"geometry":{"type":"Point","coordinates":[20.979617,52.199257]}},{"type":"Feature","properties":{"id":"s1457","name":"Spartańska","bus":1,"tram":0,"rail":0,"n":2,"imp":0.038,"node":1,"deg":1,"term":1,"major":0},"geometry":{"type":"Point","coordinates":[20.978531,52.197998]}},{"type":"Feature","properties":{"id":"s1458","name":"Instytut Reumatologii","bus":1,"tram":0,"rail":0,"n":2,"imp":0.059,"node":1,"deg":2,"term":1,"major":0},"geometry":{"type":"Point","coordinates":[20.978531,52.19548]}},{"type":"Feature","properties":{"id":"s1459","name":"Zajezdnia Woronicza","bus":1,"tram":0,"rail":0,"n":20,"imp":0.379,"node":1,"deg":4,"term":1,"major":1},"geometry":{"type":"Point","coordinates":[20.978531,52.192962]}},{"type":"Feature","properties":{"id":"s1460","name":"Maklakiewicza","bus":1,"tram":0,"rail":0,"n":7,"imp":0.085,"node":1,"deg":3,"term":0,"major":0},"geometry":{"type":"Point","coordinates":[20.976476,52.191703]}},{"type":"Feature","properties":{"id":"s1461","name":"Racjonalizacji","bus":1,"tram":0,"rail":0,"n":6,"imp":0.087,"node":1,"deg":4,"term":0,"major":0},"geometry":{"type":"Point","coordinates":[20.974422,52.190444]}},{"type":"Feature","properties":{"id":"s1462","name":"Stolbud","bus":1,"tram":0,"rail":0,"n":13,"imp":0.123,"node":0,"deg":2,"term":0,"major":1},"geometry":{"type":"Point","coordinates":[20.979558,52.189814]}},{"type":"Feature","properties":{"id":"s1463","name":"Rondo Żabczyńskiego","bus":1,"tram":0,"rail":0,"n":2,"imp":0.054,"node":1,"deg":4,"term":0,"major":0},"geometry":{"type":"Point","coordinates":[20.974422,52.184148]}},{"type":"Feature","properties":{"id":"s1464","name":"Obrzeżna","bus":1,"tram":0,"rail":0,"n":3,"imp":0.053,"node":1,"deg":3,"term":0,"major":0},"geometry":{"type":"Point","coordinates":[20.974422,52.18163]}},{"type":"Feature","properties":{"id":"s1465","name":"Jadźwingów","bus":1,"tram":0,"rail":0,"n":5,"imp":0.079,"node":1,"deg":4,"term":0,"major":0},"geometry":{"type":"Point","coordinates":[20.978531,52.18163]}},{"type":"Feature","properties":{"id":"s1466","name":"Bokserska","bus":1,"tram":0,"rail":0,"n":6,"imp":0.125,"node":1,"deg":3,"term":1,"major":1},"geometry":{"type":"Point","coordinates":[20.972367,52.180371]}},{"type":"Feature","properties":{"id":"s1467","name":"Taborowa","bus":1,"tram":0,"rail":0,"n":2,"imp":0.035,"node":0,"deg":2,"term":0,"major":0},"geometry":{"type":"Point","coordinates":[20.970613,52.179297]}},{"type":"Feature","properties":{"id":"s1468","name":"Jurajska","bus":1,"tram":0,"rail":0,"n":2,"imp":0.035,"node":0,"deg":2,"term":0,"major":0},"geometry":{"type":"Point","coordinates":[20.96886,52.178222]}},{"type":"Feature","properties":{"id":"s1469","name":"Areszt Śledczy Służewiec","bus":1,"tram":0,"rail":0,"n":2,"imp":0.035,"node":0,"deg":2,"term":0,"major":0},"geometry":{"type":"Point","coordinates":[20.968258,52.176855]}},{"type":"Feature","properties":{"id":"s1470","name":"Kłobucka","bus":1,"tram":0,"rail":0,"n":4,"imp":0.08,"node":1,"deg":5,"term":0,"major":0},"geometry":{"type":"Point","coordinates":[20.968258,52.175335]}},{"type":"Feature","properties":{"id":"s1471","name":"Józefosław Julianów","bus":1,"tram":0,"rail":0,"n":3,"imp":0.046,"node":1,"deg":1,"term":1,"major":0},"geometry":{"type":"Point","coordinates":[20.986749,52.160227]}},{"type":"Feature","properties":{"id":"s1472","name":"Ogrody Działkowe Wilanówka","bus":1,"tram":0,"rail":0,"n":3,"imp":0.043,"node":0,"deg":2,"term":0,"major":0},"geometry":{"type":"Point","coordinates":[21.00942,52.185407]}},{"type":"Feature","properties":{"id":"s1473","name":"Metro Służew","bus":1,"tram":0,"rail":1,"n":11,"imp":0.174,"node":1,"deg":6,"term":1,"major":1},"geometry":{"type":"Point","coordinates":[20.986749,52.185407]}},{"type":"Feature","properties":{"id":"s1474","name":"Metro Imielin","bus":1,"tram":0,"rail":1,"n":13,"imp":0.168,"node":1,"deg":5,"term":0,"major":1},"geometry":{"type":"Point","coordinates":[20.988804,52.176594]}},{"type":"Feature","properties":{"id":"s1475","name":"Metro Natolin","bus":1,"tram":0,"rail":1,"n":6,"imp":0.112,"node":1,"deg":5,"term":0,"major":1},"geometry":{"type":"Point","coordinates":[20.990858,52.172817]}},{"type":"Feature","properties":{"id":"s1476","name":"Metro Kabaty","bus":1,"tram":0,"rail":1,"n":11,"imp":0.188,"node":1,"deg":5,"term":1,"major":1},"geometry":{"type":"Point","coordinates":[20.992913,52.170299]}},{"type":"Feature","properties":{"id":"s1477","name":"Mielczarskiego","bus":1,"tram":0,"rail":0,"n":3,"imp":0.043,"node":0,"deg":2,"term":0,"major":0},"geometry":{"type":"Point","coordinates":[20.991673,52.170299]}},{"type":"Feature","properties":{"id":"s1478","name":"Rybałtów","bus":1,"tram":0,"rail":0,"n":3,"imp":0.043,"node":0,"deg":2,"term":0,"major":0},"geometry":{"type":"Point","coordinates":[20.990557,52.170483]}},{"type":"Feature","properties":{"id":"s1479","name":"Konstancin-Jeziorna Południowa","bus":1,"tram":0,"rail":0,"n":5,"imp":0.059,"node":0,"deg":2,"term":0,"major":0},"geometry":{"type":"Point","coordinates":[21.003186,52.164004]}},{"type":"Feature","properties":{"id":"s1480","name":"Rakowiecka - Sanktuarium","bus":1,"tram":1,"rail":0,"n":11,"imp":0.176,"node":1,"deg":5,"term":1,"major":1},"geometry":{"type":"Point","coordinates":[20.980585,52.205552]}},{"type":"Feature","properties":{"id":"s1481","name":"Wąwozowa","bus":1,"tram":0,"rail":0,"n":6,"imp":0.077,"node":1,"deg":3,"term":0,"major":0},"geometry":{"type":"Point","coordinates":[20.997022,52.171558]}},{"type":"Feature","properties":{"id":"s1482","name":"Zaruby","bus":1,"tram":0,"rail":0,"n":6,"imp":0.067,"node":0,"deg":2,"term":0,"major":0},"geometry":{"type":"Point","coordinates":[20.994667,52.171374]}},{"type":"Feature","properties":{"id":"s1483","name":"Hołubcowa","bus":1,"tram":0,"rail":0,"n":4,"imp":0.071,"node":1,"deg":4,"term":0,"major":0},"geometry":{"type":"Point","coordinates":[20.972367,52.175335]}},{"type":"Feature","properties":{"id":"s1484","name":"Poloneza","bus":1,"tram":0,"rail":0,"n":3,"imp":0.063,"node":1,"deg":4,"term":0,"major":0},"geometry":{"type":"Point","coordinates":[20.976476,52.175335]}},{"type":"Feature","properties":{"id":"s1485","name":"Makolągwy","bus":1,"tram":0,"rail":0,"n":5,"imp":0.059,"node":0,"deg":2,"term":0,"major":0},"geometry":{"type":"Point","coordinates":[20.979901,52.172397]}},{"type":"Feature","properties":{"id":"s1486","name":"CH Ursynów","bus":1,"tram":0,"rail":0,"n":6,"imp":0.089,"node":1,"deg":3,"term":1,"major":0},"geometry":{"type":"Point","coordinates":[20.978531,52.171558]}},{"type":"Feature","properties":{"id":"s1487","name":"Wiolinowa","bus":1,"tram":0,"rail":0,"n":2,"imp":0.035,"node":0,"deg":2,"term":0,"major":0},"geometry":{"type":"Point","coordinates":[20.985722,52.179742]}},{"type":"Feature","properties":{"id":"s1488","name":"Zakamarek","bus":1,"tram":0,"rail":0,"n":1,"imp":0.027,"node":0,"deg":2,"term":0,"major":0},"geometry":{"type":"Point","coordinates":[21.006473,52.172817]}},{"type":"Feature","properties":{"id":"s1489","name":"Latoszki","bus":1,"tram":0,"rail":0,"n":1,"imp":0.027,"node":0,"deg":2,"term":0,"major":0},"geometry":{"type":"Point","coordinates":[21.007706,52.172817]}},{"type":"Feature","properties":{"id":"s1490","name":"Rosy","bus":1,"tram":0,"rail":0,"n":1,"imp":0.027,"node":0,"deg":2,"term":0,"major":0},"geometry":{"type":"Point","coordinates":[21.008939,52.172817]}},{"type":"Feature","properties":{"id":"s1491","name":"Okrzeszyn","bus":1,"tram":0,"rail":0,"n":2,"imp":0.045,"node":1,"deg":3,"term":0,"major":0},"geometry":{"type":"Point","coordinates":[21.013459,52.175335]}},{"type":"Feature","properties":{"id":"s1492","name":"Koncertowa","bus":1,"tram":0,"rail":1,"n":12,"imp":0.16,"node":1,"deg":5,"term":0,"major":1},"geometry":{"type":"Point","coordinates":[20.984695,52.18163]}},{"type":"Feature","properties":{"id":"s1493","name":"Szpital Południowy","bus":1,"tram":0,"rail":0,"n":6,"imp":0.087,"node":1,"deg":4,"term":0,"major":0},"geometry":{"type":"Point","coordinates":[20.984695,52.172817]}},{"type":"Feature","properties":{"id":"s1494","name":"Hospicjum Onkologiczne","bus":1,"tram":0,"rail":0,"n":3,"imp":0.043,"node":0,"deg":2,"term":0,"major":0},"geometry":{"type":"Point","coordinates":[20.984695,52.172187]}},{"type":"Feature","properties":{"id":"s1495","name":"Malinowskiego","bus":1,"tram":0,"rail":0,"n":3,"imp":0.043,"node":0,"deg":2,"term":0,"major":0},"geometry":{"type":"Point","coordinates":[20.984695,52.174076]}},{"type":"Feature","properties":{"id":"s1496","name":"Konstancin-Jeziorna Borowa","bus":1,"tram":0,"rail":0,"n":5,"imp":0.069,"node":1,"deg":3,"term":0,"major":0},"geometry":{"type":"Point","coordinates":[21.001131,52.165263]}},{"type":"Feature","properties":{"id":"s1497","name":"Ogród Botaniczny","bus":1,"tram":0,"rail":0,"n":1,"imp":0.027,"node":0,"deg":2,"term":0,"major":0},"geometry":{"type":"Point","coordinates":[20.995085,52.165263]}},{"type":"Feature","properties":{"id":"s1498","name":"Ogród Botaniczny","bus":1,"tram":0,"rail":0,"n":1,"imp":0.03,"node":1,"deg":1,"term":1,"major":0},"geometry":{"type":"Point","coordinates":[20.992913,52.164004]}},{"type":"Feature","properties":{"id":"s1499","name":"Konstancin-Jeziorna Kołobrzeska","bus":1,"tram":0,"rail":0,"n":2,"imp":0.045,"node":1,"deg":3,"term":0,"major":0},"geometry":{"type":"Point","coordinates":[20.990858,52.157708]}},{"type":"Feature","properties":{"id":"s1500","name":"Głosków Lipowa","bus":1,"tram":0,"rail":0,"n":1,"imp":0.037,"node":1,"deg":3,"term":0,"major":0},"geometry":{"type":"Point","coordinates":[20.937439,52.1426]}},{"type":"Feature","properties":{"id":"s1501","name":"Siekierki - Sanktuarium","bus":1,"tram":0,"rail":0,"n":6,"imp":0.108,"node":1,"deg":5,"term":1,"major":1},"geometry":{"type":"Point","coordinates":[21.007295,52.205552]}},{"type":"Feature","properties":{"id":"s1502","name":"Karczocha","bus":1,"tram":0,"rail":0,"n":6,"imp":0.067,"node":0,"deg":2,"term":0,"major":0},"geometry":{"type":"Point","coordinates":[20.994667,52.187926]}},{"type":"Feature","properties":{"id":"s1503","name":"Okrzeszyn Wilanówka","bus":1,"tram":0,"rail":0,"n":2,"imp":0.045,"node":1,"deg":3,"term":0,"major":0},"geometry":{"type":"Point","coordinates":[21.011404,52.172817]}},{"type":"Feature","properties":{"id":"s1504","name":"Kępa Okrzewska","bus":1,"tram":0,"rail":0,"n":2,"imp":0.035,"node":0,"deg":2,"term":0,"major":0},"geometry":{"type":"Point","coordinates":[21.014486,52.175965]}},{"type":"Feature","properties":{"id":"s1505","name":"Kępa Okrzewska - Cmentarz","bus":1,"tram":0,"rail":0,"n":2,"imp":0.05,"node":1,"deg":1,"term":1,"major":0},"geometry":{"type":"Point","coordinates":[21.015513,52.176594]}},{"type":"Feature","properties":{"id":"s1506","name":"Konstancin-Jeziorna Os. Konstancja","bus":1,"tram":0,"rail":0,"n":5,"imp":0.059,"node":0,"deg":2,"term":0,"major":0},"geometry":{"type":"Point","coordinates":[21.001131,52.166102]}},{"type":"Feature","properties":{"id":"s1507","name":"Konstancin-Jeziorna Wczasowa","bus":1,"tram":0,"rail":0,"n":1,"imp":0.027,"node":0,"deg":2,"term":0,"major":0},"geometry":{"type":"Point","coordinates":[20.998108,52.165263]}},{"type":"Feature","properties":{"id":"s1508","name":"Tuzinowa","bus":1,"tram":0,"rail":0,"n":2,"imp":0.035,"node":0,"deg":2,"term":0,"major":0},"geometry":{"type":"Point","coordinates":[21.007669,52.187697]}},{"type":"Feature","properties":{"id":"s1509","name":"Spiralna","bus":1,"tram":0,"rail":0,"n":2,"imp":0.035,"node":0,"deg":2,"term":0,"major":0},"geometry":{"type":"Point","coordinates":[21.006921,52.188155]}},{"type":"Feature","properties":{"id":"s1510","name":"Łucznicza","bus":1,"tram":0,"rail":0,"n":2,"imp":0.035,"node":0,"deg":2,"term":0,"major":0},"geometry":{"type":"Point","coordinates":[21.006174,52.188612]}},{"type":"Feature","properties":{"id":"s1511","name":"Piaseczno Wojska Polskiego","bus":1,"tram":0,"rail":0,"n":20,"imp":0.218,"node":1,"deg":6,"term":0,"major":1},"geometry":{"type":"Point","coordinates":[20.966203,52.152672]}},{"type":"Feature","properties":{"id":"s1512","name":"Piaseczno Jarząbka","bus":1,"tram":0,"rail":0,"n":10,"imp":0.119,"node":1,"deg":4,"term":0,"major":1},"geometry":{"type":"Point","coordinates":[20.964149,52.151413]}},{"type":"Feature","properties":{"id":"s1513","name":"Piaseczno Powstańców Warszawy","bus":1,"tram":0,"rail":0,"n":9,"imp":0.111,"node":1,"deg":4,"term":0,"major":1},"geometry":{"type":"Point","coordinates":[20.964149,52.150154]}},{"type":"Feature","properties":{"id":"s1514","name":"Małe Siekierki","bus":1,"tram":0,"rail":0,"n":6,"imp":0.089,"node":1,"deg":3,"term":1,"major":0},"geometry":{"type":"Point","coordinates":[21.003186,52.201775]}},{"type":"Feature","properties":{"id":"s1515","name":"Ogrody Działkowe Czerniaków","bus":1,"tram":0,"rail":0,"n":4,"imp":0.051,"node":0,"deg":2,"term":0,"major":0},"geometry":{"type":"Point","coordinates":[20.999803,52.200961]}},{"type":"Feature","properties":{"id":"s1516","name":"Beethovena","bus":1,"tram":0,"rail":0,"n":4,"imp":0.061,"node":1,"deg":3,"term":0,"major":0},"geometry":{"type":"Point","coordinates":[20.994967,52.196739]}},{"type":"Feature","properties":{"id":"s1517","name":"Do Fortu","bus":1,"tram":0,"rail":0,"n":3,"imp":0.043,"node":0,"deg":2,"term":0,"major":0},"geometry":{"type":"Point","coordinates":[20.976594,52.199257]}},{"type":"Feature","properties":{"id":"s1518","name":"Antoninów Cm. Południowy - Brama Płd.","bus":1,"tram":0,"rail":0,"n":5,"imp":0.146,"node":1,"deg":6,"term":1,"major":1},"geometry":{"type":"Point","coordinates":[20.914839,52.146377]}},{"type":"Feature","properties":{"id":"s1519","name":"Antoninów Cm. Południowy - Brama Wsch.","bus":1,"tram":0,"rail":0,"n":2,"imp":0.035,"node":0,"deg":2,"term":0,"major":0},"geometry":{"type":"Point","coordinates":[20.918948,52.146377]}},{"type":"Feature","properties":{"id":"s1520","name":"Kuleszówka","bus":1,"tram":0,"rail":0,"n":4,"imp":0.071,"node":1,"deg":4,"term":0,"major":0},"geometry":{"type":"Point","coordinates":[20.923057,52.146377]}},{"type":"Feature","properties":{"id":"s1521","name":"Robercin Orzechowa","bus":1,"tram":0,"rail":0,"n":1,"imp":0.037,"node":1,"deg":3,"term":0,"major":0},"geometry":{"type":"Point","coordinates":[20.927166,52.145118]}},{"type":"Feature","properties":{"id":"s1522","name":"Wola Gołkowska Rybna","bus":1,"tram":0,"rail":0,"n":1,"imp":0.027,"node":0,"deg":2,"term":0,"major":0},"geometry":{"type":"Point","coordinates":[20.930708,52.143859]}},{"type":"Feature","properties":{"id":"s1523","name":"Bobrowiec Żwirowa","bus":1,"tram":0,"rail":0,"n":3,"imp":0.053,"node":1,"deg":3,"term":0,"major":0},"geometry":{"type":"Point","coordinates":[20.943603,52.147636]}},{"type":"Feature","properties":{"id":"s1524","name":"Pileckiego","bus":1,"tram":0,"rail":0,"n":3,"imp":0.065,"node":1,"deg":3,"term":1,"major":0},"geometry":{"type":"Point","coordinates":[20.984695,52.171558]}},{"type":"Feature","properties":{"id":"s1525","name":"Os. Patio","bus":1,"tram":0,"rail":0,"n":2,"imp":0.035,"node":0,"deg":2,"term":0,"major":0},"geometry":{"type":"Point","coordinates":[21.001131,52.170299]}},{"type":"Feature","properties":{"id":"s1526","name":"Piaseczno Pomorska","bus":1,"tram":0,"rail":0,"n":10,"imp":0.119,"node":1,"deg":4,"term":0,"major":1},"geometry":{"type":"Point","coordinates":[20.964149,52.147636]}},{"type":"Feature","properties":{"id":"s1527","name":"Kabaty - STP","bus":1,"tram":0,"rail":0,"n":1,"imp":0.03,"node":1,"deg":1,"term":1,"major":0},"geometry":{"type":"Point","coordinates":[20.988804,52.166522]}},{"type":"Feature","properties":{"id":"s1528","name":"Wałbrzyska - Cmentarz","bus":1,"tram":0,"rail":0,"n":6,"imp":0.067,"node":0,"deg":2,"term":0,"major":0},"geometry":{"type":"Point","coordinates":[20.989831,52.186667]}},{"type":"Feature","properties":{"id":"s1529","name":"Bacha","bus":1,"tram":0,"rail":1,"n":4,"imp":0.079,"node":1,"deg":2,"term":1,"major":0},"geometry":{"type":"Point","coordinates":[20.986749,52.184148]}},{"type":"Feature","properties":{"id":"s1530","name":"Bąkówka Ładna","bus":1,"tram":0,"rail":0,"n":1,"imp":0.037,"node":1,"deg":3,"term":0,"major":0},"geometry":{"type":"Point","coordinates":[20.939494,52.143859]}},{"type":"Feature","properties":{"id":"s1531","name":"Piaseczno Gerbera","bus":1,"tram":0,"rail":0,"n":6,"imp":0.079,"node":1,"deg":2,"term":1,"major":0},"geometry":{"type":"Point","coordinates":[20.970313,52.148895]}},{"type":"Feature","properties":{"id":"s1532","name":"Tor Służewiec","bus":1,"tram":0,"rail":0,"n":1,"imp":0.03,"node":1,"deg":1,"term":1,"major":0},"geometry":{"type":"Point","coordinates":[20.976476,52.177853]}},{"type":"Feature","properties":{"id":"s1533","name":"Osmańska - DHL","bus":1,"tram":0,"rail":0,"n":2,"imp":0.047,"node":1,"deg":2,"term":1,"major":0},"geometry":{"type":"Point","coordinates":[20.970313,52.171558]}},{"type":"Feature","properties":{"id":"s1534","name":"Osmańska","bus":1,"tram":0,"rail":0,"n":4,"imp":0.071,"node":1,"deg":4,"term":0,"major":0},"geometry":{"type":"Point","coordinates":[20.970313,52.174076]}},{"type":"Feature","properties":{"id":"s1535","name":"Józefosław Agatowa","bus":1,"tram":0,"rail":0,"n":3,"imp":0.072,"node":1,"deg":5,"term":0,"major":0},"geometry":{"type":"Point","coordinates":[20.974422,52.156449]}},{"type":"Feature","properties":{"id":"s1536","name":"Józefosław Wilanowska","bus":1,"tram":0,"rail":0,"n":5,"imp":0.1,"node":1,"deg":5,"term":1,"major":1},"geometry":{"type":"Point","coordinates":[20.976476,52.156449]}},{"type":"Feature","properties":{"id":"s1537","name":"Józefosław Komety","bus":1,"tram":0,"rail":0,"n":4,"imp":0.061,"node":1,"deg":3,"term":0,"major":0},"geometry":{"type":"Point","coordinates":[20.978531,52.157708]}},{"type":"Feature","properties":{"id":"s1538","name":"Józefosław Magnolii","bus":1,"tram":0,"rail":0,"n":4,"imp":0.071,"node":1,"deg":4,"term":0,"major":0},"geometry":{"type":"Point","coordinates":[20.980585,52.158967]}},{"type":"Feature","properties":{"id":"s1539","name":"Józefosław Kameralna","bus":1,"tram":0,"rail":0,"n":3,"imp":0.063,"node":1,"deg":4,"term":0,"major":0},"geometry":{"type":"Point","coordinates":[20.984695,52.161486]}},{"type":"Feature","properties":{"id":"s1540","name":"Józefosław XXI Wieku","bus":1,"tram":0,"rail":0,"n":4,"imp":0.071,"node":1,"deg":4,"term":0,"major":0},"geometry":{"type":"Point","coordinates":[20.976476,52.157708]}},{"type":"Feature","properties":{"id":"s1541","name":"Bąkówka","bus":1,"tram":0,"rail":0,"n":1,"imp":0.027,"node":0,"deg":2,"term":0,"major":0},"geometry":{"type":"Point","coordinates":[20.938467,52.143229]}},{"type":"Feature","properties":{"id":"s1542","name":"Wola Gołkowska Robercin","bus":1,"tram":0,"rail":0,"n":1,"imp":0.027,"node":0,"deg":2,"term":0,"major":0},"geometry":{"type":"Point","coordinates":[20.935101,52.143859]}},{"type":"Feature","properties":{"id":"s1543","name":"Józefosław Osiedlowa","bus":1,"tram":0,"rail":0,"n":3,"imp":0.053,"node":1,"deg":3,"term":0,"major":0},"geometry":{"type":"Point","coordinates":[20.972367,52.157708]}},{"type":"Feature","properties":{"id":"s1544","name":"Oś Królewska","bus":1,"tram":1,"rail":0,"n":5,"imp":0.075,"node":0,"deg":2,"term":0,"major":0},"geometry":{"type":"Point","coordinates":[20.999077,52.184568]}},{"type":"Feature","properties":{"id":"s1545","name":"Świątynia Opatrzności Bożej","bus":1,"tram":1,"rail":0,"n":5,"imp":0.075,"node":0,"deg":2,"term":0,"major":0},"geometry":{"type":"Point","coordinates":[20.999077,52.18247]}},{"type":"Feature","properties":{"id":"s1546","name":"Konstancin-Jeziorna Od Lasu","bus":1,"tram":0,"rail":0,"n":2,"imp":0.035,"node":0,"deg":2,"term":0,"major":0},"geometry":{"type":"Point","coordinates":[21.002885,52.160227]}},{"type":"Feature","properties":{"id":"s1547","name":"Słomczyn Łyczyńska","bus":1,"tram":0,"rail":0,"n":3,"imp":0.053,"node":1,"deg":3,"term":0,"major":0},"geometry":{"type":"Point","coordinates":[21.003186,52.15519]}},{"type":"Feature","properties":{"id":"s1548","name":"Słomczyn - Szkoła","bus":1,"tram":0,"rail":0,"n":3,"imp":0.065,"node":1,"deg":3,"term":1,"major":0},"geometry":{"type":"Point","coordinates":[21.00524,52.153931]}},{"type":"Feature","properties":{"id":"s1549","name":"Słomczyn Jabłoniowa","bus":1,"tram":0,"rail":0,"n":3,"imp":0.072,"node":1,"deg":5,"term":0,"major":0},"geometry":{"type":"Point","coordinates":[21.007295,52.152672]}},{"type":"Feature","properties":{"id":"s1550","name":"Kawęczyn","bus":1,"tram":0,"rail":0,"n":1,"imp":0.027,"node":0,"deg":2,"term":0,"major":0},"geometry":{"type":"Point","coordinates":[21.007295,52.150838]}},{"type":"Feature","properties":{"id":"s1551","name":"Kawęczyn II","bus":1,"tram":0,"rail":0,"n":1,"imp":0.027,"node":0,"deg":2,"term":0,"major":0},"geometry":{"type":"Point","coordinates":[21.007295,52.149003]}},{"type":"Feature","properties":{"id":"s1552","name":"Brześce","bus":1,"tram":0,"rail":0,"n":1,"imp":0.027,"node":0,"deg":2,"term":0,"major":0},"geometry":{"type":"Point","coordinates":[21.009287,52.147674]}},{"type":"Feature","properties":{"id":"s1553","name":"Wólka Załęska","bus":1,"tram":0,"rail":0,"n":2,"imp":0.045,"node":1,"deg":3,"term":0,"major":0},"geometry":{"type":"Point","coordinates":[21.011404,52.146377]}},{"type":"Feature","properties":{"id":"s1554","name":"Moczydłów Ku Słońcu","bus":1,"tram":0,"rail":0,"n":2,"imp":0.035,"node":0,"deg":2,"term":0,"major":0},"geometry":{"type":"Point","coordinates":[21.011404,52.145118]}},{"type":"Feature","properties":{"id":"s1555","name":"Moczydłów","bus":1,"tram":0,"rail":0,"n":2,"imp":0.035,"node":0,"deg":2,"term":0,"major":0},"geometry":{"type":"Point","coordinates":[21.011404,52.143859]}},{"type":"Feature","properties":{"id":"s1556","name":"Góra Kalwaria Wyszyńskiego","bus":1,"tram":0,"rail":0,"n":2,"imp":0.035,"node":0,"deg":2,"term":0,"major":0},"geometry":{"type":"Point","coordinates":[21.011404,52.1426]}},{"type":"Feature","properties":{"id":"s1557","name":"Góra Kalwaria Rynek","bus":1,"tram":0,"rail":0,"n":5,"imp":0.129,"node":1,"deg":3,"term":1,"major":1},"geometry":{"type":"Point","coordinates":[21.011404,52.138823]}},{"type":"Feature","properties":{"id":"s1558","name":"Góra Kalwaria Pijarska","bus":1,"tram":0,"rail":0,"n":4,"imp":0.071,"node":1,"deg":4,"term":0,"major":0},"geometry":{"type":"Point","coordinates":[21.011404,52.141341]}},{"type":"Feature","properties":{"id":"s1559","name":"Piaseczno Dworcowa","bus":1,"tram":0,"rail":0,"n":9,"imp":0.111,"node":1,"deg":4,"term":0,"major":1},"geometry":{"type":"Point","coordinates":[20.962094,52.148895]}},{"type":"Feature","properties":{"id":"s1560","name":"Solec","bus":1,"tram":0,"rail":0,"n":2,"imp":0.054,"node":1,"deg":4,"term":0,"major":0},"geometry":{"type":"Point","coordinates":[20.990858,52.145118]}},{"type":"Feature","properties":{"id":"s1561","name":"Tomice","bus":1,"tram":0,"rail":0,"n":1,"imp":0.027,"node":0,"deg":2,"term":0,"major":0},"geometry":{"type":"Point","coordinates":[21.001332,52.143736]}},{"type":"Feature","properties":{"id":"s1562","name":"Kąty","bus":1,"tram":0,"rail":0,"n":2,"imp":0.045,"node":1,"deg":3,"term":0,"major":0},"geometry":{"type":"Point","coordinates":[21.003186,52.1426]}},{"type":"Feature","properties":{"id":"s1563","name":"Mikówiec","bus":1,"tram":0,"rail":0,"n":2,"imp":0.035,"node":0,"deg":2,"term":0,"major":0},"geometry":{"type":"Point","coordinates":[21.004213,52.14197]}},{"type":"Feature","properties":{"id":"s1564","name":"Korbońskiego","bus":1,"tram":0,"rail":0,"n":4,"imp":0.061,"node":1,"deg":3,"term":0,"major":0},"geometry":{"type":"Point","coordinates":[21.001131,52.171558]}},{"type":"Feature","properties":{"id":"s1565","name":"Komputerowa","bus":1,"tram":0,"rail":0,"n":1,"imp":0.027,"node":0,"deg":2,"term":0,"major":0},"geometry":{"type":"Point","coordinates":[20.972367,52.184148]}},{"type":"Feature","properties":{"id":"s1566","name":"Piaseczno Nadarzyńska","bus":1,"tram":0,"rail":0,"n":10,"imp":0.109,"node":1,"deg":3,"term":0,"major":1},"geometry":{"type":"Point","coordinates":[20.968258,52.151413]}},{"type":"Feature","properties":{"id":"s1567","name":"Miasteczko Wilanów","bus":1,"tram":1,"rail":0,"n":8,"imp":0.145,"node":1,"deg":3,"term":1,"major":1},"geometry":{"type":"Point","coordinates":[20.999077,52.180371]}},{"type":"Feature","properties":{"id":"s1568","name":"Okrzeszyn Wiechy","bus":1,"tram":0,"rail":0,"n":1,"imp":0.027,"node":0,"deg":2,"term":0,"major":0},"geometry":{"type":"Point","coordinates":[21.010171,52.172817]}},{"type":"Feature","properties":{"id":"s1569","name":"Józefosław Cyraneczki","bus":1,"tram":0,"rail":0,"n":2,"imp":0.045,"node":1,"deg":3,"term":0,"major":0},"geometry":{"type":"Point","coordinates":[20.980585,52.160227]}},{"type":"Feature","properties":{"id":"s1570","name":"Ku Wiśle","bus":1,"tram":0,"rail":0,"n":2,"imp":0.035,"node":0,"deg":2,"term":0,"major":0},"geometry":{"type":"Point","coordinates":[20.999488,52.20807]}},{"type":"Feature","properties":{"id":"s1571","name":"Sągi","bus":1,"tram":0,"rail":0,"n":1,"imp":0.039,"node":1,"deg":2,"term":1,"major":0},"geometry":{"type":"Point","coordinates":[21.017568,52.177853]}},{"type":"Feature","properties":{"id":"s1572","name":"Bytnara","bus":1,"tram":0,"rail":0,"n":4,"imp":0.051,"node":0,"deg":2,"term":0,"major":0},"geometry":{"type":"Point","coordinates":[20.98264,52.195849]}},{"type":"Feature","properties":{"id":"s1573","name":"Sarmacka","bus":1,"tram":0,"rail":0,"n":4,"imp":0.063,"node":1,"deg":2,"term":1,"major":0},"geometry":{"type":"Point","coordinates":[21.001131,52.18163]}},{"type":"Feature","properties":{"id":"s1574","name":"Bruzdowa - Kościół","bus":1,"tram":0,"rail":0,"n":1,"imp":0.027,"node":0,"deg":2,"term":0,"major":0},"geometry":{"type":"Point","coordinates":[21.016541,52.18226]}},{"type":"Feature","properties":{"id":"s1575","name":"Prętowa","bus":1,"tram":0,"rail":0,"n":1,"imp":0.037,"node":1,"deg":3,"term":0,"major":0},"geometry":{"type":"Point","coordinates":[21.017568,52.18163]}},{"type":"Feature","properties":{"id":"s1576","name":"Calowa","bus":1,"tram":0,"rail":0,"n":1,"imp":0.027,"node":0,"deg":2,"term":0,"major":0},"geometry":{"type":"Point","coordinates":[21.017568,52.179742]}},{"type":"Feature","properties":{"id":"s1577","name":"Farbiarska","bus":1,"tram":0,"rail":0,"n":1,"imp":0.027,"node":0,"deg":2,"term":0,"major":0},"geometry":{"type":"Point","coordinates":[20.970019,52.164004]}},{"type":"Feature","properties":{"id":"s1578","name":"Jeziorki Płn.","bus":1,"tram":0,"rail":0,"n":1,"imp":0.027,"node":0,"deg":2,"term":0,"major":0},"geometry":{"type":"Point","coordinates":[20.967671,52.164004]}},{"type":"Feature","properties":{"id":"s1579","name":"Sarabandy","bus":1,"tram":0,"rail":0,"n":1,"imp":0.027,"node":0,"deg":2,"term":0,"major":0},"geometry":{"type":"Point","coordinates":[20.965323,52.164004]}},{"type":"Feature","properties":{"id":"s1580","name":"Kórnicka","bus":1,"tram":0,"rail":0,"n":1,"imp":0.027,"node":0,"deg":2,"term":0,"major":0},"geometry":{"type":"Point","coordinates":[20.962975,52.164004]}},{"type":"Feature","properties":{"id":"s1581","name":"PKP Dawidy","bus":1,"tram":0,"rail":0,"n":1,"imp":0.027,"node":0,"deg":2,"term":0,"major":0},"geometry":{"type":"Point","coordinates":[20.960627,52.164004]}},{"type":"Feature","properties":{"id":"s1582","name":"Os. Kabaty","bus":1,"tram":0,"rail":0,"n":8,"imp":0.179,"node":1,"deg":2,"term":1,"major":1},"geometry":{"type":"Point","coordinates":[20.992913,52.16904]}},{"type":"Feature","properties":{"id":"s1583","name":"Warchałowskiego","bus":1,"tram":0,"rail":0,"n":2,"imp":0.035,"node":0,"deg":2,"term":0,"major":0},"geometry":{"type":"Point","coordinates":[20.986749,52.173447]}},{"type":"Feature","properties":{"id":"s1584","name":"Tarniny","bus":1,"tram":0,"rail":0,"n":4,"imp":0.051,"node":0,"deg":2,"term":0,"major":0},"geometry":{"type":"Point","coordinates":[20.98264,52.184148]}},{"type":"Feature","properties":{"id":"s1585","name":"Dawidy","bus":1,"tram":0,"rail":0,"n":1,"imp":0.027,"node":0,"deg":2,"term":0,"major":0},"geometry":{"type":"Point","coordinates":[20.958279,52.164004]}},{"type":"Feature","properties":{"id":"s1586","name":"Dawidy Baletowa","bus":1,"tram":0,"rail":0,"n":2,"imp":0.057,"node":1,"deg":3,"term":1,"major":0},"geometry":{"type":"Point","coordinates":[20.95593,52.164004]}},{"type":"Feature","properties":{"id":"s1587","name":"Os. Nowy Mokotów","bus":1,"tram":0,"rail":0,"n":1,"imp":0.027,"node":0,"deg":2,"term":0,"major":0},"geometry":{"type":"Point","coordinates":[20.973394,52.189814]}},{"type":"Feature","properties":{"id":"s1588","name":"Suwak","bus":1,"tram":0,"rail":0,"n":2,"imp":0.054,"node":1,"deg":4,"term":0,"major":0},"geometry":{"type":"Point","coordinates":[20.972367,52.189185]}},{"type":"Feature","properties":{"id":"s1589","name":"Domaniewska Office Park","bus":1,"tram":0,"rail":0,"n":1,"imp":0.027,"node":0,"deg":2,"term":0,"major":0},"geometry":{"type":"Point","coordinates":[20.975107,52.189185]}},{"type":"Feature","properties":{"id":"s1590","name":"Park Postępu","bus":1,"tram":0,"rail":0,"n":1,"imp":0.027,"node":0,"deg":2,"term":0,"major":0},"geometry":{"type":"Point","coordinates":[20.977846,52.189185]}},{"type":"Feature","properties":{"id":"s1591","name":"Taneczna","bus":1,"tram":0,"rail":0,"n":1,"imp":0.037,"node":1,"deg":3,"term":0,"major":0},"geometry":{"type":"Point","coordinates":[20.976476,52.174076]}},{"type":"Feature","properties":{"id":"s1592","name":"Samsonowska","bus":1,"tram":0,"rail":0,"n":1,"imp":0.027,"node":0,"deg":2,"term":0,"major":0},"geometry":{"type":"Point","coordinates":[20.974572,52.172909]}},{"type":"Feature","properties":{"id":"s1593","name":"Kondracka","bus":1,"tram":0,"rail":0,"n":1,"imp":0.027,"node":0,"deg":2,"term":0,"major":0},"geometry":{"type":"Point","coordinates":[20.972668,52.171742]}},{"type":"Feature","properties":{"id":"s1594","name":"Flamenco","bus":1,"tram":0,"rail":0,"n":1,"imp":0.027,"node":0,"deg":2,"term":0,"major":0},"geometry":{"type":"Point","coordinates":[20.970764,52.170575]}},{"type":"Feature","properties":{"id":"s1595","name":"Krasnowola","bus":1,"tram":0,"rail":0,"n":1,"imp":0.03,"node":1,"deg":1,"term":1,"major":0},"geometry":{"type":"Point","coordinates":[20.970313,52.16904]}},{"type":"Feature","properties":{"id":"s1596","name":"Łukaszczyka","bus":1,"tram":0,"rail":0,"n":5,"imp":0.059,"node":0,"deg":2,"term":0,"major":0},"geometry":{"type":"Point","coordinates":[20.98127,52.173237]}},{"type":"Feature","properties":{"id":"s1597","name":"Wiedeńska","bus":1,"tram":0,"rail":0,"n":4,"imp":0.051,"node":0,"deg":2,"term":0,"major":0},"geometry":{"type":"Point","coordinates":[21.000309,52.171558]}},{"type":"Feature","properties":{"id":"s1598","name":"Rów Natoliński","bus":1,"tram":0,"rail":0,"n":4,"imp":0.051,"node":0,"deg":2,"term":0,"major":0},"geometry":{"type":"Point","coordinates":[20.999488,52.171558]}},{"type":"Feature","properties":{"id":"s1599","name":"Rosnowskiego","bus":1,"tram":0,"rail":0,"n":4,"imp":0.051,"node":0,"deg":2,"term":0,"major":0},"geometry":{"type":"Point","coordinates":[20.997844,52.171558]}},{"type":"Feature","properties":{"id":"s1600","name":"Pozytywki","bus":1,"tram":0,"rail":0,"n":3,"imp":0.043,"node":0,"deg":2,"term":0,"major":0},"geometry":{"type":"Point","coordinates":[20.965991,52.160227]}},{"type":"Feature","properties":{"id":"s1601","name":"Przy Bażantarni","bus":1,"tram":0,"rail":0,"n":1,"imp":0.027,"node":0,"deg":2,"term":0,"major":0},"geometry":{"type":"Point","coordinates":[20.994967,52.172817]}},{"type":"Feature","properties":{"id":"s1602","name":"Batalionu AK „Bałtyk”","bus":1,"tram":0,"rail":0,"n":2,"imp":0.035,"node":0,"deg":2,"term":0,"major":0},"geometry":{"type":"Point","coordinates":[21.001131,52.203034]}},{"type":"Feature","properties":{"id":"s1603","name":"Grupy AK „Północ”","bus":1,"tram":0,"rail":0,"n":2,"imp":0.035,"node":0,"deg":2,"term":0,"major":0},"geometry":{"type":"Point","coordinates":[20.999077,52.204293]}},{"type":"Feature","properties":{"id":"s1604","name":"Betoniarnia","bus":1,"tram":0,"rail":0,"n":2,"imp":0.035,"node":0,"deg":2,"term":0,"major":0},"geometry":{"type":"Point","coordinates":[21.005427,52.18907]}},{"type":"Feature","properties":{"id":"s1605","name":"Piaseczno Fabryczna","bus":1,"tram":0,"rail":0,"n":4,"imp":0.071,"node":1,"deg":4,"term":0,"major":0},"geometry":{"type":"Point","coordinates":[20.968258,52.152672]}},{"type":"Feature","properties":{"id":"s1606","name":"Piaseczno Kościelna","bus":1,"tram":0,"rail":0,"n":18,"imp":0.192,"node":1,"deg":5,"term":0,"major":1},"geometry":{"type":"Point","coordinates":[20.970313,52.151413]}},{"type":"Feature","properties":{"id":"s1607","name":"Langego","bus":1,"tram":0,"rail":0,"n":10,"imp":0.099,"node":0,"deg":2,"term":0,"major":1},"geometry":{"type":"Point","coordinates":[20.981613,52.189185]}},{"type":"Feature","properties":{"id":"s1608","name":"Piaseczno Strumykowa","bus":1,"tram":0,"rail":0,"n":3,"imp":0.072,"node":1,"deg":5,"term":0,"major":0},"geometry":{"type":"Point","coordinates":[20.978531,52.15519]}},{"type":"Feature","properties":{"id":"s1609","name":"Piaseczno Urbanistów","bus":1,"tram":0,"rail":0,"n":3,"imp":0.053,"node":1,"deg":3,"term":0,"major":0},"geometry":{"type":"Point","coordinates":[20.98264,52.156449]}},{"type":"Feature","properties":{"id":"s1610","name":"Konstancin-Jeziorna Warszawska","bus":1,"tram":0,"rail":0,"n":5,"imp":0.059,"node":0,"deg":2,"term":0,"major":0},"geometry":{"type":"Point","coordinates":[21.001131,52.166941]}},{"type":"Feature","properties":{"id":"s1611","name":"Łukowa","bus":1,"tram":0,"rail":0,"n":3,"imp":0.043,"node":0,"deg":2,"term":0,"major":0},"geometry":{"type":"Point","coordinates":[20.991886,52.187926]}},{"type":"Feature","properties":{"id":"s1612","name":"Konstancin-Jeziorna Pułaskiego","bus":1,"tram":0,"rail":0,"n":2,"imp":0.035,"node":0,"deg":2,"term":0,"major":0},"geometry":{"type":"Point","coordinates":[20.990173,52.157708]}},{"type":"Feature","properties":{"id":"s1613","name":"Chylice Długa","bus":1,"tram":0,"rail":0,"n":3,"imp":0.053,"node":1,"deg":3,"term":0,"major":0},"geometry":{"type":"Point","coordinates":[20.984695,52.153931]}},{"type":"Feature","properties":{"id":"s1614","name":"Wyględowska","bus":1,"tram":0,"rail":0,"n":2,"imp":0.045,"node":1,"deg":3,"term":0,"major":0},"geometry":{"type":"Point","coordinates":[20.974422,52.194221]}},{"type":"Feature","properties":{"id":"s1615","name":"Wyjazd","bus":1,"tram":0,"rail":0,"n":2,"imp":0.045,"node":1,"deg":3,"term":0,"major":0},"geometry":{"type":"Point","coordinates":[20.976476,52.19548]}},{"type":"Feature","properties":{"id":"s1616","name":"Etiudy Rewolucyjnej","bus":1,"tram":0,"rail":0,"n":2,"imp":0.045,"node":1,"deg":3,"term":0,"major":0},"geometry":{"type":"Point","coordinates":[20.976476,52.192962]}},{"type":"Feature","properties":{"id":"s1617","name":"Indiry Gandhi","bus":1,"tram":0,"rail":0,"n":2,"imp":0.045,"node":1,"deg":3,"term":0,"major":0},"geometry":{"type":"Point","coordinates":[20.98264,52.171558]}},{"type":"Feature","properties":{"id":"s1618","name":"Instytut Hematologii","bus":1,"tram":0,"rail":0,"n":1,"imp":0.027,"node":0,"deg":2,"term":0,"major":0},"geometry":{"type":"Point","coordinates":[20.983667,52.172187]}},{"type":"Feature","properties":{"id":"s1619","name":"Baniocha - Marki","bus":1,"tram":0,"rail":0,"n":1,"imp":0.027,"node":0,"deg":2,"term":0,"major":0},"geometry":{"type":"Point","coordinates":[20.999478,52.144872]}},{"type":"Feature","properties":{"id":"s1620","name":"Góra Kalwaria Adamowicza","bus":1,"tram":0,"rail":0,"n":2,"imp":0.045,"node":1,"deg":3,"term":0,"major":0},"geometry":{"type":"Point","coordinates":[21.00524,52.141341]}},{"type":"Feature","properties":{"id":"s1621","name":"Góra Kalwaria Pijarska - Basen","bus":1,"tram":0,"rail":0,"n":2,"imp":0.035,"node":0,"deg":2,"term":0,"major":0},"geometry":{"type":"Point","coordinates":[21.008322,52.141341]}},{"type":"Feature","properties":{"id":"s1622","name":"Góra Kalwaria Mickiewicza","bus":1,"tram":0,"rail":0,"n":2,"imp":0.035,"node":0,"deg":2,"term":0,"major":0},"geometry":{"type":"Point","coordinates":[21.008322,52.141341]}},{"type":"Feature","properties":{"id":"s1623","name":"Piaseczno Tukanów","bus":1,"tram":0,"rail":0,"n":1,"imp":0.027,"node":0,"deg":2,"term":0,"major":0},"geometry":{"type":"Point","coordinates":[20.964751,52.153931]}},{"type":"Feature","properties":{"id":"s1624","name":"Piaseczno Pawia","bus":1,"tram":0,"rail":0,"n":1,"imp":0.037,"node":1,"deg":3,"term":0,"major":0},"geometry":{"type":"Point","coordinates":[20.962094,52.152672]}},{"type":"Feature","properties":{"id":"s1625","name":"Piaseczno Targowisko","bus":1,"tram":0,"rail":0,"n":3,"imp":0.096,"node":1,"deg":5,"term":1,"major":0},"geometry":{"type":"Point","coordinates":[20.957985,52.151413]}},{"type":"Feature","properties":{"id":"s1626","name":"Nawłocka","bus":1,"tram":0,"rail":0,"n":3,"imp":0.043,"node":0,"deg":2,"term":0,"major":0},"geometry":{"type":"Point","coordinates":[20.961643,52.15995]}},{"type":"Feature","properties":{"id":"s1627","name":"Os. Pozytywny Mokotów","bus":1,"tram":0,"rail":0,"n":14,"imp":0.151,"node":1,"deg":4,"term":0,"major":1},"geometry":{"type":"Point","coordinates":[20.978531,52.190444]}},{"type":"Feature","properties":{"id":"s1629","name":"Św. U. Ledóchowskiej","bus":1,"tram":0,"rail":0,"n":4,"imp":0.051,"node":0,"deg":2,"term":0,"major":0},"geometry":{"type":"Point","coordinates":[20.997022,52.179112]}},{"type":"Feature","properties":{"id":"s1630","name":"Bergamotki","bus":1,"tram":0,"rail":0,"n":2,"imp":0.035,"node":0,"deg":2,"term":0,"major":0},"geometry":{"type":"Point","coordinates":[20.992913,52.189814]}},{"type":"Feature","properties":{"id":"s1631","name":"Góra Kalwaria Kalwaryjska","bus":1,"tram":0,"rail":0,"n":1,"imp":0.027,"node":0,"deg":2,"term":0,"major":0},"geometry":{"type":"Point","coordinates":[21.007554,52.138823]}},{"type":"Feature","properties":{"id":"s1632","name":"Piaseczno Rubinowa","bus":1,"tram":0,"rail":0,"n":2,"imp":0.035,"node":0,"deg":2,"term":0,"major":0},"geometry":{"type":"Point","coordinates":[20.97134,52.15519]}},{"type":"Feature","properties":{"id":"s1633","name":"Piaseczno Os. Elektra","bus":1,"tram":0,"rail":0,"n":2,"imp":0.064,"node":1,"deg":5,"term":0,"major":0},"geometry":{"type":"Point","coordinates":[20.974422,52.15519]}},{"type":"Feature","properties":{"id":"s1634","name":"Ławki","bus":1,"tram":0,"rail":0,"n":1,"imp":0.027,"node":0,"deg":2,"term":0,"major":0},"geometry":{"type":"Point","coordinates":[20.966203,52.132071]}},{"type":"Feature","properties":{"id":"s1635","name":"Ławki Polna","bus":1,"tram":0,"rail":0,"n":1,"imp":0.027,"node":0,"deg":2,"term":0,"major":0},"geometry":{"type":"Point","coordinates":[20.966203,52.132586]}},{"type":"Feature","properties":{"id":"s1636","name":"Goworka","bus":1,"tram":1,"rail":0,"n":14,"imp":0.186,"node":1,"deg":6,"term":0,"major":1},"geometry":{"type":"Point","coordinates":[20.988804,52.20807]}},{"type":"Feature","properties":{"id":"s1637","name":"Baszkówka Brzoskwiniowa","bus":1,"tram":0,"rail":0,"n":1,"imp":0.027,"node":0,"deg":2,"term":0,"major":0},"geometry":{"type":"Point","coordinates":[20.927166,52.140082]}},{"type":"Feature","properties":{"id":"s1638","name":"Łoś Lipowa","bus":1,"tram":0,"rail":0,"n":1,"imp":0.027,"node":0,"deg":2,"term":0,"major":0},"geometry":{"type":"Point","coordinates":[20.945658,52.1323]}},{"type":"Feature","properties":{"id":"s1639","name":"Ławki Główna","bus":1,"tram":0,"rail":0,"n":1,"imp":0.027,"node":0,"deg":2,"term":0,"major":0},"geometry":{"type":"Point","coordinates":[20.966203,52.131555]}},{"type":"Feature","properties":{"id":"s1640","name":"Jaroszowa Wola Klonowa","bus":1,"tram":0,"rail":0,"n":1,"imp":0.027,"node":0,"deg":2,"term":0,"major":0},"geometry":{"type":"Point","coordinates":[20.95593,52.132189]}},{"type":"Feature","properties":{"id":"s1641","name":"Sielecka","bus":0,"tram":1,"rail":0,"n":1,"imp":0.027,"node":0,"deg":2,"term":0,"major":0},"geometry":{"type":"Point","coordinates":[20.994967,52.205552]}},{"type":"Feature","properties":{"id":"s1642","name":"Czersk I","bus":1,"tram":0,"rail":0,"n":1,"imp":0.027,"node":0,"deg":2,"term":0,"major":0},"geometry":{"type":"Point","coordinates":[21.011404,52.137144]}},{"type":"Feature","properties":{"id":"s1643","name":"Idzikowskiego","bus":1,"tram":1,"rail":0,"n":11,"imp":0.152,"node":1,"deg":5,"term":0,"major":1},"geometry":{"type":"Point","coordinates":[20.997022,52.196739]}},{"type":"Feature","properties":{"id":"s1644","name":"Hańczy","bus":1,"tram":0,"rail":0,"n":1,"imp":0.027,"node":0,"deg":2,"term":0,"major":0},"geometry":{"type":"Point","coordinates":[20.992913,52.197108]}},{"type":"Feature","properties":{"id":"s1645","name":"Płyćwiańska","bus":1,"tram":0,"rail":0,"n":1,"imp":0.027,"node":0,"deg":2,"term":0,"major":0},"geometry":{"type":"Point","coordinates":[20.991886,52.19485]}},{"type":"Feature","properties":{"id":"s1646","name":"Imielińska","bus":1,"tram":0,"rail":0,"n":2,"imp":0.035,"node":0,"deg":2,"term":0,"major":0},"geometry":{"type":"Point","coordinates":[20.991886,52.19485]}},{"type":"Feature","properties":{"id":"s1647","name":"Fort Piłsudskiego","bus":1,"tram":0,"rail":0,"n":2,"imp":0.045,"node":1,"deg":3,"term":0,"major":0},"geometry":{"type":"Point","coordinates":[20.992913,52.19548]}},{"type":"Feature","properties":{"id":"s1648","name":"Jastrzębie Jesiennych Liści","bus":1,"tram":0,"rail":0,"n":1,"imp":0.027,"node":0,"deg":2,"term":0,"major":0},"geometry":{"type":"Point","coordinates":[20.985781,52.15082]}},{"type":"Feature","properties":{"id":"s1649","name":"Żabieniec Ptaków Leśnych","bus":1,"tram":0,"rail":0,"n":1,"imp":0.027,"node":0,"deg":2,"term":0,"major":0},"geometry":{"type":"Point","coordinates":[20.980668,52.148895]}},{"type":"Feature","properties":{"id":"s1650","name":"Piaseczno Żółkiewskiego","bus":1,"tram":0,"rail":0,"n":1,"imp":0.027,"node":0,"deg":2,"term":0,"major":0},"geometry":{"type":"Point","coordinates":[20.962094,52.147636]}},{"type":"Feature","properties":{"id":"s1651","name":"Wojciechowice II","bus":1,"tram":0,"rail":0,"n":1,"imp":0.027,"node":0,"deg":2,"term":0,"major":0},"geometry":{"type":"Point","coordinates":[20.982189,52.139099]}},{"type":"Feature","properties":{"id":"s1652","name":"Wojciechowice III","bus":1,"tram":0,"rail":0,"n":1,"imp":0.037,"node":1,"deg":3,"term":0,"major":0},"geometry":{"type":"Point","coordinates":[20.984695,52.138823]}},{"type":"Feature","properties":{"id":"s1653","name":"Zalesie Górne Nowinki - ZHP","bus":1,"tram":0,"rail":0,"n":1,"imp":0.037,"node":1,"deg":3,"term":0,"major":0},"geometry":{"type":"Point","coordinates":[20.976476,52.1426]}},{"type":"Feature","properties":{"id":"s1654","name":"Chojnów Lazurowa","bus":1,"tram":0,"rail":0,"n":1,"imp":0.027,"node":0,"deg":2,"term":0,"major":0},"geometry":{"type":"Point","coordinates":[20.97838,52.141433]}},{"type":"Feature","properties":{"id":"s1655","name":"Wojciechowice I","bus":1,"tram":0,"rail":0,"n":1,"imp":0.027,"node":0,"deg":2,"term":0,"major":0},"geometry":{"type":"Point","coordinates":[20.980285,52.140266]}},{"type":"Feature","properties":{"id":"s1656","name":"Szymanów Prosta","bus":1,"tram":0,"rail":0,"n":1,"imp":0.027,"node":0,"deg":2,"term":0,"major":0},"geometry":{"type":"Point","coordinates":[20.999761,52.149315]}},{"type":"Feature","properties":{"id":"s1657","name":"Solec Jaśminowa","bus":1,"tram":0,"rail":0,"n":1,"imp":0.037,"node":1,"deg":3,"term":0,"major":0},"geometry":{"type":"Point","coordinates":[20.992913,52.146377]}},{"type":"Feature","properties":{"id":"s1658","name":"Solec Anyżkowa","bus":1,"tram":0,"rail":0,"n":1,"imp":0.027,"node":0,"deg":2,"term":0,"major":0},"geometry":{"type":"Point","coordinates":[20.992913,52.147636]}},{"type":"Feature","properties":{"id":"s1659","name":"Solec - Świetlica","bus":1,"tram":0,"rail":0,"n":1,"imp":0.027,"node":0,"deg":2,"term":0,"major":0},"geometry":{"type":"Point","coordinates":[20.992913,52.148895]}},{"type":"Feature","properties":{"id":"s1660","name":"Solec Słonecznikowa","bus":1,"tram":0,"rail":0,"n":1,"imp":0.037,"node":1,"deg":3,"term":0,"major":0},"geometry":{"type":"Point","coordinates":[20.992913,52.150154]}},{"type":"Feature","properties":{"id":"s1661","name":"Konstancin-Jeziorna Konstancin - Ratusz","bus":1,"tram":0,"rail":0,"n":3,"imp":0.043,"node":0,"deg":2,"term":0,"major":0},"geometry":{"type":"Point","coordinates":[20.998592,52.161189]}},{"type":"Feature","properties":{"id":"s1662","name":"Prażmów Kołczatki","bus":1,"tram":0,"rail":0,"n":1,"imp":0.027,"node":0,"deg":2,"term":0,"major":0},"geometry":{"type":"Point","coordinates":[20.939494,52.124973]}},{"type":"Feature","properties":{"id":"s1663","name":"Błonie k. Prażmowa Błońska","bus":1,"tram":0,"rail":0,"n":1,"imp":0.037,"node":1,"deg":3,"term":0,"major":0},"geometry":{"type":"Point","coordinates":[20.941548,52.123714]}},{"type":"Feature","properties":{"id":"s1664","name":"Dobrzenica Bażancia","bus":1,"tram":0,"rail":0,"n":1,"imp":0.027,"node":0,"deg":2,"term":0,"major":0},"geometry":{"type":"Point","coordinates":[20.948739,52.123714]}},{"type":"Feature","properties":{"id":"s1665","name":"Pilawa Braci Czapskich","bus":1,"tram":0,"rail":0,"n":2,"imp":0.035,"node":0,"deg":2,"term":0,"major":0},"geometry":{"type":"Point","coordinates":[20.984695,52.143913]}},{"type":"Feature","properties":{"id":"s1666","name":"Piaseczno Truskawkowa","bus":1,"tram":0,"rail":0,"n":2,"imp":0.035,"node":0,"deg":2,"term":0,"major":0},"geometry":{"type":"Point","coordinates":[20.982038,52.153931]}},{"type":"Feature","properties":{"id":"s1667","name":"Chyliczki Agrestowa","bus":1,"tram":0,"rail":0,"n":2,"imp":0.035,"node":0,"deg":2,"term":0,"major":0},"geometry":{"type":"Point","coordinates":[20.981187,52.15519]}},{"type":"Feature","properties":{"id":"s1668","name":"Józefosław Geodetów","bus":1,"tram":0,"rail":0,"n":3,"imp":0.053,"node":1,"deg":3,"term":0,"major":0},"geometry":{"type":"Point","coordinates":[20.98264,52.157708]}},{"type":"Feature","properties":{"id":"s1669","name":"Czernidła - Dom Ludowy","bus":1,"tram":0,"rail":0,"n":1,"imp":0.027,"node":0,"deg":2,"term":0,"major":0},"geometry":{"type":"Point","coordinates":[21.020136,52.163689]}},{"type":"Feature","properties":{"id":"s1670","name":"Antoninów Radomska","bus":1,"tram":0,"rail":0,"n":2,"imp":0.045,"node":1,"deg":3,"term":0,"major":0},"geometry":{"type":"Point","coordinates":[20.916893,52.143859]}},{"type":"Feature","properties":{"id":"s1671","name":"Antoninów Św. Antoniego","bus":1,"tram":0,"rail":0,"n":2,"imp":0.045,"node":1,"deg":3,"term":0,"major":0},"geometry":{"type":"Point","coordinates":[20.921003,52.145118]}},{"type":"Feature","properties":{"id":"s1672","name":"Kąty Stokrotki","bus":1,"tram":0,"rail":0,"n":1,"imp":0.027,"node":0,"deg":2,"term":0,"major":0},"geometry":{"type":"Point","coordinates":[21.000104,52.1426]}},{"type":"Feature","properties":{"id":"s1673","name":"Kąty Aloesowa","bus":1,"tram":0,"rail":0,"n":1,"imp":0.037,"node":1,"deg":3,"term":0,"major":0},"geometry":{"type":"Point","coordinates":[20.997022,52.1426]}},{"type":"Feature","properties":{"id":"s1674","name":"Baniocha Wilczynek","bus":1,"tram":0,"rail":0,"n":1,"imp":0.027,"node":0,"deg":2,"term":0,"major":0},"geometry":{"type":"Point","coordinates":[20.995995,52.143229]}},{"type":"Feature","properties":{"id":"s1675","name":"Baniocha - Szkoła","bus":1,"tram":0,"rail":0,"n":2,"imp":0.064,"node":1,"deg":5,"term":0,"major":0},"geometry":{"type":"Point","coordinates":[20.994967,52.143859]}},{"type":"Feature","properties":{"id":"s1676","name":"Antoninów Mieszkowo","bus":1,"tram":0,"rail":0,"n":2,"imp":0.045,"node":1,"deg":3,"term":0,"major":0},"geometry":{"type":"Point","coordinates":[20.916893,52.141341]}},{"type":"Feature","properties":{"id":"s1677","name":"Mokotów - Ratusz","bus":0,"tram":1,"rail":0,"n":3,"imp":0.053,"node":1,"deg":3,"term":0,"major":0},"geometry":{"type":"Point","coordinates":[20.984695,52.206811]}},{"type":"Feature","properties":{"id":"s1678","name":"Uwieliny Dębowa","bus":1,"tram":0,"rail":0,"n":1,"imp":0.027,"node":0,"deg":2,"term":0,"major":0},"geometry":{"type":"Point","coordinates":[20.966203,52.135678]}},{"type":"Feature","properties":{"id":"s1679","name":"Piaseczno Zgoda","bus":1,"tram":0,"rail":0,"n":14,"imp":0.309,"node":1,"deg":3,"term":1,"major":1},"geometry":{"type":"Point","coordinates":[20.974422,52.151413]}},{"type":"Feature","properties":{"id":"s1680","name":"Żabieniec Kościół","bus":1,"tram":0,"rail":0,"n":1,"imp":0.037,"node":1,"deg":3,"term":0,"major":0},"geometry":{"type":"Point","coordinates":[20.974422,52.146377]}},{"type":"Feature","properties":{"id":"s1681","name":"Wągrodno Główna","bus":1,"tram":0,"rail":0,"n":1,"imp":0.037,"node":1,"deg":3,"term":0,"major":0},"geometry":{"type":"Point","coordinates":[20.966203,52.130009]}},{"type":"Feature","properties":{"id":"s1682","name":"Biały Ług","bus":1,"tram":0,"rail":0,"n":1,"imp":0.027,"node":0,"deg":2,"term":0,"major":0},"geometry":{"type":"Point","coordinates":[20.966203,52.130525]}},{"type":"Feature","properties":{"id":"s1683","name":"Ławki Zagórna","bus":1,"tram":0,"rail":0,"n":1,"imp":0.027,"node":0,"deg":2,"term":0,"major":0},"geometry":{"type":"Point","coordinates":[20.966203,52.13104]}},{"type":"Feature","properties":{"id":"s1684","name":"Gabryelin Dobra","bus":1,"tram":0,"rail":0,"n":1,"imp":0.027,"node":0,"deg":2,"term":0,"major":0},"geometry":{"type":"Point","coordinates":[20.966203,52.133101]}},{"type":"Feature","properties":{"id":"s1685","name":"Gabryelin Akacjowa","bus":1,"tram":0,"rail":0,"n":1,"imp":0.027,"node":0,"deg":2,"term":0,"major":0},"geometry":{"type":"Point","coordinates":[20.966203,52.134132]}},{"type":"Feature","properties":{"id":"s1686","name":"Wola Prażmowska Czarnej Olchy","bus":1,"tram":0,"rail":0,"n":1,"imp":0.027,"node":0,"deg":2,"term":0,"major":0},"geometry":{"type":"Point","coordinates":[20.947536,52.126232]}},{"type":"Feature","properties":{"id":"s1687","name":"Złotokłos Wojewódzka","bus":1,"tram":0,"rail":0,"n":1,"imp":0.027,"node":0,"deg":2,"term":0,"major":0},"geometry":{"type":"Point","coordinates":[20.921414,52.136556]}},{"type":"Feature","properties":{"id":"s1688","name":"Złotokłos Zawadzka","bus":1,"tram":0,"rail":0,"n":1,"imp":0.027,"node":0,"deg":2,"term":0,"major":0},"geometry":{"type":"Point","coordinates":[20.922646,52.137312]}},{"type":"Feature","properties":{"id":"s1689","name":"Ciszyca II","bus":1,"tram":0,"rail":0,"n":1,"imp":0.027,"node":0,"deg":2,"term":0,"major":0},"geometry":{"type":"Point","coordinates":[21.019622,52.16904]}},{"type":"Feature","properties":{"id":"s1690","name":"Konstancin-Jeziorna Dolna","bus":1,"tram":0,"rail":0,"n":1,"imp":0.027,"node":0,"deg":2,"term":0,"major":0},"geometry":{"type":"Point","coordinates":[20.989317,52.157708]}},{"type":"Feature","properties":{"id":"s1691","name":"Konstancin-Jeziorna Białostocka","bus":1,"tram":0,"rail":0,"n":1,"imp":0.027,"node":0,"deg":2,"term":0,"major":0},"geometry":{"type":"Point","coordinates":[20.990345,52.157708]}},{"type":"Feature","properties":{"id":"s1692","name":"Dębówka","bus":1,"tram":0,"rail":0,"n":1,"imp":0.027,"node":0,"deg":2,"term":0,"major":0},"geometry":{"type":"Point","coordinates":[21.011404,52.152546]}},{"type":"Feature","properties":{"id":"s1693","name":"Konstancin-Jeziorna Skolimów Północny","bus":1,"tram":0,"rail":0,"n":1,"imp":0.027,"node":0,"deg":2,"term":0,"major":0},"geometry":{"type":"Point","coordinates":[20.989831,52.157708]}},{"type":"Feature","properties":{"id":"s1694","name":"Parcela II","bus":1,"tram":0,"rail":0,"n":3,"imp":0.063,"node":1,"deg":4,"term":0,"major":0},"geometry":{"type":"Point","coordinates":[21.007295,52.157708]}},{"type":"Feature","properties":{"id":"s1695","name":"Parcela I","bus":1,"tram":0,"rail":0,"n":3,"imp":0.043,"node":0,"deg":2,"term":0,"major":0},"geometry":{"type":"Point","coordinates":[21.007295,52.158338]}},{"type":"Feature","properties":{"id":"s1696","name":"Wólka Dworska","bus":1,"tram":0,"rail":0,"n":1,"imp":0.027,"node":0,"deg":2,"term":0,"major":0},"geometry":{"type":"Point","coordinates":[21.011404,52.147258]}},{"type":"Feature","properties":{"id":"s1697","name":"Wólka Dworska - Wisła","bus":1,"tram":0,"rail":0,"n":1,"imp":0.027,"node":0,"deg":2,"term":0,"major":0},"geometry":{"type":"Point","coordinates":[21.011404,52.14814]}},{"type":"Feature","properties":{"id":"s1698","name":"Podłęcze Wiślana","bus":1,"tram":0,"rail":0,"n":1,"imp":0.027,"node":0,"deg":2,"term":0,"major":0},"geometry":{"type":"Point","coordinates":[21.011404,52.149902]}},{"type":"Feature","properties":{"id":"s1699","name":"Podłęcze","bus":1,"tram":0,"rail":0,"n":1,"imp":0.027,"node":0,"deg":2,"term":0,"major":0},"geometry":{"type":"Point","coordinates":[21.011404,52.150784]}},{"type":"Feature","properties":{"id":"s1700","name":"Konstancin-Jeziorna Oborska","bus":1,"tram":0,"rail":0,"n":1,"imp":0.027,"node":0,"deg":2,"term":0,"major":0},"geometry":{"type":"Point","coordinates":[20.992913,52.157708]}},{"type":"Feature","properties":{"id":"s1701","name":"Kawęczyn Dolny","bus":1,"tram":0,"rail":0,"n":1,"imp":0.027,"node":0,"deg":2,"term":0,"major":0},"geometry":{"type":"Point","coordinates":[21.011404,52.153428]}},{"type":"Feature","properties":{"id":"s1702","name":"Dębówka II","bus":1,"tram":0,"rail":0,"n":1,"imp":0.027,"node":0,"deg":2,"term":0,"major":0},"geometry":{"type":"Point","coordinates":[21.011404,52.151665]}},{"type":"Feature","properties":{"id":"s1703","name":"Żabieniec Mostowa","bus":1,"tram":0,"rail":0,"n":4,"imp":0.071,"node":1,"deg":4,"term":0,"major":0},"geometry":{"type":"Point","coordinates":[20.974422,52.147636]}},{"type":"Feature","properties":{"id":"s1704","name":"Żabieniec Polna","bus":1,"tram":0,"rail":0,"n":4,"imp":0.09,"node":1,"deg":6,"term":0,"major":0},"geometry":{"type":"Point","coordinates":[20.978531,52.148895]}},{"type":"Feature","properties":{"id":"s1705","name":"Jastrzębie Turkawki","bus":1,"tram":0,"rail":0,"n":1,"imp":0.027,"node":0,"deg":2,"term":0,"major":0},"geometry":{"type":"Point","coordinates":[20.982757,52.148967]}},{"type":"Feature","properties":{"id":"s1706","name":"Jastrzębie Polnych Traw","bus":1,"tram":0,"rail":0,"n":1,"imp":0.027,"node":0,"deg":2,"term":0,"major":0},"geometry":{"type":"Point","coordinates":[20.984269,52.149893]}},{"type":"Feature","properties":{"id":"s1707","name":"Pólko Starochylicka","bus":1,"tram":0,"rail":0,"n":1,"imp":0.027,"node":0,"deg":2,"term":0,"major":0},"geometry":{"type":"Point","coordinates":[20.981613,52.152043]}},{"type":"Feature","properties":{"id":"s1708","name":"Pólko Trzeciakowskich","bus":1,"tram":0,"rail":0,"n":1,"imp":0.037,"node":1,"deg":3,"term":0,"major":0},"geometry":{"type":"Point","coordinates":[20.980585,52.151413]}},{"type":"Feature","properties":{"id":"s1709","name":"Siedliska Królika","bus":1,"tram":0,"rail":0,"n":1,"imp":0.027,"node":0,"deg":2,"term":0,"major":0},"geometry":{"type":"Point","coordinates":[20.980585,52.1504]}},{"type":"Feature","properties":{"id":"s1710","name":"Siedliska Gołębia","bus":1,"tram":0,"rail":0,"n":1,"imp":0.027,"node":0,"deg":2,"term":0,"major":0},"geometry":{"type":"Point","coordinates":[20.9797,52.149612]}},{"type":"Feature","properties":{"id":"s1711","name":"Żabieniec Stefanów","bus":1,"tram":0,"rail":0,"n":2,"imp":0.045,"node":1,"deg":3,"term":0,"major":0},"geometry":{"type":"Point","coordinates":[20.980585,52.147636]}},{"type":"Feature","properties":{"id":"s1712","name":"Pilawa","bus":1,"tram":0,"rail":0,"n":3,"imp":0.053,"node":1,"deg":3,"term":0,"major":0},"geometry":{"type":"Point","coordinates":[20.984695,52.145118]}},{"type":"Feature","properties":{"id":"s1713","name":"Orzeszyn Brzózek","bus":1,"tram":0,"rail":0,"n":2,"imp":0.035,"node":0,"deg":2,"term":0,"major":0},"geometry":{"type":"Point","coordinates":[20.986023,52.143045]}},{"type":"Feature","properties":{"id":"s1714","name":"Orzeszyn Kasztanowa","bus":1,"tram":0,"rail":0,"n":2,"imp":0.035,"node":0,"deg":2,"term":0,"major":0},"geometry":{"type":"Point","coordinates":[20.987413,52.142193]}},{"type":"Feature","properties":{"id":"s1715","name":"Dobiesz","bus":1,"tram":0,"rail":0,"n":2,"imp":0.045,"node":1,"deg":3,"term":0,"major":0},"geometry":{"type":"Point","coordinates":[20.988804,52.138823]}},{"type":"Feature","properties":{"id":"s1716","name":"Sierzchów Ogrodowa","bus":1,"tram":0,"rail":0,"n":1,"imp":0.027,"node":0,"deg":2,"term":0,"major":0},"geometry":{"type":"Point","coordinates":[20.990457,52.137809]}},{"type":"Feature","properties":{"id":"s1717","name":"Sierzchów Akacjowa","bus":1,"tram":0,"rail":0,"n":1,"imp":0.027,"node":0,"deg":2,"term":0,"major":0},"geometry":{"type":"Point","coordinates":[20.990858,52.136478]}},{"type":"Feature","properties":{"id":"s1718","name":"Cendrowice","bus":1,"tram":0,"rail":0,"n":1,"imp":0.037,"node":1,"deg":3,"term":0,"major":0},"geometry":{"type":"Point","coordinates":[20.990858,52.135046]}},{"type":"Feature","properties":{"id":"s1719","name":"Sobików","bus":1,"tram":0,"rail":0,"n":1,"imp":0.018,"node":1,"deg":1,"term":0,"major":0},"geometry":{"type":"Point","coordinates":[20.990858,52.132527]}},{"type":"Feature","properties":{"id":"s1720","name":"Żabieniec Główna","bus":1,"tram":0,"rail":0,"n":1,"imp":0.027,"node":0,"deg":2,"term":0,"major":0},"geometry":{"type":"Point","coordinates":[20.976476,52.147636]}},{"type":"Feature","properties":{"id":"s1721","name":"Piaseczno Rejtana","bus":1,"tram":0,"rail":0,"n":5,"imp":0.088,"node":1,"deg":5,"term":0,"major":0},"geometry":{"type":"Point","coordinates":[20.972367,52.148895]}},{"type":"Feature","properties":{"id":"s1722","name":"Podłęcze II","bus":1,"tram":0,"rail":0,"n":1,"imp":0.027,"node":0,"deg":2,"term":0,"major":0},"geometry":{"type":"Point","coordinates":[21.011404,52.149021]}},{"type":"Feature","properties":{"id":"s1723","name":"Jazgarzew Główna","bus":1,"tram":0,"rail":0,"n":6,"imp":0.096,"node":1,"deg":5,"term":0,"major":0},"geometry":{"type":"Point","coordinates":[20.951821,52.1426]}},{"type":"Feature","properties":{"id":"s1724","name":"Jazgarzew - Szkoła","bus":1,"tram":0,"rail":0,"n":2,"imp":0.035,"node":0,"deg":2,"term":0,"major":0},"geometry":{"type":"Point","coordinates":[20.951821,52.141341]}},{"type":"Feature","properties":{"id":"s1725","name":"Łbiska","bus":1,"tram":0,"rail":0,"n":2,"imp":0.035,"node":0,"deg":2,"term":0,"major":0},"geometry":{"type":"Point","coordinates":[20.951821,52.140082]}},{"type":"Feature","properties":{"id":"s1726","name":"Pęchery","bus":1,"tram":0,"rail":0,"n":2,"imp":0.035,"node":0,"deg":2,"term":0,"major":0},"geometry":{"type":"Point","coordinates":[20.951821,52.137564]}},{"type":"Feature","properties":{"id":"s1727","name":"Jastrzębie Bociana Czarnego","bus":1,"tram":0,"rail":0,"n":1,"imp":0.037,"node":1,"deg":3,"term":0,"major":0},"geometry":{"type":"Point","coordinates":[20.988804,52.152672]}},{"type":"Feature","properties":{"id":"s1728","name":"Jastrzębie Zimorodka","bus":1,"tram":0,"rail":0,"n":1,"imp":0.027,"node":0,"deg":2,"term":0,"major":0},"geometry":{"type":"Point","coordinates":[20.987292,52.151746]}},{"type":"Feature","properties":{"id":"s1729","name":"Wólka Kozodawska Zachodnia","bus":1,"tram":0,"rail":0,"n":1,"imp":0.027,"node":0,"deg":2,"term":0,"major":0},"geometry":{"type":"Point","coordinates":[20.959012,52.144488]}},{"type":"Feature","properties":{"id":"s1730","name":"Zalesie Górne Nowinek","bus":1,"tram":0,"rail":0,"n":1,"imp":0.027,"node":0,"deg":2,"term":0,"major":0},"geometry":{"type":"Point","coordinates":[20.967663,52.140976]}},{"type":"Feature","properties":{"id":"s1731","name":"Kolonia Sobików","bus":1,"tram":0,"rail":0,"n":1,"imp":0.027,"node":0,"deg":2,"term":0,"major":0},"geometry":{"type":"Point","coordinates":[20.994708,52.135046]}},{"type":"Feature","properties":{"id":"s1732","name":"Krzaki Czaplinkowskie","bus":1,"tram":0,"rail":0,"n":1,"imp":0.027,"node":0,"deg":2,"term":0,"major":0},"geometry":{"type":"Point","coordinates":[20.998108,52.135711]}},{"type":"Feature","properties":{"id":"s1733","name":"Góra Kalwaria Marianki","bus":1,"tram":0,"rail":0,"n":1,"imp":0.027,"node":0,"deg":2,"term":0,"major":0},"geometry":{"type":"Point","coordinates":[21.00083,52.137379]}},{"type":"Feature","properties":{"id":"s1734","name":"Góra Kalwaria Cmentarz","bus":1,"tram":0,"rail":0,"n":1,"imp":0.027,"node":0,"deg":2,"term":0,"major":0},"geometry":{"type":"Point","coordinates":[21.003704,52.138823]}},{"type":"Feature","properties":{"id":"s1735","name":"Łubna","bus":1,"tram":0,"rail":0,"n":1,"imp":0.037,"node":1,"deg":3,"term":0,"major":0},"geometry":{"type":"Point","coordinates":[20.997022,52.147636]}},{"type":"Feature","properties":{"id":"s1736","name":"Szymanów","bus":1,"tram":0,"rail":0,"n":1,"imp":0.027,"node":0,"deg":2,"term":0,"major":0},"geometry":{"type":"Point","coordinates":[20.998392,52.148475]}},{"type":"Feature","properties":{"id":"s1737","name":"Baniocha - Centrum","bus":1,"tram":0,"rail":0,"n":2,"imp":0.057,"node":1,"deg":3,"term":1,"major":0},"geometry":{"type":"Point","coordinates":[20.997022,52.145118]}},{"type":"Feature","properties":{"id":"s1738","name":"Łbiska - Szkoła","bus":1,"tram":0,"rail":0,"n":2,"imp":0.035,"node":0,"deg":2,"term":0,"major":0},"geometry":{"type":"Point","coordinates":[20.951821,52.138823]}},{"type":"Feature","properties":{"id":"s1739","name":"Góra Kalwaria Stadion","bus":1,"tram":0,"rail":0,"n":1,"imp":0.027,"node":0,"deg":2,"term":0,"major":0},"geometry":{"type":"Point","coordinates":[21.011404,52.137983]}},{"type":"Feature","properties":{"id":"s1740","name":"Czersk - Zamek","bus":1,"tram":0,"rail":0,"n":1,"imp":0.03,"node":1,"deg":1,"term":1,"major":0},"geometry":{"type":"Point","coordinates":[21.011404,52.136305]}},{"type":"Feature","properties":{"id":"s1741","name":"Dobiesz II","bus":1,"tram":0,"rail":0,"n":2,"imp":0.045,"node":1,"deg":3,"term":0,"major":0},"geometry":{"type":"Point","coordinates":[20.988804,52.141341]}},{"type":"Feature","properties":{"id":"s1742","name":"Bielawa Okrzewska I","bus":1,"tram":0,"rail":0,"n":1,"imp":0.046,"node":1,"deg":4,"term":0,"major":0},"geometry":{"type":"Point","coordinates":[21.013459,52.171558]}},{"type":"Feature","properties":{"id":"s1743","name":"Obórki","bus":1,"tram":0,"rail":0,"n":1,"imp":0.027,"node":0,"deg":2,"term":0,"major":0},"geometry":{"type":"Point","coordinates":[21.013459,52.172187]}},{"type":"Feature","properties":{"id":"s1744","name":"Obórki - Wał","bus":1,"tram":0,"rail":0,"n":1,"imp":0.027,"node":0,"deg":2,"term":0,"major":0},"geometry":{"type":"Point","coordinates":[21.013459,52.172817]}},{"type":"Feature","properties":{"id":"s1745","name":"Kępa Oborska I","bus":1,"tram":0,"rail":0,"n":1,"imp":0.027,"node":0,"deg":2,"term":0,"major":0},"geometry":{"type":"Point","coordinates":[21.013459,52.173447]}},{"type":"Feature","properties":{"id":"s1746","name":"Kępa Oborska II","bus":1,"tram":0,"rail":0,"n":1,"imp":0.027,"node":0,"deg":2,"term":0,"major":0},"geometry":{"type":"Point","coordinates":[21.013459,52.174076]}},{"type":"Feature","properties":{"id":"s1747","name":"Okrzeszyn Okrzewska II","bus":1,"tram":0,"rail":0,"n":1,"imp":0.027,"node":0,"deg":2,"term":0,"major":0},"geometry":{"type":"Point","coordinates":[21.012431,52.172187]}},{"type":"Feature","properties":{"id":"s1748","name":"Józefosław Aleja Bzów","bus":1,"tram":0,"rail":0,"n":2,"imp":0.045,"node":1,"deg":3,"term":0,"major":0},"geometry":{"type":"Point","coordinates":[20.974422,52.158967]}},{"type":"Feature","properties":{"id":"s1749","name":"Józefosław Dzikiej Róży","bus":1,"tram":0,"rail":0,"n":2,"imp":0.035,"node":0,"deg":2,"term":0,"major":0},"geometry":{"type":"Point","coordinates":[20.976476,52.160227]}},{"type":"Feature","properties":{"id":"s1750","name":"Piaseczno Julianowska - Cmentarz","bus":1,"tram":0,"rail":0,"n":1,"imp":0.03,"node":1,"deg":1,"term":1,"major":0},"geometry":{"type":"Point","coordinates":[20.976476,52.153931]}},{"type":"Feature","properties":{"id":"s1751","name":"Piaseczno Julianowska - Cmentarz","bus":1,"tram":0,"rail":0,"n":1,"imp":0.027,"node":0,"deg":2,"term":0,"major":0},"geometry":{"type":"Point","coordinates":[20.973996,52.15519]}},{"type":"Feature","properties":{"id":"s1752","name":"Jazgarzew Górna","bus":1,"tram":0,"rail":0,"n":2,"imp":0.035,"node":0,"deg":2,"term":0,"major":0},"geometry":{"type":"Point","coordinates":[20.95028,52.141656]}},{"type":"Feature","properties":{"id":"s1753","name":"Jazgarzew Wólka Pęcherska","bus":1,"tram":0,"rail":0,"n":2,"imp":0.035,"node":0,"deg":2,"term":0,"major":0},"geometry":{"type":"Point","coordinates":[20.948739,52.140711]}},{"type":"Feature","properties":{"id":"s1754","name":"Bogatki Anemonów","bus":1,"tram":0,"rail":0,"n":2,"imp":0.035,"node":0,"deg":2,"term":0,"major":0},"geometry":{"type":"Point","coordinates":[20.947198,52.139767]}},{"type":"Feature","properties":{"id":"s1755","name":"Jazgarzewszczyzna Leśna","bus":1,"tram":0,"rail":0,"n":1,"imp":0.027,"node":0,"deg":2,"term":0,"major":0},"geometry":{"type":"Point","coordinates":[20.949566,52.150154]}},{"type":"Feature","properties":{"id":"s1756","name":"Łoziska","bus":1,"tram":0,"rail":0,"n":1,"imp":0.027,"node":0,"deg":2,"term":0,"major":0},"geometry":{"type":"Point","coordinates":[20.95142,52.150154]}},{"type":"Feature","properties":{"id":"s1757","name":"Piaseczno Orężna","bus":1,"tram":0,"rail":0,"n":1,"imp":0.027,"node":0,"deg":2,"term":0,"major":0},"geometry":{"type":"Point","coordinates":[20.953274,52.150154]}},{"type":"Feature","properties":{"id":"s1758","name":"Głosków Kościół","bus":1,"tram":0,"rail":0,"n":1,"imp":0.027,"node":0,"deg":2,"term":0,"major":0},"geometry":{"type":"Point","coordinates":[20.939494,52.138193]}},{"type":"Feature","properties":{"id":"s1759","name":"POD Głosków","bus":1,"tram":0,"rail":0,"n":1,"imp":0.037,"node":1,"deg":3,"term":0,"major":0},"geometry":{"type":"Point","coordinates":[20.939494,52.137564]}},{"type":"Feature","properties":{"id":"s1760","name":"Runów Osada","bus":1,"tram":0,"rail":0,"n":1,"imp":0.027,"node":0,"deg":2,"term":0,"major":0},"geometry":{"type":"Point","coordinates":[20.937953,52.136619]}},{"type":"Feature","properties":{"id":"s1761","name":"Runów Osada II","bus":1,"tram":0,"rail":0,"n":1,"imp":0.027,"node":0,"deg":2,"term":0,"major":0},"geometry":{"type":"Point","coordinates":[20.936412,52.135675]}},{"type":"Feature","properties":{"id":"s1762","name":"Henryków-Urocze Piaskowa","bus":1,"tram":0,"rail":0,"n":1,"imp":0.027,"node":0,"deg":2,"term":0,"major":0},"geometry":{"type":"Point","coordinates":[20.934871,52.134731]}},{"type":"Feature","properties":{"id":"s1763","name":"Henryków-Urocze","bus":1,"tram":0,"rail":0,"n":3,"imp":0.067,"node":1,"deg":2,"term":1,"major":0},"geometry":{"type":"Point","coordinates":[20.93333,52.133786]}},{"type":"Feature","properties":{"id":"s1764","name":"Jazgarzew Kościół","bus":1,"tram":0,"rail":0,"n":5,"imp":0.059,"node":0,"deg":2,"term":0,"major":0},"geometry":{"type":"Point","coordinates":[20.951821,52.143229]}},{"type":"Feature","properties":{"id":"s1765","name":"Piaseczno Waniliowa","bus":1,"tram":0,"rail":0,"n":1,"imp":0.027,"node":0,"deg":2,"term":0,"major":0},"geometry":{"type":"Point","coordinates":[20.955128,52.150154]}},{"type":"Feature","properties":{"id":"s1766","name":"Henryków-Urocze Imbirowa","bus":1,"tram":0,"rail":0,"n":3,"imp":0.043,"node":0,"deg":2,"term":0,"major":0},"geometry":{"type":"Point","coordinates":[20.931134,52.135046]}},{"type":"Feature","properties":{"id":"s1767","name":"Jesówka","bus":1,"tram":0,"rail":0,"n":3,"imp":0.053,"node":1,"deg":3,"term":0,"major":0},"geometry":{"type":"Point","coordinates":[20.96004,52.1426]}},{"type":"Feature","properties":{"id":"s1768","name":"Zalesie Górne Przebudzenia Wiosny","bus":1,"tram":0,"rail":0,"n":3,"imp":0.043,"node":0,"deg":2,"term":0,"major":0},"geometry":{"type":"Point","coordinates":[20.963121,52.1426]}},{"type":"Feature","properties":{"id":"s1769","name":"Zalesie Górne Koralowych Dębów","bus":1,"tram":0,"rail":0,"n":3,"imp":0.043,"node":0,"deg":2,"term":0,"major":0},"geometry":{"type":"Point","coordinates":[20.964662,52.1426]}},{"type":"Feature","properties":{"id":"s1770","name":"Zalesie Górne Wiekowej Sosny","bus":1,"tram":0,"rail":0,"n":3,"imp":0.053,"node":1,"deg":3,"term":0,"major":0},"geometry":{"type":"Point","coordinates":[20.966203,52.1426]}},{"type":"Feature","properties":{"id":"s1771","name":"Jesówka Wichrowa","bus":1,"tram":0,"rail":0,"n":3,"imp":0.043,"node":0,"deg":2,"term":0,"major":0},"geometry":{"type":"Point","coordinates":[20.961581,52.1426]}},{"type":"Feature","properties":{"id":"s1772","name":"Ustanów Łąkowa","bus":1,"tram":0,"rail":0,"n":1,"imp":0.027,"node":0,"deg":2,"term":0,"major":0},"geometry":{"type":"Point","coordinates":[20.966203,52.139286]}},{"type":"Feature","properties":{"id":"s1773","name":"Wólka Kozodawska Cmentarz","bus":1,"tram":0,"rail":0,"n":3,"imp":0.065,"node":1,"deg":3,"term":1,"major":0},"geometry":{"type":"Point","coordinates":[20.957985,52.143859]}},{"type":"Feature","properties":{"id":"s1774","name":"Henryków-Urocze Rosy","bus":1,"tram":0,"rail":0,"n":3,"imp":0.043,"node":0,"deg":2,"term":0,"major":0},"geometry":{"type":"Point","coordinates":[20.928088,52.135046]}},{"type":"Feature","properties":{"id":"s1775","name":"Złotokłos 3 Maja","bus":1,"tram":0,"rail":0,"n":3,"imp":0.043,"node":0,"deg":2,"term":0,"major":0},"geometry":{"type":"Point","coordinates":[20.925041,52.135046]}},{"type":"Feature","properties":{"id":"s1776","name":"OSP Złotokłos","bus":1,"tram":0,"rail":0,"n":3,"imp":0.043,"node":0,"deg":2,"term":0,"major":0},"geometry":{"type":"Point","coordinates":[20.921995,52.135046]}},{"type":"Feature","properties":{"id":"s1777","name":"Złotokłos Fogga","bus":1,"tram":0,"rail":0,"n":3,"imp":0.065,"node":1,"deg":3,"term":1,"major":0},"geometry":{"type":"Point","coordinates":[20.918948,52.135046]}},{"type":"Feature","properties":{"id":"s1778","name":"Złotokłos Runowska","bus":1,"tram":0,"rail":0,"n":1,"imp":0.027,"node":0,"deg":2,"term":0,"major":0},"geometry":{"type":"Point","coordinates":[20.920181,52.135801]}},{"type":"Feature","properties":{"id":"s1779","name":"Wólka Pracka Ogrodowa","bus":1,"tram":0,"rail":0,"n":1,"imp":0.027,"node":0,"deg":2,"term":0,"major":0},"geometry":{"type":"Point","coordinates":[20.923879,52.138067]}},{"type":"Feature","properties":{"id":"s1780","name":"Baszkówka Sadowa","bus":1,"tram":0,"rail":0,"n":1,"imp":0.037,"node":1,"deg":3,"term":0,"major":0},"geometry":{"type":"Point","coordinates":[20.925112,52.138823]}},{"type":"Feature","properties":{"id":"s1781","name":"Baszkówka","bus":1,"tram":0,"rail":0,"n":1,"imp":0.037,"node":1,"deg":3,"term":0,"major":0},"geometry":{"type":"Point","coordinates":[20.929221,52.141341]}},{"type":"Feature","properties":{"id":"s1782","name":"Baszkówka Wierzbowa","bus":1,"tram":0,"rail":0,"n":1,"imp":0.027,"node":0,"deg":2,"term":0,"major":0},"geometry":{"type":"Point","coordinates":[20.932303,52.141341]}},{"type":"Feature","properties":{"id":"s1783","name":"Nowa Iwiczna Graniczna","bus":1,"tram":0,"rail":0,"n":1,"imp":0.037,"node":1,"deg":3,"term":0,"major":0},"geometry":{"type":"Point","coordinates":[20.964149,52.157708]}},{"type":"Feature","properties":{"id":"s1784","name":"Nowa Iwiczna Os. Kwiatowa","bus":1,"tram":0,"rail":0,"n":1,"imp":0.027,"node":0,"deg":2,"term":0,"major":0},"geometry":{"type":"Point","coordinates":[20.963464,52.157289]}},{"type":"Feature","properties":{"id":"s1785","name":"Nowa Iwiczna Szkoła","bus":1,"tram":0,"rail":0,"n":1,"imp":0.027,"node":0,"deg":2,"term":0,"major":0},"geometry":{"type":"Point","coordinates":[20.962779,52.156869]}},{"type":"Feature","properties":{"id":"s1786","name":"PKP Nowa Iwiczna","bus":1,"tram":0,"rail":1,"n":3,"imp":0.079,"node":1,"deg":4,"term":0,"major":0},"geometry":{"type":"Point","coordinates":[20.962094,52.156449]}},{"type":"Feature","properties":{"id":"s1787","name":"Gołków Główna","bus":1,"tram":0,"rail":0,"n":1,"imp":0.027,"node":0,"deg":2,"term":0,"major":0},"geometry":{"type":"Point","coordinates":[20.950894,52.144427]}},{"type":"Feature","properties":{"id":"s1788","name":"Kamionka Północna","bus":1,"tram":0,"rail":0,"n":1,"imp":0.027,"node":0,"deg":2,"term":0,"major":0},"geometry":{"type":"Point","coordinates":[20.949967,52.144995]}},{"type":"Feature","properties":{"id":"s1789","name":"Kamionka Zaleśna","bus":1,"tram":0,"rail":0,"n":1,"imp":0.027,"node":0,"deg":2,"term":0,"major":0},"geometry":{"type":"Point","coordinates":[20.94904,52.145563]}},{"type":"Feature","properties":{"id":"s1790","name":"Bobrowiecka","bus":1,"tram":0,"rail":0,"n":1,"imp":0.027,"node":0,"deg":2,"term":0,"major":0},"geometry":{"type":"Point","coordinates":[20.948113,52.146131]}},{"type":"Feature","properties":{"id":"s1791","name":"Bobrowiec Bajeczna","bus":1,"tram":0,"rail":0,"n":1,"imp":0.027,"node":0,"deg":2,"term":0,"major":0},"geometry":{"type":"Point","coordinates":[20.946969,52.146377]}},{"type":"Feature","properties":{"id":"s1792","name":"Bobrowiec","bus":1,"tram":0,"rail":0,"n":1,"imp":0.037,"node":1,"deg":3,"term":0,"major":0},"geometry":{"type":"Point","coordinates":[20.945658,52.146377]}},{"type":"Feature","properties":{"id":"s1793","name":"Nowa Iwiczna Okrąg","bus":1,"tram":0,"rail":0,"n":1,"imp":0.027,"node":0,"deg":2,"term":0,"major":0},"geometry":{"type":"Point","coordinates":[20.966203,52.157708]}},{"type":"Feature","properties":{"id":"s1794","name":"PKP Zalesie Górne","bus":1,"tram":0,"rail":0,"n":2,"imp":0.057,"node":1,"deg":3,"term":1,"major":0},"geometry":{"type":"Point","coordinates":[20.968258,52.1426]}},{"type":"Feature","properties":{"id":"s1795","name":"Bielawa - Pętla","bus":1,"tram":0,"rail":0,"n":2,"imp":0.05,"node":1,"deg":1,"term":1,"major":0},"geometry":{"type":"Point","coordinates":[21.015513,52.167781]}},{"type":"Feature","properties":{"id":"s1796","name":"Bielawa I","bus":1,"tram":0,"rail":0,"n":2,"imp":0.045,"node":1,"deg":3,"term":0,"major":0},"geometry":{"type":"Point","coordinates":[21.011404,52.167781]}},{"type":"Feature","properties":{"id":"s1797","name":"Bielawa - OSP","bus":1,"tram":0,"rail":0,"n":3,"imp":0.053,"node":1,"deg":3,"term":0,"major":0},"geometry":{"type":"Point","coordinates":[21.00935,52.167781]}},{"type":"Feature","properties":{"id":"s1798","name":"Bielawa Ogrody Bielawy","bus":1,"tram":0,"rail":0,"n":3,"imp":0.063,"node":1,"deg":4,"term":0,"major":0},"geometry":{"type":"Point","coordinates":[21.007295,52.166522]}},{"type":"Feature","properties":{"id":"s1799","name":"Habdzin I","bus":1,"tram":0,"rail":0,"n":1,"imp":0.027,"node":0,"deg":2,"term":0,"major":0},"geometry":{"type":"Point","coordinates":[21.011404,52.164004]}},{"type":"Feature","properties":{"id":"s1800","name":"Habdzin II","bus":1,"tram":0,"rail":0,"n":1,"imp":0.027,"node":0,"deg":2,"term":0,"major":0},"geometry":{"type":"Point","coordinates":[21.013459,52.165263]}},{"type":"Feature","properties":{"id":"s1801","name":"Habdzin III","bus":1,"tram":0,"rail":0,"n":1,"imp":0.027,"node":0,"deg":2,"term":0,"major":0},"geometry":{"type":"Point","coordinates":[21.016284,52.16605]}},{"type":"Feature","properties":{"id":"s1802","name":"Habdzin IV","bus":1,"tram":0,"rail":0,"n":1,"imp":0.027,"node":0,"deg":2,"term":0,"major":0},"geometry":{"type":"Point","coordinates":[21.017825,52.165105]}},{"type":"Feature","properties":{"id":"s1803","name":"Łęg","bus":1,"tram":0,"rail":0,"n":1,"imp":0.027,"node":0,"deg":2,"term":0,"major":0},"geometry":{"type":"Point","coordinates":[21.018595,52.164633]}},{"type":"Feature","properties":{"id":"s1804","name":"Czernidła","bus":1,"tram":0,"rail":0,"n":1,"imp":0.027,"node":0,"deg":2,"term":0,"major":0},"geometry":{"type":"Point","coordinates":[21.019366,52.164161]}},{"type":"Feature","properties":{"id":"s1805","name":"Gassy","bus":1,"tram":0,"rail":0,"n":1,"imp":0.027,"node":0,"deg":2,"term":0,"major":0},"geometry":{"type":"Point","coordinates":[21.020907,52.163217]}},{"type":"Feature","properties":{"id":"s1806","name":"Gassy - Pętla","bus":1,"tram":0,"rail":0,"n":1,"imp":0.03,"node":1,"deg":1,"term":1,"major":0},"geometry":{"type":"Point","coordinates":[21.021677,52.162745]}},{"type":"Feature","properties":{"id":"s1807","name":"Habdzin Anusin","bus":1,"tram":0,"rail":0,"n":1,"imp":0.027,"node":0,"deg":2,"term":0,"major":0},"geometry":{"type":"Point","coordinates":[21.017054,52.165577]}},{"type":"Feature","properties":{"id":"s1808","name":"Opacz - Szkoła","bus":1,"tram":0,"rail":0,"n":1,"imp":0.037,"node":1,"deg":3,"term":0,"major":0},"geometry":{"type":"Point","coordinates":[21.015513,52.166522]}},{"type":"Feature","properties":{"id":"s1809","name":"Ustanów Sadowa","bus":1,"tram":0,"rail":0,"n":1,"imp":0.027,"node":0,"deg":2,"term":0,"major":0},"geometry":{"type":"Point","coordinates":[20.966474,52.140248]}},{"type":"Feature","properties":{"id":"s1810","name":"Opacz","bus":1,"tram":0,"rail":0,"n":1,"imp":0.027,"node":0,"deg":2,"term":0,"major":0},"geometry":{"type":"Point","coordinates":[21.017568,52.167781]}},{"type":"Feature","properties":{"id":"s1811","name":"Ciszyca","bus":1,"tram":0,"rail":0,"n":1,"imp":0.018,"node":1,"deg":1,"term":0,"major":0},"geometry":{"type":"Point","coordinates":[21.021677,52.170299]}},{"type":"Feature","properties":{"id":"s1812","name":"Czarnów","bus":1,"tram":0,"rail":0,"n":1,"imp":0.03,"node":1,"deg":1,"term":1,"major":0},"geometry":{"type":"Point","coordinates":[20.988804,52.148895]}},{"type":"Feature","properties":{"id":"s1813","name":"Czarnów Starego Dębu","bus":1,"tram":0,"rail":0,"n":1,"imp":0.027,"node":0,"deg":2,"term":0,"major":0},"geometry":{"type":"Point","coordinates":[20.990132,52.150968]}},{"type":"Feature","properties":{"id":"s1814","name":"Konstancin-Jeziorna Cmentarz","bus":1,"tram":0,"rail":0,"n":2,"imp":0.045,"node":1,"deg":3,"term":0,"major":0},"geometry":{"type":"Point","coordinates":[20.992913,52.152672]}},{"type":"Feature","properties":{"id":"s1815","name":"Konstancin-Jeziorna Cedrowa","bus":1,"tram":0,"rail":0,"n":2,"imp":0.045,"node":1,"deg":3,"term":0,"major":0},"geometry":{"type":"Point","coordinates":[20.992913,52.15519]}},{"type":"Feature","properties":{"id":"s1816","name":"Obory - Pałac","bus":1,"tram":0,"rail":0,"n":2,"imp":0.035,"node":0,"deg":2,"term":0,"major":0},"geometry":{"type":"Point","coordinates":[21.004639,52.160227]}},{"type":"Feature","properties":{"id":"s1817","name":"Obory","bus":1,"tram":0,"rail":0,"n":2,"imp":0.035,"node":0,"deg":2,"term":0,"major":0},"geometry":{"type":"Point","coordinates":[21.006055,52.159727]}},{"type":"Feature","properties":{"id":"s1818","name":"Parcela Baczyńskiego","bus":1,"tram":0,"rail":0,"n":3,"imp":0.053,"node":1,"deg":3,"term":0,"major":0},"geometry":{"type":"Point","coordinates":[21.007295,52.158967]}},{"type":"Feature","properties":{"id":"s1819","name":"Parcela Olszyna Łyczyńska","bus":1,"tram":0,"rail":0,"n":1,"imp":0.027,"node":0,"deg":2,"term":0,"major":0},"geometry":{"type":"Point","coordinates":[21.008407,52.158286]}},{"type":"Feature","properties":{"id":"s1820","name":"Parcela Grzybowska","bus":1,"tram":0,"rail":0,"n":1,"imp":0.027,"node":0,"deg":2,"term":0,"major":0},"geometry":{"type":"Point","coordinates":[21.00952,52.157604]}},{"type":"Feature","properties":{"id":"s1821","name":"Cieciszew - OSP","bus":1,"tram":0,"rail":0,"n":1,"imp":0.027,"node":0,"deg":2,"term":0,"major":0},"geometry":{"type":"Point","coordinates":[21.011404,52.156154]}},{"type":"Feature","properties":{"id":"s1822","name":"Cieciszew Żwirowa","bus":1,"tram":0,"rail":0,"n":2,"imp":0.045,"node":1,"deg":3,"term":0,"major":0},"geometry":{"type":"Point","coordinates":[21.011404,52.15519]}},{"type":"Feature","properties":{"id":"s1823","name":"Słomczyn - Kościół","bus":1,"tram":0,"rail":0,"n":1,"imp":0.027,"node":0,"deg":2,"term":0,"major":0},"geometry":{"type":"Point","coordinates":[21.007295,52.15519]}},{"type":"Feature","properties":{"id":"s1824","name":"Łyczyn","bus":1,"tram":0,"rail":0,"n":2,"imp":0.045,"node":1,"deg":3,"term":0,"major":0},"geometry":{"type":"Point","coordinates":[21.00524,52.15519]}},{"type":"Feature","properties":{"id":"s1825","name":"Kawęczynek Sarenki","bus":1,"tram":0,"rail":0,"n":1,"imp":0.027,"node":0,"deg":2,"term":0,"major":0},"geometry":{"type":"Point","coordinates":[21.002985,52.15129]}},{"type":"Feature","properties":{"id":"s1826","name":"Kawęczynek","bus":1,"tram":0,"rail":0,"n":2,"imp":0.045,"node":1,"deg":3,"term":0,"major":0},"geometry":{"type":"Point","coordinates":[21.001131,52.150154]}},{"type":"Feature","properties":{"id":"s1827","name":"Kawęczynek Topolowa","bus":1,"tram":0,"rail":0,"n":2,"imp":0.035,"node":0,"deg":2,"term":0,"major":0},"geometry":{"type":"Point","coordinates":[21.000446,52.150574]}},{"type":"Feature","properties":{"id":"s1828","name":"Borowina Zaleśna","bus":1,"tram":0,"rail":0,"n":2,"imp":0.035,"node":0,"deg":2,"term":0,"major":0},"geometry":{"type":"Point","coordinates":[20.999761,52.150993]}},{"type":"Feature","properties":{"id":"s1829","name":"Borowina","bus":1,"tram":0,"rail":0,"n":2,"imp":0.045,"node":1,"deg":3,"term":0,"major":0},"geometry":{"type":"Point","coordinates":[20.999077,52.151413]}},{"type":"Feature","properties":{"id":"s1830","name":"Borowina Warecka","bus":1,"tram":0,"rail":0,"n":2,"imp":0.045,"node":1,"deg":3,"term":0,"major":0},"geometry":{"type":"Point","coordinates":[20.994967,52.151413]}},{"type":"Feature","properties":{"id":"s1831","name":"Konstancin-Jeziorna ZGK","bus":1,"tram":0,"rail":0,"n":1,"imp":0.037,"node":1,"deg":3,"term":0,"major":0},"geometry":{"type":"Point","coordinates":[20.994967,52.153931]}},{"type":"Feature","properties":{"id":"s1832","name":"Konstancin-Jeziorna Witwickiego","bus":1,"tram":0,"rail":0,"n":1,"imp":0.046,"node":1,"deg":4,"term":0,"major":0},"geometry":{"type":"Point","coordinates":[20.999077,52.156449]}},{"type":"Feature","properties":{"id":"s1833","name":"Zalesie Górne Leśnych Boginek","bus":1,"tram":0,"rail":0,"n":3,"imp":0.063,"node":1,"deg":4,"term":0,"major":0},"geometry":{"type":"Point","coordinates":[20.968258,52.141341]}},{"type":"Feature","properties":{"id":"s1834","name":"Ustanów Słowicza","bus":1,"tram":0,"rail":0,"n":1,"imp":0.027,"node":0,"deg":2,"term":0,"major":0},"geometry":{"type":"Point","coordinates":[20.967069,52.140612]}},{"type":"Feature","properties":{"id":"s1835","name":"Ustanów Parkowa","bus":1,"tram":0,"rail":0,"n":1,"imp":0.027,"node":0,"deg":2,"term":0,"major":0},"geometry":{"type":"Point","coordinates":[20.966203,52.139801]}},{"type":"Feature","properties":{"id":"s1836","name":"Krupia Wólka Słoneczna","bus":1,"tram":0,"rail":0,"n":1,"imp":0.027,"node":0,"deg":2,"term":0,"major":0},"geometry":{"type":"Point","coordinates":[20.966203,52.137224]}},{"type":"Feature","properties":{"id":"s1837","name":"Piskórka","bus":1,"tram":0,"rail":0,"n":1,"imp":0.027,"node":0,"deg":2,"term":0,"major":0},"geometry":{"type":"Point","coordinates":[20.953805,52.135089]}},{"type":"Feature","properties":{"id":"s1838","name":"Jaroszowa Wola Leśna","bus":1,"tram":0,"rail":0,"n":1,"imp":0.027,"node":0,"deg":2,"term":0,"major":0},"geometry":{"type":"Point","coordinates":[20.955789,52.133873]}},{"type":"Feature","properties":{"id":"s1839","name":"Wągrodno Złota","bus":1,"tram":0,"rail":0,"n":1,"imp":0.027,"node":0,"deg":2,"term":0,"major":0},"geometry":{"type":"Point","coordinates":[20.95593,52.13047]}},{"type":"Feature","properties":{"id":"s1840","name":"Wola Wągrodzka Ogrodowa","bus":1,"tram":0,"rail":0,"n":2,"imp":0.054,"node":1,"deg":4,"term":0,"major":0},"geometry":{"type":"Point","coordinates":[20.95593,52.12875]}},{"type":"Feature","properties":{"id":"s1841","name":"Wola Prażmowska Północna","bus":1,"tram":0,"rail":0,"n":1,"imp":0.027,"node":0,"deg":2,"term":0,"major":0},"geometry":{"type":"Point","coordinates":[20.952949,52.128182]}},{"type":"Feature","properties":{"id":"s1842","name":"Wola Prażmowska Działkowa","bus":1,"tram":0,"rail":0,"n":1,"imp":0.027,"node":0,"deg":2,"term":0,"major":0},"geometry":{"type":"Point","coordinates":[20.950569,52.126724]}},{"type":"Feature","properties":{"id":"s1843","name":"Prażmów Czołchańskiego","bus":1,"tram":0,"rail":0,"n":1,"imp":0.027,"node":0,"deg":2,"term":0,"major":0},"geometry":{"type":"Point","coordinates":[20.940805,52.126232]}},{"type":"Feature","properties":{"id":"s1844","name":"Prażmów Urząd Gminy","bus":1,"tram":0,"rail":0,"n":3,"imp":0.089,"node":1,"deg":3,"term":1,"major":0},"geometry":{"type":"Point","coordinates":[20.937439,52.126232]}},{"type":"Feature","properties":{"id":"s1845","name":"Ustanów Długa","bus":1,"tram":0,"rail":0,"n":1,"imp":0.027,"node":0,"deg":2,"term":0,"major":0},"geometry":{"type":"Point","coordinates":[20.966203,52.13877]}},{"type":"Feature","properties":{"id":"s1846","name":"Jeziórko Graniczna","bus":1,"tram":0,"rail":0,"n":1,"imp":0.027,"node":0,"deg":2,"term":0,"major":0},"geometry":{"type":"Point","coordinates":[20.966203,52.138255]}},{"type":"Feature","properties":{"id":"s1847","name":"Jeziórko Kasztanowa","bus":1,"tram":0,"rail":0,"n":1,"imp":0.027,"node":0,"deg":2,"term":0,"major":0},"geometry":{"type":"Point","coordinates":[20.966203,52.13774]}},{"type":"Feature","properties":{"id":"s1848","name":"Kędzierówka","bus":1,"tram":0,"rail":0,"n":1,"imp":0.027,"node":0,"deg":2,"term":0,"major":0},"geometry":{"type":"Point","coordinates":[20.966203,52.136709]}},{"type":"Feature","properties":{"id":"s1849","name":"Uwieliny - Szkoła","bus":1,"tram":0,"rail":0,"n":1,"imp":0.027,"node":0,"deg":2,"term":0,"major":0},"geometry":{"type":"Point","coordinates":[20.966203,52.136193]}},{"type":"Feature","properties":{"id":"s1850","name":"Warszawa Służewiec","bus":1,"tram":0,"rail":1,"n":5,"imp":0.085,"node":1,"deg":3,"term":0,"major":0},"geometry":{"type":"Point","coordinates":[20.972367,52.185407]}},{"type":"Feature","properties":{"id":"s1851","name":"Warszawa Dawidy","bus":0,"tram":0,"rail":1,"n":2,"imp":0.035,"node":0,"deg":2,"term":0,"major":0},"geometry":{"type":"Point","coordinates":[20.962094,52.167043]}},{"type":"Feature","properties":{"id":"s1852","name":"Warszawa Jeziorki","bus":0,"tram":0,"rail":1,"n":2,"imp":0.035,"node":0,"deg":2,"term":0,"major":0},"geometry":{"type":"Point","coordinates":[20.962094,52.161746]}},{"type":"Feature","properties":{"id":"s1853","name":"Grochowa","bus":1,"tram":0,"rail":0,"n":3,"imp":0.077,"node":1,"deg":3,"term":1,"major":0},"geometry":{"type":"Point","coordinates":[20.951821,52.136305]}},{"type":"Feature","properties":{"id":"s1854","name":"Piaseczno Szpital","bus":1,"tram":0,"rail":0,"n":1,"imp":0.03,"node":1,"deg":1,"term":1,"major":0},"geometry":{"type":"Point","coordinates":[20.968258,52.146377]}},{"type":"Feature","properties":{"id":"s1855","name":"Józefosław Ogrodowa","bus":1,"tram":0,"rail":0,"n":2,"imp":0.054,"node":1,"deg":4,"term":0,"major":0},"geometry":{"type":"Point","coordinates":[20.978531,52.161486]}},{"type":"Feature","properties":{"id":"s1856","name":"Cieciszew - Las","bus":1,"tram":0,"rail":0,"n":1,"imp":0.027,"node":0,"deg":2,"term":0,"major":0},"geometry":{"type":"Point","coordinates":[21.010632,52.156922]}},{"type":"Feature","properties":{"id":"s1857","name":"Pieczyska","bus":1,"tram":0,"rail":0,"n":1,"imp":0.037,"node":1,"deg":3,"term":0,"major":0},"geometry":{"type":"Point","coordinates":[20.95593,52.123714]}},{"type":"Feature","properties":{"id":"s1858","name":"Zadębie","bus":1,"tram":0,"rail":0,"n":1,"imp":0.027,"node":0,"deg":2,"term":0,"major":0},"geometry":{"type":"Point","coordinates":[20.95593,52.125393]}},{"type":"Feature","properties":{"id":"s1859","name":"Okrzeszyn II","bus":1,"tram":0,"rail":0,"n":1,"imp":0.027,"node":0,"deg":2,"term":0,"major":0},"geometry":{"type":"Point","coordinates":[21.013459,52.174706]}},{"type":"Feature","properties":{"id":"s1860","name":"Uwieliny Babiego Lata","bus":1,"tram":0,"rail":0,"n":1,"imp":0.027,"node":0,"deg":2,"term":0,"major":0},"geometry":{"type":"Point","coordinates":[20.966203,52.135163]}},{"type":"Feature","properties":{"id":"s1861","name":"Piaseczno Siedzikówny „Inki”","bus":1,"tram":0,"rail":0,"n":1,"imp":0.027,"node":0,"deg":2,"term":0,"major":0},"geometry":{"type":"Point","coordinates":[20.956674,52.15061]}},{"type":"Feature","properties":{"id":"s1862","name":"Konstancin-Jeziorna Centrum Rehabilitacji","bus":1,"tram":0,"rail":0,"n":1,"imp":0.037,"node":1,"deg":3,"term":0,"major":0},"geometry":{"type":"Point","coordinates":[21.001131,52.156449]}},{"type":"Feature","properties":{"id":"s1863","name":"Konstancin-Jeziorna Dom Rencisty PAN","bus":1,"tram":0,"rail":0,"n":1,"imp":0.037,"node":1,"deg":3,"term":0,"major":0},"geometry":{"type":"Point","coordinates":[21.001131,52.15519]}},{"type":"Feature","properties":{"id":"s1864","name":"Konstancin-Jeziorna Sue Ryder","bus":1,"tram":0,"rail":0,"n":1,"imp":0.027,"node":0,"deg":2,"term":0,"major":0},"geometry":{"type":"Point","coordinates":[20.994967,52.152672]}},{"type":"Feature","properties":{"id":"s1865","name":"Bogatki Słoneczników","bus":1,"tram":0,"rail":0,"n":2,"imp":0.045,"node":1,"deg":3,"term":0,"major":0},"geometry":{"type":"Point","coordinates":[20.945658,52.138823]}},{"type":"Feature","properties":{"id":"s1866","name":"Słomczyn Jabłoniowa","bus":1,"tram":0,"rail":0,"n":1,"imp":0.027,"node":0,"deg":2,"term":0,"major":0},"geometry":{"type":"Point","coordinates":[21.004839,52.152426]}},{"type":"Feature","properties":{"id":"s1867","name":"Konstancin-Jeziorna Os. Elsam","bus":1,"tram":0,"rail":0,"n":1,"imp":0.027,"node":0,"deg":2,"term":0,"major":0},"geometry":{"type":"Point","coordinates":[21.001131,52.15582]}},{"type":"Feature","properties":{"id":"s1868","name":"Wola Wągrodzka Jarzębinowa","bus":1,"tram":0,"rail":0,"n":1,"imp":0.027,"node":0,"deg":2,"term":0,"major":0},"geometry":{"type":"Point","coordinates":[20.95593,52.127072]}},{"type":"Feature","properties":{"id":"s1869","name":"Prażmów Ostapowicza","bus":1,"tram":0,"rail":0,"n":1,"imp":0.027,"node":0,"deg":2,"term":0,"major":0},"geometry":{"type":"Point","coordinates":[20.939321,52.127385]}},{"type":"Feature","properties":{"id":"s1870","name":"Zawodne","bus":1,"tram":0,"rail":0,"n":1,"imp":0.027,"node":0,"deg":2,"term":0,"major":0},"geometry":{"type":"Point","coordinates":[20.941203,52.128538]}},{"type":"Feature","properties":{"id":"s1871","name":"Nowy Prażmów Słoneczna","bus":1,"tram":0,"rail":0,"n":1,"imp":0.027,"node":0,"deg":2,"term":0,"major":0},"geometry":{"type":"Point","coordinates":[20.943084,52.129692]}},{"type":"Feature","properties":{"id":"s1872","name":"OSP Nowy Prażmów","bus":1,"tram":0,"rail":0,"n":1,"imp":0.027,"node":0,"deg":2,"term":0,"major":0},"geometry":{"type":"Point","coordinates":[20.944966,52.130845]}},{"type":"Feature","properties":{"id":"s1873","name":"Łoś","bus":1,"tram":0,"rail":0,"n":1,"imp":0.027,"node":0,"deg":2,"term":0,"major":0},"geometry":{"type":"Point","coordinates":[20.945658,52.133931]}},{"type":"Feature","properties":{"id":"s1874","name":"Nowe Wągrodno","bus":1,"tram":0,"rail":0,"n":1,"imp":0.037,"node":1,"deg":3,"term":0,"major":0},"geometry":{"type":"Point","coordinates":[20.962094,52.126232]}},{"type":"Feature","properties":{"id":"s1875","name":"Nowe Wągrodno Wierzbowa","bus":1,"tram":0,"rail":0,"n":1,"imp":0.027,"node":0,"deg":2,"term":0,"major":0},"geometry":{"type":"Point","coordinates":[20.964875,52.127936]}},{"type":"Feature","properties":{"id":"s1876","name":"Gabryelin Modrzewiowa","bus":1,"tram":0,"rail":0,"n":1,"imp":0.027,"node":0,"deg":2,"term":0,"major":0},"geometry":{"type":"Point","coordinates":[20.966203,52.134647]}},{"type":"Feature","properties":{"id":"s1877","name":"Piaseczno Wrzosowa","bus":1,"tram":0,"rail":0,"n":1,"imp":0.027,"node":0,"deg":2,"term":0,"major":0},"geometry":{"type":"Point","coordinates":[20.969285,52.147007]}},{"type":"Feature","properties":{"id":"s1878","name":"Piaseczno Świętojańska","bus":1,"tram":0,"rail":0,"n":1,"imp":0.027,"node":0,"deg":2,"term":0,"major":0},"geometry":{"type":"Point","coordinates":[20.970313,52.147636]}},{"type":"Feature","properties":{"id":"s1879","name":"Piaseczno Majowy Zakątek","bus":1,"tram":0,"rail":0,"n":1,"imp":0.027,"node":0,"deg":2,"term":0,"major":0},"geometry":{"type":"Point","coordinates":[20.97134,52.148266]}},{"type":"Feature","properties":{"id":"s1880","name":"Bogatki Werbeny","bus":1,"tram":0,"rail":0,"n":1,"imp":0.027,"node":0,"deg":2,"term":0,"major":0},"geometry":{"type":"Point","coordinates":[20.945658,52.137192]}},{"type":"Feature","properties":{"id":"s1881","name":"Łoś Podleśna","bus":1,"tram":0,"rail":0,"n":1,"imp":0.027,"node":0,"deg":2,"term":0,"major":0},"geometry":{"type":"Point","coordinates":[20.945658,52.135561]}},{"type":"Feature","properties":{"id":"s1882","name":"Wola Prażmowska Leśna","bus":1,"tram":0,"rail":0,"n":1,"imp":0.027,"node":0,"deg":2,"term":0,"major":0},"geometry":{"type":"Point","coordinates":[20.94417,52.126232]}},{"type":"Feature","properties":{"id":"s1883","name":"Gabryelin Klonowa","bus":1,"tram":0,"rail":0,"n":1,"imp":0.027,"node":0,"deg":2,"term":0,"major":0},"geometry":{"type":"Point","coordinates":[20.966203,52.133617]}},{"type":"Feature","properties":{"id":"s1884","name":"Cieciszew - Stary Kościół","bus":1,"tram":0,"rail":0,"n":1,"imp":0.027,"node":0,"deg":2,"term":0,"major":0},"geometry":{"type":"Point","coordinates":[21.011404,52.154309]}},{"type":"Feature","properties":{"id":"s1885","name":"Julianów Dzikiej Jabłoni","bus":1,"tram":0,"rail":0,"n":1,"imp":0.027,"node":0,"deg":2,"term":0,"major":0},"geometry":{"type":"Point","coordinates":[20.98264,52.157079]}},{"type":"Feature","properties":{"id":"s1886","name":"Piaseczno Kajki","bus":1,"tram":0,"rail":0,"n":1,"imp":0.037,"node":1,"deg":3,"term":0,"major":0},"geometry":{"type":"Point","coordinates":[20.96004,52.147636]}},{"type":"Feature","properties":{"id":"s1887","name":"Piaseczno Długosza","bus":1,"tram":0,"rail":0,"n":1,"imp":0.027,"node":0,"deg":2,"term":0,"major":0},"geometry":{"type":"Point","coordinates":[20.96004,52.146377]}},{"type":"Feature","properties":{"id":"s1888","name":"Pl. Zawiszy","bus":1,"tram":1,"rail":1,"n":23,"imp":0.296,"node":1,"deg":10,"term":0,"major":1},"geometry":{"type":"Point","coordinates":[20.974422,52.219402]}},{"type":"Feature","properties":{"id":"s1889","name":"Ochota - Ratusz","bus":0,"tram":1,"rail":0,"n":2,"imp":0.035,"node":0,"deg":2,"term":0,"major":0},"geometry":{"type":"Point","coordinates":[20.972367,52.217774]}},{"type":"Feature","properties":{"id":"s1890","name":"Pl. Narutowicza","bus":1,"tram":1,"rail":0,"n":14,"imp":0.222,"node":1,"deg":6,"term":1,"major":1},"geometry":{"type":"Point","coordinates":[20.972367,52.215625]}},{"type":"Feature","properties":{"id":"s1891","name":"Och-Teatr","bus":1,"tram":1,"rail":0,"n":8,"imp":0.109,"node":1,"deg":3,"term":0,"major":1},"geometry":{"type":"Point","coordinates":[20.972367,52.211848]}},{"type":"Feature","properties":{"id":"s1892","name":"Bitwy Warszawskiej 1920 r.","bus":1,"tram":1,"rail":0,"n":12,"imp":0.179,"node":1,"deg":7,"term":0,"major":1},"geometry":{"type":"Point","coordinates":[20.972367,52.210588]}},{"type":"Feature","properties":{"id":"s1893","name":"Dickensa","bus":1,"tram":1,"rail":0,"n":9,"imp":0.165,"node":1,"deg":8,"term":0,"major":1},"geometry":{"type":"Point","coordinates":[20.968258,52.205552]}},{"type":"Feature","properties":{"id":"s1894","name":"Korotyńskiego","bus":1,"tram":1,"rail":0,"n":7,"imp":0.111,"node":1,"deg":4,"term":0,"major":1},"geometry":{"type":"Point","coordinates":[20.968258,52.201775]}},{"type":"Feature","properties":{"id":"s1895","name":"PKP Rakowiec","bus":1,"tram":1,"rail":1,"n":11,"imp":0.162,"node":1,"deg":6,"term":0,"major":1},"geometry":{"type":"Point","coordinates":[20.964149,52.197998]}},{"type":"Feature","properties":{"id":"s1896","name":"1 Sierpnia","bus":1,"tram":0,"rail":0,"n":4,"imp":0.071,"node":1,"deg":4,"term":0,"major":0},"geometry":{"type":"Point","coordinates":[20.964149,52.19548]}},{"type":"Feature","properties":{"id":"s1897","name":"Włochy - Ratusz","bus":1,"tram":1,"rail":0,"n":5,"imp":0.085,"node":1,"deg":3,"term":0,"major":0},"geometry":{"type":"Point","coordinates":[20.96004,52.192962]}},{"type":"Feature","properties":{"id":"s1898","name":"Hynka","bus":1,"tram":1,"rail":0,"n":13,"imp":0.159,"node":1,"deg":4,"term":0,"major":1},"geometry":{"type":"Point","coordinates":[20.95593,52.190444]}},{"type":"Feature","properties":{"id":"s1899","name":"Krakowiaków","bus":1,"tram":1,"rail":0,"n":13,"imp":0.159,"node":1,"deg":4,"term":0,"major":1},"geometry":{"type":"Point","coordinates":[20.953876,52.185407]}},{"type":"Feature","properties":{"id":"s1900","name":"Lipowczana","bus":0,"tram":1,"rail":0,"n":3,"imp":0.043,"node":0,"deg":2,"term":0,"major":0},"geometry":{"type":"Point","coordinates":[20.950794,52.183519]}},{"type":"Feature","properties":{"id":"s1901","name":"Instytut Lotnictwa","bus":1,"tram":1,"rail":0,"n":13,"imp":0.149,"node":1,"deg":3,"term":0,"major":1},"geometry":{"type":"Point","coordinates":[20.947712,52.18163]}},{"type":"Feature","properties":{"id":"s1902","name":"P+R Al. Krakowska","bus":1,"tram":1,"rail":0,"n":21,"imp":0.444,"node":1,"deg":2,"term":1,"major":1},"geometry":{"type":"Point","coordinates":[20.943603,52.179112]}},{"type":"Feature","properties":{"id":"s1903","name":"Szyszkowa","bus":1,"tram":0,"rail":0,"n":14,"imp":0.151,"node":1,"deg":4,"term":0,"major":1},"geometry":{"type":"Point","coordinates":[20.937439,52.176594]}},{"type":"Feature","properties":{"id":"s1904","name":"Stoicka","bus":1,"tram":0,"rail":0,"n":13,"imp":0.143,"node":1,"deg":4,"term":0,"major":1},"geometry":{"type":"Point","coordinates":[20.935385,52.175335]}},{"type":"Feature","properties":{"id":"s1905","name":"Na Skraju","bus":1,"tram":0,"rail":0,"n":12,"imp":0.125,"node":1,"deg":3,"term":0,"major":1},"geometry":{"type":"Point","coordinates":[20.931275,52.172817]}},{"type":"Feature","properties":{"id":"s1906","name":"Olszowa","bus":1,"tram":0,"rail":0,"n":2,"imp":0.045,"node":1,"deg":3,"term":0,"major":0},"geometry":{"type":"Point","coordinates":[20.935385,52.171558]}},{"type":"Feature","properties":{"id":"s1907","name":"Rybna","bus":1,"tram":0,"rail":0,"n":2,"imp":0.035,"node":0,"deg":2,"term":0,"major":0},"geometry":{"type":"Point","coordinates":[20.93898,52.171558]}},{"type":"Feature","properties":{"id":"s1908","name":"Przelotowa","bus":1,"tram":0,"rail":0,"n":2,"imp":0.035,"node":0,"deg":2,"term":0,"major":0},"geometry":{"type":"Point","coordinates":[20.946171,52.171558]}},{"type":"Feature","properties":{"id":"s1909","name":"Ogrody Działkowe Na Skraju","bus":1,"tram":0,"rail":0,"n":2,"imp":0.035,"node":1,"deg":2,"term":0,"major":0},"geometry":{"type":"Point","coordinates":[20.949767,52.171558]}},{"type":"Feature","properties":{"id":"s1910","name":"Schronisko Dla Zwierząt","bus":1,"tram":0,"rail":0,"n":1,"imp":0.027,"node":0,"deg":2,"term":0,"major":0},"geometry":{"type":"Point","coordinates":[20.951821,52.170299]}},{"type":"Feature","properties":{"id":"s1911","name":"Ogrody Działkowe Paluch","bus":1,"tram":0,"rail":0,"n":1,"imp":0.03,"node":1,"deg":1,"term":1,"major":0},"geometry":{"type":"Point","coordinates":[20.953876,52.16904]}},{"type":"Feature","properties":{"id":"s1912","name":"CH Blue City","bus":1,"tram":0,"rail":0,"n":3,"imp":0.067,"node":1,"deg":2,"term":1,"major":0},"geometry":{"type":"Point","coordinates":[20.95593,52.211848]}},{"type":"Feature","properties":{"id":"s1913","name":"Raszyńska","bus":1,"tram":1,"rail":0,"n":7,"imp":0.111,"node":1,"deg":4,"term":0,"major":1},"geometry":{"type":"Point","coordinates":[20.974422,52.215625]}},{"type":"Feature","properties":{"id":"s1914","name":"Pomnik Lotnika","bus":1,"tram":0,"rail":0,"n":10,"imp":0.15,"node":1,"deg":6,"term":1,"major":1},"geometry":{"type":"Point","coordinates":[20.976476,52.213107]}},{"type":"Feature","properties":{"id":"s1915","name":"Banacha - Szpital","bus":1,"tram":0,"rail":0,"n":6,"imp":0.087,"node":1,"deg":4,"term":0,"major":0},"geometry":{"type":"Point","coordinates":[20.976476,52.209329]}},{"type":"Feature","properties":{"id":"s1916","name":"Uniwersytet Medyczny","bus":1,"tram":0,"rail":0,"n":6,"imp":0.077,"node":1,"deg":3,"term":0,"major":0},"geometry":{"type":"Point","coordinates":[20.976476,52.205552]}},{"type":"Feature","properties":{"id":"s1917","name":"Pruszkowska","bus":1,"tram":0,"rail":0,"n":7,"imp":0.085,"node":1,"deg":3,"term":0,"major":0},"geometry":{"type":"Point","coordinates":[20.974422,52.201775]}},{"type":"Feature","properties":{"id":"s1918","name":"Rakowiec","bus":1,"tram":0,"rail":0,"n":9,"imp":0.13,"node":1,"deg":6,"term":0,"major":1},"geometry":{"type":"Point","coordinates":[20.974422,52.200516]}},{"type":"Feature","properties":{"id":"s1919","name":"Baleya","bus":1,"tram":0,"rail":0,"n":5,"imp":0.088,"node":1,"deg":5,"term":0,"major":0},"geometry":{"type":"Point","coordinates":[20.974422,52.197998]}},{"type":"Feature","properties":{"id":"s1920","name":"Novotel","bus":1,"tram":0,"rail":1,"n":11,"imp":0.162,"node":1,"deg":6,"term":0,"major":1},"geometry":{"type":"Point","coordinates":[20.970313,52.194221]}},{"type":"Feature","properties":{"id":"s1921","name":"Leżajska","bus":1,"tram":0,"rail":0,"n":5,"imp":0.059,"node":0,"deg":2,"term":0,"major":0},"geometry":{"type":"Point","coordinates":[20.970313,52.190812]}},{"type":"Feature","properties":{"id":"s1922","name":"Sasanki","bus":1,"tram":0,"rail":1,"n":12,"imp":0.17,"node":1,"deg":6,"term":0,"major":1},"geometry":{"type":"Point","coordinates":[20.968258,52.187926]}},{"type":"Feature","properties":{"id":"s1923","name":"Komitetu Obrony Robotników","bus":1,"tram":0,"rail":1,"n":10,"imp":0.135,"node":1,"deg":4,"term":0,"major":1},"geometry":{"type":"Point","coordinates":[20.966203,52.184148]}},{"type":"Feature","properties":{"id":"s1924","name":"Ośrodek Wojskowy","bus":1,"tram":0,"rail":1,"n":8,"imp":0.109,"node":1,"deg":3,"term":0,"major":1},"geometry":{"type":"Point","coordinates":[20.966203,52.182889]}},{"type":"Feature","properties":{"id":"s1925","name":"Lotnisko Chopina","bus":1,"tram":0,"rail":0,"n":5,"imp":0.119,"node":1,"deg":2,"term":1,"major":1},"geometry":{"type":"Point","coordinates":[20.962094,52.177853]}},{"type":"Feature","properties":{"id":"s1926","name":"Spiska","bus":1,"tram":0,"rail":1,"n":9,"imp":0.107,"node":0,"deg":2,"term":0,"major":1},"geometry":{"type":"Point","coordinates":[20.972367,52.219402]}},{"type":"Feature","properties":{"id":"s1927","name":"Białobrzeska","bus":1,"tram":0,"rail":1,"n":9,"imp":0.117,"node":1,"deg":3,"term":0,"major":1},"geometry":{"type":"Point","coordinates":[20.970313,52.219402]}},{"type":"Feature","properties":{"id":"s1928","name":"Grzymały-Sokołowskiego","bus":1,"tram":0,"rail":1,"n":18,"imp":0.213,"node":1,"deg":3,"term":1,"major":1},"geometry":{"type":"Point","coordinates":[20.966203,52.216884]}},{"type":"Feature","properties":{"id":"s1929","name":"Dw. Zachodni","bus":1,"tram":0,"rail":1,"n":21,"imp":0.244,"node":1,"deg":5,"term":1,"major":1},"geometry":{"type":"Point","coordinates":[20.964149,52.216884]}},{"type":"Feature","properties":{"id":"s1930","name":"Rondo Zesłańców Syberyjskich","bus":1,"tram":0,"rail":1,"n":31,"imp":0.327,"node":1,"deg":4,"term":1,"major":1},"geometry":{"type":"Point","coordinates":[20.962094,52.215625]}},{"type":"Feature","properties":{"id":"s1931","name":"Śmigłowca","bus":1,"tram":0,"rail":0,"n":11,"imp":0.117,"node":1,"deg":3,"term":0,"major":1},"geometry":{"type":"Point","coordinates":[20.947712,52.210588]}},{"type":"Feature","properties":{"id":"s1932","name":"PKP WKD Al. Jerozolimskie","bus":1,"tram":0,"rail":1,"n":21,"imp":0.232,"node":1,"deg":5,"term":0,"major":1},"geometry":{"type":"Point","coordinates":[20.941548,52.206811]}},{"type":"Feature","properties":{"id":"s1933","name":"Popularna","bus":1,"tram":0,"rail":1,"n":17,"imp":0.191,"node":1,"deg":4,"term":0,"major":1},"geometry":{"type":"Point","coordinates":[20.935385,52.201775]}},{"type":"Feature","properties":{"id":"s1934","name":"Łopuszańska","bus":1,"tram":0,"rail":1,"n":20,"imp":0.215,"node":1,"deg":4,"term":0,"major":1},"geometry":{"type":"Point","coordinates":[20.927166,52.196739]}},{"type":"Feature","properties":{"id":"s1935","name":"Berestecka","bus":1,"tram":0,"rail":1,"n":24,"imp":0.256,"node":1,"deg":5,"term":0,"major":1},"geometry":{"type":"Point","coordinates":[20.951821,52.211848]}},{"type":"Feature","properties":{"id":"s1936","name":"Pl. Starynkiewicza","bus":1,"tram":1,"rail":1,"n":19,"imp":0.24,"node":1,"deg":5,"term":1,"major":1},"geometry":{"type":"Point","coordinates":[20.976476,52.219402]}},{"type":"Feature","properties":{"id":"s1937","name":"Janki Małe","bus":1,"tram":0,"rail":0,"n":3,"imp":0.063,"node":1,"deg":4,"term":0,"major":0},"geometry":{"type":"Point","coordinates":[20.898402,52.167781]}},{"type":"Feature","properties":{"id":"s1938","name":"Wolica","bus":1,"tram":0,"rail":0,"n":2,"imp":0.035,"node":0,"deg":2,"term":0,"major":0},"geometry":{"type":"Point","coordinates":[20.898402,52.165317]}},{"type":"Feature","properties":{"id":"s1939","name":"Wolica Długa","bus":1,"tram":0,"rail":0,"n":2,"imp":0.035,"node":0,"deg":2,"term":0,"major":0},"geometry":{"type":"Point","coordinates":[20.897074,52.16319]}},{"type":"Feature","properties":{"id":"s1940","name":"Paszków","bus":1,"tram":0,"rail":0,"n":2,"imp":0.035,"node":0,"deg":2,"term":0,"major":0},"geometry":{"type":"Point","coordinates":[20.894293,52.161432]}},{"type":"Feature","properties":{"id":"s1941","name":"Kajetany","bus":1,"tram":0,"rail":0,"n":4,"imp":0.09,"node":1,"deg":6,"term":0,"major":0},"geometry":{"type":"Point","coordinates":[20.892238,52.157708]}},{"type":"Feature","properties":{"id":"s1942","name":"Kajetany Gołębia","bus":1,"tram":0,"rail":0,"n":1,"imp":0.027,"node":0,"deg":2,"term":0,"major":0},"geometry":{"type":"Point","coordinates":[20.892238,52.154533]}},{"type":"Feature","properties":{"id":"s1943","name":"Kajetany Rolna","bus":1,"tram":0,"rail":0,"n":1,"imp":0.027,"node":0,"deg":2,"term":0,"major":0},"geometry":{"type":"Point","coordinates":[20.892238,52.152945]}},{"type":"Feature","properties":{"id":"s1944","name":"POD Kajetany","bus":1,"tram":0,"rail":0,"n":1,"imp":0.027,"node":0,"deg":2,"term":0,"major":0},"geometry":{"type":"Point","coordinates":[20.893756,52.151742]}},{"type":"Feature","properties":{"id":"s1945","name":"Szamoty","bus":1,"tram":0,"rail":0,"n":1,"imp":0.027,"node":0,"deg":2,"term":0,"major":0},"geometry":{"type":"Point","coordinates":[20.895589,52.150619]}},{"type":"Feature","properties":{"id":"s1946","name":"Janki Pl. Szwedzki","bus":1,"tram":0,"rail":0,"n":9,"imp":0.197,"node":1,"deg":8,"term":1,"major":1},"geometry":{"type":"Point","coordinates":[20.904566,52.165263]}},{"type":"Feature","properties":{"id":"s1947","name":"Janki Działkowa","bus":1,"tram":0,"rail":0,"n":3,"imp":0.043,"node":0,"deg":2,"term":0,"major":0},"geometry":{"type":"Point","coordinates":[20.913599,52.163244]}},{"type":"Feature","properties":{"id":"s1948","name":"Nowy Sękocin","bus":1,"tram":0,"rail":0,"n":3,"imp":0.043,"node":0,"deg":2,"term":0,"major":0},"geometry":{"type":"Point","coordinates":[20.912784,52.161117]}},{"type":"Feature","properties":{"id":"s1949","name":"Stary Sękocin","bus":1,"tram":0,"rail":0,"n":3,"imp":0.043,"node":0,"deg":2,"term":0,"major":0},"geometry":{"type":"Point","coordinates":[20.912784,52.158783]}},{"type":"Feature","properties":{"id":"s1950","name":"Sękocin-Las Sękocin - Las","bus":1,"tram":0,"rail":0,"n":3,"imp":0.053,"node":1,"deg":3,"term":0,"major":0},"geometry":{"type":"Point","coordinates":[20.912784,52.156449]}},{"type":"Feature","properties":{"id":"s1951","name":"Łazy Podleśna","bus":1,"tram":0,"rail":0,"n":2,"imp":0.035,"node":0,"deg":2,"term":0,"major":0},"geometry":{"type":"Point","coordinates":[20.910429,52.153747]}},{"type":"Feature","properties":{"id":"s1952","name":"Łazy","bus":1,"tram":0,"rail":0,"n":4,"imp":0.071,"node":1,"deg":4,"term":0,"major":0},"geometry":{"type":"Point","coordinates":[20.906621,52.151413]}},{"type":"Feature","properties":{"id":"s1953","name":"Radiostacja Łazy","bus":1,"tram":0,"rail":0,"n":3,"imp":0.043,"node":0,"deg":2,"term":0,"major":0},"geometry":{"type":"Point","coordinates":[20.906621,52.150154]}},{"type":"Feature","properties":{"id":"s1954","name":"Marysin","bus":1,"tram":0,"rail":0,"n":3,"imp":0.043,"node":0,"deg":2,"term":0,"major":0},"geometry":{"type":"Point","coordinates":[20.906621,52.148895]}},{"type":"Feature","properties":{"id":"s1955","name":"Wólka Kosowska Wygoda","bus":1,"tram":0,"rail":0,"n":3,"imp":0.053,"node":1,"deg":3,"term":0,"major":0},"geometry":{"type":"Point","coordinates":[20.906621,52.147636]}},{"type":"Feature","properties":{"id":"s1956","name":"Jabłonowo Kolonia Warszawska","bus":1,"tram":0,"rail":0,"n":3,"imp":0.053,"node":1,"deg":3,"term":0,"major":0},"geometry":{"type":"Point","coordinates":[20.906621,52.146377]}},{"type":"Feature","properties":{"id":"s1957","name":"Mroków Leszczynka","bus":1,"tram":0,"rail":0,"n":3,"imp":0.053,"node":1,"deg":3,"term":0,"major":0},"geometry":{"type":"Point","coordinates":[20.906621,52.143859]}},{"type":"Feature","properties":{"id":"s1958","name":"Mroków","bus":1,"tram":0,"rail":0,"n":2,"imp":0.035,"node":0,"deg":2,"term":0,"major":0},"geometry":{"type":"Point","coordinates":[20.906621,52.143229]}},{"type":"Feature","properties":{"id":"s1959","name":"Szczaki Graniczna","bus":1,"tram":0,"rail":0,"n":2,"imp":0.045,"node":1,"deg":3,"term":0,"major":0},"geometry":{"type":"Point","coordinates":[20.91073,52.140082]}},{"type":"Feature","properties":{"id":"s1960","name":"POD Szczaki","bus":1,"tram":0,"rail":0,"n":2,"imp":0.047,"node":1,"deg":2,"term":1,"major":0},"geometry":{"type":"Point","coordinates":[20.914839,52.137564]}},{"type":"Feature","properties":{"id":"s1961","name":"Szczaki","bus":1,"tram":0,"rail":0,"n":2,"imp":0.035,"node":0,"deg":2,"term":0,"major":0},"geometry":{"type":"Point","coordinates":[20.917578,52.135885]}},{"type":"Feature","properties":{"id":"s1962","name":"Na Bateryjce","bus":1,"tram":0,"rail":0,"n":2,"imp":0.035,"node":0,"deg":2,"term":0,"major":0},"geometry":{"type":"Point","coordinates":[20.960641,52.214734]}},{"type":"Feature","properties":{"id":"s1963","name":"Al. Bohaterów Września","bus":1,"tram":0,"rail":0,"n":3,"imp":0.053,"node":1,"deg":3,"term":0,"major":0},"geometry":{"type":"Point","coordinates":[20.96004,52.211848]}},{"type":"Feature","properties":{"id":"s1964","name":"Kajetany Modra","bus":1,"tram":0,"rail":0,"n":1,"imp":0.027,"node":0,"deg":2,"term":0,"major":0},"geometry":{"type":"Point","coordinates":[20.892238,52.156121]}},{"type":"Feature","properties":{"id":"s1965","name":"Astronautów","bus":1,"tram":0,"rail":0,"n":2,"imp":0.035,"node":0,"deg":2,"term":0,"major":0},"geometry":{"type":"Point","coordinates":[20.964875,52.188739]}},{"type":"Feature","properties":{"id":"s1966","name":"Radarowa","bus":1,"tram":0,"rail":0,"n":3,"imp":0.053,"node":1,"deg":3,"term":0,"major":0},"geometry":{"type":"Point","coordinates":[20.962094,52.190444]}},{"type":"Feature","properties":{"id":"s1967","name":"Nowotyska","bus":1,"tram":0,"rail":0,"n":2,"imp":0.045,"node":1,"deg":3,"term":0,"major":0},"geometry":{"type":"Point","coordinates":[20.894293,52.199257]}},{"type":"Feature","properties":{"id":"s1968","name":"Orzechowa","bus":1,"tram":0,"rail":0,"n":9,"imp":0.101,"node":1,"deg":3,"term":0,"major":1},"geometry":{"type":"Point","coordinates":[20.947712,52.191703]}},{"type":"Feature","properties":{"id":"s1969","name":"Przedpole","bus":1,"tram":0,"rail":0,"n":1,"imp":0.027,"node":0,"deg":2,"term":0,"major":0},"geometry":{"type":"Point","coordinates":[20.941123,52.191703]}},{"type":"Feature","properties":{"id":"s1970","name":"WKD Raków","bus":1,"tram":0,"rail":1,"n":10,"imp":0.135,"node":1,"deg":4,"term":0,"major":1},"geometry":{"type":"Point","coordinates":[20.935385,52.192962]}},{"type":"Feature","properties":{"id":"s1971","name":"Zajezdnia Kleszczowa","bus":1,"tram":0,"rail":0,"n":24,"imp":0.45,"node":1,"deg":3,"term":1,"major":1},"geometry":{"type":"Point","coordinates":[20.921003,52.196739]}},{"type":"Feature","properties":{"id":"s1972","name":"Dojazdowa","bus":1,"tram":0,"rail":0,"n":4,"imp":0.051,"node":0,"deg":2,"term":0,"major":0},"geometry":{"type":"Point","coordinates":[20.91762,52.197553]}},{"type":"Feature","properties":{"id":"s1973","name":"Ryżowa","bus":1,"tram":0,"rail":0,"n":16,"imp":0.176,"node":1,"deg":5,"term":0,"major":1},"geometry":{"type":"Point","coordinates":[20.914839,52.199257]}},{"type":"Feature","properties":{"id":"s1974","name":"Zapustna","bus":1,"tram":0,"rail":0,"n":6,"imp":0.077,"node":1,"deg":3,"term":0,"major":0},"geometry":{"type":"Point","coordinates":[20.908675,52.196739]}},{"type":"Feature","properties":{"id":"s1975","name":"Dzieci Warszawy","bus":1,"tram":0,"rail":0,"n":7,"imp":0.095,"node":1,"deg":4,"term":0,"major":0},"geometry":{"type":"Point","coordinates":[20.908675,52.194221]}},{"type":"Feature","properties":{"id":"s1976","name":"Szancera","bus":1,"tram":0,"rail":0,"n":7,"imp":0.095,"node":1,"deg":4,"term":0,"major":0},"geometry":{"type":"Point","coordinates":[20.900457,52.19548]}},{"type":"Feature","properties":{"id":"s1977","name":"Pl. Tysiąclecia","bus":1,"tram":0,"rail":0,"n":3,"imp":0.043,"node":0,"deg":2,"term":0,"major":0},"geometry":{"type":"Point","coordinates":[20.893266,52.196109]}},{"type":"Feature","properties":{"id":"s1978","name":"Wapowskiego","bus":1,"tram":0,"rail":0,"n":4,"imp":0.051,"node":0,"deg":2,"term":0,"major":0},"geometry":{"type":"Point","coordinates":[20.89532,52.193591]}},{"type":"Feature","properties":{"id":"s1979","name":"Spisaka","bus":1,"tram":0,"rail":0,"n":5,"imp":0.088,"node":1,"deg":5,"term":0,"major":0},"geometry":{"type":"Point","coordinates":[20.892238,52.191703]}},{"type":"Feature","properties":{"id":"s1980","name":"Malinowa","bus":1,"tram":0,"rail":0,"n":5,"imp":0.079,"node":1,"deg":4,"term":0,"major":0},"geometry":{"type":"Point","coordinates":[20.890184,52.19548]}},{"type":"Feature","properties":{"id":"s1981","name":"Mikołajska","bus":1,"tram":0,"rail":1,"n":6,"imp":0.093,"node":1,"deg":3,"term":0,"major":0},"geometry":{"type":"Point","coordinates":[20.927166,52.203034]}},{"type":"Feature","properties":{"id":"s1982","name":"Techników","bus":1,"tram":0,"rail":0,"n":4,"imp":0.061,"node":1,"deg":3,"term":0,"major":0},"geometry":{"type":"Point","coordinates":[20.925112,52.204293]}},{"type":"Feature","properties":{"id":"s1983","name":"Płużańska","bus":1,"tram":0,"rail":0,"n":4,"imp":0.051,"node":0,"deg":2,"term":0,"major":0},"geometry":{"type":"Point","coordinates":[20.92451,52.20718]}},{"type":"Feature","properties":{"id":"s1984","name":"Instalatorów - KAM","bus":1,"tram":0,"rail":1,"n":6,"imp":0.083,"node":0,"deg":2,"term":0,"major":0},"geometry":{"type":"Point","coordinates":[20.958103,52.197998]}},{"type":"Feature","properties":{"id":"s1985","name":"Instalatorów","bus":1,"tram":0,"rail":1,"n":6,"imp":0.105,"node":1,"deg":3,"term":1,"major":1},"geometry":{"type":"Point","coordinates":[20.947712,52.200516]}},{"type":"Feature","properties":{"id":"s1986","name":"Skorochód-Majewskiego","bus":1,"tram":0,"rail":0,"n":2,"imp":0.045,"node":1,"deg":3,"term":0,"major":0},"geometry":{"type":"Point","coordinates":[20.970313,52.205552]}},{"type":"Feature","properties":{"id":"s1987","name":"Banacha","bus":1,"tram":1,"rail":0,"n":6,"imp":0.127,"node":1,"deg":4,"term":1,"major":1},"geometry":{"type":"Point","coordinates":[20.974422,52.209329]}},{"type":"Feature","properties":{"id":"s1988","name":"Siemieńskiego","bus":1,"tram":0,"rail":0,"n":3,"imp":0.053,"node":1,"deg":3,"term":0,"major":0},"geometry":{"type":"Point","coordinates":[20.970313,52.203034]}},{"type":"Feature","properties":{"id":"s1989","name":"Sosnkowskiego","bus":1,"tram":0,"rail":0,"n":4,"imp":0.061,"node":1,"deg":3,"term":0,"major":0},"geometry":{"type":"Point","coordinates":[20.894293,52.192962]}},{"type":"Feature","properties":{"id":"s1990","name":"Jasielska","bus":1,"tram":0,"rail":0,"n":2,"imp":0.035,"node":0,"deg":2,"term":0,"major":0},"geometry":{"type":"Point","coordinates":[20.973394,52.201146]}},{"type":"Feature","properties":{"id":"s1991","name":"Mołdawska","bus":1,"tram":0,"rail":0,"n":3,"imp":0.063,"node":1,"deg":4,"term":0,"major":0},"geometry":{"type":"Point","coordinates":[20.972367,52.201775]}},{"type":"Feature","properties":{"id":"s1992","name":"Wiślicka","bus":1,"tram":0,"rail":0,"n":4,"imp":0.071,"node":1,"deg":4,"term":0,"major":0},"geometry":{"type":"Point","coordinates":[20.972367,52.204293]}},{"type":"Feature","properties":{"id":"s1993","name":"Salomea","bus":1,"tram":0,"rail":0,"n":2,"imp":0.035,"node":0,"deg":2,"term":0,"major":0},"geometry":{"type":"Point","coordinates":[20.917495,52.190812]}},{"type":"Feature","properties":{"id":"s1994","name":"Przemysława II","bus":1,"tram":0,"rail":0,"n":1,"imp":0.027,"node":0,"deg":2,"term":0,"major":0},"geometry":{"type":"Point","coordinates":[20.881966,52.202782]}},{"type":"Feature","properties":{"id":"s1995","name":"Hala Kopińska","bus":1,"tram":0,"rail":0,"n":11,"imp":0.136,"node":1,"deg":5,"term":0,"major":1},"geometry":{"type":"Point","coordinates":[20.968258,52.215625]}},{"type":"Feature","properties":{"id":"s1996","name":"Rokosowska","bus":1,"tram":0,"rail":0,"n":3,"imp":0.053,"node":1,"deg":3,"term":0,"major":0},"geometry":{"type":"Point","coordinates":[20.968258,52.213107]}},{"type":"Feature","properties":{"id":"s1997","name":"Opaczewska","bus":1,"tram":0,"rail":0,"n":2,"imp":0.054,"node":1,"deg":4,"term":0,"major":0},"geometry":{"type":"Point","coordinates":[20.968258,52.210588]}},{"type":"Feature","properties":{"id":"s1998","name":"Szczęśliwice","bus":1,"tram":0,"rail":0,"n":6,"imp":0.159,"node":1,"deg":4,"term":1,"major":1},"geometry":{"type":"Point","coordinates":[20.962094,52.20807]}},{"type":"Feature","properties":{"id":"s1999","name":"Urbanistów","bus":1,"tram":0,"rail":0,"n":2,"imp":0.045,"node":1,"deg":3,"term":0,"major":0},"geometry":{"type":"Point","coordinates":[20.966203,52.20807]}},{"type":"Feature","properties":{"id":"s2000","name":"Wawelska","bus":1,"tram":1,"rail":0,"n":15,"imp":0.175,"node":1,"deg":4,"term":0,"major":1},"geometry":{"type":"Point","coordinates":[20.972367,52.213107]}},{"type":"Feature","properties":{"id":"s2001","name":"Al. Wielkopolski","bus":1,"tram":0,"rail":0,"n":5,"imp":0.059,"node":0,"deg":2,"term":0,"major":0},"geometry":{"type":"Point","coordinates":[20.979558,52.213107]}},{"type":"Feature","properties":{"id":"s2002","name":"Adamieckiego","bus":1,"tram":0,"rail":0,"n":7,"imp":0.104,"node":1,"deg":5,"term":0,"major":1},"geometry":{"type":"Point","coordinates":[20.896348,52.194221]}},{"type":"Feature","properties":{"id":"s2003","name":"Bolesława Śmiałego","bus":1,"tram":0,"rail":0,"n":1,"imp":0.027,"node":0,"deg":2,"term":0,"major":0},"geometry":{"type":"Point","coordinates":[20.881966,52.20379]}},{"type":"Feature","properties":{"id":"s2004","name":"Skoroszewska","bus":1,"tram":0,"rail":0,"n":7,"imp":0.095,"node":1,"deg":4,"term":0,"major":0},"geometry":{"type":"Point","coordinates":[20.902511,52.194221]}},{"type":"Feature","properties":{"id":"s2005","name":"CH Reduta","bus":1,"tram":0,"rail":1,"n":2,"imp":0.073,"node":1,"deg":3,"term":1,"major":0},"geometry":{"type":"Point","coordinates":[20.947712,52.211848]}},{"type":"Feature","properties":{"id":"s2006","name":"Gierdziejewskiego","bus":1,"tram":0,"rail":0,"n":3,"imp":0.063,"node":1,"deg":4,"term":0,"major":0},"geometry":{"type":"Point","coordinates":[20.888129,52.201775]}},{"type":"Feature","properties":{"id":"s2007","name":"Posag 7 Panien","bus":1,"tram":0,"rail":0,"n":2,"imp":0.045,"node":1,"deg":3,"term":0,"major":0},"geometry":{"type":"Point","coordinates":[20.886075,52.203034]}},{"type":"Feature","properties":{"id":"s2008","name":"PKP Ursus Płn.","bus":1,"tram":0,"rail":0,"n":4,"imp":0.061,"node":1,"deg":3,"term":0,"major":0},"geometry":{"type":"Point","coordinates":[20.894293,52.205552]}},{"type":"Feature","properties":{"id":"s2009","name":"Regulska","bus":1,"tram":0,"rail":0,"n":2,"imp":0.05,"node":1,"deg":1,"term":1,"major":0},"geometry":{"type":"Point","coordinates":[20.886075,52.186667]}},{"type":"Feature","properties":{"id":"s2010","name":"Starodęby","bus":1,"tram":0,"rail":0,"n":4,"imp":0.099,"node":1,"deg":7,"term":0,"major":1},"geometry":{"type":"Point","coordinates":[20.900457,52.186667]}},{"type":"Feature","properties":{"id":"s2011","name":"Piastowska","bus":1,"tram":0,"rail":0,"n":2,"imp":0.045,"node":1,"deg":3,"term":0,"major":0},"geometry":{"type":"Point","coordinates":[20.886075,52.189185]}},{"type":"Feature","properties":{"id":"s2012","name":"Władysławów","bus":1,"tram":0,"rail":0,"n":4,"imp":0.073,"node":1,"deg":3,"term":1,"major":0},"geometry":{"type":"Point","coordinates":[20.927166,52.147636]}},{"type":"Feature","properties":{"id":"s2013","name":"Magdalenka Graniczna","bus":1,"tram":0,"rail":0,"n":1,"imp":0.027,"node":0,"deg":2,"term":0,"major":0},"geometry":{"type":"Point","coordinates":[20.916468,52.15519]}},{"type":"Feature","properties":{"id":"s2014","name":"Hale Banacha","bus":0,"tram":1,"rail":0,"n":3,"imp":0.043,"node":0,"deg":2,"term":0,"major":0},"geometry":{"type":"Point","coordinates":[20.96886,52.208439]}},{"type":"Feature","properties":{"id":"s2015","name":"Piastów Norwida","bus":1,"tram":0,"rail":0,"n":2,"imp":0.045,"node":1,"deg":3,"term":0,"major":0},"geometry":{"type":"Point","coordinates":[20.881966,52.185407]}},{"type":"Feature","properties":{"id":"s2016","name":"Niemcewicza","bus":1,"tram":0,"rail":0,"n":3,"imp":0.043,"node":0,"deg":2,"term":0,"major":0},"geometry":{"type":"Point","coordinates":[20.972367,52.219402]}},{"type":"Feature","properties":{"id":"s2017","name":"Ogród Działkowy im. Warneńczyka","bus":1,"tram":0,"rail":0,"n":2,"imp":0.035,"node":0,"deg":2,"term":0,"major":0},"geometry":{"type":"Point","coordinates":[20.956319,52.184148]}},{"type":"Feature","properties":{"id":"s2018","name":"Bolesława Krzywoustego","bus":1,"tram":0,"rail":0,"n":1,"imp":0.027,"node":0,"deg":2,"term":0,"major":0},"geometry":{"type":"Point","coordinates":[20.881966,52.204797]}},{"type":"Feature","properties":{"id":"s2019","name":"Drzewieckiego","bus":1,"tram":0,"rail":0,"n":2,"imp":0.035,"node":0,"deg":2,"term":0,"major":0},"geometry":{"type":"Point","coordinates":[20.962909,52.184148]}},{"type":"Feature","properties":{"id":"s2020","name":"Wirażowa","bus":1,"tram":0,"rail":1,"n":6,"imp":0.093,"node":1,"deg":3,"term":0,"major":0},"geometry":{"type":"Point","coordinates":[20.970313,52.184148]}},{"type":"Feature","properties":{"id":"s2021","name":"PKP Okęcie","bus":1,"tram":0,"rail":1,"n":4,"imp":0.087,"node":1,"deg":4,"term":0,"major":0},"geometry":{"type":"Point","coordinates":[20.966203,52.176594]}},{"type":"Feature","properties":{"id":"s2022","name":"Terminal Cargo","bus":1,"tram":0,"rail":0,"n":2,"imp":0.045,"node":1,"deg":3,"term":0,"major":0},"geometry":{"type":"Point","coordinates":[20.966203,52.175335]}},{"type":"Feature","properties":{"id":"s2023","name":"PKP Gołąbki","bus":1,"tram":0,"rail":0,"n":1,"imp":0.039,"node":1,"deg":2,"term":1,"major":0},"geometry":{"type":"Point","coordinates":[20.881966,52.206811]}},{"type":"Feature","properties":{"id":"s2024","name":"Nadarzyn Centrum Mody","bus":1,"tram":0,"rail":0,"n":4,"imp":0.061,"node":1,"deg":3,"term":0,"major":0},"geometry":{"type":"Point","coordinates":[20.894293,52.158967]}},{"type":"Feature","properties":{"id":"s2025","name":"Nadarzyn Komorowska","bus":1,"tram":0,"rail":0,"n":1,"imp":0.027,"node":0,"deg":2,"term":0,"major":0},"geometry":{"type":"Point","coordinates":[20.881364,52.164372]}},{"type":"Feature","properties":{"id":"s2026","name":"Lindleya","bus":1,"tram":0,"rail":0,"n":1,"imp":0.046,"node":1,"deg":4,"term":0,"major":0},"geometry":{"type":"Point","coordinates":[20.978531,52.215625]}},{"type":"Feature","properties":{"id":"s2027","name":"NIK","bus":0,"tram":1,"rail":0,"n":4,"imp":0.051,"node":0,"deg":2,"term":0,"major":0},"geometry":{"type":"Point","coordinates":[20.978105,52.214366]}},{"type":"Feature","properties":{"id":"s2028","name":"Szczęśliwicka","bus":1,"tram":0,"rail":0,"n":8,"imp":0.103,"node":1,"deg":4,"term":0,"major":1},"geometry":{"type":"Point","coordinates":[20.964149,52.214366]}},{"type":"Feature","properties":{"id":"s2029","name":"Raszyn Młyn","bus":1,"tram":0,"rail":0,"n":11,"imp":0.127,"node":1,"deg":4,"term":0,"major":1},"geometry":{"type":"Point","coordinates":[20.929221,52.171558]}},{"type":"Feature","properties":{"id":"s2030","name":"Raszyn Szkolna","bus":1,"tram":0,"rail":0,"n":11,"imp":0.107,"node":0,"deg":2,"term":0,"major":1},"geometry":{"type":"Point","coordinates":[20.928194,52.170928]}},{"type":"Feature","properties":{"id":"s2031","name":"Raszyn Sportowa","bus":1,"tram":0,"rail":0,"n":11,"imp":0.127,"node":1,"deg":4,"term":0,"major":1},"geometry":{"type":"Point","coordinates":[20.927166,52.170299]}},{"type":"Feature","properties":{"id":"s2032","name":"Raszyn Kościół","bus":1,"tram":0,"rail":0,"n":10,"imp":0.099,"node":0,"deg":2,"term":0,"major":1},"geometry":{"type":"Point","coordinates":[20.923784,52.169485]}},{"type":"Feature","properties":{"id":"s2033","name":"Falenty Puchały","bus":1,"tram":0,"rail":0,"n":10,"imp":0.109,"node":1,"deg":3,"term":0,"major":1},"geometry":{"type":"Point","coordinates":[20.921003,52.167781]}},{"type":"Feature","properties":{"id":"s2034","name":"Falenty Aleja Hrabska","bus":1,"tram":0,"rail":0,"n":9,"imp":0.101,"node":1,"deg":3,"term":0,"major":1},"geometry":{"type":"Point","coordinates":[20.921003,52.166522]}},{"type":"Feature","properties":{"id":"s2035","name":"Falenty - Pałac","bus":1,"tram":0,"rail":0,"n":2,"imp":0.035,"node":0,"deg":2,"term":0,"major":0},"geometry":{"type":"Point","coordinates":[20.923784,52.164818]}},{"type":"Feature","properties":{"id":"s2036","name":"Falenty - Osiedle","bus":1,"tram":0,"rail":0,"n":3,"imp":0.053,"node":1,"deg":3,"term":0,"major":0},"geometry":{"type":"Point","coordinates":[20.927166,52.164004]}},{"type":"Feature","properties":{"id":"s2037","name":"Falenty Nowe","bus":1,"tram":0,"rail":0,"n":3,"imp":0.043,"node":0,"deg":2,"term":0,"major":0},"geometry":{"type":"Point","coordinates":[20.922773,52.164004]}},{"type":"Feature","properties":{"id":"s2038","name":"Falenty Duże","bus":1,"tram":0,"rail":0,"n":3,"imp":0.043,"node":0,"deg":2,"term":0,"major":0},"geometry":{"type":"Point","coordinates":[20.918381,52.164004]}},{"type":"Feature","properties":{"id":"s2039","name":"Janki","bus":1,"tram":0,"rail":0,"n":11,"imp":0.136,"node":1,"deg":5,"term":0,"major":1},"geometry":{"type":"Point","coordinates":[20.914839,52.165263]}},{"type":"Feature","properties":{"id":"s2040","name":"Rybie","bus":1,"tram":0,"rail":0,"n":1,"imp":0.027,"node":0,"deg":2,"term":0,"major":0},"geometry":{"type":"Point","coordinates":[20.933683,52.166522]}},{"type":"Feature","properties":{"id":"s2041","name":"Jaworowa Promyka","bus":1,"tram":0,"rail":0,"n":1,"imp":0.027,"node":0,"deg":2,"term":0,"major":0},"geometry":{"type":"Point","coordinates":[20.938217,52.166522]}},{"type":"Feature","properties":{"id":"s2042","name":"Jaworowa Objazdowa","bus":1,"tram":0,"rail":0,"n":1,"imp":0.027,"node":0,"deg":2,"term":0,"major":0},"geometry":{"type":"Point","coordinates":[20.942752,52.166522]}},{"type":"Feature","properties":{"id":"s2043","name":"Dawidy Spółdzielnia","bus":1,"tram":0,"rail":0,"n":1,"imp":0.027,"node":0,"deg":2,"term":0,"major":0},"geometry":{"type":"Point","coordinates":[20.947287,52.166522]}},{"type":"Feature","properties":{"id":"s2044","name":"Dawidy Długa","bus":1,"tram":0,"rail":0,"n":1,"imp":0.037,"node":1,"deg":3,"term":0,"major":0},"geometry":{"type":"Point","coordinates":[20.951821,52.166522]}},{"type":"Feature","properties":{"id":"s2045","name":"Dawidy Bankowe Łady - Szkoła","bus":1,"tram":0,"rail":0,"n":1,"imp":0.027,"node":0,"deg":2,"term":0,"major":0},"geometry":{"type":"Point","coordinates":[20.948013,52.164188]}},{"type":"Feature","properties":{"id":"s2046","name":"Łady","bus":1,"tram":0,"rail":0,"n":1,"imp":0.037,"node":1,"deg":3,"term":0,"major":0},"geometry":{"type":"Point","coordinates":[20.943603,52.162745]}},{"type":"Feature","properties":{"id":"s2047","name":"Nowy Podolszyn","bus":1,"tram":0,"rail":0,"n":1,"imp":0.037,"node":1,"deg":3,"term":0,"major":0},"geometry":{"type":"Point","coordinates":[20.939494,52.160227]}},{"type":"Feature","properties":{"id":"s2048","name":"Podolszyn","bus":1,"tram":0,"rail":0,"n":1,"imp":0.018,"node":1,"deg":1,"term":0,"major":0},"geometry":{"type":"Point","coordinates":[20.937439,52.158967]}},{"type":"Feature","properties":{"id":"s2049","name":"Dawidy Bankowe Kwiatów Polnych","bus":1,"tram":0,"rail":0,"n":1,"imp":0.027,"node":0,"deg":2,"term":0,"major":0},"geometry":{"type":"Point","coordinates":[20.95593,52.163164]}},{"type":"Feature","properties":{"id":"s2050","name":"Dawidy Bankowe Boryny","bus":1,"tram":0,"rail":0,"n":1,"imp":0.027,"node":0,"deg":2,"term":0,"major":0},"geometry":{"type":"Point","coordinates":[20.95593,52.161486]}},{"type":"Feature","properties":{"id":"s2051","name":"Dawidy Bankowe Miklaszewskiego","bus":1,"tram":0,"rail":0,"n":1,"imp":0.027,"node":0,"deg":2,"term":0,"major":0},"geometry":{"type":"Point","coordinates":[20.95593,52.160646]}},{"type":"Feature","properties":{"id":"s2052","name":"Dawidy Bankowe Starzyńskiego","bus":1,"tram":0,"rail":0,"n":1,"imp":0.027,"node":0,"deg":2,"term":0,"major":0},"geometry":{"type":"Point","coordinates":[20.95593,52.159807]}},{"type":"Feature","properties":{"id":"s2053","name":"Zamienie","bus":1,"tram":0,"rail":0,"n":1,"imp":0.027,"node":0,"deg":2,"term":0,"major":0},"geometry":{"type":"Point","coordinates":[20.954287,52.158967]}},{"type":"Feature","properties":{"id":"s2054","name":"Zgorzała","bus":1,"tram":0,"rail":0,"n":3,"imp":0.072,"node":1,"deg":5,"term":0,"major":0},"geometry":{"type":"Point","coordinates":[20.95593,52.158967]}},{"type":"Feature","properties":{"id":"s2055","name":"WKD Opacz","bus":1,"tram":0,"rail":1,"n":3,"imp":0.11,"node":1,"deg":6,"term":1,"major":1},"geometry":{"type":"Point","coordinates":[20.906621,52.182889]}},{"type":"Feature","properties":{"id":"s2056","name":"Opacz-Kolonia Badylarska","bus":1,"tram":0,"rail":0,"n":1,"imp":0.027,"node":0,"deg":2,"term":0,"major":0},"geometry":{"type":"Point","coordinates":[20.912821,52.182889]}},{"type":"Feature","properties":{"id":"s2057","name":"Henryka Probusa","bus":1,"tram":0,"rail":0,"n":1,"imp":0.027,"node":0,"deg":2,"term":0,"major":0},"geometry":{"type":"Point","coordinates":[20.881966,52.204293]}},{"type":"Feature","properties":{"id":"s2058","name":"Jastrzębiec Szeroka","bus":1,"tram":0,"rail":0,"n":1,"imp":0.027,"node":0,"deg":2,"term":0,"major":0},"geometry":{"type":"Point","coordinates":[20.877856,52.149035]}},{"type":"Feature","properties":{"id":"s2059","name":"Pruszków Kościuszki","bus":1,"tram":0,"rail":1,"n":5,"imp":0.104,"node":1,"deg":5,"term":0,"major":1},"geometry":{"type":"Point","coordinates":[20.865529,52.182889]}},{"type":"Feature","properties":{"id":"s2060","name":"Pruszków Al. Wojska Polskiego","bus":1,"tram":0,"rail":0,"n":4,"imp":0.071,"node":1,"deg":4,"term":0,"major":0},"geometry":{"type":"Point","coordinates":[20.865529,52.180371]}},{"type":"Feature","properties":{"id":"s2061","name":"Pruszków Os. Staszica - Pętla","bus":1,"tram":0,"rail":0,"n":2,"imp":0.05,"node":1,"deg":1,"term":1,"major":0},"geometry":{"type":"Point","coordinates":[20.863474,52.176594]}},{"type":"Feature","properties":{"id":"s2062","name":"Pruszków Jasna","bus":1,"tram":0,"rail":0,"n":5,"imp":0.088,"node":1,"deg":5,"term":0,"major":0},"geometry":{"type":"Point","coordinates":[20.863474,52.179112]}},{"type":"Feature","properties":{"id":"s2063","name":"Pruszków Ołówkowa","bus":1,"tram":0,"rail":0,"n":7,"imp":0.104,"node":1,"deg":5,"term":0,"major":1},"geometry":{"type":"Point","coordinates":[20.863474,52.180371]}},{"type":"Feature","properties":{"id":"s2064","name":"Okęcie Business Park","bus":1,"tram":0,"rail":0,"n":2,"imp":0.035,"node":0,"deg":2,"term":0,"major":0},"geometry":{"type":"Point","coordinates":[20.959614,52.184148]}},{"type":"Feature","properties":{"id":"s2065","name":"Stawy","bus":1,"tram":0,"rail":1,"n":4,"imp":0.077,"node":1,"deg":3,"term":0,"major":0},"geometry":{"type":"Point","coordinates":[20.921003,52.204293]}},{"type":"Feature","properties":{"id":"s2066","name":"Lotnisko Chopina - Odloty","bus":1,"tram":0,"rail":1,"n":7,"imp":0.111,"node":1,"deg":4,"term":0,"major":1},"geometry":{"type":"Point","coordinates":[20.957985,52.180371]}},{"type":"Feature","properties":{"id":"s2067","name":"Lotnisko Chopina - Przyloty","bus":1,"tram":0,"rail":1,"n":7,"imp":0.149,"node":1,"deg":3,"term":1,"major":1},"geometry":{"type":"Point","coordinates":[20.96004,52.179112]}},{"type":"Feature","properties":{"id":"s2068","name":"Terminal Autokarowy","bus":1,"tram":0,"rail":0,"n":5,"imp":0.112,"node":1,"deg":5,"term":1,"major":1},"geometry":{"type":"Point","coordinates":[20.96004,52.176594]}},{"type":"Feature","properties":{"id":"s2069","name":"Bennetta","bus":1,"tram":0,"rail":1,"n":7,"imp":0.111,"node":1,"deg":4,"term":0,"major":1},"geometry":{"type":"Point","coordinates":[20.966203,52.179112]}},{"type":"Feature","properties":{"id":"s2070","name":"Bełzy","bus":1,"tram":0,"rail":1,"n":4,"imp":0.077,"node":1,"deg":3,"term":0,"major":0},"geometry":{"type":"Point","coordinates":[20.888129,52.196739]}},{"type":"Feature","properties":{"id":"s2071","name":"Raszyn Stadion","bus":1,"tram":0,"rail":0,"n":1,"imp":0.027,"node":0,"deg":2,"term":0,"major":0},"geometry":{"type":"Point","coordinates":[20.930373,52.168334]}},{"type":"Feature","properties":{"id":"s2072","name":"Orląt Lwowskich","bus":1,"tram":0,"rail":0,"n":6,"imp":0.077,"node":1,"deg":3,"term":0,"major":0},"geometry":{"type":"Point","coordinates":[20.881966,52.192962]}},{"type":"Feature","properties":{"id":"s2073","name":"Prażmowska","bus":1,"tram":0,"rail":0,"n":3,"imp":0.053,"node":1,"deg":3,"term":0,"major":0},"geometry":{"type":"Point","coordinates":[20.888129,52.194221]}},{"type":"Feature","properties":{"id":"s2074","name":"Kuźnicy Kołłątajowskiej","bus":1,"tram":0,"rail":0,"n":3,"imp":0.053,"node":1,"deg":3,"term":0,"major":0},"geometry":{"type":"Point","coordinates":[20.890184,52.191703]}},{"type":"Feature","properties":{"id":"s2075","name":"Ursus - Sanktuarium","bus":1,"tram":0,"rail":1,"n":6,"imp":0.112,"node":1,"deg":5,"term":0,"major":1},"geometry":{"type":"Point","coordinates":[20.879911,52.194221]}},{"type":"Feature","properties":{"id":"s2076","name":"Parowcowa","bus":1,"tram":0,"rail":0,"n":10,"imp":0.099,"node":0,"deg":2,"term":0,"major":1},"geometry":{"type":"Point","coordinates":[20.914839,52.215256]}},{"type":"Feature","properties":{"id":"s2077","name":"Wałowicka","bus":1,"tram":0,"rail":0,"n":12,"imp":0.135,"node":1,"deg":4,"term":0,"major":1},"geometry":{"type":"Point","coordinates":[20.914839,52.209329]}},{"type":"Feature","properties":{"id":"s2078","name":"PKP Włochy","bus":1,"tram":0,"rail":1,"n":17,"imp":0.22,"node":1,"deg":7,"term":0,"major":1},"geometry":{"type":"Point","coordinates":[20.914839,52.205552]}},{"type":"Feature","properties":{"id":"s2079","name":"Przepiórki","bus":1,"tram":0,"rail":1,"n":2,"imp":0.051,"node":0,"deg":2,"term":0,"major":0},"geometry":{"type":"Point","coordinates":[20.907472,52.203034]}},{"type":"Feature","properties":{"id":"s2080","name":"Ursus - Ratusz","bus":1,"tram":0,"rail":1,"n":7,"imp":0.135,"node":1,"deg":4,"term":1,"major":1},"geometry":{"type":"Point","coordinates":[20.898402,52.203034]}},{"type":"Feature","properties":{"id":"s2081","name":"PKP Ursus","bus":1,"tram":0,"rail":1,"n":10,"imp":0.216,"node":1,"deg":10,"term":1,"major":1},"geometry":{"type":"Point","coordinates":[20.890184,52.197998]}},{"type":"Feature","properties":{"id":"s2082","name":"Lalki","bus":1,"tram":0,"rail":0,"n":8,"imp":0.112,"node":1,"deg":5,"term":0,"major":1},"geometry":{"type":"Point","coordinates":[20.888129,52.199257]}},{"type":"Feature","properties":{"id":"s2083","name":"Śmigielska","bus":1,"tram":0,"rail":0,"n":5,"imp":0.069,"node":1,"deg":3,"term":0,"major":0},"geometry":{"type":"Point","coordinates":[20.88402,52.199257]}},{"type":"Feature","properties":{"id":"s2084","name":"Władysława Hermana","bus":1,"tram":0,"rail":0,"n":3,"imp":0.063,"node":1,"deg":4,"term":0,"major":0},"geometry":{"type":"Point","coordinates":[20.879911,52.196739]}},{"type":"Feature","properties":{"id":"s2085","name":"Ursus-Niedźwiadek","bus":1,"tram":0,"rail":0,"n":4,"imp":0.109,"node":1,"deg":3,"term":1,"major":1},"geometry":{"type":"Point","coordinates":[20.879911,52.190444]}},{"type":"Feature","properties":{"id":"s2086","name":"Rybnicka","bus":1,"tram":0,"rail":0,"n":4,"imp":0.051,"node":0,"deg":2,"term":0,"major":0},"geometry":{"type":"Point","coordinates":[20.90936,52.206392]}},{"type":"Feature","properties":{"id":"s2087","name":"Szuberta","bus":1,"tram":0,"rail":0,"n":4,"imp":0.051,"node":0,"deg":2,"term":0,"major":0},"geometry":{"type":"Point","coordinates":[20.904448,52.20807]}},{"type":"Feature","properties":{"id":"s2088","name":"Nowe Włochy","bus":1,"tram":0,"rail":0,"n":6,"imp":0.089,"node":1,"deg":3,"term":1,"major":0},"geometry":{"type":"Point","coordinates":[20.898402,52.20807]}},{"type":"Feature","properties":{"id":"s2089","name":"Sympatyczna","bus":1,"tram":0,"rail":0,"n":4,"imp":0.071,"node":1,"deg":4,"term":0,"major":0},"geometry":{"type":"Point","coordinates":[20.921003,52.209329]}},{"type":"Feature","properties":{"id":"s2090","name":"Królowej Bony","bus":1,"tram":0,"rail":0,"n":1,"imp":0.037,"node":1,"deg":3,"term":0,"major":0},"geometry":{"type":"Point","coordinates":[20.881966,52.201775]}},{"type":"Feature","properties":{"id":"s2091","name":"Wojciechowskiego","bus":1,"tram":0,"rail":1,"n":4,"imp":0.067,"node":0,"deg":2,"term":0,"major":0},"geometry":{"type":"Point","coordinates":[20.889157,52.197368]}},{"type":"Feature","properties":{"id":"s2092","name":"Piastów Lelewela","bus":1,"tram":0,"rail":1,"n":3,"imp":0.059,"node":0,"deg":2,"term":0,"major":0},"geometry":{"type":"Point","coordinates":[20.878541,52.193381]}},{"type":"Feature","properties":{"id":"s2093","name":"Piastów Kino Baśń","bus":1,"tram":0,"rail":1,"n":3,"imp":0.059,"node":0,"deg":2,"term":0,"major":0},"geometry":{"type":"Point","coordinates":[20.877172,52.192542]}},{"type":"Feature","properties":{"id":"s2094","name":"Piastów Traugutta","bus":1,"tram":0,"rail":1,"n":6,"imp":0.103,"node":1,"deg":4,"term":0,"major":1},"geometry":{"type":"Point","coordinates":[20.875802,52.191703]}},{"type":"Feature","properties":{"id":"s2095","name":"Piastów Dąbrowskiego","bus":1,"tram":0,"rail":0,"n":5,"imp":0.059,"node":0,"deg":2,"term":0,"major":0},"geometry":{"type":"Point","coordinates":[20.873747,52.193331]}},{"type":"Feature","properties":{"id":"s2096","name":"Piastów Toruńska","bus":1,"tram":0,"rail":0,"n":5,"imp":0.069,"node":1,"deg":3,"term":0,"major":0},"geometry":{"type":"Point","coordinates":[20.873747,52.19548]}},{"type":"Feature","properties":{"id":"s2097","name":"Piastów Al. Piłsudskiego","bus":1,"tram":0,"rail":0,"n":5,"imp":0.069,"node":1,"deg":3,"term":0,"major":0},"geometry":{"type":"Point","coordinates":[20.871693,52.196739]}},{"type":"Feature","properties":{"id":"s2098","name":"Piastów Ogińskiego","bus":1,"tram":0,"rail":0,"n":5,"imp":0.105,"node":1,"deg":3,"term":1,"major":1},"geometry":{"type":"Point","coordinates":[20.865529,52.196739]}},{"type":"Feature","properties":{"id":"s2099","name":"Piastów Orzeszkowej","bus":1,"tram":0,"rail":1,"n":6,"imp":0.103,"node":1,"deg":4,"term":0,"major":1},"geometry":{"type":"Point","coordinates":[20.875802,52.187926]}},{"type":"Feature","properties":{"id":"s2100","name":"Żywiecka","bus":1,"tram":0,"rail":0,"n":3,"imp":0.053,"node":1,"deg":3,"term":0,"major":0},"geometry":{"type":"Point","coordinates":[20.906621,52.186667]}},{"type":"Feature","properties":{"id":"s2101","name":"Bodycha","bus":1,"tram":0,"rail":0,"n":1,"imp":0.027,"node":0,"deg":2,"term":0,"major":0},"geometry":{"type":"Point","coordinates":[20.896348,52.186667]}},{"type":"Feature","properties":{"id":"s2102","name":"Nadarzyn Kościuszki","bus":1,"tram":0,"rail":0,"n":5,"imp":0.098,"node":1,"deg":6,"term":0,"major":0},"geometry":{"type":"Point","coordinates":[20.888129,52.161486]}},{"type":"Feature","properties":{"id":"s2103","name":"Nadarzyn Komorowska - Hotel","bus":1,"tram":0,"rail":0,"n":1,"imp":0.027,"node":0,"deg":2,"term":0,"major":0},"geometry":{"type":"Point","coordinates":[20.884196,52.162745]}},{"type":"Feature","properties":{"id":"s2104","name":"Strzeniówka Macierzanki","bus":1,"tram":0,"rail":0,"n":1,"imp":0.027,"node":0,"deg":2,"term":0,"major":0},"geometry":{"type":"Point","coordinates":[20.878583,52.166077]}},{"type":"Feature","properties":{"id":"s2105","name":"Strzeniówka Jodłowa","bus":1,"tram":0,"rail":0,"n":3,"imp":0.063,"node":1,"deg":4,"term":0,"major":0},"geometry":{"type":"Point","coordinates":[20.875802,52.167781]}},{"type":"Feature","properties":{"id":"s2106","name":"Nadarzyn Lipowa","bus":1,"tram":0,"rail":0,"n":3,"imp":0.053,"node":1,"deg":3,"term":0,"major":0},"geometry":{"type":"Point","coordinates":[20.879911,52.165263]}},{"type":"Feature","properties":{"id":"s2107","name":"Magdalenka","bus":1,"tram":0,"rail":0,"n":4,"imp":0.061,"node":1,"deg":3,"term":0,"major":0},"geometry":{"type":"Point","coordinates":[20.921003,52.15519]}},{"type":"Feature","properties":{"id":"s2108","name":"Lesznowola","bus":1,"tram":0,"rail":0,"n":4,"imp":0.071,"node":1,"deg":4,"term":0,"major":0},"geometry":{"type":"Point","coordinates":[20.931275,52.152672]}},{"type":"Feature","properties":{"id":"s2109","name":"Wilcza Góra","bus":1,"tram":0,"rail":0,"n":3,"imp":0.053,"node":1,"deg":3,"term":0,"major":0},"geometry":{"type":"Point","coordinates":[20.937439,52.147636]}},{"type":"Feature","properties":{"id":"s2110","name":"Batalionu Włochy","bus":1,"tram":0,"rail":0,"n":2,"imp":0.035,"node":0,"deg":2,"term":0,"major":0},"geometry":{"type":"Point","coordinates":[20.905593,52.198627]}},{"type":"Feature","properties":{"id":"s2111","name":"Poczty Gdańskiej","bus":1,"tram":0,"rail":0,"n":4,"imp":0.061,"node":1,"deg":3,"term":0,"major":0},"geometry":{"type":"Point","coordinates":[20.902511,52.200516]}},{"type":"Feature","properties":{"id":"s2112","name":"Składkowskiego","bus":1,"tram":0,"rail":0,"n":3,"imp":0.053,"node":1,"deg":3,"term":0,"major":0},"geometry":{"type":"Point","coordinates":[20.902511,52.190444]}},{"type":"Feature","properties":{"id":"s2113","name":"Chełmońskiego","bus":1,"tram":0,"rail":0,"n":1,"imp":0.027,"node":0,"deg":2,"term":0,"major":0},"geometry":{"type":"Point","coordinates":[20.900457,52.191963]}},{"type":"Feature","properties":{"id":"s2114","name":"Lesznowola - Pole","bus":1,"tram":0,"rail":0,"n":4,"imp":0.051,"node":0,"deg":2,"term":0,"major":0},"geometry":{"type":"Point","coordinates":[20.925288,52.152672]}},{"type":"Feature","properties":{"id":"s2115","name":"Krzywickiego","bus":1,"tram":0,"rail":0,"n":1,"imp":0.027,"node":0,"deg":2,"term":0,"major":0},"geometry":{"type":"Point","coordinates":[20.979558,52.215625]}},{"type":"Feature","properties":{"id":"s2116","name":"Walerego Sławka","bus":1,"tram":0,"rail":0,"n":4,"imp":0.071,"node":1,"deg":4,"term":0,"major":0},"geometry":{"type":"Point","coordinates":[20.898402,52.197998]}},{"type":"Feature","properties":{"id":"s2117","name":"Rozalin Winogronowa","bus":1,"tram":0,"rail":0,"n":1,"imp":0.027,"node":0,"deg":2,"term":0,"major":0},"geometry":{"type":"Point","coordinates":[20.871282,52.151665]}},{"type":"Feature","properties":{"id":"s2118","name":"Warszawianka Brzozowa","bus":1,"tram":0,"rail":0,"n":2,"imp":0.045,"node":1,"deg":3,"term":0,"major":0},"geometry":{"type":"Point","coordinates":[20.906621,52.1426]}},{"type":"Feature","properties":{"id":"s2119","name":"Szczaki Łanowa","bus":1,"tram":0,"rail":0,"n":2,"imp":0.035,"node":0,"deg":2,"term":0,"major":0},"geometry":{"type":"Point","coordinates":[20.916209,52.136724]}},{"type":"Feature","properties":{"id":"s2120","name":"Kosów","bus":1,"tram":0,"rail":0,"n":2,"imp":0.05,"node":1,"deg":1,"term":1,"major":0},"geometry":{"type":"Point","coordinates":[20.892238,52.147636]}},{"type":"Feature","properties":{"id":"s2121","name":"Wólka Kosowska","bus":1,"tram":0,"rail":0,"n":2,"imp":0.045,"node":1,"deg":3,"term":0,"major":0},"geometry":{"type":"Point","coordinates":[20.896348,52.147636]}},{"type":"Feature","properties":{"id":"s2122","name":"Dawidy Bankowe Parlamentarna","bus":1,"tram":0,"rail":0,"n":1,"imp":0.027,"node":0,"deg":2,"term":0,"major":0},"geometry":{"type":"Point","coordinates":[20.95593,52.162325]}},{"type":"Feature","properties":{"id":"s2123","name":"Lesznowola Szkolna","bus":1,"tram":0,"rail":0,"n":3,"imp":0.053,"node":1,"deg":3,"term":0,"major":0},"geometry":{"type":"Point","coordinates":[20.939494,52.151413]}},{"type":"Feature","properties":{"id":"s2124","name":"Kolonia Lesznowola Postępu","bus":1,"tram":0,"rail":0,"n":3,"imp":0.053,"node":1,"deg":3,"term":0,"major":0},"geometry":{"type":"Point","coordinates":[20.947712,52.151413]}},{"type":"Feature","properties":{"id":"s2125","name":"Kolonia Lesznowola","bus":1,"tram":0,"rail":0,"n":2,"imp":0.045,"node":1,"deg":3,"term":0,"major":0},"geometry":{"type":"Point","coordinates":[20.947712,52.150154]}},{"type":"Feature","properties":{"id":"s2126","name":"Kostowiec","bus":1,"tram":0,"rail":0,"n":2,"imp":0.045,"node":1,"deg":3,"term":0,"major":0},"geometry":{"type":"Point","coordinates":[20.869638,52.152672]}},{"type":"Feature","properties":{"id":"s2127","name":"Władysławów Zielona","bus":1,"tram":0,"rail":0,"n":3,"imp":0.043,"node":0,"deg":2,"term":0,"major":0},"geometry":{"type":"Point","coordinates":[20.934015,52.147636]}},{"type":"Feature","properties":{"id":"s2128","name":"Władysławów Polna","bus":1,"tram":0,"rail":0,"n":3,"imp":0.043,"node":0,"deg":2,"term":0,"major":0},"geometry":{"type":"Point","coordinates":[20.930591,52.147636]}},{"type":"Feature","properties":{"id":"s2129","name":"Stara Iwiczna Krótka","bus":1,"tram":0,"rail":0,"n":2,"imp":0.035,"node":0,"deg":2,"term":0,"major":0},"geometry":{"type":"Point","coordinates":[20.952849,52.152043]}},{"type":"Feature","properties":{"id":"s2130","name":"Stara Iwiczna Kielecka","bus":1,"tram":0,"rail":0,"n":2,"imp":0.035,"node":0,"deg":2,"term":0,"major":0},"geometry":{"type":"Point","coordinates":[20.957134,52.153931]}},{"type":"Feature","properties":{"id":"s2131","name":"Stara Iwiczna Nowa","bus":1,"tram":0,"rail":0,"n":2,"imp":0.035,"node":0,"deg":2,"term":0,"major":0},"geometry":{"type":"Point","coordinates":[20.962696,52.153931]}},{"type":"Feature","properties":{"id":"s2132","name":"CH Wólka Kosowska","bus":1,"tram":0,"rail":0,"n":1,"imp":0.027,"node":0,"deg":2,"term":0,"major":0},"geometry":{"type":"Point","coordinates":[20.901484,52.147636]}},{"type":"Feature","properties":{"id":"s2133","name":"Okrężna","bus":1,"tram":0,"rail":0,"n":2,"imp":0.035,"node":0,"deg":2,"term":0,"major":0},"geometry":{"type":"Point","coordinates":[20.942576,52.171558]}},{"type":"Feature","properties":{"id":"s2134","name":"Działkowa","bus":1,"tram":0,"rail":0,"n":1,"imp":0.027,"node":0,"deg":2,"term":0,"major":0},"geometry":{"type":"Point","coordinates":[20.932303,52.176594]}},{"type":"Feature","properties":{"id":"s2135","name":"Kolumba","bus":1,"tram":0,"rail":0,"n":1,"imp":0.037,"node":1,"deg":3,"term":0,"major":0},"geometry":{"type":"Point","coordinates":[20.927166,52.176594]}},{"type":"Feature","properties":{"id":"s2136","name":"Szarady","bus":1,"tram":0,"rail":0,"n":1,"imp":0.027,"node":0,"deg":2,"term":0,"major":0},"geometry":{"type":"Point","coordinates":[20.922782,52.179281]}},{"type":"Feature","properties":{"id":"s2137","name":"Prystora","bus":1,"tram":0,"rail":0,"n":2,"imp":0.045,"node":1,"deg":3,"term":0,"major":0},"geometry":{"type":"Point","coordinates":[20.908675,52.190444]}},{"type":"Feature","properties":{"id":"s2138","name":"Skorosze","bus":1,"tram":0,"rail":0,"n":3,"imp":0.055,"node":1,"deg":2,"term":1,"major":0},"geometry":{"type":"Point","coordinates":[20.898402,52.187926]}},{"type":"Feature","properties":{"id":"s2139","name":"Nadarzyn Urząd Gminy","bus":1,"tram":0,"rail":0,"n":5,"imp":0.088,"node":1,"deg":5,"term":0,"major":0},"geometry":{"type":"Point","coordinates":[20.881966,52.160227]}},{"type":"Feature","properties":{"id":"s2140","name":"Nadarzyn Starowiejska","bus":1,"tram":0,"rail":0,"n":3,"imp":0.072,"node":1,"deg":5,"term":0,"major":0},"geometry":{"type":"Point","coordinates":[20.873747,52.157708]}},{"type":"Feature","properties":{"id":"s2141","name":"Stara Wieś","bus":1,"tram":0,"rail":0,"n":3,"imp":0.101,"node":1,"deg":8,"term":0,"major":1},"geometry":{"type":"Point","coordinates":[20.869638,52.157708]}},{"type":"Feature","properties":{"id":"s2142","name":"Rusiec","bus":1,"tram":0,"rail":0,"n":2,"imp":0.045,"node":1,"deg":3,"term":0,"major":0},"geometry":{"type":"Point","coordinates":[20.873747,52.15519]}},{"type":"Feature","properties":{"id":"s2143","name":"Urzut","bus":1,"tram":0,"rail":0,"n":2,"imp":0.045,"node":1,"deg":3,"term":0,"major":0},"geometry":{"type":"Point","coordinates":[20.867584,52.156449]}},{"type":"Feature","properties":{"id":"s2144","name":"Rozalin","bus":1,"tram":0,"rail":0,"n":1,"imp":0.027,"node":0,"deg":2,"term":0,"major":0},"geometry":{"type":"Point","coordinates":[20.872925,52.150658]}},{"type":"Feature","properties":{"id":"s2145","name":"Rozalin Pałacowa","bus":1,"tram":0,"rail":0,"n":1,"imp":0.027,"node":0,"deg":2,"term":0,"major":0},"geometry":{"type":"Point","coordinates":[20.874569,52.149651]}},{"type":"Feature","properties":{"id":"s2146","name":"Młochów Kanarkowa","bus":1,"tram":0,"rail":0,"n":1,"imp":0.027,"node":0,"deg":2,"term":0,"major":0},"geometry":{"type":"Point","coordinates":[20.876213,52.148643]}},{"type":"Feature","properties":{"id":"s2147","name":"Młochów","bus":1,"tram":0,"rail":0,"n":1,"imp":0.049,"node":1,"deg":3,"term":1,"major":0},"geometry":{"type":"Point","coordinates":[20.877856,52.147636]}},{"type":"Feature","properties":{"id":"s2148","name":"Młochów Os. Belina","bus":1,"tram":0,"rail":0,"n":1,"imp":0.037,"node":1,"deg":3,"term":0,"major":0},"geometry":{"type":"Point","coordinates":[20.877856,52.150154]}},{"type":"Feature","properties":{"id":"s2149","name":"Młochów Żabieniec","bus":1,"tram":0,"rail":0,"n":2,"imp":0.054,"node":1,"deg":4,"term":0,"major":0},"geometry":{"type":"Point","coordinates":[20.869638,52.156449]}},{"type":"Feature","properties":{"id":"s2150","name":"Młochów Żabieniec","bus":1,"tram":0,"rail":0,"n":1,"imp":0.037,"node":1,"deg":3,"term":0,"major":0},"geometry":{"type":"Point","coordinates":[20.871693,52.153931]}},{"type":"Feature","properties":{"id":"s2151","name":"Młochów Platanowa","bus":1,"tram":0,"rail":0,"n":1,"imp":0.027,"node":0,"deg":2,"term":0,"major":0},"geometry":{"type":"Point","coordinates":[20.877856,52.149874]}},{"type":"Feature","properties":{"id":"s2152","name":"Młochów Leśniczówka","bus":1,"tram":0,"rail":0,"n":1,"imp":0.027,"node":0,"deg":2,"term":0,"major":0},"geometry":{"type":"Point","coordinates":[20.877856,52.147916]}},{"type":"Feature","properties":{"id":"s2153","name":"Krakowiany","bus":1,"tram":0,"rail":0,"n":1,"imp":0.027,"node":0,"deg":2,"term":0,"major":0},"geometry":{"type":"Point","coordinates":[20.877856,52.148196]}},{"type":"Feature","properties":{"id":"s2154","name":"Wola Krakowiańska","bus":1,"tram":0,"rail":0,"n":1,"imp":0.027,"node":0,"deg":2,"term":0,"major":0},"geometry":{"type":"Point","coordinates":[20.877856,52.148475]}},{"type":"Feature","properties":{"id":"s2155","name":"Jastrzębiec Garbatka","bus":1,"tram":0,"rail":0,"n":1,"imp":0.027,"node":0,"deg":2,"term":0,"major":0},"geometry":{"type":"Point","coordinates":[20.877856,52.148755]}},{"type":"Feature","properties":{"id":"s2156","name":"Parole","bus":1,"tram":0,"rail":0,"n":1,"imp":0.027,"node":0,"deg":2,"term":0,"major":0},"geometry":{"type":"Point","coordinates":[20.877856,52.149315]}},{"type":"Feature","properties":{"id":"s2157","name":"Parole - Pętla","bus":1,"tram":0,"rail":0,"n":1,"imp":0.027,"node":0,"deg":2,"term":0,"major":0},"geometry":{"type":"Point","coordinates":[20.877856,52.149595]}},{"type":"Feature","properties":{"id":"s2158","name":"Jadwisin","bus":1,"tram":0,"rail":0,"n":2,"imp":0.035,"node":0,"deg":2,"term":0,"major":0},"geometry":{"type":"Point","coordinates":[20.966203,52.194221]}},{"type":"Feature","properties":{"id":"s2159","name":"Urząd Statystyczny","bus":1,"tram":0,"rail":0,"n":2,"imp":0.045,"node":1,"deg":3,"term":0,"major":0},"geometry":{"type":"Point","coordinates":[20.968258,52.192962]}},{"type":"Feature","properties":{"id":"s2160","name":"Zajezdnia Ursus Płn.","bus":1,"tram":0,"rail":0,"n":1,"imp":0.027,"node":0,"deg":2,"term":0,"major":0},"geometry":{"type":"Point","coordinates":[20.892238,52.205552]}},{"type":"Feature","properties":{"id":"s2161","name":"Czerwona Droga","bus":1,"tram":0,"rail":0,"n":1,"imp":0.027,"node":0,"deg":2,"term":0,"major":0},"geometry":{"type":"Point","coordinates":[20.881966,52.203034]}},{"type":"Feature","properties":{"id":"s2162","name":"Warszawska","bus":1,"tram":0,"rail":0,"n":1,"imp":0.027,"node":0,"deg":2,"term":0,"major":0},"geometry":{"type":"Point","coordinates":[20.888129,52.200516]}},{"type":"Feature","properties":{"id":"s2163","name":"Suchy Las","bus":1,"tram":0,"rail":0,"n":1,"imp":0.027,"node":0,"deg":2,"term":0,"major":0},"geometry":{"type":"Point","coordinates":[20.892238,52.189185]}},{"type":"Feature","properties":{"id":"s2164","name":"Melcera","bus":1,"tram":0,"rail":0,"n":1,"imp":0.037,"node":1,"deg":3,"term":0,"major":0},"geometry":{"type":"Point","coordinates":[20.892238,52.186667]}},{"type":"Feature","properties":{"id":"s2165","name":"Harfowa","bus":1,"tram":0,"rail":0,"n":1,"imp":0.037,"node":1,"deg":3,"term":0,"major":0},"geometry":{"type":"Point","coordinates":[20.962094,52.201775]}},{"type":"Feature","properties":{"id":"s2166","name":"Przy Parku","bus":1,"tram":0,"rail":0,"n":1,"imp":0.027,"node":0,"deg":2,"term":0,"major":0},"geometry":{"type":"Point","coordinates":[20.955329,52.203034]}},{"type":"Feature","properties":{"id":"s2167","name":"Maszynowa","bus":1,"tram":0,"rail":1,"n":5,"imp":0.085,"node":1,"deg":3,"term":0,"major":0},"geometry":{"type":"Point","coordinates":[20.947712,52.203034]}},{"type":"Feature","properties":{"id":"s2168","name":"Plutonu Torpedy","bus":1,"tram":0,"rail":0,"n":2,"imp":0.035,"node":0,"deg":2,"term":0,"major":0},"geometry":{"type":"Point","coordinates":[20.891938,52.199073]}},{"type":"Feature","properties":{"id":"s2169","name":"Rebusowa","bus":1,"tram":0,"rail":0,"n":1,"imp":0.027,"node":0,"deg":2,"term":0,"major":0},"geometry":{"type":"Point","coordinates":[20.918398,52.181967]}},{"type":"Feature","properties":{"id":"s2170","name":"Zgorzała Kolibra","bus":1,"tram":0,"rail":0,"n":1,"imp":0.027,"node":0,"deg":2,"term":0,"major":0},"geometry":{"type":"Point","coordinates":[20.954026,52.157801]}},{"type":"Feature","properties":{"id":"s2171","name":"Nowa Wola Przepiórki","bus":1,"tram":0,"rail":0,"n":1,"imp":0.027,"node":0,"deg":2,"term":0,"major":0},"geometry":{"type":"Point","coordinates":[20.952122,52.156634]}},{"type":"Feature","properties":{"id":"s2172","name":"Nowa Wola Kameliowa","bus":1,"tram":0,"rail":0,"n":1,"imp":0.027,"node":0,"deg":2,"term":0,"major":0},"geometry":{"type":"Point","coordinates":[20.950218,52.155467]}},{"type":"Feature","properties":{"id":"s2173","name":"Leszczyńskiego","bus":1,"tram":0,"rail":0,"n":1,"imp":0.027,"node":0,"deg":2,"term":0,"major":0},"geometry":{"type":"Point","coordinates":[20.886075,52.206392]}},{"type":"Feature","properties":{"id":"s2174","name":"Szamoty Kozaków","bus":1,"tram":0,"rail":0,"n":1,"imp":0.027,"node":0,"deg":2,"term":0,"major":0},"geometry":{"type":"Point","coordinates":[20.896348,52.149224]}},{"type":"Feature","properties":{"id":"s2175","name":"Opacz-Kolonia Jesionowa","bus":1,"tram":0,"rail":0,"n":2,"imp":0.035,"node":0,"deg":2,"term":0,"major":0},"geometry":{"type":"Point","coordinates":[20.89486,52.185407]}},{"type":"Feature","properties":{"id":"s2176","name":"Hassa","bus":1,"tram":0,"rail":0,"n":3,"imp":0.072,"node":1,"deg":5,"term":0,"major":0},"geometry":{"type":"Point","coordinates":[20.900457,52.189185]}},{"type":"Feature","properties":{"id":"s2177","name":"Henryka Brodatego","bus":1,"tram":0,"rail":0,"n":3,"imp":0.043,"node":0,"deg":2,"term":0,"major":0},"geometry":{"type":"Point","coordinates":[20.879911,52.19548]}},{"type":"Feature","properties":{"id":"s2178","name":"Dobosza","bus":1,"tram":0,"rail":0,"n":4,"imp":0.071,"node":1,"deg":4,"term":0,"major":0},"geometry":{"type":"Point","coordinates":[20.964149,52.210588]}},{"type":"Feature","properties":{"id":"s2179","name":"Zielonej Gęsi","bus":1,"tram":0,"rail":0,"n":1,"imp":0.027,"node":0,"deg":2,"term":0,"major":0},"geometry":{"type":"Point","coordinates":[20.881966,52.205804]}},{"type":"Feature","properties":{"id":"s2180","name":"Konotopska","bus":1,"tram":0,"rail":0,"n":1,"imp":0.027,"node":0,"deg":2,"term":0,"major":0},"geometry":{"type":"Point","coordinates":[20.881966,52.205552]}},{"type":"Feature","properties":{"id":"s2181","name":"PKP Ursus-Niedźwiadek","bus":1,"tram":0,"rail":1,"n":8,"imp":0.128,"node":1,"deg":5,"term":0,"major":1},"geometry":{"type":"Point","coordinates":[20.88402,52.194221]}},{"type":"Feature","properties":{"id":"s2182","name":"Keniga","bus":1,"tram":0,"rail":0,"n":7,"imp":0.095,"node":1,"deg":4,"term":0,"major":0},"geometry":{"type":"Point","coordinates":[20.88402,52.196739]}},{"type":"Feature","properties":{"id":"s2183","name":"Węzeł Nadarzyn","bus":1,"tram":0,"rail":0,"n":6,"imp":0.106,"node":1,"deg":6,"term":0,"major":1},"geometry":{"type":"Point","coordinates":[20.888129,52.162745]}},{"type":"Feature","properties":{"id":"s2184","name":"PKP Żwirki i Wigury","bus":1,"tram":0,"rail":1,"n":9,"imp":0.127,"node":1,"deg":4,"term":0,"major":1},"geometry":{"type":"Point","coordinates":[20.972367,52.19548]}},{"type":"Feature","properties":{"id":"s2185","name":"P+R Nadarzyn","bus":1,"tram":0,"rail":0,"n":5,"imp":0.083,"node":1,"deg":2,"term":1,"major":0},"geometry":{"type":"Point","coordinates":[20.877856,52.160227]}},{"type":"Feature","properties":{"id":"s2186","name":"Grójecka","bus":1,"tram":0,"rail":0,"n":5,"imp":0.079,"node":1,"deg":4,"term":0,"major":0},"geometry":{"type":"Point","coordinates":[20.966203,52.199257]}},{"type":"Feature","properties":{"id":"s2187","name":"Łady Figowa","bus":1,"tram":0,"rail":0,"n":1,"imp":0.027,"node":0,"deg":2,"term":0,"major":0},"geometry":{"type":"Point","coordinates":[20.941548,52.161486]}},{"type":"Feature","properties":{"id":"s2188","name":"Habicha","bus":1,"tram":0,"rail":0,"n":1,"imp":0.039,"node":1,"deg":2,"term":1,"major":0},"geometry":{"type":"Point","coordinates":[20.890184,52.205552]}},{"type":"Feature","properties":{"id":"s2189","name":"Gniewkowska","bus":1,"tram":0,"rail":0,"n":1,"imp":0.037,"node":1,"deg":3,"term":0,"major":0},"geometry":{"type":"Point","coordinates":[20.921003,52.213107]}},{"type":"Feature","properties":{"id":"s2190","name":"Zamienie Bakaliowa","bus":1,"tram":0,"rail":0,"n":1,"imp":0.027,"node":0,"deg":2,"term":0,"major":0},"geometry":{"type":"Point","coordinates":[20.949356,52.158967]}},{"type":"Feature","properties":{"id":"s2191","name":"Zamienie Kakaowa","bus":1,"tram":0,"rail":0,"n":1,"imp":0.039,"node":1,"deg":2,"term":1,"major":0},"geometry":{"type":"Point","coordinates":[20.947712,52.158967]}},{"type":"Feature","properties":{"id":"s2192","name":"Zamienie Błędna","bus":1,"tram":0,"rail":0,"n":1,"imp":0.027,"node":0,"deg":2,"term":0,"major":0},"geometry":{"type":"Point","coordinates":[20.950999,52.158967]}},{"type":"Feature","properties":{"id":"s2193","name":"Zamienie Dawidowska","bus":1,"tram":0,"rail":0,"n":1,"imp":0.027,"node":0,"deg":2,"term":0,"major":0},"geometry":{"type":"Point","coordinates":[20.952643,52.158967]}},{"type":"Feature","properties":{"id":"s2194","name":"Kajetańska","bus":1,"tram":0,"rail":0,"n":3,"imp":0.053,"node":1,"deg":3,"term":0,"major":0},"geometry":{"type":"Point","coordinates":[20.888129,52.192962]}},{"type":"Feature","properties":{"id":"s2195","name":"Wschodu Słońca","bus":1,"tram":0,"rail":0,"n":1,"imp":0.027,"node":0,"deg":2,"term":0,"major":0},"geometry":{"type":"Point","coordinates":[20.938926,52.200516]}},{"type":"Feature","properties":{"id":"s2196","name":"Pruszków Harcerska","bus":1,"tram":0,"rail":0,"n":1,"imp":0.027,"node":0,"deg":2,"term":0,"major":0},"geometry":{"type":"Point","coordinates":[20.878583,52.186221]}},{"type":"Feature","properties":{"id":"s2197","name":"Szybka","bus":1,"tram":0,"rail":0,"n":1,"imp":0.027,"node":0,"deg":2,"term":0,"major":0},"geometry":{"type":"Point","coordinates":[20.943319,52.200516]}},{"type":"Feature","properties":{"id":"s2198","name":"Reguły","bus":1,"tram":0,"rail":0,"n":2,"imp":0.035,"node":0,"deg":2,"term":0,"major":0},"geometry":{"type":"Point","coordinates":[20.888413,52.185407]}},{"type":"Feature","properties":{"id":"s2199","name":"MOP Urzut","bus":1,"tram":0,"rail":0,"n":2,"imp":0.035,"node":0,"deg":2,"term":0,"major":0},"geometry":{"type":"Point","coordinates":[20.867584,52.1543]}},{"type":"Feature","properties":{"id":"s2200","name":"Dunajecka","bus":1,"tram":0,"rail":0,"n":2,"imp":0.035,"node":0,"deg":2,"term":0,"major":0},"geometry":{"type":"Point","coordinates":[20.968258,52.211848]}},{"type":"Feature","properties":{"id":"s2201","name":"Wola Mrokowska Łączna","bus":1,"tram":0,"rail":0,"n":1,"imp":0.027,"node":0,"deg":2,"term":0,"major":0},"geometry":{"type":"Point","coordinates":[20.900031,52.140082]}},{"type":"Feature","properties":{"id":"s2202","name":"Wola Mrokowska Niezwykła","bus":1,"tram":0,"rail":0,"n":1,"imp":0.037,"node":1,"deg":3,"term":0,"major":0},"geometry":{"type":"Point","coordinates":[20.906621,52.140082]}},{"type":"Feature","properties":{"id":"s2203","name":"Lesznowola Urząd Gminy","bus":1,"tram":0,"rail":0,"n":2,"imp":0.045,"node":1,"deg":3,"term":0,"major":0},"geometry":{"type":"Point","coordinates":[20.935385,52.152672]}},{"type":"Feature","properties":{"id":"s2204","name":"Janczewice Tolak","bus":1,"tram":0,"rail":0,"n":1,"imp":0.037,"node":1,"deg":3,"term":0,"major":0},"geometry":{"type":"Point","coordinates":[20.931275,52.161486]}},{"type":"Feature","properties":{"id":"s2205","name":"Janczewice","bus":1,"tram":0,"rail":0,"n":1,"imp":0.027,"node":0,"deg":2,"term":0,"major":0},"geometry":{"type":"Point","coordinates":[20.931275,52.159807]}},{"type":"Feature","properties":{"id":"s2206","name":"Janczewice Al. Jedności","bus":1,"tram":0,"rail":0,"n":1,"imp":0.027,"node":0,"deg":2,"term":0,"major":0},"geometry":{"type":"Point","coordinates":[20.931275,52.158128]}},{"type":"Feature","properties":{"id":"s2207","name":"Magdalenka Jesionowa","bus":1,"tram":0,"rail":0,"n":3,"imp":0.043,"node":0,"deg":2,"term":0,"major":0},"geometry":{"type":"Point","coordinates":[20.919633,52.154351]}},{"type":"Feature","properties":{"id":"s2208","name":"Łazy Ks. Słojewskiego","bus":1,"tram":0,"rail":0,"n":3,"imp":0.043,"node":0,"deg":2,"term":0,"major":0},"geometry":{"type":"Point","coordinates":[20.918263,52.153512]}},{"type":"Feature","properties":{"id":"s2209","name":"Łazy - Szkoła","bus":1,"tram":0,"rail":0,"n":2,"imp":0.054,"node":1,"deg":4,"term":0,"major":0},"geometry":{"type":"Point","coordinates":[20.914839,52.148895]}},{"type":"Feature","properties":{"id":"s2210","name":"Łazy Lokalna","bus":1,"tram":0,"rail":0,"n":2,"imp":0.035,"node":0,"deg":2,"term":0,"major":0},"geometry":{"type":"Point","coordinates":[20.914839,52.148056]}},{"type":"Feature","properties":{"id":"s2211","name":"Łazy Kaczeńców","bus":1,"tram":0,"rail":0,"n":3,"imp":0.063,"node":1,"deg":4,"term":0,"major":0},"geometry":{"type":"Point","coordinates":[20.916893,52.152672]}},{"type":"Feature","properties":{"id":"s2212","name":"Łazy Rolna","bus":1,"tram":0,"rail":0,"n":2,"imp":0.054,"node":1,"deg":4,"term":0,"major":0},"geometry":{"type":"Point","coordinates":[20.91073,52.151413]}},{"type":"Feature","properties":{"id":"s2213","name":"Wola Mrokowska","bus":1,"tram":0,"rail":0,"n":1,"imp":0.027,"node":0,"deg":2,"term":0,"major":0},"geometry":{"type":"Point","coordinates":[20.903326,52.140082]}},{"type":"Feature","properties":{"id":"s2214","name":"Jastrzębiec Postępu","bus":1,"tram":0,"rail":0,"n":1,"imp":0.027,"node":0,"deg":2,"term":0,"major":0},"geometry":{"type":"Point","coordinates":[20.896737,52.140082]}},{"type":"Feature","properties":{"id":"s2215","name":"Jastrzębiec","bus":1,"tram":0,"rail":0,"n":1,"imp":0.03,"node":1,"deg":1,"term":1,"major":0},"geometry":{"type":"Point","coordinates":[20.894293,52.141341]}},{"type":"Feature","properties":{"id":"s2216","name":"Nowa Wola Krasickiego","bus":1,"tram":0,"rail":0,"n":1,"imp":0.027,"node":0,"deg":2,"term":0,"major":0},"geometry":{"type":"Point","coordinates":[20.957418,52.156449]}},{"type":"Feature","properties":{"id":"s2217","name":"Nowa Wola Postępu","bus":1,"tram":0,"rail":0,"n":2,"imp":0.045,"node":1,"deg":3,"term":0,"major":0},"geometry":{"type":"Point","coordinates":[20.949767,52.153931]}},{"type":"Feature","properties":{"id":"s2218","name":"Nowa Wola","bus":1,"tram":0,"rail":0,"n":2,"imp":0.045,"node":1,"deg":3,"term":0,"major":0},"geometry":{"type":"Point","coordinates":[20.943603,52.153931]}},{"type":"Feature","properties":{"id":"s2219","name":"Lesznowola Gminna","bus":1,"tram":0,"rail":0,"n":1,"imp":0.027,"node":0,"deg":2,"term":0,"major":0},"geometry":{"type":"Point","coordinates":[20.939068,52.153931]}},{"type":"Feature","properties":{"id":"s2220","name":"Rakowska","bus":1,"tram":0,"rail":1,"n":6,"imp":0.083,"node":0,"deg":2,"term":0,"major":0},"geometry":{"type":"Point","coordinates":[20.952056,52.197998]}},{"type":"Feature","properties":{"id":"s2221","name":"Stefanowo Cm. Południowy - Brama Zach.","bus":1,"tram":0,"rail":0,"n":2,"imp":0.035,"node":0,"deg":2,"term":0,"major":0},"geometry":{"type":"Point","coordinates":[20.914839,52.147216]}},{"type":"Feature","properties":{"id":"s2222","name":"Walendów Konwaliowa","bus":1,"tram":0,"rail":0,"n":1,"imp":0.027,"node":0,"deg":2,"term":0,"major":0},"geometry":{"type":"Point","coordinates":[20.901543,52.154525]}},{"type":"Feature","properties":{"id":"s2223","name":"Walendów Os. Walendia","bus":1,"tram":0,"rail":0,"n":1,"imp":0.018,"node":1,"deg":1,"term":0,"major":0},"geometry":{"type":"Point","coordinates":[20.898402,52.15519]}},{"type":"Feature","properties":{"id":"s2224","name":"Nowa Wola Dzikiej Róży","bus":1,"tram":0,"rail":0,"n":1,"imp":0.027,"node":0,"deg":2,"term":0,"major":0},"geometry":{"type":"Point","coordinates":[20.953074,52.155958]}},{"type":"Feature","properties":{"id":"s2225","name":"Łazy Spokojna","bus":1,"tram":0,"rail":0,"n":1,"imp":0.027,"node":0,"deg":2,"term":0,"major":0},"geometry":{"type":"Point","coordinates":[20.904082,52.152969]}},{"type":"Feature","properties":{"id":"s2226","name":"Łazy Cmentarz","bus":1,"tram":0,"rail":0,"n":2,"imp":0.045,"node":1,"deg":3,"term":0,"major":0},"geometry":{"type":"Point","coordinates":[20.914839,52.151413]}},{"type":"Feature","properties":{"id":"s2227","name":"Stefanowo Przydrożna","bus":1,"tram":0,"rail":0,"n":1,"imp":0.027,"node":0,"deg":2,"term":0,"major":0},"geometry":{"type":"Point","coordinates":[20.90936,52.146377]}},{"type":"Feature","properties":{"id":"s2228","name":"Stefanowo Sosnowa","bus":1,"tram":0,"rail":0,"n":1,"imp":0.027,"node":0,"deg":2,"term":0,"major":0},"geometry":{"type":"Point","coordinates":[20.912099,52.146377]}},{"type":"Feature","properties":{"id":"s2229","name":"Stefanowo Wesoła","bus":1,"tram":0,"rail":0,"n":1,"imp":0.027,"node":0,"deg":2,"term":0,"major":0},"geometry":{"type":"Point","coordinates":[20.912501,52.144944]}},{"type":"Feature","properties":{"id":"s2230","name":"Warszawianka Wspólna","bus":1,"tram":0,"rail":0,"n":1,"imp":0.027,"node":0,"deg":2,"term":0,"major":0},"geometry":{"type":"Point","coordinates":[20.909927,52.143859]}},{"type":"Feature","properties":{"id":"s2231","name":"Lesznowola Poprzeczna","bus":1,"tram":0,"rail":0,"n":1,"imp":0.037,"node":1,"deg":3,"term":0,"major":0},"geometry":{"type":"Point","coordinates":[20.931275,52.156449]}},{"type":"Feature","properties":{"id":"s2232","name":"Pruszków Hala Znicz","bus":1,"tram":0,"rail":1,"n":4,"imp":0.079,"node":1,"deg":2,"term":1,"major":0},"geometry":{"type":"Point","coordinates":[20.869638,52.186667]}},{"type":"Feature","properties":{"id":"s2233","name":"Warszawa Zachodnia","bus":1,"tram":0,"rail":1,"n":5,"imp":0.075,"node":1,"deg":2,"term":0,"major":0},"geometry":{"type":"Point","coordinates":[20.962094,52.218143]}},{"type":"Feature","properties":{"id":"s2234","name":"Warszawa Ochota","bus":0,"tram":0,"rail":1,"n":3,"imp":0.059,"node":0,"deg":2,"term":0,"major":0},"geometry":{"type":"Point","coordinates":[20.976175,52.218327]}},{"type":"Feature","properties":{"id":"s2235","name":"Warszawa Włochy","bus":0,"tram":0,"rail":1,"n":1,"imp":0.018,"node":1,"deg":1,"term":0,"major":0},"geometry":{"type":"Point","coordinates":[20.912784,52.206811]}},{"type":"Feature","properties":{"id":"s2236","name":"Warszawa Ursus","bus":0,"tram":0,"rail":1,"n":1,"imp":0.018,"node":1,"deg":1,"term":0,"major":0},"geometry":{"type":"Point","coordinates":[20.894293,52.197998]}},{"type":"Feature","properties":{"id":"s2237","name":"Piastów","bus":0,"tram":0,"rail":1,"n":1,"imp":0.018,"node":1,"deg":1,"term":0,"major":0},"geometry":{"type":"Point","coordinates":[20.879911,52.189185]}},{"type":"Feature","properties":{"id":"s2238","name":"Pruszków","bus":1,"tram":0,"rail":1,"n":7,"imp":0.192,"node":1,"deg":5,"term":1,"major":1},"geometry":{"type":"Point","coordinates":[20.865529,52.185407]}},{"type":"Feature","properties":{"id":"s2239","name":"Warszawa Rakowiec","bus":0,"tram":0,"rail":1,"n":4,"imp":0.051,"node":0,"deg":2,"term":0,"major":0},"geometry":{"type":"Point","coordinates":[20.96886,52.197629]}},{"type":"Feature","properties":{"id":"s2240","name":"Warszawa Okęcie","bus":0,"tram":0,"rail":1,"n":2,"imp":0.035,"node":0,"deg":2,"term":0,"major":0},"geometry":{"type":"Point","coordinates":[20.965902,52.171374]}},{"type":"Feature","properties":{"id":"s2241","name":"P+R Połczyńska","bus":1,"tram":1,"rail":0,"n":8,"imp":0.099,"node":0,"deg":2,"term":0,"major":1},"geometry":{"type":"Point","coordinates":[20.922455,52.220661]}},{"type":"Feature","properties":{"id":"s2242","name":"Wola - Ratusz","bus":1,"tram":1,"rail":0,"n":9,"imp":0.127,"node":1,"deg":4,"term":0,"major":1},"geometry":{"type":"Point","coordinates":[20.966203,52.226956]}},{"type":"Feature","properties":{"id":"s2243","name":"Okopowa","bus":1,"tram":1,"rail":0,"n":11,"imp":0.171,"node":1,"deg":7,"term":0,"major":1},"geometry":{"type":"Point","coordinates":[20.964149,52.226956]}},{"type":"Feature","properties":{"id":"s2244","name":"Zajezdnia Wola","bus":1,"tram":1,"rail":0,"n":7,"imp":0.111,"node":1,"deg":4,"term":0,"major":1},"geometry":{"type":"Point","coordinates":[20.962094,52.225697]}},{"type":"Feature","properties":{"id":"s2245","name":"Metro Płocka","bus":1,"tram":1,"rail":1,"n":10,"imp":0.163,"node":1,"deg":7,"term":0,"major":1},"geometry":{"type":"Point","coordinates":[20.957985,52.225697]}},{"type":"Feature","properties":{"id":"s2246","name":"Sokołowska","bus":1,"tram":1,"rail":0,"n":5,"imp":0.075,"node":0,"deg":2,"term":0,"major":0},"geometry":{"type":"Point","coordinates":[20.954903,52.225697]}},{"type":"Feature","properties":{"id":"s2247","name":"PKP Wola (Wolska)","bus":1,"tram":1,"rail":0,"n":9,"imp":0.127,"node":1,"deg":4,"term":0,"major":1},"geometry":{"type":"Point","coordinates":[20.951821,52.225697]}},{"type":"Feature","properties":{"id":"s2248","name":"Elekcyjna","bus":1,"tram":1,"rail":0,"n":3,"imp":0.079,"node":1,"deg":4,"term":0,"major":0},"geometry":{"type":"Point","coordinates":[20.945658,52.225697]}},{"type":"Feature","properties":{"id":"s2249","name":"Reduta Wolska","bus":1,"tram":1,"rail":0,"n":7,"imp":0.111,"node":1,"deg":4,"term":0,"major":1},"geometry":{"type":"Point","coordinates":[20.939494,52.225697]}},{"type":"Feature","properties":{"id":"s2250","name":"Sowińskiego","bus":1,"tram":1,"rail":0,"n":6,"imp":0.093,"node":1,"deg":3,"term":0,"major":0},"geometry":{"type":"Point","coordinates":[20.935385,52.225697]}},{"type":"Feature","properties":{"id":"s2251","name":"Cm. Wolski","bus":1,"tram":1,"rail":0,"n":7,"imp":0.175,"node":1,"deg":2,"term":1,"major":1},"geometry":{"type":"Point","coordinates":[20.931275,52.225697]}},{"type":"Feature","properties":{"id":"s2252","name":"Ciepłownia Wola","bus":1,"tram":1,"rail":0,"n":17,"imp":0.2,"node":1,"deg":5,"term":0,"major":1},"geometry":{"type":"Point","coordinates":[20.916893,52.220661]}},{"type":"Feature","properties":{"id":"s2253","name":"Tkaczy","bus":1,"tram":0,"rail":0,"n":5,"imp":0.059,"node":0,"deg":2,"term":0,"major":0},"geometry":{"type":"Point","coordinates":[20.912016,52.217672]}},{"type":"Feature","properties":{"id":"s2254","name":"Drzeworytników","bus":1,"tram":0,"rail":0,"n":5,"imp":0.059,"node":0,"deg":2,"term":0,"major":0},"geometry":{"type":"Point","coordinates":[20.907139,52.214683]}},{"type":"Feature","properties":{"id":"s2255","name":"Instytut Energetyki","bus":1,"tram":0,"rail":0,"n":3,"imp":0.053,"node":1,"deg":3,"term":0,"major":0},"geometry":{"type":"Point","coordinates":[20.886075,52.213107]}},{"type":"Feature","properties":{"id":"s2256","name":"Blizne Łaszczyńskiego Niska","bus":1,"tram":0,"rail":0,"n":3,"imp":0.043,"node":0,"deg":2,"term":0,"major":0},"geometry":{"type":"Point","coordinates":[20.899087,52.230314]}},{"type":"Feature","properties":{"id":"s2257","name":"Blizne Łaszczyńskiego Fortowa","bus":1,"tram":0,"rail":0,"n":3,"imp":0.043,"node":0,"deg":2,"term":0,"major":0},"geometry":{"type":"Point","coordinates":[20.897717,52.231153]}},{"type":"Feature","properties":{"id":"s2258","name":"Monte Cassino","bus":1,"tram":0,"rail":0,"n":1,"imp":0.037,"node":1,"deg":3,"term":0,"major":0},"geometry":{"type":"Point","coordinates":[20.945658,52.228215]}},{"type":"Feature","properties":{"id":"s2259","name":"Park Moczydło","bus":1,"tram":0,"rail":0,"n":8,"imp":0.103,"node":1,"deg":4,"term":0,"major":1},"geometry":{"type":"Point","coordinates":[20.945658,52.230733]}},{"type":"Feature","properties":{"id":"s2260","name":"Fort Wola","bus":1,"tram":1,"rail":0,"n":10,"imp":0.156,"node":1,"deg":5,"term":1,"major":1},"geometry":{"type":"Point","coordinates":[20.927166,52.22192]}},{"type":"Feature","properties":{"id":"s2261","name":"Ks. Sitnika","bus":1,"tram":0,"rail":0,"n":3,"imp":0.043,"node":0,"deg":2,"term":0,"major":0},"geometry":{"type":"Point","coordinates":[20.945658,52.231992]}},{"type":"Feature","properties":{"id":"s2262","name":"Leszno","bus":1,"tram":0,"rail":0,"n":1,"imp":0.027,"node":0,"deg":2,"term":0,"major":0},"geometry":{"type":"Point","coordinates":[20.961793,52.22714]}},{"type":"Feature","properties":{"id":"s2263","name":"Młynarska","bus":1,"tram":1,"rail":0,"n":6,"imp":0.112,"node":1,"deg":5,"term":0,"major":1},"geometry":{"type":"Point","coordinates":[20.96004,52.228215]}},{"type":"Feature","properties":{"id":"s2264","name":"Płocka - Szpital","bus":1,"tram":0,"rail":0,"n":7,"imp":0.104,"node":1,"deg":5,"term":0,"major":1},"geometry":{"type":"Point","coordinates":[20.95593,52.229474]}},{"type":"Feature","properties":{"id":"s2265","name":"Metro Młynów","bus":1,"tram":0,"rail":1,"n":8,"imp":0.147,"node":1,"deg":7,"term":0,"major":1},"geometry":{"type":"Point","coordinates":[20.951821,52.229474]}},{"type":"Feature","properties":{"id":"s2266","name":"Metro Księcia Janusza","bus":1,"tram":0,"rail":1,"n":11,"imp":0.183,"node":1,"deg":7,"term":1,"major":1},"geometry":{"type":"Point","coordinates":[20.941548,52.230733]}},{"type":"Feature","properties":{"id":"s2267","name":"Góralska","bus":1,"tram":0,"rail":0,"n":5,"imp":0.059,"node":0,"deg":2,"term":0,"major":0},"geometry":{"type":"Point","coordinates":[20.935986,52.230733]}},{"type":"Feature","properties":{"id":"s2268","name":"Metro Ulrychów","bus":1,"tram":0,"rail":1,"n":6,"imp":0.112,"node":1,"deg":5,"term":0,"major":1},"geometry":{"type":"Point","coordinates":[20.931275,52.231992]}},{"type":"Feature","properties":{"id":"s2269","name":"Konarskiego","bus":1,"tram":0,"rail":0,"n":5,"imp":0.069,"node":1,"deg":3,"term":0,"major":0},"geometry":{"type":"Point","coordinates":[20.923057,52.231992]}},{"type":"Feature","properties":{"id":"s2270","name":"Metro Bemowo","bus":1,"tram":1,"rail":1,"n":24,"imp":0.329,"node":1,"deg":5,"term":1,"major":1},"geometry":{"type":"Point","coordinates":[20.916893,52.230733]}},{"type":"Feature","properties":{"id":"s2271","name":"Klemensiewicza","bus":1,"tram":1,"rail":0,"n":12,"imp":0.131,"node":0,"deg":2,"term":0,"major":1},"geometry":{"type":"Point","coordinates":[20.912359,52.230733]}},{"type":"Feature","properties":{"id":"s2272","name":"Mennica","bus":1,"tram":0,"rail":0,"n":5,"imp":0.079,"node":1,"deg":4,"term":0,"major":0},"geometry":{"type":"Point","coordinates":[20.970313,52.224438]}},{"type":"Feature","properties":{"id":"s2273","name":"Muzeum Powstania Warszawskiego","bus":1,"tram":1,"rail":0,"n":6,"imp":0.103,"node":1,"deg":4,"term":0,"major":1},"geometry":{"type":"Point","coordinates":[20.968258,52.224438]}},{"type":"Feature","properties":{"id":"s2275","name":"Norblin","bus":1,"tram":1,"rail":0,"n":12,"imp":0.17,"node":1,"deg":6,"term":0,"major":1},"geometry":{"type":"Point","coordinates":[20.972367,52.223179]}},{"type":"Feature","properties":{"id":"s2276","name":"Rondo Daszyńskiego","bus":1,"tram":1,"rail":1,"n":12,"imp":0.204,"node":1,"deg":7,"term":1,"major":1},"geometry":{"type":"Point","coordinates":[20.968258,52.223179]}},{"type":"Feature","properties":{"id":"s2277","name":"Karolkowa","bus":1,"tram":1,"rail":0,"n":7,"imp":0.091,"node":0,"deg":2,"term":0,"major":0},"geometry":{"type":"Point","coordinates":[20.965176,52.223179]}},{"type":"Feature","properties":{"id":"s2278","name":"Szpital Wolski","bus":1,"tram":1,"rail":0,"n":8,"imp":0.128,"node":1,"deg":5,"term":0,"major":1},"geometry":{"type":"Point","coordinates":[20.962094,52.223179]}},{"type":"Feature","properties":{"id":"s2279","name":"PKP Wola (Kasprzaka)","bus":1,"tram":1,"rail":0,"n":11,"imp":0.143,"node":1,"deg":4,"term":0,"major":1},"geometry":{"type":"Point","coordinates":[20.953876,52.224438]}},{"type":"Feature","properties":{"id":"s2280","name":"Ordona - WSA","bus":1,"tram":1,"rail":0,"n":5,"imp":0.095,"node":1,"deg":4,"term":0,"major":0},"geometry":{"type":"Point","coordinates":[20.947712,52.224438]}},{"type":"Feature","properties":{"id":"s2281","name":"Sternicza","bus":1,"tram":0,"rail":0,"n":6,"imp":0.067,"node":0,"deg":2,"term":0,"major":0},"geometry":{"type":"Point","coordinates":[20.902511,52.216956]}},{"type":"Feature","properties":{"id":"s2282","name":"Siemiatycka","bus":1,"tram":0,"rail":0,"n":6,"imp":0.067,"node":0,"deg":2,"term":0,"major":0},"geometry":{"type":"Point","coordinates":[20.902511,52.220067]}},{"type":"Feature","properties":{"id":"s2283","name":"Człuchowska","bus":1,"tram":0,"rail":0,"n":12,"imp":0.135,"node":1,"deg":4,"term":0,"major":1},"geometry":{"type":"Point","coordinates":[20.902511,52.223179]}},{"type":"Feature","properties":{"id":"s2284","name":"Batalionów Chłopskich","bus":1,"tram":0,"rail":0,"n":7,"imp":0.085,"node":1,"deg":3,"term":0,"major":0},"geometry":{"type":"Point","coordinates":[20.902511,52.225697]}},{"type":"Feature","properties":{"id":"s2285","name":"Szobera","bus":1,"tram":0,"rail":0,"n":7,"imp":0.075,"node":0,"deg":2,"term":0,"major":0},"geometry":{"type":"Point","coordinates":[20.905593,52.227586]}},{"type":"Feature","properties":{"id":"s2286","name":"Os. Górczewska","bus":1,"tram":1,"rail":0,"n":18,"imp":0.319,"node":1,"deg":4,"term":1,"major":1},"geometry":{"type":"Point","coordinates":[20.908675,52.229474]}},{"type":"Feature","properties":{"id":"s2287","name":"Narwik","bus":1,"tram":0,"rail":0,"n":5,"imp":0.059,"node":0,"deg":2,"term":0,"major":0},"geometry":{"type":"Point","coordinates":[20.908675,52.231363]}},{"type":"Feature","properties":{"id":"s2288","name":"Fort Blizne","bus":1,"tram":1,"rail":0,"n":6,"imp":0.093,"node":1,"deg":3,"term":0,"major":0},"geometry":{"type":"Point","coordinates":[20.908675,52.233251]}},{"type":"Feature","properties":{"id":"s2289","name":"WAT","bus":1,"tram":1,"rail":0,"n":5,"imp":0.075,"node":0,"deg":2,"term":0,"major":0},"geometry":{"type":"Point","coordinates":[20.908675,52.235943]}},{"type":"Feature","properties":{"id":"s2290","name":"Archimedesa","bus":1,"tram":1,"rail":0,"n":5,"imp":0.075,"node":0,"deg":2,"term":0,"major":0},"geometry":{"type":"Point","coordinates":[20.909076,52.237274]}},{"type":"Feature","properties":{"id":"s2291","name":"Stare Bemowo","bus":1,"tram":1,"rail":0,"n":8,"imp":0.186,"node":1,"deg":6,"term":1,"major":1},"geometry":{"type":"Point","coordinates":[20.91073,52.238288]}},{"type":"Feature","properties":{"id":"s2292","name":"Boernerowo","bus":0,"tram":1,"rail":0,"n":1,"imp":0.03,"node":1,"deg":1,"term":1,"major":0},"geometry":{"type":"Point","coordinates":[20.91073,52.240806]}},{"type":"Feature","properties":{"id":"s2293","name":"Synów Pułku","bus":1,"tram":1,"rail":0,"n":11,"imp":0.123,"node":0,"deg":2,"term":0,"major":1},"geometry":{"type":"Point","coordinates":[20.916893,52.222549]}},{"type":"Feature","properties":{"id":"s2294","name":"Hala Wola","bus":1,"tram":1,"rail":0,"n":19,"imp":0.216,"node":1,"deg":5,"term":0,"major":1},"geometry":{"type":"Point","coordinates":[20.916893,52.224438]}},{"type":"Feature","properties":{"id":"s2295","name":"Pl. Kasztelański","bus":1,"tram":1,"rail":0,"n":13,"imp":0.149,"node":1,"deg":3,"term":0,"major":1},"geometry":{"type":"Point","coordinates":[20.918948,52.226956]}},{"type":"Feature","properties":{"id":"s2296","name":"Czumy","bus":1,"tram":1,"rail":0,"n":17,"imp":0.181,"node":1,"deg":3,"term":0,"major":1},"geometry":{"type":"Point","coordinates":[20.916893,52.229474]}},{"type":"Feature","properties":{"id":"s2297","name":"Kazubów","bus":1,"tram":1,"rail":0,"n":10,"imp":0.125,"node":1,"deg":3,"term":0,"major":1},"geometry":{"type":"Point","coordinates":[20.916893,52.231992]}},{"type":"Feature","properties":{"id":"s2298","name":"Piastów Śląskich","bus":1,"tram":1,"rail":0,"n":12,"imp":0.16,"node":1,"deg":5,"term":0,"major":1},"geometry":{"type":"Point","coordinates":[20.929221,52.239547]}},{"type":"Feature","properties":{"id":"s2299","name":"Radiowa","bus":1,"tram":1,"rail":0,"n":14,"imp":0.186,"node":1,"deg":6,"term":0,"major":1},"geometry":{"type":"Point","coordinates":[20.916893,52.235769]}},{"type":"Feature","properties":{"id":"s2300","name":"Wrocławska","bus":1,"tram":1,"rail":0,"n":12,"imp":0.16,"node":1,"deg":5,"term":0,"major":1},"geometry":{"type":"Point","coordinates":[20.923057,52.238288]}},{"type":"Feature","properties":{"id":"s2301","name":"Ogrody Działkowe Bemowo","bus":1,"tram":1,"rail":0,"n":10,"imp":0.125,"node":1,"deg":3,"term":0,"major":1},"geometry":{"type":"Point","coordinates":[20.931275,52.240806]}},{"type":"Feature","properties":{"id":"s2302","name":"Długosza","bus":1,"tram":1,"rail":0,"n":4,"imp":0.067,"node":0,"deg":2,"term":0,"major":0},"geometry":{"type":"Point","coordinates":[20.957985,52.229474]}},{"type":"Feature","properties":{"id":"s2303","name":"Pl. Pole Elekcyjne","bus":1,"tram":1,"rail":0,"n":7,"imp":0.111,"node":1,"deg":4,"term":0,"major":1},"geometry":{"type":"Point","coordinates":[20.95593,52.230733]}},{"type":"Feature","properties":{"id":"s2304","name":"Wawrzyszewska","bus":1,"tram":1,"rail":1,"n":6,"imp":0.103,"node":1,"deg":4,"term":0,"major":1},"geometry":{"type":"Point","coordinates":[20.951821,52.231992]}},{"type":"Feature","properties":{"id":"s2305","name":"PKP Koło","bus":1,"tram":1,"rail":0,"n":6,"imp":0.112,"node":1,"deg":5,"term":0,"major":1},"geometry":{"type":"Point","coordinates":[20.949767,52.233251]}},{"type":"Feature","properties":{"id":"s2306","name":"Magistracka","bus":1,"tram":1,"rail":0,"n":4,"imp":0.067,"node":0,"deg":2,"term":0,"major":0},"geometry":{"type":"Point","coordinates":[20.947712,52.233251]}},{"type":"Feature","properties":{"id":"s2307","name":"Deotymy","bus":1,"tram":1,"rail":0,"n":7,"imp":0.101,"node":1,"deg":3,"term":0,"major":1},"geometry":{"type":"Point","coordinates":[20.945658,52.233251]}},{"type":"Feature","properties":{"id":"s2308","name":"Dalibora","bus":1,"tram":1,"rail":0,"n":9,"imp":0.117,"node":1,"deg":3,"term":0,"major":1},"geometry":{"type":"Point","coordinates":[20.941548,52.23451]}},{"type":"Feature","properties":{"id":"s2309","name":"Koło","bus":1,"tram":1,"rail":0,"n":9,"imp":0.141,"node":1,"deg":3,"term":1,"major":1},"geometry":{"type":"Point","coordinates":[20.937439,52.23451]}},{"type":"Feature","properties":{"id":"s2310","name":"Marynin","bus":1,"tram":1,"rail":0,"n":5,"imp":0.085,"node":1,"deg":3,"term":0,"major":0},"geometry":{"type":"Point","coordinates":[20.927166,52.23451]}},{"type":"Feature","properties":{"id":"s2311","name":"Siodlarska","bus":0,"tram":1,"rail":0,"n":1,"imp":0.027,"node":0,"deg":2,"term":0,"major":0},"geometry":{"type":"Point","coordinates":[20.921003,52.23451]}},{"type":"Feature","properties":{"id":"s2312","name":"Dywizjonu 303","bus":1,"tram":1,"rail":0,"n":8,"imp":0.119,"node":1,"deg":4,"term":0,"major":1},"geometry":{"type":"Point","coordinates":[20.914839,52.23451]}},{"type":"Feature","properties":{"id":"s2313","name":"Os. Zielony Staw","bus":0,"tram":1,"rail":0,"n":1,"imp":0.027,"node":0,"deg":2,"term":0,"major":0},"geometry":{"type":"Point","coordinates":[20.912182,52.233251]}},{"type":"Feature","properties":{"id":"s2314","name":"Kocjana - Sądy","bus":1,"tram":0,"rail":0,"n":2,"imp":0.035,"node":0,"deg":2,"term":0,"major":0},"geometry":{"type":"Point","coordinates":[20.904566,52.23451]}},{"type":"Feature","properties":{"id":"s2315","name":"Kocjana - Bocznica","bus":1,"tram":0,"rail":0,"n":2,"imp":0.035,"node":0,"deg":2,"term":0,"major":0},"geometry":{"type":"Point","coordinates":[20.902511,52.23451]}},{"type":"Feature","properties":{"id":"s2316","name":"Arkadyjska","bus":1,"tram":0,"rail":0,"n":2,"imp":0.045,"node":1,"deg":3,"term":0,"major":0},"geometry":{"type":"Point","coordinates":[20.900457,52.23451]}},{"type":"Feature","properties":{"id":"s2317","name":"Podkowińska","bus":1,"tram":0,"rail":0,"n":2,"imp":0.035,"node":0,"deg":2,"term":0,"major":0},"geometry":{"type":"Point","coordinates":[20.89715,52.23451]}},{"type":"Feature","properties":{"id":"s2318","name":"Groty","bus":1,"tram":0,"rail":0,"n":4,"imp":0.083,"node":1,"deg":4,"term":1,"major":0},"geometry":{"type":"Point","coordinates":[20.896348,52.231992]}},{"type":"Feature","properties":{"id":"s2319","name":"Żytnia","bus":0,"tram":1,"rail":0,"n":3,"imp":0.053,"node":1,"deg":3,"term":0,"major":0},"geometry":{"type":"Point","coordinates":[20.962094,52.228215]}},{"type":"Feature","properties":{"id":"s2320","name":"Dzielna","bus":0,"tram":1,"rail":0,"n":3,"imp":0.043,"node":0,"deg":2,"term":0,"major":0},"geometry":{"type":"Point","coordinates":[20.962094,52.229474]}},{"type":"Feature","properties":{"id":"s2321","name":"Cm. Żydowski","bus":1,"tram":1,"rail":0,"n":6,"imp":0.112,"node":1,"deg":5,"term":0,"major":1},"geometry":{"type":"Point","coordinates":[20.962094,52.230733]}},{"type":"Feature","properties":{"id":"s2322","name":"Niska","bus":1,"tram":1,"rail":0,"n":6,"imp":0.093,"node":1,"deg":3,"term":0,"major":0},"geometry":{"type":"Point","coordinates":[20.962094,52.231992]}},{"type":"Feature","properties":{"id":"s2323","name":"Sienna","bus":1,"tram":0,"rail":0,"n":1,"imp":0.027,"node":0,"deg":2,"term":0,"major":0},"geometry":{"type":"Point","coordinates":[20.973695,52.221106]}},{"type":"Feature","properties":{"id":"s2324","name":"Chłodna","bus":1,"tram":0,"rail":0,"n":5,"imp":0.059,"node":0,"deg":2,"term":0,"major":0},"geometry":{"type":"Point","coordinates":[20.968258,52.225697]}},{"type":"Feature","properties":{"id":"s2325","name":"Mory","bus":1,"tram":0,"rail":0,"n":2,"imp":0.035,"node":0,"deg":2,"term":0,"major":0},"geometry":{"type":"Point","coordinates":[20.88154,52.213107]}},{"type":"Feature","properties":{"id":"s2326","name":"Bronisze","bus":1,"tram":0,"rail":0,"n":3,"imp":0.043,"node":0,"deg":2,"term":0,"major":0},"geometry":{"type":"Point","coordinates":[20.872419,52.209775]}},{"type":"Feature","properties":{"id":"s2327","name":"Karolin","bus":1,"tram":0,"rail":0,"n":4,"imp":0.063,"node":1,"deg":2,"term":1,"major":0},"geometry":{"type":"Point","coordinates":[20.892238,52.213107]}},{"type":"Feature","properties":{"id":"s2328","name":"Kartezjusza","bus":1,"tram":0,"rail":0,"n":2,"imp":0.035,"node":0,"deg":2,"term":0,"major":0},"geometry":{"type":"Point","coordinates":[20.906621,52.23451]}},{"type":"Feature","properties":{"id":"s2329","name":"Parafialna","bus":1,"tram":0,"rail":0,"n":8,"imp":0.093,"node":1,"deg":3,"term":0,"major":0},"geometry":{"type":"Point","coordinates":[20.953876,52.22192]}},{"type":"Feature","properties":{"id":"s2330","name":"Armatnia","bus":1,"tram":0,"rail":1,"n":9,"imp":0.117,"node":1,"deg":3,"term":0,"major":1},"geometry":{"type":"Point","coordinates":[20.957985,52.218143]}},{"type":"Feature","properties":{"id":"s2331","name":"Zajezdnia Redutowa","bus":1,"tram":0,"rail":0,"n":3,"imp":0.043,"node":0,"deg":2,"term":0,"major":0},"geometry":{"type":"Point","coordinates":[20.939494,52.226956]}},{"type":"Feature","properties":{"id":"s2332","name":"Pustola","bus":1,"tram":0,"rail":0,"n":3,"imp":0.043,"node":0,"deg":2,"term":0,"major":0},"geometry":{"type":"Point","coordinates":[20.939494,52.228215]}},{"type":"Feature","properties":{"id":"s2333","name":"Redutowa","bus":1,"tram":0,"rail":0,"n":5,"imp":0.069,"node":1,"deg":3,"term":0,"major":0},"geometry":{"type":"Point","coordinates":[20.939494,52.229474]}},{"type":"Feature","properties":{"id":"s2334","name":"Brożka","bus":1,"tram":0,"rail":0,"n":3,"imp":0.043,"node":0,"deg":2,"term":0,"major":0},"geometry":{"type":"Point","coordinates":[20.941548,52.232622]}},{"type":"Feature","properties":{"id":"s2335","name":"Rodła","bus":1,"tram":0,"rail":0,"n":2,"imp":0.035,"node":0,"deg":2,"term":0,"major":0},"geometry":{"type":"Point","coordinates":[20.927568,52.238533]}},{"type":"Feature","properties":{"id":"s2336","name":"Antka Rozpylacza","bus":1,"tram":0,"rail":0,"n":2,"imp":0.035,"node":0,"deg":2,"term":0,"major":0},"geometry":{"type":"Point","coordinates":[20.934357,52.229474]}},{"type":"Feature","properties":{"id":"s2337","name":"Znana","bus":1,"tram":0,"rail":0,"n":2,"imp":0.047,"node":1,"deg":2,"term":1,"major":0},"geometry":{"type":"Point","coordinates":[20.929221,52.229474]}},{"type":"Feature","properties":{"id":"s2338","name":"Strąkowa","bus":1,"tram":0,"rail":0,"n":2,"imp":0.035,"node":1,"deg":2,"term":0,"major":0},"geometry":{"type":"Point","coordinates":[20.927166,52.228215]}},{"type":"Feature","properties":{"id":"s2339","name":"Orlich Gniazd","bus":1,"tram":1,"rail":0,"n":7,"imp":0.101,"node":1,"deg":3,"term":0,"major":1},"geometry":{"type":"Point","coordinates":[20.923057,52.235769]}},{"type":"Feature","properties":{"id":"s2340","name":"Widawska","bus":1,"tram":0,"rail":0,"n":4,"imp":0.051,"node":0,"deg":2,"term":0,"major":0},"geometry":{"type":"Point","coordinates":[20.923057,52.237028]}},{"type":"Feature","properties":{"id":"s2341","name":"Raginisa","bus":1,"tram":0,"rail":0,"n":9,"imp":0.091,"node":0,"deg":2,"term":0,"major":0},"geometry":{"type":"Point","coordinates":[20.911816,52.224438]}},{"type":"Feature","properties":{"id":"s2342","name":"Rozłogi","bus":1,"tram":0,"rail":0,"n":9,"imp":0.091,"node":0,"deg":2,"term":0,"major":0},"geometry":{"type":"Point","coordinates":[20.906738,52.224438]}},{"type":"Feature","properties":{"id":"s2343","name":"Radiowa - WAT","bus":1,"tram":0,"rail":0,"n":4,"imp":0.051,"node":0,"deg":2,"term":0,"major":0},"geometry":{"type":"Point","coordinates":[20.914112,52.237474]}},{"type":"Feature","properties":{"id":"s2344","name":"Grenady","bus":1,"tram":0,"rail":0,"n":5,"imp":0.059,"node":0,"deg":2,"term":0,"major":0},"geometry":{"type":"Point","coordinates":[20.95593,52.230104]}},{"type":"Feature","properties":{"id":"s2345","name":"Batalionu Miotła","bus":1,"tram":0,"rail":0,"n":1,"imp":0.037,"node":1,"deg":3,"term":0,"major":0},"geometry":{"type":"Point","coordinates":[20.923057,52.228215]}},{"type":"Feature","properties":{"id":"s2346","name":"Lasek na Kole","bus":1,"tram":0,"rail":0,"n":2,"imp":0.035,"node":0,"deg":2,"term":0,"major":0},"geometry":{"type":"Point","coordinates":[20.946685,52.23514]}},{"type":"Feature","properties":{"id":"s2347","name":"Czorsztyńska","bus":1,"tram":0,"rail":0,"n":1,"imp":0.027,"node":0,"deg":2,"term":0,"major":0},"geometry":{"type":"Point","coordinates":[20.949767,52.231102]}},{"type":"Feature","properties":{"id":"s2348","name":"Dostawcza","bus":1,"tram":0,"rail":0,"n":4,"imp":0.051,"node":0,"deg":2,"term":0,"major":0},"geometry":{"type":"Point","coordinates":[20.896773,52.213107]}},{"type":"Feature","properties":{"id":"s2349","name":"Brylowska","bus":1,"tram":0,"rail":0,"n":1,"imp":0.027,"node":0,"deg":2,"term":0,"major":0},"geometry":{"type":"Point","coordinates":[20.962094,52.22234]}},{"type":"Feature","properties":{"id":"s2350","name":"Kolejowa","bus":1,"tram":0,"rail":0,"n":1,"imp":0.027,"node":0,"deg":2,"term":0,"major":0},"geometry":{"type":"Point","coordinates":[20.962094,52.2215]}},{"type":"Feature","properties":{"id":"s2351","name":"Dw. Zachodni (Tunelowa)","bus":1,"tram":0,"rail":0,"n":1,"imp":0.03,"node":1,"deg":1,"term":1,"major":0},"geometry":{"type":"Point","coordinates":[20.962094,52.220661]}},{"type":"Feature","properties":{"id":"s2352","name":"Tatarska","bus":1,"tram":0,"rail":1,"n":3,"imp":0.069,"node":1,"deg":3,"term":0,"major":0},"geometry":{"type":"Point","coordinates":[20.95593,52.23451]}},{"type":"Feature","properties":{"id":"s2353","name":"Kozielska","bus":1,"tram":0,"rail":1,"n":3,"imp":0.059,"node":0,"deg":2,"term":0,"major":0},"geometry":{"type":"Point","coordinates":[20.955246,52.234091]}},{"type":"Feature","properties":{"id":"s2354","name":"Ostroroga","bus":1,"tram":0,"rail":1,"n":5,"imp":0.109,"node":1,"deg":3,"term":1,"major":1},"geometry":{"type":"Point","coordinates":[20.953876,52.233251]}},{"type":"Feature","properties":{"id":"s2355","name":"Sołtyka","bus":1,"tram":0,"rail":0,"n":3,"imp":0.043,"node":0,"deg":2,"term":0,"major":0},"geometry":{"type":"Point","coordinates":[20.95563,52.232177]}},{"type":"Feature","properties":{"id":"s2356","name":"Wagonownia","bus":1,"tram":0,"rail":0,"n":1,"imp":0.018,"node":1,"deg":1,"term":0,"major":0},"geometry":{"type":"Point","coordinates":[20.929221,52.214366]}},{"type":"Feature","properties":{"id":"s2357","name":"Ożarów Mazowiecki Starostwo","bus":1,"tram":0,"rail":0,"n":3,"imp":0.055,"node":1,"deg":2,"term":1,"major":0},"geometry":{"type":"Point","coordinates":[20.867584,52.206811]}},{"type":"Feature","properties":{"id":"s2358","name":"Ożarów Mazowiecki Sanktuarium","bus":1,"tram":0,"rail":0,"n":4,"imp":0.09,"node":1,"deg":6,"term":0,"major":0},"geometry":{"type":"Point","coordinates":[20.863474,52.206811]}},{"type":"Feature","properties":{"id":"s2359","name":"Ożarów Mazowiecki 3 Maja","bus":1,"tram":0,"rail":0,"n":2,"imp":0.035,"node":0,"deg":2,"term":0,"major":0},"geometry":{"type":"Point","coordinates":[20.860392,52.206811]}},{"type":"Feature","properties":{"id":"s2360","name":"Ożarów Mazowiecki Kierbedzia","bus":1,"tram":0,"rail":0,"n":2,"imp":0.045,"node":1,"deg":3,"term":0,"major":0},"geometry":{"type":"Point","coordinates":[20.857311,52.206811]}},{"type":"Feature","properties":{"id":"s2361","name":"Ożarów Mazowiecki Umiastowska","bus":1,"tram":0,"rail":0,"n":3,"imp":0.063,"node":1,"deg":4,"term":0,"major":0},"geometry":{"type":"Point","coordinates":[20.853201,52.206811]}},{"type":"Feature","properties":{"id":"s2362","name":"Iskry","bus":1,"tram":0,"rail":0,"n":2,"imp":0.035,"node":0,"deg":2,"term":0,"major":0},"geometry":{"type":"Point","coordinates":[20.894577,52.233425]}},{"type":"Feature","properties":{"id":"s2363","name":"Hubala - Dobrzańskiego","bus":1,"tram":0,"rail":0,"n":4,"imp":0.061,"node":1,"deg":3,"term":0,"major":0},"geometry":{"type":"Point","coordinates":[20.892238,52.231992]}},{"type":"Feature","properties":{"id":"s2364","name":"Ołtarzew Gołaszewska","bus":1,"tram":0,"rail":0,"n":2,"imp":0.045,"node":1,"deg":3,"term":0,"major":0},"geometry":{"type":"Point","coordinates":[20.849092,52.206811]}},{"type":"Feature","properties":{"id":"s2365","name":"Koprki","bus":1,"tram":0,"rail":0,"n":1,"imp":0.039,"node":1,"deg":2,"term":1,"major":0},"geometry":{"type":"Point","coordinates":[20.844983,52.209329]}},{"type":"Feature","properties":{"id":"s2366","name":"Koprki Zakątek","bus":1,"tram":0,"rail":0,"n":2,"imp":0.054,"node":1,"deg":4,"term":0,"major":0},"geometry":{"type":"Point","coordinates":[20.844983,52.206811]}},{"type":"Feature","properties":{"id":"s2367","name":"Jawczyce","bus":1,"tram":0,"rail":0,"n":3,"imp":0.063,"node":1,"deg":4,"term":0,"major":0},"geometry":{"type":"Point","coordinates":[20.877856,52.211848]}},{"type":"Feature","properties":{"id":"s2368","name":"Ołtarzew Nizinna","bus":1,"tram":0,"rail":0,"n":2,"imp":0.035,"node":0,"deg":2,"term":0,"major":0},"geometry":{"type":"Point","coordinates":[20.85012,52.206811]}},{"type":"Feature","properties":{"id":"s2369","name":"Blizne Łaszczyńskiego","bus":1,"tram":0,"rail":0,"n":4,"imp":0.061,"node":1,"deg":3,"term":0,"major":0},"geometry":{"type":"Point","coordinates":[20.900457,52.229474]}},{"type":"Feature","properties":{"id":"s2370","name":"Blizne Jasińskiego","bus":1,"tram":0,"rail":0,"n":1,"imp":0.027,"node":0,"deg":2,"term":0,"major":0},"geometry":{"type":"Point","coordinates":[20.896135,52.229474]}},{"type":"Feature","properties":{"id":"s2371","name":"Lubiczów","bus":1,"tram":0,"rail":0,"n":1,"imp":0.027,"node":0,"deg":2,"term":0,"major":0},"geometry":{"type":"Point","coordinates":[20.891813,52.229474]}},{"type":"Feature","properties":{"id":"s2372","name":"Latchorzew","bus":1,"tram":0,"rail":0,"n":1,"imp":0.027,"node":0,"deg":2,"term":0,"major":0},"geometry":{"type":"Point","coordinates":[20.887491,52.229474]}},{"type":"Feature","properties":{"id":"s2373","name":"Ołtarzew Poznańska","bus":1,"tram":0,"rail":0,"n":2,"imp":0.045,"node":1,"deg":3,"term":0,"major":0},"geometry":{"type":"Point","coordinates":[20.851147,52.206811]}},{"type":"Feature","properties":{"id":"s2374","name":"Zagłoby","bus":1,"tram":0,"rail":0,"n":4,"imp":0.051,"node":0,"deg":2,"term":0,"major":0},"geometry":{"type":"Point","coordinates":[20.894293,52.231992]}},{"type":"Feature","properties":{"id":"s2375","name":"Osmańczyka","bus":1,"tram":0,"rail":0,"n":1,"imp":0.027,"node":0,"deg":2,"term":0,"major":0},"geometry":{"type":"Point","coordinates":[20.930248,52.238917]}},{"type":"Feature","properties":{"id":"s2376","name":"Os. Olszyny","bus":1,"tram":0,"rail":0,"n":1,"imp":0.037,"node":1,"deg":3,"term":0,"major":0},"geometry":{"type":"Point","coordinates":[20.931275,52.238288]}},{"type":"Feature","properties":{"id":"s2377","name":"Hala Sportowa Bemowo","bus":1,"tram":0,"rail":0,"n":2,"imp":0.045,"node":1,"deg":3,"term":0,"major":0},"geometry":{"type":"Point","coordinates":[20.93333,52.237028]}},{"type":"Feature","properties":{"id":"s2378","name":"Os. Leśne","bus":1,"tram":0,"rail":0,"n":2,"imp":0.035,"node":0,"deg":2,"term":0,"major":0},"geometry":{"type":"Point","coordinates":[20.9347,52.236189]}},{"type":"Feature","properties":{"id":"s2379","name":"Księcia Bolesława","bus":1,"tram":0,"rail":0,"n":2,"imp":0.035,"node":0,"deg":2,"term":0,"major":0},"geometry":{"type":"Point","coordinates":[20.93607,52.23535]}},{"type":"Feature","properties":{"id":"s2380","name":"Nowolipie","bus":1,"tram":0,"rail":0,"n":6,"imp":0.087,"node":1,"deg":4,"term":0,"major":0},"geometry":{"type":"Point","coordinates":[20.966203,52.228215]}},{"type":"Feature","properties":{"id":"s2381","name":"Smocza","bus":1,"tram":0,"rail":0,"n":6,"imp":0.087,"node":1,"deg":4,"term":0,"major":0},"geometry":{"type":"Point","coordinates":[20.966203,52.230733]}},{"type":"Feature","properties":{"id":"s2382","name":"Miła","bus":1,"tram":0,"rail":0,"n":1,"imp":0.027,"node":0,"deg":2,"term":0,"major":0},"geometry":{"type":"Point","coordinates":[20.966203,52.231363]}},{"type":"Feature","properties":{"id":"s2383","name":"Esperanto","bus":1,"tram":0,"rail":0,"n":6,"imp":0.13,"node":1,"deg":6,"term":1,"major":1},"geometry":{"type":"Point","coordinates":[20.964149,52.229474]}},{"type":"Feature","properties":{"id":"s2384","name":"Powązki - IV Brama","bus":1,"tram":0,"rail":1,"n":6,"imp":0.093,"node":1,"deg":3,"term":0,"major":0},"geometry":{"type":"Point","coordinates":[20.957985,52.23451]}},{"type":"Feature","properties":{"id":"s2385","name":"Powązkowska","bus":1,"tram":1,"rail":1,"n":9,"imp":0.127,"node":1,"deg":4,"term":0,"major":1},"geometry":{"type":"Point","coordinates":[20.962094,52.233251]}},{"type":"Feature","properties":{"id":"s2386","name":"Pirenejska","bus":1,"tram":0,"rail":0,"n":2,"imp":0.035,"node":0,"deg":2,"term":0,"major":0},"geometry":{"type":"Point","coordinates":[20.919674,52.237474]}},{"type":"Feature","properties":{"id":"s2387","name":"Nowe Bemowo","bus":1,"tram":1,"rail":0,"n":13,"imp":0.212,"node":1,"deg":2,"term":1,"major":1},"geometry":{"type":"Point","coordinates":[20.925112,52.239547]}},{"type":"Feature","properties":{"id":"s2388","name":"Fort Radiowo","bus":1,"tram":0,"rail":0,"n":1,"imp":0.03,"node":1,"deg":1,"term":1,"major":0},"geometry":{"type":"Point","coordinates":[20.906621,52.240806]}},{"type":"Feature","properties":{"id":"s2389","name":"Kocjana","bus":1,"tram":1,"rail":0,"n":6,"imp":0.093,"node":1,"deg":3,"term":0,"major":0},"geometry":{"type":"Point","coordinates":[20.908675,52.23451]}},{"type":"Feature","properties":{"id":"s2390","name":"Ogrody Działkowe Piaski","bus":1,"tram":0,"rail":0,"n":1,"imp":0.037,"node":1,"deg":3,"term":0,"major":0},"geometry":{"type":"Point","coordinates":[20.935385,52.238288]}},{"type":"Feature","properties":{"id":"s2391","name":"Fort Bema","bus":1,"tram":0,"rail":0,"n":1,"imp":0.027,"node":0,"deg":2,"term":0,"major":0},"geometry":{"type":"Point","coordinates":[20.934357,52.237658]}},{"type":"Feature","properties":{"id":"s2392","name":"Bellottiego","bus":1,"tram":0,"rail":0,"n":1,"imp":0.027,"node":0,"deg":2,"term":0,"major":0},"geometry":{"type":"Point","coordinates":[20.965176,52.228845]}},{"type":"Feature","properties":{"id":"s2393","name":"Wolica k. Płochocina","bus":1,"tram":0,"rail":0,"n":1,"imp":0.03,"node":1,"deg":1,"term":1,"major":0},"geometry":{"type":"Point","coordinates":[20.838819,52.199257]}},{"type":"Feature","properties":{"id":"s2394","name":"Szeligi Jesionowa","bus":1,"tram":0,"rail":0,"n":1,"imp":0.037,"node":1,"deg":3,"term":0,"major":0},"geometry":{"type":"Point","coordinates":[20.888129,52.22192]}},{"type":"Feature","properties":{"id":"s2395","name":"Szeligi Kalinowa Droga","bus":1,"tram":0,"rail":0,"n":1,"imp":0.027,"node":0,"deg":2,"term":0,"major":0},"geometry":{"type":"Point","coordinates":[20.885047,52.220031]}},{"type":"Feature","properties":{"id":"s2396","name":"Macierzysz Sochaczewska","bus":1,"tram":0,"rail":0,"n":1,"imp":0.037,"node":1,"deg":3,"term":0,"major":0},"geometry":{"type":"Point","coordinates":[20.881966,52.218143]}},{"type":"Feature","properties":{"id":"s2397","name":"Macierzysz Szkolna","bus":1,"tram":0,"rail":0,"n":1,"imp":0.027,"node":0,"deg":2,"term":0,"major":0},"geometry":{"type":"Point","coordinates":[20.878884,52.218143]}},{"type":"Feature","properties":{"id":"s2398","name":"Kaputy Arena Ożarów","bus":1,"tram":0,"rail":0,"n":1,"imp":0.027,"node":0,"deg":2,"term":0,"major":0},"geometry":{"type":"Point","coordinates":[20.860187,52.215625]}},{"type":"Feature","properties":{"id":"s2399","name":"Kaputy","bus":1,"tram":0,"rail":0,"n":1,"imp":0.027,"node":0,"deg":2,"term":0,"major":0},"geometry":{"type":"Point","coordinates":[20.858543,52.215625]}},{"type":"Feature","properties":{"id":"s2400","name":"Kaputy Willowa Aleja","bus":1,"tram":0,"rail":0,"n":1,"imp":0.037,"node":1,"deg":3,"term":0,"major":0},"geometry":{"type":"Point","coordinates":[20.855256,52.215625]}},{"type":"Feature","properties":{"id":"s2401","name":"Umiastów","bus":1,"tram":0,"rail":0,"n":1,"imp":0.027,"node":0,"deg":2,"term":0,"major":0},"geometry":{"type":"Point","coordinates":[20.853201,52.215625]}},{"type":"Feature","properties":{"id":"s2402","name":"Pogroszew","bus":1,"tram":0,"rail":0,"n":1,"imp":0.027,"node":0,"deg":2,"term":0,"major":0},"geometry":{"type":"Point","coordinates":[20.851147,52.215625]}},{"type":"Feature","properties":{"id":"s2403","name":"Pogroszew Kolonia","bus":1,"tram":0,"rail":0,"n":1,"imp":0.037,"node":1,"deg":3,"term":0,"major":0},"geometry":{"type":"Point","coordinates":[20.847038,52.215625]}},{"type":"Feature","properties":{"id":"s2404","name":"Pogroszew Kolonia","bus":1,"tram":0,"rail":0,"n":1,"imp":0.018,"node":1,"deg":1,"term":0,"major":0},"geometry":{"type":"Point","coordinates":[20.840874,52.215625]}},{"type":"Feature","properties":{"id":"s2405","name":"Pilaszków","bus":1,"tram":0,"rail":0,"n":2,"imp":0.054,"node":1,"deg":4,"term":0,"major":0},"geometry":{"type":"Point","coordinates":[20.838819,52.214366]}},{"type":"Feature","properties":{"id":"s2406","name":"Święcice Łaźniewska","bus":1,"tram":0,"rail":0,"n":2,"imp":0.035,"node":0,"deg":2,"term":0,"major":0},"geometry":{"type":"Point","coordinates":[20.840874,52.212195]}},{"type":"Feature","properties":{"id":"s2407","name":"Święcice Zaborowska","bus":1,"tram":0,"rail":0,"n":2,"imp":0.035,"node":0,"deg":2,"term":0,"major":0},"geometry":{"type":"Point","coordinates":[20.840874,52.209503]}},{"type":"Feature","properties":{"id":"s2408","name":"Święcice Źródlana","bus":1,"tram":0,"rail":0,"n":3,"imp":0.082,"node":1,"deg":6,"term":0,"major":0},"geometry":{"type":"Point","coordinates":[20.840874,52.206811]}},{"type":"Feature","properties":{"id":"s2409","name":"Płochocin Święcicka","bus":1,"tram":0,"rail":0,"n":3,"imp":0.082,"node":1,"deg":6,"term":0,"major":0},"geometry":{"type":"Point","coordinates":[20.838819,52.203034]}},{"type":"Feature","properties":{"id":"s2410","name":"Myszczyn","bus":1,"tram":0,"rail":0,"n":1,"imp":0.027,"node":0,"deg":2,"term":0,"major":0},"geometry":{"type":"Point","coordinates":[20.843354,52.214366]}},{"type":"Feature","properties":{"id":"s2411","name":"Ożarów Mazowiecki Poniatowskiego","bus":1,"tram":0,"rail":0,"n":2,"imp":0.045,"node":1,"deg":3,"term":0,"major":0},"geometry":{"type":"Point","coordinates":[20.86142,52.20807]}},{"type":"Feature","properties":{"id":"s2412","name":"Ożarów Mazowiecki Obrońców Warszawy","bus":1,"tram":0,"rail":0,"n":2,"imp":0.045,"node":1,"deg":3,"term":0,"major":0},"geometry":{"type":"Point","coordinates":[20.86142,52.210588]}},{"type":"Feature","properties":{"id":"s2413","name":"Ożarów Mazowiecki Kossaka","bus":1,"tram":0,"rail":0,"n":2,"imp":0.035,"node":0,"deg":2,"term":0,"major":0},"geometry":{"type":"Point","coordinates":[20.863474,52.213772]}},{"type":"Feature","properties":{"id":"s2414","name":"Krańcowa","bus":1,"tram":0,"rail":0,"n":1,"imp":0.027,"node":0,"deg":2,"term":0,"major":0},"geometry":{"type":"Point","coordinates":[20.886075,52.209749]}},{"type":"Feature","properties":{"id":"s2415","name":"Ożarów Mazowiecki Robotnicza","bus":1,"tram":0,"rail":0,"n":2,"imp":0.035,"node":0,"deg":2,"term":0,"major":0},"geometry":{"type":"Point","coordinates":[20.863474,52.21192]}},{"type":"Feature","properties":{"id":"s2416","name":"Strzykuły Orzechowa","bus":1,"tram":0,"rail":0,"n":2,"imp":0.035,"node":0,"deg":2,"term":0,"major":0},"geometry":{"type":"Point","coordinates":[20.87272,52.218143]}},{"type":"Feature","properties":{"id":"s2417","name":"Lazurowa","bus":1,"tram":0,"rail":0,"n":9,"imp":0.123,"node":1,"deg":4,"term":1,"major":1},"geometry":{"type":"Point","coordinates":[20.900457,52.214366]}},{"type":"Feature","properties":{"id":"s2418","name":"Wronia","bus":1,"tram":0,"rail":0,"n":1,"imp":0.027,"node":0,"deg":2,"term":0,"major":0},"geometry":{"type":"Point","coordinates":[20.969285,52.224438]}},{"type":"Feature","properties":{"id":"s2419","name":"Grodkowska","bus":1,"tram":0,"rail":0,"n":4,"imp":0.051,"node":0,"deg":2,"term":0,"major":0},"geometry":{"type":"Point","coordinates":[20.927166,52.231992]}},{"type":"Feature","properties":{"id":"s2420","name":"Pogroszew Rataja","bus":1,"tram":0,"rail":0,"n":1,"imp":0.027,"node":0,"deg":2,"term":0,"major":0},"geometry":{"type":"Point","coordinates":[20.849092,52.215625]}},{"type":"Feature","properties":{"id":"s2421","name":"Ożarów Mazowiecki Partyzantów","bus":1,"tram":0,"rail":0,"n":1,"imp":0.027,"node":0,"deg":2,"term":0,"major":0},"geometry":{"type":"Point","coordinates":[20.863474,52.210035]}},{"type":"Feature","properties":{"id":"s2422","name":"Koprki Jaśminowa","bus":1,"tram":0,"rail":0,"n":1,"imp":0.027,"node":0,"deg":2,"term":0,"major":0},"geometry":{"type":"Point","coordinates":[20.844983,52.20807]}},{"type":"Feature","properties":{"id":"s2423","name":"Chrzanów","bus":1,"tram":0,"rail":0,"n":2,"imp":0.035,"node":0,"deg":2,"term":0,"major":0},"geometry":{"type":"Point","coordinates":[20.898828,52.22192]}},{"type":"Feature","properties":{"id":"s2424","name":"Gizów","bus":1,"tram":0,"rail":0,"n":1,"imp":0.027,"node":0,"deg":2,"term":0,"major":0},"geometry":{"type":"Point","coordinates":[20.944566,52.22251]}},{"type":"Feature","properties":{"id":"s2425","name":"Goleszowska","bus":1,"tram":0,"rail":0,"n":1,"imp":0.027,"node":0,"deg":2,"term":0,"major":0},"geometry":{"type":"Point","coordinates":[20.940515,52.22192]}},{"type":"Feature","properties":{"id":"s2426","name":"Jana Kazimierza","bus":1,"tram":0,"rail":0,"n":1,"imp":0.027,"node":0,"deg":2,"term":0,"major":0},"geometry":{"type":"Point","coordinates":[20.936065,52.22192]}},{"type":"Feature","properties":{"id":"s2427","name":"Hubalczyków","bus":1,"tram":0,"rail":0,"n":1,"imp":0.027,"node":0,"deg":2,"term":0,"major":0},"geometry":{"type":"Point","coordinates":[20.931616,52.22192]}},{"type":"Feature","properties":{"id":"s2428","name":"Coopera - Przychodnia","bus":1,"tram":0,"rail":0,"n":1,"imp":0.03,"node":1,"deg":1,"term":1,"major":0},"geometry":{"type":"Point","coordinates":[20.900457,52.226956]}},{"type":"Feature","properties":{"id":"s2429","name":"Coopera","bus":1,"tram":0,"rail":0,"n":1,"imp":0.027,"node":0,"deg":2,"term":0,"major":0},"geometry":{"type":"Point","coordinates":[20.901484,52.226327]}},{"type":"Feature","properties":{"id":"s2430","name":"Umiastów Umiastowska - Cmentarz","bus":1,"tram":0,"rail":0,"n":1,"imp":0.037,"node":1,"deg":3,"term":0,"major":0},"geometry":{"type":"Point","coordinates":[20.855256,52.213107]}},{"type":"Feature","properties":{"id":"s2431","name":"Powązki - VI Brama","bus":1,"tram":0,"rail":1,"n":3,"imp":0.059,"node":0,"deg":2,"term":0,"major":0},"geometry":{"type":"Point","coordinates":[20.954561,52.233671]}},{"type":"Feature","properties":{"id":"s2432","name":"Kaputy Zachodzącego Słońca","bus":1,"tram":0,"rail":0,"n":2,"imp":0.054,"node":1,"deg":4,"term":0,"major":0},"geometry":{"type":"Point","coordinates":[20.863474,52.215625]}},{"type":"Feature","properties":{"id":"s2433","name":"Kaputy Żyzna","bus":1,"tram":0,"rail":0,"n":1,"imp":0.027,"node":0,"deg":2,"term":0,"major":0},"geometry":{"type":"Point","coordinates":[20.8569,52.215625]}},{"type":"Feature","properties":{"id":"s2434","name":"Zachodzącego Słońca","bus":1,"tram":0,"rail":0,"n":2,"imp":0.035,"node":0,"deg":2,"term":0,"major":0},"geometry":{"type":"Point","coordinates":[20.925395,52.238288]}},{"type":"Feature","properties":{"id":"s2435","name":"Strzykuły Rondo „Grupy Kampinos” AK","bus":1,"tram":0,"rail":0,"n":1,"imp":0.027,"node":0,"deg":2,"term":0,"major":0},"geometry":{"type":"Point","coordinates":[20.861831,52.215625]}},{"type":"Feature","properties":{"id":"s2436","name":"Szeligowska - Szkoła","bus":1,"tram":0,"rail":0,"n":2,"imp":0.045,"node":1,"deg":3,"term":0,"major":0},"geometry":{"type":"Point","coordinates":[20.894293,52.22192]}},{"type":"Feature","properties":{"id":"s2437","name":"Jana Heweliusza","bus":1,"tram":0,"rail":0,"n":1,"imp":0.03,"node":1,"deg":1,"term":1,"major":0},"geometry":{"type":"Point","coordinates":[20.894293,52.218143]}},{"type":"Feature","properties":{"id":"s2438","name":"Ożarów Mazowiecki Niepodległości","bus":1,"tram":0,"rail":0,"n":1,"imp":0.027,"node":0,"deg":2,"term":0,"major":0},"geometry":{"type":"Point","coordinates":[20.866556,52.212477]}},{"type":"Feature","properties":{"id":"s2439","name":"Ożarów Mazowiecki Kilińskiego","bus":1,"tram":0,"rail":0,"n":2,"imp":0.067,"node":1,"deg":4,"term":1,"major":0},"geometry":{"type":"Point","coordinates":[20.855256,52.20807]}},{"type":"Feature","properties":{"id":"s2440","name":"Wieruchów","bus":1,"tram":0,"rail":0,"n":2,"imp":0.054,"node":1,"deg":4,"term":0,"major":0},"geometry":{"type":"Point","coordinates":[20.875802,52.218143]}},{"type":"Feature","properties":{"id":"s2441","name":"Strzykuły","bus":1,"tram":0,"rail":0,"n":3,"imp":0.072,"node":1,"deg":5,"term":0,"major":0},"geometry":{"type":"Point","coordinates":[20.869638,52.218143]}},{"type":"Feature","properties":{"id":"s2442","name":"Piotrkówek Mały","bus":1,"tram":0,"rail":0,"n":1,"imp":0.027,"node":0,"deg":2,"term":0,"major":0},"geometry":{"type":"Point","coordinates":[20.869638,52.214919]}},{"type":"Feature","properties":{"id":"s2443","name":"Warszawa Zachodnia (Peron 9)","bus":1,"tram":0,"rail":1,"n":3,"imp":0.091,"node":1,"deg":4,"term":1,"major":0},"geometry":{"type":"Point","coordinates":[20.957985,52.220661]}},{"type":"Feature","properties":{"id":"s2444","name":"Warszawa Wola","bus":0,"tram":0,"rail":1,"n":2,"imp":0.035,"node":0,"deg":2,"term":0,"major":0},"geometry":{"type":"Point","coordinates":[20.957985,52.223885]}},{"type":"Feature","properties":{"id":"s2445","name":"Warszawa Młynów","bus":0,"tram":0,"rail":1,"n":2,"imp":0.035,"node":0,"deg":2,"term":0,"major":0},"geometry":{"type":"Point","coordinates":[20.954903,52.226327]}},{"type":"Feature","properties":{"id":"s2446","name":"Warszawa Koło","bus":0,"tram":0,"rail":1,"n":2,"imp":0.035,"node":0,"deg":2,"term":0,"major":0},"geometry":{"type":"Point","coordinates":[20.951821,52.228768]}},{"type":"Feature","properties":{"id":"s2447","name":"Warszawa Powązki","bus":0,"tram":0,"rail":1,"n":2,"imp":0.035,"node":0,"deg":2,"term":0,"major":0},"geometry":{"type":"Point","coordinates":[20.956958,52.23451]}},{"type":"Feature","properties":{"id":"s2448","name":"Gen. Zajączka","bus":1,"tram":1,"rail":1,"n":8,"imp":0.099,"node":0,"deg":2,"term":0,"major":1},"geometry":{"type":"Point","coordinates":[20.966203,52.237028]}},{"type":"Feature","properties":{"id":"s2449","name":"Pl. Inwalidów","bus":1,"tram":1,"rail":1,"n":8,"imp":0.099,"node":0,"deg":2,"term":0,"major":1},"geometry":{"type":"Point","coordinates":[20.964149,52.238288]}},{"type":"Feature","properties":{"id":"s2450","name":"Pl. Wilsona","bus":1,"tram":1,"rail":1,"n":15,"imp":0.218,"node":1,"deg":6,"term":1,"major":1},"geometry":{"type":"Point","coordinates":[20.962094,52.239547]}},{"type":"Feature","properties":{"id":"s2451","name":"Teatr Komedia","bus":1,"tram":1,"rail":0,"n":4,"imp":0.067,"node":0,"deg":2,"term":0,"major":0},"geometry":{"type":"Point","coordinates":[20.958411,52.240806]}},{"type":"Feature","properties":{"id":"s2452","name":"Metro Marymont","bus":1,"tram":1,"rail":1,"n":17,"imp":0.337,"node":1,"deg":8,"term":1,"major":1},"geometry":{"type":"Point","coordinates":[20.953876,52.240806]}},{"type":"Feature","properties":{"id":"s2453","name":"Metro Słodowiec","bus":1,"tram":1,"rail":1,"n":10,"imp":0.175,"node":1,"deg":7,"term":1,"major":1},"geometry":{"type":"Point","coordinates":[20.949767,52.243324]}},{"type":"Feature","properties":{"id":"s2454","name":"Podleśna - IMGW","bus":1,"tram":1,"rail":0,"n":7,"imp":0.111,"node":1,"deg":4,"term":0,"major":1},"geometry":{"type":"Point","coordinates":[20.947712,52.244583]}},{"type":"Feature","properties":{"id":"s2455","name":"AWF","bus":1,"tram":1,"rail":0,"n":8,"imp":0.119,"node":1,"deg":4,"term":0,"major":1},"geometry":{"type":"Point","coordinates":[20.945658,52.245842]}},{"type":"Feature","properties":{"id":"s2456","name":"Twardowska","bus":1,"tram":0,"rail":0,"n":5,"imp":0.059,"node":0,"deg":2,"term":0,"major":0},"geometry":{"type":"Point","coordinates":[20.94463,52.246471]}},{"type":"Feature","properties":{"id":"s2457","name":"Szpital Bielański","bus":1,"tram":1,"rail":0,"n":7,"imp":0.101,"node":1,"deg":3,"term":0,"major":1},"geometry":{"type":"Point","coordinates":[20.943603,52.247101]}},{"type":"Feature","properties":{"id":"s2458","name":"UKSW","bus":1,"tram":1,"rail":0,"n":7,"imp":0.101,"node":1,"deg":3,"term":0,"major":1},"geometry":{"type":"Point","coordinates":[20.939494,52.245842]}},{"type":"Feature","properties":{"id":"s2459","name":"Las Bielański","bus":1,"tram":0,"rail":0,"n":5,"imp":0.059,"node":0,"deg":2,"term":0,"major":0},"geometry":{"type":"Point","coordinates":[20.938467,52.246471]}},{"type":"Feature","properties":{"id":"s2460","name":"Przy Agorze","bus":1,"tram":1,"rail":0,"n":9,"imp":0.127,"node":1,"deg":4,"term":0,"major":1},"geometry":{"type":"Point","coordinates":[20.937439,52.247101]}},{"type":"Feature","properties":{"id":"s2461","name":"Cm. Włoski","bus":1,"tram":1,"rail":0,"n":6,"imp":0.103,"node":1,"deg":4,"term":0,"major":1},"geometry":{"type":"Point","coordinates":[20.937439,52.249619]}},{"type":"Feature","properties":{"id":"s2462","name":"Prozy","bus":1,"tram":0,"rail":0,"n":12,"imp":0.18,"node":1,"deg":5,"term":1,"major":1},"geometry":{"type":"Point","coordinates":[20.937439,52.250878]}},{"type":"Feature","properties":{"id":"s2463","name":"Muzealna","bus":1,"tram":0,"rail":0,"n":10,"imp":0.099,"node":0,"deg":2,"term":0,"major":1},"geometry":{"type":"Point","coordinates":[20.934357,52.250878]}},{"type":"Feature","properties":{"id":"s2464","name":"Dzierżoniowska","bus":1,"tram":0,"rail":0,"n":10,"imp":0.109,"node":1,"deg":3,"term":0,"major":1},"geometry":{"type":"Point","coordinates":[20.931275,52.250878]}},{"type":"Feature","properties":{"id":"s2465","name":"Park Młociński","bus":1,"tram":0,"rail":0,"n":7,"imp":0.095,"node":1,"deg":4,"term":0,"major":0},"geometry":{"type":"Point","coordinates":[20.927166,52.253396]}},{"type":"Feature","properties":{"id":"s2466","name":"Perzyńskiego","bus":1,"tram":0,"rail":0,"n":7,"imp":0.085,"node":1,"deg":3,"term":0,"major":0},"geometry":{"type":"Point","coordinates":[20.943603,52.243324]}},{"type":"Feature","properties":{"id":"s2467","name":"Bielany - Ratusz","bus":1,"tram":0,"rail":0,"n":8,"imp":0.112,"node":1,"deg":5,"term":0,"major":1},"geometry":{"type":"Point","coordinates":[20.941548,52.243324]}},{"type":"Feature","properties":{"id":"s2468","name":"Przybyszewskiego","bus":1,"tram":0,"rail":0,"n":6,"imp":0.067,"node":0,"deg":2,"term":0,"major":0},"geometry":{"type":"Point","coordinates":[20.938041,52.243324]}},{"type":"Feature","properties":{"id":"s2469","name":"Andersena","bus":1,"tram":0,"rail":0,"n":11,"imp":0.136,"node":1,"deg":5,"term":0,"major":1},"geometry":{"type":"Point","coordinates":[20.935385,52.244583]}},{"type":"Feature","properties":{"id":"s2470","name":"Aspekt","bus":1,"tram":1,"rail":0,"n":8,"imp":0.109,"node":1,"deg":3,"term":0,"major":1},"geometry":{"type":"Point","coordinates":[20.931275,52.244583]}},{"type":"Feature","properties":{"id":"s2471","name":"Cm. Wawrzyszewski","bus":1,"tram":1,"rail":0,"n":8,"imp":0.099,"node":0,"deg":2,"term":0,"major":1},"geometry":{"type":"Point","coordinates":[20.929221,52.244583]}},{"type":"Feature","properties":{"id":"s2472","name":"Bogusławskiego","bus":1,"tram":1,"rail":0,"n":15,"imp":0.184,"node":1,"deg":5,"term":0,"major":1},"geometry":{"type":"Point","coordinates":[20.927166,52.244583]}},{"type":"Feature","properties":{"id":"s2473","name":"Popiela","bus":1,"tram":1,"rail":0,"n":10,"imp":0.135,"node":1,"deg":4,"term":0,"major":1},"geometry":{"type":"Point","coordinates":[20.925112,52.245842]}},{"type":"Feature","properties":{"id":"s2474","name":"Tytułowa","bus":1,"tram":0,"rail":0,"n":6,"imp":0.077,"node":1,"deg":3,"term":0,"major":0},"geometry":{"type":"Point","coordinates":[20.921003,52.245842]}},{"type":"Feature","properties":{"id":"s2475","name":"Chabrowa","bus":1,"tram":0,"rail":0,"n":5,"imp":0.059,"node":0,"deg":2,"term":0,"major":0},"geometry":{"type":"Point","coordinates":[20.918396,52.244583]}},{"type":"Feature","properties":{"id":"s2476","name":"Księżycowa","bus":1,"tram":0,"rail":0,"n":5,"imp":0.059,"node":0,"deg":2,"term":0,"major":0},"geometry":{"type":"Point","coordinates":[20.914939,52.244583]}},{"type":"Feature","properties":{"id":"s2477","name":"Radiowo","bus":1,"tram":0,"rail":0,"n":5,"imp":0.059,"node":0,"deg":2,"term":0,"major":0},"geometry":{"type":"Point","coordinates":[20.911481,52.244583]}},{"type":"Feature","properties":{"id":"s2478","name":"Radiowo - Bocznica","bus":1,"tram":0,"rail":0,"n":5,"imp":0.059,"node":0,"deg":2,"term":0,"major":0},"geometry":{"type":"Point","coordinates":[20.908023,52.244583]}},{"type":"Feature","properties":{"id":"s2479","name":"Mościska","bus":1,"tram":0,"rail":0,"n":5,"imp":0.079,"node":1,"deg":4,"term":0,"major":0},"geometry":{"type":"Point","coordinates":[20.904566,52.244583]}},{"type":"Feature","properties":{"id":"s2480","name":"Akcent","bus":1,"tram":0,"rail":0,"n":3,"imp":0.043,"node":0,"deg":2,"term":0,"major":0},"geometry":{"type":"Point","coordinates":[20.905593,52.24773]}},{"type":"Feature","properties":{"id":"s2481","name":"Estrady","bus":1,"tram":0,"rail":0,"n":5,"imp":0.079,"node":1,"deg":4,"term":0,"major":0},"geometry":{"type":"Point","coordinates":[20.906621,52.24836]}},{"type":"Feature","properties":{"id":"s2482","name":"Wólka Węglowa","bus":1,"tram":0,"rail":0,"n":5,"imp":0.079,"node":1,"deg":4,"term":0,"major":0},"geometry":{"type":"Point","coordinates":[20.908675,52.249619]}},{"type":"Feature","properties":{"id":"s2483","name":"Trenów - Las","bus":1,"tram":0,"rail":0,"n":3,"imp":0.053,"node":1,"deg":3,"term":0,"major":0},"geometry":{"type":"Point","coordinates":[20.91073,52.252137]}},{"type":"Feature","properties":{"id":"s2484","name":"Łomianki Kampinoska","bus":1,"tram":0,"rail":0,"n":3,"imp":0.043,"node":0,"deg":2,"term":0,"major":0},"geometry":{"type":"Point","coordinates":[20.91073,52.252976]}},{"type":"Feature","properties":{"id":"s2485","name":"Pl. Grunwaldzki","bus":1,"tram":1,"rail":0,"n":10,"imp":0.154,"node":1,"deg":6,"term":0,"major":1},"geometry":{"type":"Point","coordinates":[20.96004,52.237028]}},{"type":"Feature","properties":{"id":"s2486","name":"Sady Żoliborskie","bus":1,"tram":1,"rail":0,"n":9,"imp":0.127,"node":1,"deg":4,"term":0,"major":1},"geometry":{"type":"Point","coordinates":[20.953876,52.239547]}},{"type":"Feature","properties":{"id":"s2487","name":"Włościańska","bus":1,"tram":1,"rail":0,"n":8,"imp":0.109,"node":1,"deg":3,"term":0,"major":1},"geometry":{"type":"Point","coordinates":[20.949767,52.239547]}},{"type":"Feature","properties":{"id":"s2488","name":"Park Olszyna","bus":1,"tram":1,"rail":0,"n":10,"imp":0.144,"node":1,"deg":5,"term":0,"major":1},"geometry":{"type":"Point","coordinates":[20.947712,52.240806]}},{"type":"Feature","properties":{"id":"s2489","name":"Romaszewskiego","bus":1,"tram":1,"rail":0,"n":8,"imp":0.119,"node":1,"deg":4,"term":0,"major":1},"geometry":{"type":"Point","coordinates":[20.943603,52.239547]}},{"type":"Feature","properties":{"id":"s2490","name":"Rudnickiego","bus":1,"tram":0,"rail":0,"n":4,"imp":0.061,"node":1,"deg":3,"term":0,"major":0},"geometry":{"type":"Point","coordinates":[20.945658,52.240806]}},{"type":"Feature","properties":{"id":"s2491","name":"Piaski","bus":1,"tram":1,"rail":0,"n":8,"imp":0.15,"node":1,"deg":6,"term":1,"major":1},"geometry":{"type":"Point","coordinates":[20.939494,52.242065]}},{"type":"Feature","properties":{"id":"s2492","name":"Al. Reymonta","bus":1,"tram":1,"rail":0,"n":12,"imp":0.151,"node":1,"deg":4,"term":0,"major":1},"geometry":{"type":"Point","coordinates":[20.935385,52.243324]}},{"type":"Feature","properties":{"id":"s2493","name":"Conrada","bus":1,"tram":1,"rail":0,"n":13,"imp":0.168,"node":1,"deg":5,"term":0,"major":1},"geometry":{"type":"Point","coordinates":[20.93333,52.242065]}},{"type":"Feature","properties":{"id":"s2494","name":"Chomiczówka","bus":1,"tram":0,"rail":0,"n":8,"imp":0.141,"node":1,"deg":3,"term":1,"major":1},"geometry":{"type":"Point","coordinates":[20.925112,52.242065]}},{"type":"Feature","properties":{"id":"s2495","name":"Kwitnąca","bus":1,"tram":0,"rail":0,"n":8,"imp":0.093,"node":1,"deg":3,"term":0,"major":0},"geometry":{"type":"Point","coordinates":[20.925112,52.243324]}},{"type":"Feature","properties":{"id":"s2496","name":"Tołstoja","bus":1,"tram":0,"rail":0,"n":6,"imp":0.067,"node":0,"deg":2,"term":0,"major":0},"geometry":{"type":"Point","coordinates":[20.929221,52.245842]}},{"type":"Feature","properties":{"id":"s2497","name":"Podczaszyńskiego","bus":1,"tram":0,"rail":0,"n":1,"imp":0.027,"node":0,"deg":2,"term":0,"major":0},"geometry":{"type":"Point","coordinates":[20.946083,52.244583]}},{"type":"Feature","properties":{"id":"s2498","name":"Metro Stare Bielany","bus":1,"tram":0,"rail":1,"n":5,"imp":0.123,"node":1,"deg":7,"term":0,"major":1},"geometry":{"type":"Point","coordinates":[20.941548,52.244583]}},{"type":"Feature","properties":{"id":"s2499","name":"Widokowa","bus":1,"tram":0,"rail":0,"n":2,"imp":0.045,"node":1,"deg":3,"term":0,"major":0},"geometry":{"type":"Point","coordinates":[20.91073,52.250878]}},{"type":"Feature","properties":{"id":"s2500","name":"Oczapowskiego","bus":1,"tram":0,"rail":0,"n":1,"imp":0.027,"node":0,"deg":2,"term":0,"major":0},"geometry":{"type":"Point","coordinates":[20.938041,52.244583]}},{"type":"Feature","properties":{"id":"s2501","name":"Metro Wawrzyszew","bus":1,"tram":0,"rail":1,"n":5,"imp":0.104,"node":1,"deg":5,"term":0,"major":1},"geometry":{"type":"Point","coordinates":[20.935385,52.245842]}},{"type":"Feature","properties":{"id":"s2502","name":"Sokratesa","bus":1,"tram":0,"rail":0,"n":14,"imp":0.151,"node":1,"deg":4,"term":0,"major":1},"geometry":{"type":"Point","coordinates":[20.931275,52.247101]}},{"type":"Feature","properties":{"id":"s2503","name":"Nocznickiego","bus":0,"tram":1,"rail":0,"n":2,"imp":0.035,"node":0,"deg":2,"term":0,"major":0},"geometry":{"type":"Point","coordinates":[20.927166,52.247101]}},{"type":"Feature","properties":{"id":"s2504","name":"Metro Młociny","bus":1,"tram":1,"rail":1,"n":26,"imp":0.578,"node":1,"deg":8,"term":1,"major":1},"geometry":{"type":"Point","coordinates":[20.929221,52.24836]}},{"type":"Feature","properties":{"id":"s2505","name":"Zajezdnia Żoliborz","bus":1,"tram":1,"rail":0,"n":11,"imp":0.176,"node":1,"deg":5,"term":1,"major":1},"geometry":{"type":"Point","coordinates":[20.931275,52.249619]}},{"type":"Feature","properties":{"id":"s2506","name":"Tułowicka","bus":1,"tram":0,"rail":0,"n":2,"imp":0.035,"node":0,"deg":2,"term":0,"major":0},"geometry":{"type":"Point","coordinates":[20.921303,52.249803]}},{"type":"Feature","properties":{"id":"s2507","name":"Rokokowa","bus":1,"tram":0,"rail":0,"n":1,"imp":0.027,"node":0,"deg":2,"term":0,"major":0},"geometry":{"type":"Point","coordinates":[20.920181,52.246345]}},{"type":"Feature","properties":{"id":"s2508","name":"Wólczyńska - Bocznica","bus":1,"tram":0,"rail":0,"n":1,"imp":0.027,"node":0,"deg":2,"term":0,"major":0},"geometry":{"type":"Point","coordinates":[20.919359,52.246849]}},{"type":"Feature","properties":{"id":"s2509","name":"Opłotek","bus":1,"tram":0,"rail":0,"n":1,"imp":0.027,"node":0,"deg":2,"term":0,"major":0},"geometry":{"type":"Point","coordinates":[20.918537,52.247353]}},{"type":"Feature","properties":{"id":"s2510","name":"Palisadowa","bus":1,"tram":0,"rail":0,"n":1,"imp":0.027,"node":0,"deg":2,"term":0,"major":0},"geometry":{"type":"Point","coordinates":[20.917715,52.247856]}},{"type":"Feature","properties":{"id":"s2511","name":"Cm. Północny - Brama Gł.","bus":1,"tram":0,"rail":0,"n":4,"imp":0.085,"node":1,"deg":3,"term":1,"major":0},"geometry":{"type":"Point","coordinates":[20.916893,52.24836]}},{"type":"Feature","properties":{"id":"s2512","name":"Wrzeciono","bus":1,"tram":0,"rail":0,"n":6,"imp":0.067,"node":0,"deg":2,"term":0,"major":0},"geometry":{"type":"Point","coordinates":[20.934357,52.247101]}},{"type":"Feature","properties":{"id":"s2513","name":"Cm. Północny - Brama Płn.","bus":1,"tram":0,"rail":0,"n":3,"imp":0.043,"node":0,"deg":2,"term":0,"major":0},"geometry":{"type":"Point","coordinates":[20.917921,52.248989]}},{"type":"Feature","properties":{"id":"s2514","name":"Dankowicka","bus":1,"tram":0,"rail":0,"n":3,"imp":0.053,"node":1,"deg":3,"term":0,"major":0},"geometry":{"type":"Point","coordinates":[20.918948,52.249619]}},{"type":"Feature","properties":{"id":"s2515","name":"Żubrowa - UKSW","bus":1,"tram":0,"rail":0,"n":5,"imp":0.079,"node":1,"deg":4,"term":0,"major":0},"geometry":{"type":"Point","coordinates":[20.923057,52.250878]}},{"type":"Feature","properties":{"id":"s2516","name":"Anny Jagiellonki","bus":1,"tram":0,"rail":0,"n":5,"imp":0.059,"node":0,"deg":2,"term":0,"major":0},"geometry":{"type":"Point","coordinates":[20.927166,52.250878]}},{"type":"Feature","properties":{"id":"s2517","name":"Park Kaskada","bus":1,"tram":1,"rail":0,"n":18,"imp":0.199,"node":1,"deg":4,"term":0,"major":1},"geometry":{"type":"Point","coordinates":[20.951821,52.242065]}},{"type":"Feature","properties":{"id":"s2518","name":"Bohomolca","bus":1,"tram":1,"rail":0,"n":6,"imp":0.093,"node":1,"deg":3,"term":0,"major":0},"geometry":{"type":"Point","coordinates":[20.96004,52.240806]}},{"type":"Feature","properties":{"id":"s2519","name":"Marymont-Potok","bus":1,"tram":1,"rail":0,"n":6,"imp":0.105,"node":1,"deg":3,"term":1,"major":1},"geometry":{"type":"Point","coordinates":[20.957985,52.242065]}},{"type":"Feature","properties":{"id":"s2520","name":"Drohicka","bus":1,"tram":0,"rail":0,"n":1,"imp":0.037,"node":1,"deg":3,"term":0,"major":0},"geometry":{"type":"Point","coordinates":[20.96004,52.243324]}},{"type":"Feature","properties":{"id":"s2521","name":"Barszczewska","bus":1,"tram":0,"rail":0,"n":1,"imp":0.027,"node":0,"deg":2,"term":0,"major":0},"geometry":{"type":"Point","coordinates":[20.958499,52.244268]}},{"type":"Feature","properties":{"id":"s2522","name":"Tylżycka","bus":1,"tram":0,"rail":0,"n":1,"imp":0.027,"node":0,"deg":2,"term":0,"major":0},"geometry":{"type":"Point","coordinates":[20.956958,52.245212]}},{"type":"Feature","properties":{"id":"s2523","name":"Os. Ruda","bus":1,"tram":0,"rail":0,"n":1,"imp":0.027,"node":0,"deg":2,"term":0,"major":0},"geometry":{"type":"Point","coordinates":[20.955417,52.246157]}},{"type":"Feature","properties":{"id":"s2524","name":"Gwiaździsta","bus":1,"tram":0,"rail":0,"n":4,"imp":0.099,"node":1,"deg":2,"term":1,"major":1},"geometry":{"type":"Point","coordinates":[20.953876,52.247101]}},{"type":"Feature","properties":{"id":"s2525","name":"Most Grota-Roweckiego","bus":1,"tram":0,"rail":0,"n":1,"imp":0.037,"node":1,"deg":3,"term":0,"major":0},"geometry":{"type":"Point","coordinates":[20.962094,52.243324]}},{"type":"Feature","properties":{"id":"s2526","name":"Klaudyn Lutosławskiego","bus":1,"tram":0,"rail":0,"n":3,"imp":0.043,"node":0,"deg":2,"term":0,"major":0},"geometry":{"type":"Point","coordinates":[20.893608,52.239127]}},{"type":"Feature","properties":{"id":"s2527","name":"Lektykarska","bus":1,"tram":0,"rail":0,"n":4,"imp":0.051,"node":0,"deg":2,"term":0,"major":0},"geometry":{"type":"Point","coordinates":[20.950068,52.244767]}},{"type":"Feature","properties":{"id":"s2528","name":"Klaudyny","bus":1,"tram":0,"rail":0,"n":6,"imp":0.077,"node":1,"deg":3,"term":0,"major":0},"geometry":{"type":"Point","coordinates":[20.951821,52.245842]}},{"type":"Feature","properties":{"id":"s2529","name":"Magiera","bus":1,"tram":0,"rail":0,"n":2,"imp":0.054,"node":1,"deg":4,"term":0,"major":0},"geometry":{"type":"Point","coordinates":[20.943603,52.240806]}},{"type":"Feature","properties":{"id":"s2530","name":"Przasnyska","bus":1,"tram":0,"rail":0,"n":4,"imp":0.061,"node":1,"deg":3,"term":0,"major":0},"geometry":{"type":"Point","coordinates":[20.951821,52.238288]}},{"type":"Feature","properties":{"id":"s2531","name":"Rydygiera","bus":1,"tram":0,"rail":0,"n":1,"imp":0.037,"node":1,"deg":3,"term":0,"major":0},"geometry":{"type":"Point","coordinates":[20.95593,52.237028]}},{"type":"Feature","properties":{"id":"s2532","name":"PKP Powązki","bus":1,"tram":0,"rail":0,"n":5,"imp":0.079,"node":1,"deg":4,"term":0,"major":0},"geometry":{"type":"Point","coordinates":[20.95593,52.235769]}},{"type":"Feature","properties":{"id":"s2533","name":"Elbląska","bus":1,"tram":0,"rail":0,"n":7,"imp":0.095,"node":1,"deg":4,"term":0,"major":0},"geometry":{"type":"Point","coordinates":[20.949767,52.237028]}},{"type":"Feature","properties":{"id":"s2534","name":"Klaudyn Czajkowskiego","bus":1,"tram":0,"rail":0,"n":3,"imp":0.063,"node":1,"deg":4,"term":0,"major":0},"geometry":{"type":"Point","coordinates":[20.888129,52.238288]}},{"type":"Feature","properties":{"id":"s2535","name":"Powązki - Cm. Wojskowy","bus":1,"tram":0,"rail":0,"n":4,"imp":0.051,"node":0,"deg":2,"term":0,"major":0},"geometry":{"type":"Point","coordinates":[20.946685,52.237028]}},{"type":"Feature","properties":{"id":"s2536","name":"Ks. Popiełuszki","bus":1,"tram":1,"rail":0,"n":8,"imp":0.119,"node":1,"deg":4,"term":0,"major":1},"geometry":{"type":"Point","coordinates":[20.95593,52.239547]}},{"type":"Feature","properties":{"id":"s2537","name":"Cytadela","bus":1,"tram":0,"rail":0,"n":2,"imp":0.035,"node":0,"deg":2,"term":0,"major":0},"geometry":{"type":"Point","coordinates":[20.97134,52.237658]}},{"type":"Feature","properties":{"id":"s2538","name":"Centrum Olimpijskie","bus":1,"tram":0,"rail":0,"n":3,"imp":0.053,"node":1,"deg":3,"term":0,"major":0},"geometry":{"type":"Point","coordinates":[20.968258,52.239547]}},{"type":"Feature","properties":{"id":"s2539","name":"Schroegera","bus":1,"tram":0,"rail":0,"n":3,"imp":0.043,"node":0,"deg":2,"term":0,"major":0},"geometry":{"type":"Point","coordinates":[20.935385,52.245212]}},{"type":"Feature","properties":{"id":"s2540","name":"Suzina","bus":1,"tram":0,"rail":0,"n":4,"imp":0.061,"node":1,"deg":3,"term":0,"major":0},"geometry":{"type":"Point","coordinates":[20.96004,52.238288]}},{"type":"Feature","properties":{"id":"s2541","name":"Czarnieckiego","bus":1,"tram":0,"rail":0,"n":3,"imp":0.053,"node":1,"deg":3,"term":0,"major":0},"geometry":{"type":"Point","coordinates":[20.964149,52.239547]}},{"type":"Feature","properties":{"id":"s2542","name":"Cm. Północny - Brama Zach.","bus":1,"tram":0,"rail":0,"n":3,"imp":0.079,"node":1,"deg":2,"term":1,"major":0},"geometry":{"type":"Point","coordinates":[20.912784,52.249619]}},{"type":"Feature","properties":{"id":"s2543","name":"Łomianki Młocińska","bus":1,"tram":0,"rail":0,"n":3,"imp":0.063,"node":1,"deg":4,"term":0,"major":0},"geometry":{"type":"Point","coordinates":[20.91073,52.253396]}},{"type":"Feature","properties":{"id":"s2544","name":"Łomianki Grzybowa","bus":1,"tram":0,"rail":0,"n":1,"imp":0.027,"node":0,"deg":2,"term":0,"major":0},"geometry":{"type":"Point","coordinates":[20.91073,52.254026]}},{"type":"Feature","properties":{"id":"s2545","name":"Cm. Północny - Brama Płd.","bus":1,"tram":0,"rail":0,"n":2,"imp":0.045,"node":1,"deg":3,"term":0,"major":0},"geometry":{"type":"Point","coordinates":[20.91073,52.245842]}},{"type":"Feature","properties":{"id":"s2546","name":"Klaudyn Vivaldiego","bus":1,"tram":0,"rail":0,"n":3,"imp":0.043,"node":0,"deg":2,"term":0,"major":0},"geometry":{"type":"Point","coordinates":[20.891152,52.238288]}},{"type":"Feature","properties":{"id":"s2547","name":"Klaudyn Szymanowskiego","bus":1,"tram":0,"rail":0,"n":2,"imp":0.045,"node":1,"deg":3,"term":0,"major":0},"geometry":{"type":"Point","coordinates":[20.892238,52.240806]}},{"type":"Feature","properties":{"id":"s2548","name":"Klaudyn Ciećwierza","bus":1,"tram":0,"rail":0,"n":2,"imp":0.035,"node":0,"deg":2,"term":0,"major":0},"geometry":{"type":"Point","coordinates":[20.894594,52.240621]}},{"type":"Feature","properties":{"id":"s2549","name":"Lipków Mościckiego","bus":1,"tram":0,"rail":0,"n":2,"imp":0.035,"node":0,"deg":2,"term":0,"major":0},"geometry":{"type":"Point","coordinates":[20.876829,52.23514]}},{"type":"Feature","properties":{"id":"s2550","name":"Lipków","bus":1,"tram":0,"rail":0,"n":3,"imp":0.053,"node":1,"deg":3,"term":0,"major":0},"geometry":{"type":"Point","coordinates":[20.875802,52.235769]}},{"type":"Feature","properties":{"id":"s2551","name":"Wojcieszyn","bus":1,"tram":0,"rail":0,"n":1,"imp":0.027,"node":0,"deg":2,"term":0,"major":0},"geometry":{"type":"Point","coordinates":[20.86005,52.227376]}},{"type":"Feature","properties":{"id":"s2552","name":"Wierzbin","bus":1,"tram":0,"rail":0,"n":2,"imp":0.035,"node":0,"deg":2,"term":0,"major":0},"geometry":{"type":"Point","coordinates":[20.854571,52.225277]}},{"type":"Feature","properties":{"id":"s2553","name":"Borzęcin Duży","bus":1,"tram":0,"rail":0,"n":3,"imp":0.072,"node":1,"deg":5,"term":0,"major":0},"geometry":{"type":"Point","coordinates":[20.849092,52.22192]}},{"type":"Feature","properties":{"id":"s2554","name":"Klaudyn","bus":1,"tram":0,"rail":0,"n":3,"imp":0.063,"node":1,"deg":4,"term":0,"major":0},"geometry":{"type":"Point","coordinates":[20.896348,52.239547]}},{"type":"Feature","properties":{"id":"s2555","name":"Janów","bus":1,"tram":0,"rail":0,"n":2,"imp":0.054,"node":1,"deg":4,"term":0,"major":0},"geometry":{"type":"Point","coordinates":[20.890184,52.235769]}},{"type":"Feature","properties":{"id":"s2556","name":"Kwirynów","bus":1,"tram":0,"rail":0,"n":1,"imp":0.027,"node":0,"deg":2,"term":0,"major":0},"geometry":{"type":"Point","coordinates":[20.887828,52.233067]}},{"type":"Feature","properties":{"id":"s2557","name":"Stare Babice Rynek","bus":1,"tram":0,"rail":0,"n":7,"imp":0.114,"node":1,"deg":6,"term":0,"major":1},"geometry":{"type":"Point","coordinates":[20.88402,52.230733]}},{"type":"Feature","properties":{"id":"s2558","name":"Truskaw Skibińskiego","bus":1,"tram":0,"rail":0,"n":3,"imp":0.07,"node":1,"deg":1,"term":1,"major":0},"geometry":{"type":"Point","coordinates":[20.865529,52.245842]}},{"type":"Feature","properties":{"id":"s2559","name":"Truskaw 3 Maja","bus":1,"tram":0,"rail":0,"n":3,"imp":0.063,"node":1,"deg":4,"term":0,"major":0},"geometry":{"type":"Point","coordinates":[20.869638,52.243324]}},{"type":"Feature","properties":{"id":"s2560","name":"Truskaw Parkowa","bus":1,"tram":0,"rail":0,"n":2,"imp":0.035,"node":0,"deg":2,"term":0,"major":0},"geometry":{"type":"Point","coordinates":[20.871693,52.242065]}},{"type":"Feature","properties":{"id":"s2561","name":"Truskaw Parkowa","bus":1,"tram":0,"rail":0,"n":3,"imp":0.043,"node":0,"deg":2,"term":0,"major":0},"geometry":{"type":"Point","coordinates":[20.871693,52.242065]}},{"type":"Feature","properties":{"id":"s2562","name":"Izabelin Langiewicza","bus":1,"tram":0,"rail":0,"n":4,"imp":0.08,"node":1,"deg":5,"term":0,"major":0},"geometry":{"type":"Point","coordinates":[20.873747,52.240806]}},{"type":"Feature","properties":{"id":"s2563","name":"Izabelin Sierakowska","bus":1,"tram":0,"rail":0,"n":5,"imp":0.069,"node":1,"deg":3,"term":0,"major":0},"geometry":{"type":"Point","coordinates":[20.877856,52.243324]}},{"type":"Feature","properties":{"id":"s2564","name":"Izabelin Kościuszki - Szkoła","bus":1,"tram":0,"rail":0,"n":5,"imp":0.059,"node":0,"deg":2,"term":0,"major":0},"geometry":{"type":"Point","coordinates":[20.879911,52.243324]}},{"type":"Feature","properties":{"id":"s2565","name":"Izabelin Urząd Gminy","bus":1,"tram":0,"rail":0,"n":5,"imp":0.059,"node":0,"deg":2,"term":0,"major":0},"geometry":{"type":"Point","coordinates":[20.881966,52.243324]}},{"type":"Feature","properties":{"id":"s2566","name":"Izabelin Sienkiewicza","bus":1,"tram":0,"rail":0,"n":5,"imp":0.091,"node":1,"deg":4,"term":1,"major":0},"geometry":{"type":"Point","coordinates":[20.88402,52.243324]}},{"type":"Feature","properties":{"id":"s2567","name":"Laski Sokołowskiego","bus":1,"tram":0,"rail":0,"n":3,"imp":0.043,"node":0,"deg":2,"term":0,"major":0},"geometry":{"type":"Point","coordinates":[20.886877,52.244583]}},{"type":"Feature","properties":{"id":"s2568","name":"Laski Pocztowa","bus":1,"tram":0,"rail":0,"n":3,"imp":0.043,"node":0,"deg":2,"term":0,"major":0},"geometry":{"type":"Point","coordinates":[20.890585,52.244583]}},{"type":"Feature","properties":{"id":"s2569","name":"Laski Łąkowa","bus":1,"tram":0,"rail":0,"n":3,"imp":0.053,"node":1,"deg":3,"term":0,"major":0},"geometry":{"type":"Point","coordinates":[20.894293,52.244583]}},{"type":"Feature","properties":{"id":"s2570","name":"Hornówek","bus":1,"tram":0,"rail":0,"n":2,"imp":0.035,"node":1,"deg":2,"term":0,"major":0},"geometry":{"type":"Point","coordinates":[20.873747,52.239547]}},{"type":"Feature","properties":{"id":"s2571","name":"Kampinoska","bus":1,"tram":0,"rail":0,"n":2,"imp":0.045,"node":1,"deg":3,"term":0,"major":0},"geometry":{"type":"Point","coordinates":[20.902511,52.243324]}},{"type":"Feature","properties":{"id":"s2572","name":"Gen. Maczka","bus":1,"tram":0,"rail":0,"n":6,"imp":0.096,"node":1,"deg":5,"term":0,"major":0},"geometry":{"type":"Point","coordinates":[20.943603,52.237028]}},{"type":"Feature","properties":{"id":"s2573","name":"Kochanowskiego","bus":1,"tram":0,"rail":0,"n":5,"imp":0.098,"node":1,"deg":6,"term":0,"major":0},"geometry":{"type":"Point","coordinates":[20.939494,52.240806]}},{"type":"Feature","properties":{"id":"s2574","name":"Galla Anonima","bus":1,"tram":0,"rail":0,"n":4,"imp":0.061,"node":1,"deg":3,"term":0,"major":0},"geometry":{"type":"Point","coordinates":[20.937439,52.240806]}},{"type":"Feature","properties":{"id":"s2575","name":"Os. Potok","bus":1,"tram":0,"rail":0,"n":17,"imp":0.223,"node":1,"deg":9,"term":0,"major":1},"geometry":{"type":"Point","coordinates":[20.95593,52.244583]}},{"type":"Feature","properties":{"id":"s2576","name":"Hłaski","bus":1,"tram":0,"rail":0,"n":1,"imp":0.027,"node":0,"deg":2,"term":0,"major":0},"geometry":{"type":"Point","coordinates":[20.953876,52.242955]}},{"type":"Feature","properties":{"id":"s2577","name":"Izabelin Planty","bus":1,"tram":0,"rail":0,"n":2,"imp":0.035,"node":0,"deg":2,"term":0,"major":0},"geometry":{"type":"Point","coordinates":[20.877856,52.244583]}},{"type":"Feature","properties":{"id":"s2578","name":"Sobocka","bus":1,"tram":0,"rail":0,"n":5,"imp":0.059,"node":0,"deg":2,"term":0,"major":0},"geometry":{"type":"Point","coordinates":[20.951821,52.245212]}},{"type":"Feature","properties":{"id":"s2579","name":"Rudzka","bus":1,"tram":0,"rail":0,"n":5,"imp":0.069,"node":1,"deg":3,"term":0,"major":0},"geometry":{"type":"Point","coordinates":[20.951821,52.244583]}},{"type":"Feature","properties":{"id":"s2580","name":"Energetyczna","bus":1,"tram":0,"rail":0,"n":3,"imp":0.063,"node":1,"deg":4,"term":0,"major":0},"geometry":{"type":"Point","coordinates":[20.904566,52.247101]}},{"type":"Feature","properties":{"id":"s2581","name":"Sieraków","bus":1,"tram":0,"rail":0,"n":2,"imp":0.047,"node":1,"deg":2,"term":1,"major":0},"geometry":{"type":"Point","coordinates":[20.877856,52.249619]}},{"type":"Feature","properties":{"id":"s2582","name":"Mościska Sikorskiego","bus":1,"tram":0,"rail":0,"n":3,"imp":0.063,"node":1,"deg":4,"term":0,"major":0},"geometry":{"type":"Point","coordinates":[20.900457,52.244583]}},{"type":"Feature","properties":{"id":"s2583","name":"Łomianki Długa","bus":1,"tram":0,"rail":0,"n":1,"imp":0.037,"node":1,"deg":3,"term":0,"major":0},"geometry":{"type":"Point","coordinates":[20.91073,52.254655]}},{"type":"Feature","properties":{"id":"s2584","name":"Łomianki Zachodnia","bus":1,"tram":0,"rail":0,"n":1,"imp":0.027,"node":0,"deg":2,"term":0,"major":0},"geometry":{"type":"Point","coordinates":[20.906195,52.254655]}},{"type":"Feature","properties":{"id":"s2585","name":"Łomianki Wiosenna","bus":1,"tram":0,"rail":0,"n":1,"imp":0.027,"node":0,"deg":2,"term":0,"major":0},"geometry":{"type":"Point","coordinates":[20.904683,52.254655]}},{"type":"Feature","properties":{"id":"s2586","name":"Łomianki Piaskowa","bus":1,"tram":0,"rail":0,"n":1,"imp":0.027,"node":0,"deg":2,"term":0,"major":0},"geometry":{"type":"Point","coordinates":[20.907707,52.254655]}},{"type":"Feature","properties":{"id":"s2587","name":"Młociny - UKSW","bus":1,"tram":0,"rail":0,"n":2,"imp":0.059,"node":1,"deg":2,"term":1,"major":0},"geometry":{"type":"Point","coordinates":[20.923057,52.252137]}},{"type":"Feature","properties":{"id":"s2588","name":"Izabelin Chodkiewicza","bus":1,"tram":0,"rail":0,"n":2,"imp":0.045,"node":1,"deg":3,"term":0,"major":0},"geometry":{"type":"Point","coordinates":[20.877856,52.245842]}},{"type":"Feature","properties":{"id":"s2589","name":"Stare Babice Wołodyjowskiego","bus":1,"tram":0,"rail":0,"n":4,"imp":0.071,"node":1,"deg":4,"term":0,"major":0},"geometry":{"type":"Point","coordinates":[20.881966,52.231992]}},{"type":"Feature","properties":{"id":"s2590","name":"Stare Babice Osiedlowa","bus":1,"tram":0,"rail":0,"n":3,"imp":0.053,"node":1,"deg":3,"term":0,"major":0},"geometry":{"type":"Point","coordinates":[20.877856,52.23451]}},{"type":"Feature","properties":{"id":"s2591","name":"Zielonki","bus":1,"tram":0,"rail":0,"n":4,"imp":0.071,"node":1,"deg":4,"term":0,"major":0},"geometry":{"type":"Point","coordinates":[20.873747,52.228215]}},{"type":"Feature","properties":{"id":"s2592","name":"Stare Babice Wieruchowska","bus":1,"tram":0,"rail":0,"n":3,"imp":0.053,"node":1,"deg":3,"term":0,"major":0},"geometry":{"type":"Point","coordinates":[20.879911,52.228215]}},{"type":"Feature","properties":{"id":"s2593","name":"Koczargi Nowe Zielonki - Wieś","bus":1,"tram":0,"rail":0,"n":2,"imp":0.045,"node":1,"deg":3,"term":0,"major":0},"geometry":{"type":"Point","coordinates":[20.865529,52.228215]}},{"type":"Feature","properties":{"id":"s2594","name":"Koczargi Stare Akacjowa","bus":1,"tram":0,"rail":0,"n":2,"imp":0.035,"node":0,"deg":2,"term":0,"major":0},"geometry":{"type":"Point","coordinates":[20.871008,52.23535]}},{"type":"Feature","properties":{"id":"s2595","name":"Obrońców Tobruku","bus":1,"tram":0,"rail":0,"n":4,"imp":0.061,"node":1,"deg":3,"term":0,"major":0},"geometry":{"type":"Point","coordinates":[20.939494,52.239547]}},{"type":"Feature","properties":{"id":"s2596","name":"Borzęcin Duży - Wieś","bus":1,"tram":0,"rail":0,"n":1,"imp":0.027,"node":0,"deg":2,"term":0,"major":0},"geometry":{"type":"Point","coordinates":[20.847238,52.223056]}},{"type":"Feature","properties":{"id":"s2597","name":"Wyględy","bus":1,"tram":0,"rail":0,"n":1,"imp":0.027,"node":0,"deg":2,"term":0,"major":0},"geometry":{"type":"Point","coordinates":[20.845384,52.224192]}},{"type":"Feature","properties":{"id":"s2598","name":"Zaborów Wiosenna","bus":1,"tram":0,"rail":0,"n":2,"imp":0.045,"node":1,"deg":3,"term":0,"major":0},"geometry":{"type":"Point","coordinates":[20.842929,52.224438]}},{"type":"Feature","properties":{"id":"s2599","name":"Zaborów - Szkoła","bus":1,"tram":0,"rail":0,"n":3,"imp":0.094,"node":1,"deg":6,"term":1,"major":0},"geometry":{"type":"Point","coordinates":[20.836765,52.224438]}},{"type":"Feature","properties":{"id":"s2600","name":"Zaborów Janin","bus":1,"tram":0,"rail":0,"n":2,"imp":0.045,"node":1,"deg":3,"term":0,"major":0},"geometry":{"type":"Point","coordinates":[20.832656,52.224438]}},{"type":"Feature","properties":{"id":"s2601","name":"Zaborówek - Osiedle","bus":1,"tram":0,"rail":0,"n":1,"imp":0.027,"node":0,"deg":2,"term":0,"major":0},"geometry":{"type":"Point","coordinates":[20.829509,52.224438]}},{"type":"Feature","properties":{"id":"s2602","name":"Zaborówek - Wieś","bus":1,"tram":0,"rail":0,"n":1,"imp":0.027,"node":0,"deg":2,"term":0,"major":0},"geometry":{"type":"Point","coordinates":[20.827003,52.223492]}},{"type":"Feature","properties":{"id":"s2603","name":"Leszno Warszawska","bus":1,"tram":0,"rail":0,"n":1,"imp":0.027,"node":0,"deg":2,"term":0,"major":0},"geometry":{"type":"Point","coordinates":[20.824778,52.222128]}},{"type":"Feature","properties":{"id":"s2604","name":"Leszno - GS","bus":1,"tram":0,"rail":0,"n":1,"imp":0.027,"node":0,"deg":2,"term":0,"major":0},"geometry":{"type":"Point","coordinates":[20.822553,52.220765]}},{"type":"Feature","properties":{"id":"s2605","name":"Leszno","bus":1,"tram":0,"rail":0,"n":7,"imp":0.217,"node":1,"deg":13,"term":1,"major":1},"geometry":{"type":"Point","coordinates":[20.820328,52.219402]}},{"type":"Feature","properties":{"id":"s2606","name":"Dziekanów Leśny","bus":1,"tram":0,"rail":0,"n":3,"imp":0.07,"node":1,"deg":1,"term":1,"major":0},"geometry":{"type":"Point","coordinates":[20.898402,52.257173]}},{"type":"Feature","properties":{"id":"s2607","name":"Blizne Jasińskiego Prusa","bus":1,"tram":0,"rail":0,"n":2,"imp":0.035,"node":0,"deg":2,"term":0,"major":0},"geometry":{"type":"Point","coordinates":[20.892664,52.230733]}},{"type":"Feature","properties":{"id":"s2608","name":"Latchorzew Reymonta","bus":1,"tram":0,"rail":0,"n":2,"imp":0.045,"node":1,"deg":3,"term":0,"major":0},"geometry":{"type":"Point","coordinates":[20.888129,52.230733]}},{"type":"Feature","properties":{"id":"s2609","name":"Stare Babice Cmentarz","bus":1,"tram":0,"rail":0,"n":2,"imp":0.035,"node":0,"deg":2,"term":0,"major":0},"geometry":{"type":"Point","coordinates":[20.886075,52.230733]}},{"type":"Feature","properties":{"id":"s2610","name":"Latchorzew Janowskiego","bus":1,"tram":0,"rail":0,"n":2,"imp":0.035,"node":0,"deg":2,"term":0,"major":0},"geometry":{"type":"Point","coordinates":[20.889883,52.231808]}},{"type":"Feature","properties":{"id":"s2611","name":"Borzęcin Duży - Spacerowa","bus":1,"tram":0,"rail":0,"n":2,"imp":0.054,"node":1,"deg":4,"term":0,"major":0},"geometry":{"type":"Point","coordinates":[20.849092,52.226956]}},{"type":"Feature","properties":{"id":"s2612","name":"Borzęcin Duży Borki","bus":1,"tram":0,"rail":0,"n":1,"imp":0.037,"node":1,"deg":3,"term":0,"major":0},"geometry":{"type":"Point","coordinates":[20.855256,52.231992]}},{"type":"Feature","properties":{"id":"s2613","name":"Mariew","bus":1,"tram":0,"rail":0,"n":1,"imp":0.037,"node":1,"deg":3,"term":0,"major":0},"geometry":{"type":"Point","coordinates":[20.855256,52.23451]}},{"type":"Feature","properties":{"id":"s2614","name":"Mariew Wólczyńska","bus":1,"tram":0,"rail":0,"n":1,"imp":0.027,"node":0,"deg":2,"term":0,"major":0},"geometry":{"type":"Point","coordinates":[20.850721,52.23451]}},{"type":"Feature","properties":{"id":"s2615","name":"Wólka","bus":1,"tram":0,"rail":0,"n":1,"imp":0.03,"node":1,"deg":1,"term":1,"major":0},"geometry":{"type":"Point","coordinates":[20.847038,52.233251]}},{"type":"Feature","properties":{"id":"s2616","name":"Koczargi Stare Wrzosowa","bus":1,"tram":0,"rail":0,"n":3,"imp":0.043,"node":0,"deg":2,"term":0,"major":0},"geometry":{"type":"Point","coordinates":[20.863474,52.230733]}},{"type":"Feature","properties":{"id":"s2617","name":"Koczargi Stare Dębowa","bus":1,"tram":0,"rail":0,"n":3,"imp":0.053,"node":1,"deg":3,"term":0,"major":0},"geometry":{"type":"Point","coordinates":[20.865529,52.231992]}},{"type":"Feature","properties":{"id":"s2618","name":"Zielonki Sportowa","bus":1,"tram":0,"rail":0,"n":3,"imp":0.063,"node":1,"deg":4,"term":0,"major":0},"geometry":{"type":"Point","coordinates":[20.871693,52.229474]}},{"type":"Feature","properties":{"id":"s2619","name":"Stare Babice Gen. Kutrzeby","bus":1,"tram":0,"rail":0,"n":3,"imp":0.053,"node":1,"deg":3,"term":0,"major":0},"geometry":{"type":"Point","coordinates":[20.877856,52.228215]}},{"type":"Feature","properties":{"id":"s2620","name":"Zielonki-Wieś Warszawska","bus":1,"tram":0,"rail":0,"n":2,"imp":0.045,"node":1,"deg":3,"term":0,"major":0},"geometry":{"type":"Point","coordinates":[20.867584,52.228215]}},{"type":"Feature","properties":{"id":"s2621","name":"Wojcieszyn Królowej Marysieńki","bus":1,"tram":0,"rail":0,"n":3,"imp":0.072,"node":1,"deg":5,"term":0,"major":0},"geometry":{"type":"Point","coordinates":[20.857311,52.226956]}},{"type":"Feature","properties":{"id":"s2622","name":"Borzęcin Duży - Szkoła","bus":1,"tram":0,"rail":0,"n":2,"imp":0.035,"node":0,"deg":2,"term":0,"major":0},"geometry":{"type":"Point","coordinates":[20.851832,52.223599]}},{"type":"Feature","properties":{"id":"s2623","name":"Głowackiego","bus":1,"tram":0,"rail":0,"n":1,"imp":0.027,"node":0,"deg":2,"term":0,"major":0},"geometry":{"type":"Point","coordinates":[20.922372,52.243324]}},{"type":"Feature","properties":{"id":"s2624","name":"Maszewska","bus":1,"tram":0,"rail":0,"n":1,"imp":0.027,"node":0,"deg":2,"term":0,"major":0},"geometry":{"type":"Point","coordinates":[20.919633,52.243324]}},{"type":"Feature","properties":{"id":"s2625","name":"Fort Wawrzyszew","bus":1,"tram":0,"rail":0,"n":1,"imp":0.03,"node":1,"deg":1,"term":1,"major":0},"geometry":{"type":"Point","coordinates":[20.916893,52.243324]}},{"type":"Feature","properties":{"id":"s2626","name":"Laski Trenów","bus":1,"tram":0,"rail":0,"n":3,"imp":0.043,"node":0,"deg":2,"term":0,"major":0},"geometry":{"type":"Point","coordinates":[20.91073,52.252557]}},{"type":"Feature","properties":{"id":"s2627","name":"Klaudyn Zorzy","bus":1,"tram":0,"rail":0,"n":2,"imp":0.035,"node":1,"deg":2,"term":0,"major":0},"geometry":{"type":"Point","coordinates":[20.902511,52.240806]}},{"type":"Feature","properties":{"id":"s2628","name":"Felińskiego","bus":1,"tram":0,"rail":0,"n":1,"imp":0.027,"node":0,"deg":2,"term":0,"major":0},"geometry":{"type":"Point","coordinates":[20.962779,52.237028]}},{"type":"Feature","properties":{"id":"s2629","name":"Ks. Boguckiego","bus":1,"tram":0,"rail":0,"n":1,"imp":0.027,"node":0,"deg":2,"term":0,"major":0},"geometry":{"type":"Point","coordinates":[20.961409,52.237028]}},{"type":"Feature","properties":{"id":"s2630","name":"Stare Babice Thomme","bus":1,"tram":0,"rail":0,"n":3,"imp":0.053,"node":1,"deg":3,"term":0,"major":0},"geometry":{"type":"Point","coordinates":[20.879911,52.233251]}},{"type":"Feature","properties":{"id":"s2631","name":"Lipków Paschalisa - Jakubowicza","bus":1,"tram":0,"rail":0,"n":1,"imp":0.027,"node":0,"deg":2,"term":0,"major":0},"geometry":{"type":"Point","coordinates":[20.873685,52.234472]}},{"type":"Feature","properties":{"id":"s2632","name":"Koczargi Nowe","bus":1,"tram":0,"rail":0,"n":1,"imp":0.027,"node":0,"deg":2,"term":0,"major":0},"geometry":{"type":"Point","coordinates":[20.862506,52.228215]}},{"type":"Feature","properties":{"id":"s2633","name":"Koczargi Stare Podleśna","bus":1,"tram":0,"rail":0,"n":2,"imp":0.035,"node":0,"deg":2,"term":0,"major":0},"geometry":{"type":"Point","coordinates":[20.868268,52.233671]}},{"type":"Feature","properties":{"id":"s2634","name":"Klaudyn Ekologiczna","bus":1,"tram":0,"rail":0,"n":3,"imp":0.063,"node":1,"deg":4,"term":0,"major":0},"geometry":{"type":"Point","coordinates":[20.900457,52.239547]}},{"type":"Feature","properties":{"id":"s2635","name":"Mościska Wierzbowa","bus":1,"tram":0,"rail":0,"n":3,"imp":0.043,"node":0,"deg":2,"term":0,"major":0},"geometry":{"type":"Point","coordinates":[20.897375,52.244583]}},{"type":"Feature","properties":{"id":"s2636","name":"Dw. Gdański (Rydygiera)","bus":1,"tram":0,"rail":0,"n":1,"imp":0.03,"node":1,"deg":1,"term":1,"major":0},"geometry":{"type":"Point","coordinates":[20.964149,52.237028]}},{"type":"Feature","properties":{"id":"s2637","name":"Wólczyńska","bus":1,"tram":0,"rail":0,"n":1,"imp":0.027,"node":0,"deg":2,"term":0,"major":0},"geometry":{"type":"Point","coordinates":[20.908675,52.247101]}},{"type":"Feature","properties":{"id":"s2638","name":"Anny German","bus":1,"tram":0,"rail":0,"n":1,"imp":0.027,"node":0,"deg":2,"term":0,"major":0},"geometry":{"type":"Point","coordinates":[20.957985,52.237028]}},{"type":"Feature","properties":{"id":"s2639","name":"Wojcieszyn - Górki","bus":1,"tram":0,"rail":0,"n":2,"imp":0.035,"node":0,"deg":2,"term":0,"major":0},"geometry":{"type":"Point","coordinates":[20.86005,52.228635]}},{"type":"Feature","properties":{"id":"s2640","name":"Łomianki Dąbrowa Zachodnia","bus":1,"tram":0,"rail":0,"n":1,"imp":0.027,"node":0,"deg":2,"term":0,"major":0},"geometry":{"type":"Point","coordinates":[20.902511,52.254026]}},{"type":"Feature","properties":{"id":"s2641","name":"Stanisławów","bus":1,"tram":0,"rail":0,"n":1,"imp":0.027,"node":0,"deg":2,"term":0,"major":0},"geometry":{"type":"Point","coordinates":[20.855256,52.233251]}},{"type":"Feature","properties":{"id":"s2642","name":"Pl. Niemena","bus":1,"tram":0,"rail":0,"n":5,"imp":0.081,"node":1,"deg":3,"term":1,"major":0},"geometry":{"type":"Point","coordinates":[20.953876,52.237028]}},{"type":"Feature","properties":{"id":"s2643","name":"CH Łomianki","bus":1,"tram":0,"rail":0,"n":1,"imp":0.03,"node":1,"deg":1,"term":1,"major":0},"geometry":{"type":"Point","coordinates":[20.918948,52.253396]}},{"type":"Feature","properties":{"id":"s2644","name":"Conrada - Szkoła","bus":1,"tram":0,"rail":0,"n":5,"imp":0.069,"node":1,"deg":3,"term":0,"major":0},"geometry":{"type":"Point","coordinates":[20.927166,52.240806]}},{"type":"Feature","properties":{"id":"s2645","name":"Łomianki Pancerz","bus":1,"tram":0,"rail":0,"n":2,"imp":0.064,"node":1,"deg":5,"term":0,"major":0},"geometry":{"type":"Point","coordinates":[20.912784,52.253396]}},{"type":"Feature","properties":{"id":"s2646","name":"Lipków Karabeli","bus":1,"tram":0,"rail":0,"n":1,"imp":0.027,"node":0,"deg":2,"term":0,"major":0},"geometry":{"type":"Point","coordinates":[20.871693,52.233143]}},{"type":"Feature","properties":{"id":"s2647","name":"Łomianki Ułanów Jazłowieckich","bus":1,"tram":0,"rail":0,"n":1,"imp":0.037,"node":1,"deg":3,"term":0,"major":0},"geometry":{"type":"Point","coordinates":[20.902511,52.253396]}},{"type":"Feature","properties":{"id":"s2648","name":"Koczargi Stare Klonowa","bus":1,"tram":0,"rail":0,"n":3,"imp":0.055,"node":1,"deg":2,"term":1,"major":0},"geometry":{"type":"Point","coordinates":[20.86142,52.229474]}},{"type":"Feature","properties":{"id":"s2649","name":"Izabelin Końcowa","bus":1,"tram":0,"rail":0,"n":2,"imp":0.035,"node":0,"deg":2,"term":0,"major":0},"geometry":{"type":"Point","coordinates":[20.877856,52.24773]}},{"type":"Feature","properties":{"id":"s2650","name":"Zielonki Pogonowskiego","bus":1,"tram":0,"rail":0,"n":1,"imp":0.027,"node":0,"deg":2,"term":0,"major":0},"geometry":{"type":"Point","coordinates":[20.871693,52.231309]}},{"type":"Feature","properties":{"id":"s2651","name":"CH Babice Nowe","bus":1,"tram":0,"rail":0,"n":4,"imp":0.095,"node":1,"deg":4,"term":1,"major":0},"geometry":{"type":"Point","coordinates":[20.88402,52.226956]}},{"type":"Feature","properties":{"id":"s2652","name":"Łomianki Kołłątaja","bus":1,"tram":0,"rail":0,"n":1,"imp":0.03,"node":1,"deg":1,"term":1,"major":0},"geometry":{"type":"Point","coordinates":[20.902511,52.254655]}},{"type":"Feature","properties":{"id":"s2653","name":"Wojcieszyn - Wspólna","bus":1,"tram":0,"rail":0,"n":2,"imp":0.035,"node":0,"deg":2,"term":0,"major":0},"geometry":{"type":"Point","coordinates":[20.85868,52.227795]}},{"type":"Feature","properties":{"id":"s2654","name":"Palmiry - Muzeum","bus":1,"tram":0,"rail":0,"n":1,"imp":0.03,"node":1,"deg":1,"term":1,"major":0},"geometry":{"type":"Point","coordinates":[20.865529,52.249619]}},{"type":"Feature","properties":{"id":"s2655","name":"Palmiry","bus":1,"tram":0,"rail":0,"n":2,"imp":0.057,"node":1,"deg":3,"term":1,"major":0},"geometry":{"type":"Point","coordinates":[20.879911,52.258432]}},{"type":"Feature","properties":{"id":"s2656","name":"Łomianki - Centrum","bus":1,"tram":0,"rail":0,"n":5,"imp":0.059,"node":0,"deg":2,"term":0,"major":0},"geometry":{"type":"Point","coordinates":[20.915661,52.257929]}},{"type":"Feature","properties":{"id":"s2657","name":"Kiełpin Ogrodowa","bus":1,"tram":0,"rail":0,"n":3,"imp":0.043,"node":0,"deg":2,"term":0,"major":0},"geometry":{"type":"Point","coordinates":[20.907305,52.258432]}},{"type":"Feature","properties":{"id":"s2658","name":"Łomianki Buraków","bus":1,"tram":0,"rail":0,"n":4,"imp":0.061,"node":1,"deg":3,"term":0,"major":0},"geometry":{"type":"Point","coordinates":[20.925112,52.254655]}},{"type":"Feature","properties":{"id":"s2659","name":"Łomianki Brukowa","bus":1,"tram":0,"rail":0,"n":5,"imp":0.069,"node":1,"deg":3,"term":0,"major":0},"geometry":{"type":"Point","coordinates":[20.916893,52.255914]}},{"type":"Feature","properties":{"id":"s2660","name":"Łomianki POLMO","bus":1,"tram":0,"rail":0,"n":5,"imp":0.079,"node":1,"deg":4,"term":0,"major":0},"geometry":{"type":"Point","coordinates":[20.916893,52.257173]}},{"type":"Feature","properties":{"id":"s2661","name":"Łomianki Lwowska","bus":1,"tram":0,"rail":0,"n":5,"imp":0.059,"node":0,"deg":2,"term":0,"major":0},"geometry":{"type":"Point","coordinates":[20.916483,52.257425]}},{"type":"Feature","properties":{"id":"s2662","name":"Łomianki - Szkoła","bus":1,"tram":0,"rail":0,"n":5,"imp":0.059,"node":0,"deg":2,"term":0,"major":0},"geometry":{"type":"Point","coordinates":[20.916072,52.257677]}},{"type":"Feature","properties":{"id":"s2663","name":"Łomianki Pilcha","bus":1,"tram":0,"rail":0,"n":3,"imp":0.055,"node":1,"deg":2,"term":1,"major":0},"geometry":{"type":"Point","coordinates":[20.906621,52.257173]}},{"type":"Feature","properties":{"id":"s2664","name":"Łomianki Weteranów","bus":1,"tram":0,"rail":0,"n":2,"imp":0.045,"node":1,"deg":3,"term":0,"major":0},"geometry":{"type":"Point","coordinates":[20.91073,52.259691]}},{"type":"Feature","properties":{"id":"s2665","name":"Kiełpin - Cmentarz","bus":1,"tram":0,"rail":0,"n":2,"imp":0.035,"node":0,"deg":2,"term":0,"major":0},"geometry":{"type":"Point","coordinates":[20.909702,52.260321]}},{"type":"Feature","properties":{"id":"s2666","name":"Kiełpin","bus":1,"tram":0,"rail":0,"n":2,"imp":0.045,"node":1,"deg":3,"term":0,"major":0},"geometry":{"type":"Point","coordinates":[20.908675,52.26095]}},{"type":"Feature","properties":{"id":"s2667","name":"Kiełpin KMŁ","bus":1,"tram":0,"rail":0,"n":2,"imp":0.035,"node":0,"deg":2,"term":0,"major":0},"geometry":{"type":"Point","coordinates":[20.907648,52.26158]}},{"type":"Feature","properties":{"id":"s2668","name":"Kiełpin KMŁ","bus":1,"tram":0,"rail":0,"n":2,"imp":0.035,"node":0,"deg":2,"term":0,"major":0},"geometry":{"type":"Point","coordinates":[20.907648,52.26158]}},{"type":"Feature","properties":{"id":"s2669","name":"Dziekanów Leśny Koszałka Opałka","bus":1,"tram":0,"rail":0,"n":2,"imp":0.045,"node":1,"deg":3,"term":0,"major":0},"geometry":{"type":"Point","coordinates":[20.906621,52.262209]}},{"type":"Feature","properties":{"id":"s2670","name":"Dziekanów Polski Wschód","bus":1,"tram":0,"rail":0,"n":2,"imp":0.035,"node":0,"deg":2,"term":0,"major":0},"geometry":{"type":"Point","coordinates":[20.903881,52.262209]}},{"type":"Feature","properties":{"id":"s2671","name":"Dziekanów Polski Centrum","bus":1,"tram":0,"rail":0,"n":2,"imp":0.035,"node":0,"deg":2,"term":0,"major":0},"geometry":{"type":"Point","coordinates":[20.901142,52.262209]}},{"type":"Feature","properties":{"id":"s2672","name":"Dziekanów - Szkoła","bus":1,"tram":0,"rail":0,"n":2,"imp":0.064,"node":1,"deg":5,"term":0,"major":0},"geometry":{"type":"Point","coordinates":[20.898402,52.262209]}},{"type":"Feature","properties":{"id":"s2673","name":"Dziekanów Nowy Królowej Marysieńki","bus":1,"tram":0,"rail":0,"n":1,"imp":0.027,"node":0,"deg":2,"term":0,"major":0},"geometry":{"type":"Point","coordinates":[20.896607,52.26331]}},{"type":"Feature","properties":{"id":"s2674","name":"Dziekanów Nowy Zachód","bus":1,"tram":0,"rail":0,"n":1,"imp":0.027,"node":0,"deg":2,"term":0,"major":0},"geometry":{"type":"Point","coordinates":[20.894176,52.263468]}},{"type":"Feature","properties":{"id":"s2675","name":"Pieńków - Sklep","bus":1,"tram":0,"rail":0,"n":1,"imp":0.027,"node":0,"deg":2,"term":0,"major":0},"geometry":{"type":"Point","coordinates":[20.891637,52.263468]}},{"type":"Feature","properties":{"id":"s2676","name":"Sadowa - Dom Opieki","bus":1,"tram":0,"rail":0,"n":2,"imp":0.035,"node":0,"deg":2,"term":0,"major":0},"geometry":{"type":"Point","coordinates":[20.89264,52.258678]}},{"type":"Feature","properties":{"id":"s2677","name":"Dziekanów Polski Wędkarska","bus":1,"tram":0,"rail":0,"n":1,"imp":0.027,"node":0,"deg":2,"term":0,"major":0},"geometry":{"type":"Point","coordinates":[20.898402,52.259691]}},{"type":"Feature","properties":{"id":"s2678","name":"Sadowa Kolejowa","bus":1,"tram":0,"rail":0,"n":2,"imp":0.045,"node":1,"deg":3,"term":0,"major":0},"geometry":{"type":"Point","coordinates":[20.896348,52.26095]}},{"type":"Feature","properties":{"id":"s2679","name":"Sadowa Strzelecka","bus":1,"tram":0,"rail":0,"n":2,"imp":0.035,"node":0,"deg":2,"term":0,"major":0},"geometry":{"type":"Point","coordinates":[20.894494,52.259814]}},{"type":"Feature","properties":{"id":"s2680","name":"Pieńków - Wieś","bus":1,"tram":0,"rail":0,"n":1,"imp":0.027,"node":0,"deg":2,"term":0,"major":0},"geometry":{"type":"Point","coordinates":[20.889098,52.263468]}},{"type":"Feature","properties":{"id":"s2681","name":"Łomna-Las Łomna - Las","bus":1,"tram":0,"rail":0,"n":1,"imp":0.027,"node":0,"deg":2,"term":0,"major":0},"geometry":{"type":"Point","coordinates":[20.886559,52.263468]}},{"type":"Feature","properties":{"id":"s2682","name":"Łomna - Cmentarz","bus":1,"tram":0,"rail":0,"n":1,"imp":0.037,"node":1,"deg":3,"term":0,"major":0},"geometry":{"type":"Point","coordinates":[20.88402,52.263468]}},{"type":"Feature","properties":{"id":"s2683","name":"Łomna - Kościół","bus":1,"tram":0,"rail":0,"n":1,"imp":0.027,"node":0,"deg":2,"term":0,"major":0},"geometry":{"type":"Point","coordinates":[20.881966,52.262209]}},{"type":"Feature","properties":{"id":"s2684","name":"Łomna Wschód","bus":1,"tram":0,"rail":0,"n":1,"imp":0.027,"node":0,"deg":2,"term":0,"major":0},"geometry":{"type":"Point","coordinates":[20.881844,52.263468]}},{"type":"Feature","properties":{"id":"s2685","name":"Łomna - Szkoła","bus":1,"tram":0,"rail":0,"n":1,"imp":0.027,"node":0,"deg":2,"term":0,"major":0},"geometry":{"type":"Point","coordinates":[20.879668,52.263468]}},{"type":"Feature","properties":{"id":"s2686","name":"Łomna Zachód","bus":1,"tram":0,"rail":0,"n":1,"imp":0.027,"node":0,"deg":2,"term":0,"major":0},"geometry":{"type":"Point","coordinates":[20.877492,52.263468]}},{"type":"Feature","properties":{"id":"s2687","name":"Cząstków Polski Wschód","bus":1,"tram":0,"rail":0,"n":1,"imp":0.027,"node":0,"deg":2,"term":0,"major":0},"geometry":{"type":"Point","coordinates":[20.875316,52.263468]}},{"type":"Feature","properties":{"id":"s2688","name":"Cząstków Polski","bus":1,"tram":0,"rail":0,"n":1,"imp":0.027,"node":0,"deg":2,"term":0,"major":0},"geometry":{"type":"Point","coordinates":[20.873139,52.263468]}},{"type":"Feature","properties":{"id":"s2689","name":"Cząstków Mazowiecki","bus":1,"tram":0,"rail":0,"n":1,"imp":0.027,"node":0,"deg":2,"term":0,"major":0},"geometry":{"type":"Point","coordinates":[20.871177,52.263152]}},{"type":"Feature","properties":{"id":"s2690","name":"Czosnów","bus":1,"tram":0,"rail":0,"n":2,"imp":0.054,"node":1,"deg":4,"term":0,"major":0},"geometry":{"type":"Point","coordinates":[20.869638,52.262209]}},{"type":"Feature","properties":{"id":"s2691","name":"Dębina","bus":1,"tram":0,"rail":0,"n":1,"imp":0.03,"node":1,"deg":1,"term":1,"major":0},"geometry":{"type":"Point","coordinates":[20.863474,52.262209]}},{"type":"Feature","properties":{"id":"s2692","name":"Łomianki 11 Listopada","bus":1,"tram":0,"rail":0,"n":4,"imp":0.051,"node":0,"deg":2,"term":0,"major":0},"geometry":{"type":"Point","coordinates":[20.921604,52.256804]}},{"type":"Feature","properties":{"id":"s2693","name":"Sadowa","bus":1,"tram":0,"rail":0,"n":1,"imp":0.027,"node":0,"deg":2,"term":0,"major":0},"geometry":{"type":"Point","coordinates":[20.89284,52.262209]}},{"type":"Feature","properties":{"id":"s2694","name":"Izabelin-Dziekanówek","bus":1,"tram":0,"rail":0,"n":2,"imp":0.05,"node":1,"deg":1,"term":1,"major":0},"geometry":{"type":"Point","coordinates":[20.890184,52.258432]}},{"type":"Feature","properties":{"id":"s2695","name":"Izabelin-Dziekanówek Poziomkowa","bus":1,"tram":0,"rail":0,"n":1,"imp":0.037,"node":1,"deg":3,"term":0,"major":0},"geometry":{"type":"Point","coordinates":[20.888129,52.26095]}},{"type":"Feature","properties":{"id":"s2696","name":"Łomna-Las Wiśniowa","bus":1,"tram":0,"rail":0,"n":1,"imp":0.027,"node":0,"deg":2,"term":0,"major":0},"geometry":{"type":"Point","coordinates":[20.88402,52.26095]}},{"type":"Feature","properties":{"id":"s2697","name":"Palmiry Kusocińskiego","bus":1,"tram":0,"rail":0,"n":2,"imp":0.054,"node":1,"deg":4,"term":0,"major":0},"geometry":{"type":"Point","coordinates":[20.879911,52.26095]}},{"type":"Feature","properties":{"id":"s2698","name":"Łomna Firmowa","bus":1,"tram":0,"rail":0,"n":1,"imp":0.027,"node":0,"deg":2,"term":0,"major":0},"geometry":{"type":"Point","coordinates":[20.876203,52.26095]}},{"type":"Feature","properties":{"id":"s2699","name":"Cząstków Polski Cicha","bus":1,"tram":0,"rail":0,"n":1,"imp":0.027,"node":0,"deg":2,"term":0,"major":0},"geometry":{"type":"Point","coordinates":[20.872495,52.26095]}},{"type":"Feature","properties":{"id":"s2700","name":"Czosnów Duńska","bus":1,"tram":0,"rail":0,"n":1,"imp":0.027,"node":0,"deg":2,"term":0,"major":0},"geometry":{"type":"Point","coordinates":[20.868341,52.261415]}},{"type":"Feature","properties":{"id":"s2701","name":"Dobrzyń Prosta","bus":1,"tram":0,"rail":0,"n":1,"imp":0.027,"node":0,"deg":2,"term":0,"major":0},"geometry":{"type":"Point","coordinates":[20.867044,52.26062]}},{"type":"Feature","properties":{"id":"s2702","name":"Dobrzyń Graniczna","bus":1,"tram":0,"rail":0,"n":1,"imp":0.027,"node":0,"deg":2,"term":0,"major":0},"geometry":{"type":"Point","coordinates":[20.865747,52.259825]}},{"type":"Feature","properties":{"id":"s2703","name":"Dobrzyń Południowa","bus":1,"tram":0,"rail":0,"n":1,"imp":0.027,"node":0,"deg":2,"term":0,"major":0},"geometry":{"type":"Point","coordinates":[20.86445,52.25903]}},{"type":"Feature","properties":{"id":"s2704","name":"Augustówek","bus":1,"tram":0,"rail":0,"n":1,"imp":0.027,"node":0,"deg":2,"term":0,"major":0},"geometry":{"type":"Point","coordinates":[20.861855,52.25744]}},{"type":"Feature","properties":{"id":"s2705","name":"Jesionka","bus":1,"tram":0,"rail":0,"n":1,"imp":0.027,"node":0,"deg":2,"term":0,"major":0},"geometry":{"type":"Point","coordinates":[20.860558,52.256645]}},{"type":"Feature","properties":{"id":"s2706","name":"Małocice - Szkoła","bus":1,"tram":0,"rail":0,"n":1,"imp":0.027,"node":0,"deg":2,"term":0,"major":0},"geometry":{"type":"Point","coordinates":[20.859218,52.255914]}},{"type":"Feature","properties":{"id":"s2707","name":"Wrzosówka Dworska","bus":1,"tram":0,"rail":0,"n":1,"imp":0.027,"node":0,"deg":2,"term":0,"major":0},"geometry":{"type":"Point","coordinates":[20.857384,52.255914]}},{"type":"Feature","properties":{"id":"s2708","name":"Sowia Wola Kampinoska","bus":1,"tram":0,"rail":0,"n":1,"imp":0.027,"node":0,"deg":2,"term":0,"major":0},"geometry":{"type":"Point","coordinates":[20.853715,52.255914]}},{"type":"Feature","properties":{"id":"s2709","name":"Sowia Wola Polnych Kwiatów","bus":1,"tram":0,"rail":0,"n":1,"imp":0.027,"node":0,"deg":2,"term":0,"major":0},"geometry":{"type":"Point","coordinates":[20.85188,52.255914]}},{"type":"Feature","properties":{"id":"s2710","name":"Sowia Wola - Szkoła","bus":1,"tram":0,"rail":0,"n":1,"imp":0.027,"node":0,"deg":2,"term":0,"major":0},"geometry":{"type":"Point","coordinates":[20.850046,52.255914]}},{"type":"Feature","properties":{"id":"s2711","name":"Sowia Wola Spacerowa","bus":1,"tram":0,"rail":0,"n":1,"imp":0.027,"node":0,"deg":2,"term":0,"major":0},"geometry":{"type":"Point","coordinates":[20.848212,52.255914]}},{"type":"Feature","properties":{"id":"s2712","name":"Sowia Wola Stokrotki","bus":1,"tram":0,"rail":0,"n":1,"imp":0.027,"node":0,"deg":2,"term":0,"major":0},"geometry":{"type":"Point","coordinates":[20.846377,52.255914]}},{"type":"Feature","properties":{"id":"s2713","name":"Sowia Wola Folwarczna","bus":1,"tram":0,"rail":0,"n":1,"imp":0.027,"node":0,"deg":2,"term":0,"major":0},"geometry":{"type":"Point","coordinates":[20.844543,52.255914]}},{"type":"Feature","properties":{"id":"s2714","name":"Cybulice Duże","bus":1,"tram":0,"rail":0,"n":1,"imp":0.027,"node":0,"deg":2,"term":0,"major":0},"geometry":{"type":"Point","coordinates":[20.842708,52.255914]}},{"type":"Feature","properties":{"id":"s2715","name":"Cybulice Duże","bus":1,"tram":0,"rail":0,"n":1,"imp":0.03,"node":1,"deg":1,"term":1,"major":0},"geometry":{"type":"Point","coordinates":[20.840874,52.255914]}},{"type":"Feature","properties":{"id":"s2716","name":"Janów-Mikołajówka Janów - Mikołajówka","bus":1,"tram":0,"rail":0,"n":1,"imp":0.027,"node":0,"deg":2,"term":0,"major":0},"geometry":{"type":"Point","coordinates":[20.855549,52.255914]}},{"type":"Feature","properties":{"id":"s2717","name":"Łosia Wólka Północna","bus":1,"tram":0,"rail":0,"n":1,"imp":0.027,"node":0,"deg":2,"term":0,"major":0},"geometry":{"type":"Point","coordinates":[20.863152,52.258235]}},{"type":"Feature","properties":{"id":"s2718","name":"Czosnów - Stacja Paliw","bus":1,"tram":0,"rail":0,"n":1,"imp":0.027,"node":0,"deg":2,"term":0,"major":0},"geometry":{"type":"Point","coordinates":[20.866556,52.262209]}},{"type":"Feature","properties":{"id":"s2719","name":"Dziekanów Leśny Instytut Ekologii PAN","bus":1,"tram":0,"rail":0,"n":3,"imp":0.053,"node":1,"deg":3,"term":0,"major":0},"geometry":{"type":"Point","coordinates":[20.900457,52.258432]}},{"type":"Feature","properties":{"id":"s2720","name":"Kiełpin Graniczka","bus":1,"tram":0,"rail":0,"n":3,"imp":0.043,"node":0,"deg":2,"term":0,"major":0},"geometry":{"type":"Point","coordinates":[20.903881,52.258432]}},{"type":"Feature","properties":{"id":"s2721","name":"Łomianki Armii „Poznań”","bus":1,"tram":0,"rail":0,"n":5,"imp":0.081,"node":1,"deg":3,"term":1,"major":0},"geometry":{"type":"Point","coordinates":[20.91073,52.258432]}},{"type":"Feature","properties":{"id":"s2722","name":"Łomianki ICDS","bus":1,"tram":0,"rail":0,"n":5,"imp":0.069,"node":1,"deg":3,"term":0,"major":0},"geometry":{"type":"Point","coordinates":[20.914839,52.258432]}},{"type":"Feature","properties":{"id":"s2723","name":"Łomianki - Kościół","bus":1,"tram":0,"rail":0,"n":5,"imp":0.059,"node":0,"deg":2,"term":0,"major":0},"geometry":{"type":"Point","coordinates":[20.91525,52.25818]}},{"type":"Feature","properties":{"id":"s2724","name":"Lipków Przy Parku","bus":1,"tram":0,"rail":0,"n":3,"imp":0.053,"node":1,"deg":3,"term":0,"major":0},"geometry":{"type":"Point","coordinates":[20.873747,52.237028]}},{"type":"Feature","properties":{"id":"s2725","name":"Emilii Plater","bus":1,"tram":0,"rail":0,"n":23,"imp":0.259,"node":1,"deg":4,"term":1,"major":1},"geometry":{"type":"Point","coordinates":[20.978531,52.22192]}},{"type":"Feature","properties":{"id":"s2726","name":"Dw. Centralny","bus":1,"tram":1,"rail":1,"n":55,"imp":1,"node":1,"deg":9,"term":1,"major":1},"geometry":{"type":"Point","coordinates":[20.980585,52.220661]}},{"type":"Feature","properties":{"id":"s2727","name":"Most Poniatowskiego","bus":1,"tram":0,"rail":0,"n":16,"imp":0.186,"node":1,"deg":6,"term":0,"major":1},"geometry":{"type":"Point","coordinates":[20.990858,52.220661]}},{"type":"Feature","properties":{"id":"s2728","name":"Noakowskiego","bus":1,"tram":0,"rail":0,"n":2,"imp":0.054,"node":1,"deg":4,"term":0,"major":0},"geometry":{"type":"Point","coordinates":[20.98264,52.215625]}},{"type":"Feature","properties":{"id":"s2729","name":"Pl. Politechniki","bus":0,"tram":1,"rail":0,"n":6,"imp":0.067,"node":0,"deg":2,"term":0,"major":0},"geometry":{"type":"Point","coordinates":[20.983667,52.213736]}},{"type":"Feature","properties":{"id":"s2730","name":"Metro Politechnika","bus":1,"tram":1,"rail":1,"n":23,"imp":0.325,"node":1,"deg":8,"term":1,"major":1},"geometry":{"type":"Point","coordinates":[20.984695,52.213107]}},{"type":"Feature","properties":{"id":"s2731","name":"Litewska","bus":1,"tram":0,"rail":0,"n":1,"imp":0.027,"node":0,"deg":2,"term":0,"major":0},"geometry":{"type":"Point","coordinates":[20.988804,52.212108]}},{"type":"Feature","properties":{"id":"s2732","name":"Marszałkowska","bus":1,"tram":0,"rail":0,"n":13,"imp":0.133,"node":1,"deg":3,"term":0,"major":1},"geometry":{"type":"Point","coordinates":[20.986749,52.210588]}},{"type":"Feature","properties":{"id":"s2733","name":"Pl. Zbawiciela","bus":1,"tram":1,"rail":0,"n":13,"imp":0.188,"node":1,"deg":7,"term":0,"major":1},"geometry":{"type":"Point","coordinates":[20.986749,52.214366]}},{"type":"Feature","properties":{"id":"s2734","name":"Pl. Konstytucji","bus":1,"tram":1,"rail":1,"n":21,"imp":0.232,"node":1,"deg":5,"term":0,"major":1},"geometry":{"type":"Point","coordinates":[20.984695,52.215625]}},{"type":"Feature","properties":{"id":"s2735","name":"Hoża","bus":1,"tram":1,"rail":1,"n":15,"imp":0.155,"node":0,"deg":2,"term":0,"major":1},"geometry":{"type":"Point","coordinates":[20.98264,52.217252]}},{"type":"Feature","properties":{"id":"s2736","name":"Centrum","bus":1,"tram":1,"rail":1,"n":42,"imp":0.461,"node":1,"deg":5,"term":1,"major":1},"geometry":{"type":"Point","coordinates":[20.98264,52.219402]}},{"type":"Feature","properties":{"id":"s2737","name":"Metro Świętokrzyska","bus":1,"tram":1,"rail":1,"n":36,"imp":0.401,"node":1,"deg":10,"term":0,"major":1},"geometry":{"type":"Point","coordinates":[20.978531,52.223179]}},{"type":"Feature","properties":{"id":"s2738","name":"Królewska","bus":1,"tram":1,"rail":0,"n":23,"imp":0.239,"node":1,"deg":4,"term":0,"major":1},"geometry":{"type":"Point","coordinates":[20.976476,52.225697]}},{"type":"Feature","properties":{"id":"s2739","name":"Pl. Bankowy","bus":1,"tram":1,"rail":0,"n":21,"imp":0.242,"node":1,"deg":6,"term":0,"major":1},"geometry":{"type":"Point","coordinates":[20.974422,52.226956]}},{"type":"Feature","properties":{"id":"s2740","name":"Muranów","bus":1,"tram":1,"rail":1,"n":10,"imp":0.135,"node":1,"deg":4,"term":0,"major":1},"geometry":{"type":"Point","coordinates":[20.972367,52.229474]}},{"type":"Feature","properties":{"id":"s2741","name":"Muranowska","bus":1,"tram":1,"rail":1,"n":13,"imp":0.216,"node":1,"deg":10,"term":0,"major":1},"geometry":{"type":"Point","coordinates":[20.970313,52.233251]}},{"type":"Feature","properties":{"id":"s2742","name":"Dw. Gdański","bus":1,"tram":1,"rail":1,"n":17,"imp":0.21,"node":1,"deg":6,"term":0,"major":1},"geometry":{"type":"Point","coordinates":[20.968258,52.235769]}},{"type":"Feature","properties":{"id":"s2743","name":"Dzika","bus":1,"tram":1,"rail":0,"n":3,"imp":0.069,"node":1,"deg":3,"term":0,"major":0},"geometry":{"type":"Point","coordinates":[20.968258,52.233251]}},{"type":"Feature","properties":{"id":"s2744","name":"Inflancka","bus":1,"tram":0,"rail":0,"n":1,"imp":0.027,"node":0,"deg":2,"term":0,"major":0},"geometry":{"type":"Point","coordinates":[20.969285,52.233251]}},{"type":"Feature","properties":{"id":"s2745","name":"Nalewki - Muzeum","bus":1,"tram":0,"rail":0,"n":5,"imp":0.079,"node":1,"deg":4,"term":0,"major":0},"geometry":{"type":"Point","coordinates":[20.970313,52.230733]}},{"type":"Feature","properties":{"id":"s2746","name":"Zamenhofa","bus":1,"tram":0,"rail":0,"n":7,"imp":0.085,"node":1,"deg":3,"term":0,"major":0},"geometry":{"type":"Point","coordinates":[20.970313,52.229474]}},{"type":"Feature","properties":{"id":"s2747","name":"Pl. Grzybowski","bus":1,"tram":0,"rail":0,"n":1,"imp":0.027,"node":0,"deg":2,"term":0,"major":0},"geometry":{"type":"Point","coordinates":[20.975449,52.225068]}},{"type":"Feature","properties":{"id":"s2748","name":"Pl. Teatralny","bus":1,"tram":0,"rail":0,"n":11,"imp":0.155,"node":1,"deg":7,"term":0,"major":1},"geometry":{"type":"Point","coordinates":[20.976476,52.226956]}},{"type":"Feature","properties":{"id":"s2749","name":"Pl. Piłsudskiego","bus":1,"tram":0,"rail":0,"n":19,"imp":0.224,"node":1,"deg":5,"term":1,"major":1},"geometry":{"type":"Point","coordinates":[20.980585,52.225697]}},{"type":"Feature","properties":{"id":"s2750","name":"Zachęta","bus":1,"tram":0,"rail":0,"n":17,"imp":0.194,"node":1,"deg":6,"term":0,"major":1},"geometry":{"type":"Point","coordinates":[20.978531,52.225697]}},{"type":"Feature","properties":{"id":"s2751","name":"Pl. Małachowskiego","bus":1,"tram":0,"rail":0,"n":7,"imp":0.114,"node":1,"deg":6,"term":0,"major":1},"geometry":{"type":"Point","coordinates":[20.980585,52.224438]}},{"type":"Feature","properties":{"id":"s2752","name":"Pl. Powstańców Warszawy","bus":1,"tram":0,"rail":0,"n":6,"imp":0.087,"node":1,"deg":4,"term":0,"major":0},"geometry":{"type":"Point","coordinates":[20.980585,52.223179]}},{"type":"Feature","properties":{"id":"s2753","name":"Chmielna","bus":1,"tram":0,"rail":0,"n":1,"imp":0.027,"node":0,"deg":2,"term":0,"major":0},"geometry":{"type":"Point","coordinates":[20.984093,52.22103]}},{"type":"Feature","properties":{"id":"s2754","name":"Krucza","bus":1,"tram":1,"rail":1,"n":23,"imp":0.258,"node":1,"deg":6,"term":0,"major":1},"geometry":{"type":"Point","coordinates":[20.984695,52.218143]}},{"type":"Feature","properties":{"id":"s2755","name":"Wspólna","bus":1,"tram":0,"rail":0,"n":1,"imp":0.027,"node":0,"deg":2,"term":0,"major":0},"geometry":{"type":"Point","coordinates":[20.984995,52.216699]}},{"type":"Feature","properties":{"id":"s2756","name":"Mokotowska","bus":1,"tram":0,"rail":0,"n":3,"imp":0.063,"node":1,"deg":4,"term":0,"major":0},"geometry":{"type":"Point","coordinates":[20.986749,52.215625]}},{"type":"Feature","properties":{"id":"s2757","name":"DS Riviera","bus":1,"tram":0,"rail":0,"n":5,"imp":0.079,"node":1,"deg":4,"term":0,"major":0},"geometry":{"type":"Point","coordinates":[20.984695,52.210588]}},{"type":"Feature","properties":{"id":"s2758","name":"Pl. Na Rozdrożu","bus":1,"tram":0,"rail":0,"n":18,"imp":0.192,"node":1,"deg":5,"term":0,"major":1},"geometry":{"type":"Point","coordinates":[20.990858,52.213107]}},{"type":"Feature","properties":{"id":"s2759","name":"Piękna","bus":1,"tram":0,"rail":0,"n":6,"imp":0.087,"node":1,"deg":4,"term":0,"major":0},"geometry":{"type":"Point","coordinates":[20.990858,52.214366]}},{"type":"Feature","properties":{"id":"s2760","name":"Wiejska","bus":1,"tram":0,"rail":0,"n":2,"imp":0.035,"node":0,"deg":2,"term":0,"major":0},"geometry":{"type":"Point","coordinates":[20.991886,52.213736]}},{"type":"Feature","properties":{"id":"s2761","name":"Pl. Trzech Krzyży","bus":1,"tram":0,"rail":0,"n":13,"imp":0.196,"node":1,"deg":7,"term":1,"major":1},"geometry":{"type":"Point","coordinates":[20.986749,52.218143]}},{"type":"Feature","properties":{"id":"s2762","name":"Muzeum Narodowe","bus":1,"tram":1,"rail":1,"n":17,"imp":0.203,"node":1,"deg":4,"term":1,"major":1},"geometry":{"type":"Point","coordinates":[20.988804,52.219402]}},{"type":"Feature","properties":{"id":"s2763","name":"Foksal","bus":1,"tram":0,"rail":0,"n":6,"imp":0.087,"node":1,"deg":4,"term":0,"major":0},"geometry":{"type":"Point","coordinates":[20.986749,52.219402]}},{"type":"Feature","properties":{"id":"s2764","name":"Nowy Świat","bus":1,"tram":0,"rail":1,"n":12,"imp":0.179,"node":1,"deg":7,"term":0,"major":1},"geometry":{"type":"Point","coordinates":[20.98264,52.22192]}},{"type":"Feature","properties":{"id":"s2765","name":"Uniwersytet","bus":1,"tram":0,"rail":0,"n":9,"imp":0.139,"node":1,"deg":7,"term":0,"major":1},"geometry":{"type":"Point","coordinates":[20.98264,52.225697]}},{"type":"Feature","properties":{"id":"s2766","name":"Hotel Bristol","bus":1,"tram":0,"rail":0,"n":6,"imp":0.067,"node":0,"deg":2,"term":0,"major":0},"geometry":{"type":"Point","coordinates":[20.980285,52.225881]}},{"type":"Feature","properties":{"id":"s2767","name":"Pl. Zamkowy","bus":1,"tram":0,"rail":0,"n":18,"imp":0.202,"node":1,"deg":6,"term":0,"major":1},"geometry":{"type":"Point","coordinates":[20.978531,52.226956]}},{"type":"Feature","properties":{"id":"s2768","name":"Stare Miasto","bus":1,"tram":1,"rail":0,"n":19,"imp":0.207,"node":1,"deg":4,"term":0,"major":1},"geometry":{"type":"Point","coordinates":[20.978531,52.228215]}},{"type":"Feature","properties":{"id":"s2769","name":"Kapitulna","bus":1,"tram":0,"rail":0,"n":6,"imp":0.087,"node":1,"deg":4,"term":0,"major":0},"geometry":{"type":"Point","coordinates":[20.976476,52.228215]}},{"type":"Feature","properties":{"id":"s2770","name":"Ordynacka","bus":1,"tram":0,"rail":0,"n":6,"imp":0.077,"node":1,"deg":3,"term":0,"major":0},"geometry":{"type":"Point","coordinates":[20.984695,52.220661]}},{"type":"Feature","properties":{"id":"s2771","name":"Pl. Krasińskich","bus":1,"tram":0,"rail":0,"n":7,"imp":0.123,"node":1,"deg":7,"term":0,"major":1},"geometry":{"type":"Point","coordinates":[20.976476,52.229474]}},{"type":"Feature","properties":{"id":"s2772","name":"Franciszkańska","bus":1,"tram":0,"rail":0,"n":3,"imp":0.043,"node":0,"deg":2,"term":0,"major":0},"geometry":{"type":"Point","coordinates":[20.973394,52.231363]}},{"type":"Feature","properties":{"id":"s2773","name":"Konwiktorska","bus":1,"tram":0,"rail":0,"n":3,"imp":0.099,"node":1,"deg":4,"term":1,"major":0},"geometry":{"type":"Point","coordinates":[20.974422,52.233251]}},{"type":"Feature","properties":{"id":"s2774","name":"KS Polonia","bus":0,"tram":1,"rail":0,"n":2,"imp":0.045,"node":1,"deg":3,"term":0,"major":0},"geometry":{"type":"Point","coordinates":[20.970313,52.23451]}},{"type":"Feature","properties":{"id":"s2775","name":"Park Traugutta","bus":1,"tram":1,"rail":1,"n":14,"imp":0.186,"node":1,"deg":6,"term":0,"major":1},"geometry":{"type":"Point","coordinates":[20.972367,52.23451]}},{"type":"Feature","properties":{"id":"s2776","name":"Most Gdański","bus":1,"tram":1,"rail":0,"n":7,"imp":0.111,"node":1,"deg":4,"term":0,"major":1},"geometry":{"type":"Point","coordinates":[20.974422,52.235769]}},{"type":"Feature","properties":{"id":"s2777","name":"Sanguszki","bus":1,"tram":0,"rail":0,"n":1,"imp":0.027,"node":0,"deg":2,"term":0,"major":0},"geometry":{"type":"Point","coordinates":[20.974723,52.234326]}},{"type":"Feature","properties":{"id":"s2778","name":"Podzamcze","bus":1,"tram":0,"rail":0,"n":2,"imp":0.054,"node":1,"deg":4,"term":0,"major":0},"geometry":{"type":"Point","coordinates":[20.980585,52.230733]}},{"type":"Feature","properties":{"id":"s2779","name":"Nowy Zjazd","bus":1,"tram":0,"rail":0,"n":4,"imp":0.08,"node":1,"deg":5,"term":0,"major":0},"geometry":{"type":"Point","coordinates":[20.980585,52.229474]}},{"type":"Feature","properties":{"id":"s2780","name":"Mariensztat","bus":1,"tram":0,"rail":0,"n":2,"imp":0.059,"node":1,"deg":2,"term":1,"major":0},"geometry":{"type":"Point","coordinates":[20.978531,52.229474]}},{"type":"Feature","properties":{"id":"s2781","name":"Dobra","bus":1,"tram":0,"rail":0,"n":4,"imp":0.071,"node":1,"deg":4,"term":0,"major":0},"geometry":{"type":"Point","coordinates":[20.980585,52.228215]}},{"type":"Feature","properties":{"id":"s2782","name":"Biblioteka Uniwersytecka","bus":1,"tram":0,"rail":0,"n":5,"imp":0.088,"node":1,"deg":5,"term":0,"major":0},"geometry":{"type":"Point","coordinates":[20.98264,52.226956]}},{"type":"Feature","properties":{"id":"s2783","name":"Zajęcza","bus":1,"tram":0,"rail":0,"n":4,"imp":0.061,"node":1,"deg":3,"term":0,"major":0},"geometry":{"type":"Point","coordinates":[20.984695,52.224438]}},{"type":"Feature","properties":{"id":"s2784","name":"Jaracza","bus":1,"tram":0,"rail":1,"n":4,"imp":0.087,"node":1,"deg":4,"term":0,"major":0},"geometry":{"type":"Point","coordinates":[20.986749,52.22192]}},{"type":"Feature","properties":{"id":"s2785","name":"Al. 3 Maja","bus":1,"tram":0,"rail":0,"n":2,"imp":0.035,"node":0,"deg":2,"term":0,"major":0},"geometry":{"type":"Point","coordinates":[20.988804,52.220661]}},{"type":"Feature","properties":{"id":"s2786","name":"Solec","bus":1,"tram":0,"rail":0,"n":3,"imp":0.063,"node":1,"deg":4,"term":0,"major":0},"geometry":{"type":"Point","coordinates":[20.990858,52.219402]}},{"type":"Feature","properties":{"id":"s2787","name":"Czerniakowska","bus":1,"tram":0,"rail":0,"n":3,"imp":0.043,"node":0,"deg":2,"term":0,"major":0},"geometry":{"type":"Point","coordinates":[20.989105,52.218327]}},{"type":"Feature","properties":{"id":"s2788","name":"Topiel","bus":1,"tram":0,"rail":0,"n":5,"imp":0.079,"node":1,"deg":4,"term":0,"major":0},"geometry":{"type":"Point","coordinates":[20.984695,52.22192]}},{"type":"Feature","properties":{"id":"s2789","name":"PKP Powiśle","bus":1,"tram":0,"rail":1,"n":8,"imp":0.109,"node":1,"deg":3,"term":0,"major":1},"geometry":{"type":"Point","coordinates":[20.986749,52.220661]}},{"type":"Feature","properties":{"id":"s2790","name":"PKP Powiśle","bus":1,"tram":0,"rail":0,"n":1,"imp":0.027,"node":0,"deg":2,"term":0,"major":0},"geometry":{"type":"Point","coordinates":[20.986023,52.219847]}},{"type":"Feature","properties":{"id":"s2791","name":"Książęca","bus":1,"tram":0,"rail":0,"n":10,"imp":0.138,"node":1,"deg":6,"term":0,"major":1},"geometry":{"type":"Point","coordinates":[20.988804,52.218143]}},{"type":"Feature","properties":{"id":"s2792","name":"Śniegockiej","bus":1,"tram":0,"rail":0,"n":5,"imp":0.069,"node":1,"deg":3,"term":0,"major":0},"geometry":{"type":"Point","coordinates":[20.990858,52.215625]}},{"type":"Feature","properties":{"id":"s2793","name":"Rozbrat","bus":1,"tram":0,"rail":0,"n":20,"imp":0.228,"node":1,"deg":7,"term":0,"major":1},"geometry":{"type":"Point","coordinates":[20.992913,52.213107]}},{"type":"Feature","properties":{"id":"s2794","name":"Agrykola","bus":1,"tram":0,"rail":0,"n":2,"imp":0.045,"node":1,"deg":3,"term":0,"major":0},"geometry":{"type":"Point","coordinates":[20.992913,52.209329]}},{"type":"Feature","properties":{"id":"s2795","name":"Szwoleżerów","bus":1,"tram":0,"rail":0,"n":11,"imp":0.127,"node":1,"deg":4,"term":0,"major":1},"geometry":{"type":"Point","coordinates":[20.997022,52.209329]}},{"type":"Feature","properties":{"id":"s2796","name":"Zaruskiego","bus":1,"tram":0,"rail":0,"n":9,"imp":0.101,"node":1,"deg":3,"term":0,"major":1},"geometry":{"type":"Point","coordinates":[20.997022,52.210588]}},{"type":"Feature","properties":{"id":"s2797","name":"Legia - Stadion","bus":1,"tram":0,"rail":0,"n":9,"imp":0.111,"node":1,"deg":4,"term":0,"major":1},"geometry":{"type":"Point","coordinates":[20.994967,52.213107]}},{"type":"Feature","properties":{"id":"s2798","name":"Torwar","bus":1,"tram":0,"rail":0,"n":16,"imp":0.205,"node":1,"deg":8,"term":0,"major":1},"geometry":{"type":"Point","coordinates":[20.994967,52.214366]}},{"type":"Feature","properties":{"id":"s2799","name":"Górnośląska","bus":1,"tram":0,"rail":0,"n":1,"imp":0.027,"node":0,"deg":2,"term":0,"major":0},"geometry":{"type":"Point","coordinates":[20.99394,52.214995]}},{"type":"Feature","properties":{"id":"s2800","name":"Świętojerska","bus":1,"tram":0,"rail":0,"n":2,"imp":0.045,"node":1,"deg":3,"term":0,"major":0},"geometry":{"type":"Point","coordinates":[20.974422,52.229474]}},{"type":"Feature","properties":{"id":"s2801","name":"Metro Centrum Nauki Kopernik","bus":1,"tram":0,"rail":1,"n":12,"imp":0.218,"node":1,"deg":11,"term":0,"major":1},"geometry":{"type":"Point","coordinates":[20.986749,52.224438]}},{"type":"Feature","properties":{"id":"s2802","name":"Trasa Łazienkowska","bus":0,"tram":1,"rail":0,"n":9,"imp":0.101,"node":1,"deg":3,"term":0,"major":1},"geometry":{"type":"Point","coordinates":[20.986749,52.211848]}},{"type":"Feature","properties":{"id":"s2803","name":"Baseny Inflancka","bus":1,"tram":1,"rail":1,"n":9,"imp":0.117,"node":1,"deg":3,"term":0,"major":1},"geometry":{"type":"Point","coordinates":[20.966203,52.235769]}},{"type":"Feature","properties":{"id":"s2804","name":"Nowolipki","bus":1,"tram":1,"rail":0,"n":9,"imp":0.127,"node":1,"deg":4,"term":0,"major":1},"geometry":{"type":"Point","coordinates":[20.968258,52.229474]}},{"type":"Feature","properties":{"id":"s2805","name":"Anielewicza","bus":1,"tram":1,"rail":0,"n":11,"imp":0.143,"node":1,"deg":4,"term":0,"major":1},"geometry":{"type":"Point","coordinates":[20.968258,52.230733]}},{"type":"Feature","properties":{"id":"s2806","name":"Stawki","bus":1,"tram":1,"rail":0,"n":10,"imp":0.135,"node":1,"deg":4,"term":0,"major":1},"geometry":{"type":"Point","coordinates":[20.966203,52.231992]}},{"type":"Feature","properties":{"id":"s2807","name":"Kino Femina","bus":1,"tram":1,"rail":0,"n":12,"imp":0.184,"node":1,"deg":5,"term":1,"major":1},"geometry":{"type":"Point","coordinates":[20.970313,52.226956]}},{"type":"Feature","properties":{"id":"s2808","name":"Hala Mirowska","bus":1,"tram":0,"rail":0,"n":7,"imp":0.085,"node":1,"deg":3,"term":0,"major":0},"geometry":{"type":"Point","coordinates":[20.970313,52.225697]}},{"type":"Feature","properties":{"id":"s2809","name":"Al. Jana Pawła II","bus":1,"tram":0,"rail":0,"n":1,"imp":0.037,"node":1,"deg":3,"term":0,"major":0},"geometry":{"type":"Point","coordinates":[20.974422,52.224438]}},{"type":"Feature","properties":{"id":"s2810","name":"Rondo ONZ","bus":1,"tram":1,"rail":1,"n":20,"imp":0.246,"node":1,"deg":6,"term":1,"major":1},"geometry":{"type":"Point","coordinates":[20.976476,52.22192]}},{"type":"Feature","properties":{"id":"s2811","name":"Rondo ONZ","bus":1,"tram":0,"rail":0,"n":4,"imp":0.071,"node":1,"deg":4,"term":0,"major":0},"geometry":{"type":"Point","coordinates":[20.976476,52.223179]}},{"type":"Feature","properties":{"id":"s2812","name":"Koszykowa","bus":1,"tram":1,"rail":0,"n":3,"imp":0.088,"node":1,"deg":5,"term":0,"major":0},"geometry":{"type":"Point","coordinates":[20.980585,52.215625]}},{"type":"Feature","properties":{"id":"s2813","name":"Nowowiejska","bus":1,"tram":1,"rail":0,"n":13,"imp":0.168,"node":1,"deg":5,"term":0,"major":1},"geometry":{"type":"Point","coordinates":[20.98264,52.214366]}},{"type":"Feature","properties":{"id":"s2814","name":"Rondo „Radosława”","bus":1,"tram":1,"rail":0,"n":15,"imp":0.187,"node":1,"deg":4,"term":1,"major":1},"geometry":{"type":"Point","coordinates":[20.962094,52.23451]}},{"type":"Feature","properties":{"id":"s2815","name":"Koźmińska","bus":1,"tram":0,"rail":0,"n":2,"imp":0.054,"node":1,"deg":4,"term":0,"major":0},"geometry":{"type":"Point","coordinates":[20.992913,52.215625]}},{"type":"Feature","properties":{"id":"s2816","name":"GUS","bus":1,"tram":0,"rail":1,"n":14,"imp":0.176,"node":1,"deg":5,"term":0,"major":1},"geometry":{"type":"Point","coordinates":[20.98264,52.213107]}},{"type":"Feature","properties":{"id":"s2817","name":"Biblioteka Narodowa","bus":1,"tram":0,"rail":1,"n":9,"imp":0.107,"node":0,"deg":2,"term":0,"major":1},"geometry":{"type":"Point","coordinates":[20.98264,52.209959]}},{"type":"Feature","properties":{"id":"s2818","name":"Łazienki Królewskie","bus":1,"tram":0,"rail":0,"n":5,"imp":0.069,"node":1,"deg":3,"term":0,"major":0},"geometry":{"type":"Point","coordinates":[20.990858,52.210588]}},{"type":"Feature","properties":{"id":"s2819","name":"Pomnik Sapera","bus":1,"tram":0,"rail":0,"n":1,"imp":0.027,"node":0,"deg":2,"term":0,"major":0},"geometry":{"type":"Point","coordinates":[20.994967,52.218035]}},{"type":"Feature","properties":{"id":"s2820","name":"Metro Ratusz Arsenał","bus":1,"tram":1,"rail":1,"n":19,"imp":0.226,"node":1,"deg":6,"term":0,"major":1},"geometry":{"type":"Point","coordinates":[20.972367,52.228215]}},{"type":"Feature","properties":{"id":"s2821","name":"Browarna","bus":1,"tram":0,"rail":0,"n":3,"imp":0.079,"node":1,"deg":2,"term":1,"major":0},"geometry":{"type":"Point","coordinates":[20.980585,52.226956]}},{"type":"Feature","properties":{"id":"s2822","name":"Bielańska","bus":1,"tram":0,"rail":0,"n":1,"imp":0.039,"node":1,"deg":2,"term":1,"major":0},"geometry":{"type":"Point","coordinates":[20.974422,52.228215]}},{"type":"Feature","properties":{"id":"s2823","name":"Boleść","bus":1,"tram":0,"rail":0,"n":2,"imp":0.045,"node":1,"deg":3,"term":0,"major":0},"geometry":{"type":"Point","coordinates":[20.976476,52.233251]}},{"type":"Feature","properties":{"id":"s2824","name":"Karowa","bus":1,"tram":0,"rail":0,"n":2,"imp":0.035,"node":0,"deg":2,"term":0,"major":0},"geometry":{"type":"Point","coordinates":[20.982214,52.227217]}},{"type":"Feature","properties":{"id":"s2825","name":"Dragonów","bus":1,"tram":0,"rail":0,"n":2,"imp":0.035,"node":0,"deg":2,"term":0,"major":0},"geometry":{"type":"Point","coordinates":[20.994967,52.209329]}},{"type":"Feature","properties":{"id":"s2826","name":"Warszawa Centralna","bus":0,"tram":0,"rail":1,"n":3,"imp":0.053,"node":1,"deg":3,"term":0,"major":0},"geometry":{"type":"Point","coordinates":[20.978531,52.219402]}},{"type":"Feature","properties":{"id":"s2827","name":"Warszawa Śródmieście","bus":0,"tram":0,"rail":1,"n":2,"imp":0.035,"node":0,"deg":2,"term":0,"major":0},"geometry":{"type":"Point","coordinates":[20.980585,52.219402]}},{"type":"Feature","properties":{"id":"s2828","name":"Warszawa Powiśle","bus":0,"tram":0,"rail":1,"n":2,"imp":0.035,"node":0,"deg":2,"term":0,"major":0},"geometry":{"type":"Point","coordinates":[20.986749,52.22129]}},{"type":"Feature","properties":{"id":"s2829","name":"Warszawa Gdańska","bus":0,"tram":0,"rail":1,"n":2,"imp":0.026,"node":1,"deg":1,"term":0,"major":0},"geometry":{"type":"Point","coordinates":[20.968258,52.238288]}},{"type":"Feature","properties":{"id":"s2831","name":"R-3 Zajezdnia Mokotów","bus":0,"tram":1,"rail":0,"n":1,"imp":0.03,"node":1,"deg":1,"term":1,"major":0},"geometry":{"type":"Point","coordinates":[20.980585,52.196739]}},{"type":"Feature","properties":{"id":"s2832","name":"R-6 Zajezdnia Płochocińska","bus":1,"tram":0,"rail":0,"n":4,"imp":0.119,"node":1,"deg":4,"term":1,"major":1},"geometry":{"type":"Point","coordinates":[20.957985,52.24836]}},{"type":"Feature","properties":{"id":"s2833","name":"Wydział Włościańska","bus":1,"tram":0,"rail":0,"n":1,"imp":0.03,"node":1,"deg":1,"term":1,"major":0},"geometry":{"type":"Point","coordinates":[20.951821,52.240806]}},{"type":"Feature","properties":{"id":"s2834","name":"Adamów","bus":1,"tram":0,"rail":0,"n":2,"imp":0.054,"node":1,"deg":4,"term":0,"major":0},"geometry":{"type":"Point","coordinates":[20.832656,52.184148]}},{"type":"Feature","properties":{"id":"s2835","name":"Adamów","bus":1,"tram":0,"rail":0,"n":2,"imp":0.054,"node":1,"deg":4,"term":0,"major":0},"geometry":{"type":"Point","coordinates":[20.828546,52.182889]}},{"type":"Feature","properties":{"id":"s2836","name":"Adamów / Budy Nowe","bus":1,"tram":0,"rail":0,"n":1,"imp":0.027,"node":0,"deg":2,"term":0,"major":0},"geometry":{"type":"Point","coordinates":[20.826492,52.152151]}},{"type":"Feature","properties":{"id":"s2837","name":"Adamów / Budy Nowe","bus":1,"tram":0,"rail":0,"n":1,"imp":0.027,"node":0,"deg":2,"term":0,"major":0},"geometry":{"type":"Point","coordinates":[20.830601,52.151413]}},{"type":"Feature","properties":{"id":"s2838","name":"Adamów / Budy Stare","bus":1,"tram":0,"rail":0,"n":1,"imp":0.027,"node":0,"deg":2,"term":0,"major":0},"geometry":{"type":"Point","coordinates":[20.826492,52.150298]}},{"type":"Feature","properties":{"id":"s2839","name":"Adamów / Budy Stare","bus":1,"tram":0,"rail":0,"n":1,"imp":0.027,"node":0,"deg":2,"term":0,"major":0},"geometry":{"type":"Point","coordinates":[20.832656,52.150082]}},{"type":"Feature","properties":{"id":"s2840","name":"Adamów / Dobiegała","bus":1,"tram":0,"rail":0,"n":1,"imp":0.027,"node":0,"deg":2,"term":0,"major":0},"geometry":{"type":"Point","coordinates":[20.826492,52.154003]}},{"type":"Feature","properties":{"id":"s2841","name":"Adamów / Dobiegała","bus":1,"tram":0,"rail":0,"n":1,"imp":0.027,"node":0,"deg":2,"term":0,"major":0},"geometry":{"type":"Point","coordinates":[20.828546,52.152744]}},{"type":"Feature","properties":{"id":"s2842","name":"Adamowizna Królicza","bus":1,"tram":0,"rail":0,"n":3,"imp":0.043,"node":0,"deg":2,"term":0,"major":0},"geometry":{"type":"Point","coordinates":[20.83314,52.15993]}},{"type":"Feature","properties":{"id":"s2843","name":"Adamowizna Królicza","bus":1,"tram":0,"rail":0,"n":3,"imp":0.043,"node":0,"deg":2,"term":0,"major":0},"geometry":{"type":"Point","coordinates":[20.833742,52.16082]}},{"type":"Feature","properties":{"id":"s2844","name":"Adamowizna Łosia","bus":1,"tram":0,"rail":0,"n":3,"imp":0.043,"node":0,"deg":2,"term":0,"major":0},"geometry":{"type":"Point","coordinates":[20.835679,52.158374]}},{"type":"Feature","properties":{"id":"s2845","name":"Adamowizna Łosia","bus":1,"tram":0,"rail":0,"n":3,"imp":0.043,"node":0,"deg":2,"term":0,"major":0},"geometry":{"type":"Point","coordinates":[20.836281,52.159264]}},{"type":"Feature","properties":{"id":"s2846","name":"Adamowizna Pętla","bus":1,"tram":0,"rail":0,"n":3,"imp":0.053,"node":1,"deg":3,"term":0,"major":0},"geometry":{"type":"Point","coordinates":[20.836765,52.156449]}},{"type":"Feature","properties":{"id":"s2847","name":"Adamowizna Pętla","bus":1,"tram":0,"rail":0,"n":3,"imp":0.053,"node":1,"deg":3,"term":0,"major":0},"geometry":{"type":"Point","coordinates":[20.838819,52.157708]}},{"type":"Feature","properties":{"id":"s2848","name":"Adamowizna Szkoła","bus":1,"tram":0,"rail":0,"n":4,"imp":0.083,"node":1,"deg":4,"term":1,"major":0},"geometry":{"type":"Point","coordinates":[20.830601,52.161486]}},{"type":"Feature","properties":{"id":"s2849","name":"Adamowizna Szkoła","bus":1,"tram":0,"rail":0,"n":4,"imp":0.073,"node":1,"deg":3,"term":1,"major":0},"geometry":{"type":"Point","coordinates":[20.832656,52.162745]}},{"type":"Feature","properties":{"id":"s2850","name":"Adamów Strefa Przemysłowa","bus":1,"tram":0,"rail":0,"n":1,"imp":0.046,"node":1,"deg":4,"term":0,"major":0},"geometry":{"type":"Point","coordinates":[20.828546,52.186667]}},{"type":"Feature","properties":{"id":"s2851","name":"Babice Nowe Ogrodnicza","bus":1,"tram":0,"rail":0,"n":1,"imp":0.027,"node":0,"deg":2,"term":0,"major":0},"geometry":{"type":"Point","coordinates":[20.88209,52.221996]}},{"type":"Feature","properties":{"id":"s2852","name":"Babice Nowe Ogrodnicza","bus":1,"tram":0,"rail":0,"n":1,"imp":0.027,"node":0,"deg":2,"term":0,"major":0},"geometry":{"type":"Point","coordinates":[20.880637,52.222365]}},{"type":"Feature","properties":{"id":"s2853","name":"Baranów Szkoła","bus":1,"tram":0,"rail":0,"n":3,"imp":0.065,"node":1,"deg":3,"term":1,"major":0},"geometry":{"type":"Point","coordinates":[20.803892,52.180371]}},{"type":"Feature","properties":{"id":"s2854","name":"Baranów Urząd Gminy","bus":1,"tram":0,"rail":0,"n":2,"imp":0.035,"node":0,"deg":2,"term":0,"major":0},"geometry":{"type":"Point","coordinates":[20.801837,52.181999]}},{"type":"Feature","properties":{"id":"s2855","name":"Baranów Urząd Gminy","bus":1,"tram":0,"rail":0,"n":3,"imp":0.072,"node":1,"deg":5,"term":0,"major":0},"geometry":{"type":"Point","coordinates":[20.803892,52.182889]}},{"type":"Feature","properties":{"id":"s2857","name":"Baranów Wieś","bus":1,"tram":0,"rail":0,"n":2,"imp":0.045,"node":1,"deg":3,"term":0,"major":0},"geometry":{"type":"Point","coordinates":[20.803892,52.179112]}},{"type":"Feature","properties":{"id":"s2858","name":"Baranów Wieś","bus":1,"tram":0,"rail":0,"n":2,"imp":0.045,"node":1,"deg":3,"term":0,"major":0},"geometry":{"type":"Point","coordinates":[20.805946,52.179112]}},{"type":"Feature","properties":{"id":"s2859","name":"Bartoszówka Iskry","bus":1,"tram":0,"rail":0,"n":1,"imp":0.027,"node":0,"deg":2,"term":0,"major":0},"geometry":{"type":"Point","coordinates":[20.853886,52.137983]}},{"type":"Feature","properties":{"id":"s2860","name":"Bartoszówka Iskry","bus":1,"tram":0,"rail":0,"n":1,"imp":0.037,"node":1,"deg":3,"term":0,"major":0},"geometry":{"type":"Point","coordinates":[20.855256,52.140082]}},{"type":"Feature","properties":{"id":"s2861","name":"Bartoszówka Pogodna","bus":1,"tram":0,"rail":0,"n":1,"imp":0.027,"node":0,"deg":2,"term":0,"major":0},"geometry":{"type":"Point","coordinates":[20.854571,52.138403]}},{"type":"Feature","properties":{"id":"s2862","name":"Bartoszówka Pogodna","bus":1,"tram":0,"rail":0,"n":1,"imp":0.027,"node":0,"deg":2,"term":0,"major":0},"geometry":{"type":"Point","coordinates":[20.855256,52.140462]}},{"type":"Feature","properties":{"id":"s2863","name":"Basin Bursztynowa","bus":1,"tram":0,"rail":0,"n":1,"imp":0.027,"node":0,"deg":2,"term":0,"major":0},"geometry":{"type":"Point","coordinates":[20.807299,52.183719]}},{"type":"Feature","properties":{"id":"s2865","name":"Basin Wierzbowa","bus":1,"tram":0,"rail":0,"n":1,"imp":0.027,"node":0,"deg":2,"term":0,"major":0},"geometry":{"type":"Point","coordinates":[20.806598,52.183289]}},{"type":"Feature","properties":{"id":"s2867","name":"Białutki","bus":1,"tram":0,"rail":0,"n":1,"imp":0.027,"node":0,"deg":2,"term":0,"major":0},"geometry":{"type":"Point","coordinates":[20.826973,52.211848]}},{"type":"Feature","properties":{"id":"s2868","name":"Białuty","bus":1,"tram":0,"rail":0,"n":2,"imp":0.045,"node":1,"deg":3,"term":0,"major":0},"geometry":{"type":"Point","coordinates":[20.824437,52.209329]}},{"type":"Feature","properties":{"id":"s2869","name":"Białuty","bus":1,"tram":0,"rail":0,"n":1,"imp":0.027,"node":0,"deg":2,"term":0,"major":0},"geometry":{"type":"Point","coordinates":[20.818274,52.213107]}},{"type":"Feature","properties":{"id":"s2870","name":"Białuty","bus":1,"tram":0,"rail":0,"n":1,"imp":0.037,"node":1,"deg":3,"term":0,"major":0},"geometry":{"type":"Point","coordinates":[20.822383,52.210588]}},{"type":"Feature","properties":{"id":"s2871","name":"Białuty Modlińska","bus":1,"tram":0,"rail":0,"n":2,"imp":0.045,"node":1,"deg":3,"term":0,"major":0},"geometry":{"type":"Point","coordinates":[20.818274,52.210588]}},{"type":"Feature","properties":{"id":"s2872","name":"Białuty Modlińska","bus":1,"tram":0,"rail":0,"n":1,"imp":0.027,"node":0,"deg":2,"term":0,"major":0},"geometry":{"type":"Point","coordinates":[20.826492,52.209514]}},{"type":"Feature","properties":{"id":"s2873","name":"Białuty przy Utracie","bus":1,"tram":0,"rail":0,"n":1,"imp":0.027,"node":0,"deg":2,"term":0,"major":0},"geometry":{"type":"Point","coordinates":[20.825677,52.207571]}},{"type":"Feature","properties":{"id":"s2874","name":"Białuty przy Utracie","bus":1,"tram":0,"rail":0,"n":2,"imp":0.035,"node":0,"deg":2,"term":0,"major":0},"geometry":{"type":"Point","coordinates":[20.820529,52.207947]}},{"type":"Feature","properties":{"id":"s2875","name":"Białuty Zakład","bus":1,"tram":0,"rail":0,"n":1,"imp":0.027,"node":0,"deg":2,"term":0,"major":0},"geometry":{"type":"Point","coordinates":[20.823665,52.211374]}},{"type":"Feature","properties":{"id":"s2876","name":"Białuty Zakład","bus":1,"tram":0,"rail":0,"n":1,"imp":0.037,"node":1,"deg":3,"term":0,"major":0},"geometry":{"type":"Point","coordinates":[20.826492,52.210588]}},{"type":"Feature","properties":{"id":"s2877","name":"Białuty Zakręt","bus":1,"tram":0,"rail":0,"n":2,"imp":0.035,"node":0,"deg":2,"term":0,"major":0},"geometry":{"type":"Point","coordinates":[20.818675,52.209084]}},{"type":"Feature","properties":{"id":"s2878","name":"Białuty Zakręt","bus":1,"tram":0,"rail":0,"n":1,"imp":0.027,"node":0,"deg":2,"term":0,"major":0},"geometry":{"type":"Point","coordinates":[20.826492,52.208439]}},{"type":"Feature","properties":{"id":"s2879","name":"Bieniewice Fiołkowa","bus":1,"tram":0,"rail":0,"n":1,"imp":0.027,"node":0,"deg":2,"term":0,"major":0},"geometry":{"type":"Point","coordinates":[20.81211,52.195028]}},{"type":"Feature","properties":{"id":"s2880","name":"Bieniewice Fiołkowa","bus":1,"tram":0,"rail":0,"n":1,"imp":0.027,"node":0,"deg":2,"term":0,"major":0},"geometry":{"type":"Point","coordinates":[20.815334,52.201059]}},{"type":"Feature","properties":{"id":"s2881","name":"Bieniewice Gimnazjalna","bus":1,"tram":0,"rail":0,"n":1,"imp":0.027,"node":0,"deg":2,"term":0,"major":0},"geometry":{"type":"Point","coordinates":[20.818274,52.194536]}},{"type":"Feature","properties":{"id":"s2882","name":"Bieniewice Gimnazjalna","bus":1,"tram":0,"rail":0,"n":2,"imp":0.045,"node":1,"deg":3,"term":0,"major":0},"geometry":{"type":"Point","coordinates":[20.816219,52.197998]}},{"type":"Feature","properties":{"id":"s2883","name":"Bieniewice Jodłowa","bus":1,"tram":0,"rail":0,"n":2,"imp":0.035,"node":0,"deg":2,"term":0,"major":0},"geometry":{"type":"Point","coordinates":[20.816904,52.197159]}},{"type":"Feature","properties":{"id":"s2884","name":"Bieniewice Jodłowa","bus":1,"tram":0,"rail":0,"n":2,"imp":0.035,"node":0,"deg":2,"term":0,"major":0},"geometry":{"type":"Point","coordinates":[20.818616,52.196739]}},{"type":"Feature","properties":{"id":"s2885","name":"Bieniewice Majowa","bus":1,"tram":0,"rail":0,"n":3,"imp":0.053,"node":1,"deg":3,"term":0,"major":0},"geometry":{"type":"Point","coordinates":[20.818274,52.196739]}},{"type":"Feature","properties":{"id":"s2886","name":"Bieniewice Majowa","bus":1,"tram":0,"rail":0,"n":3,"imp":0.063,"node":1,"deg":4,"term":0,"major":0},"geometry":{"type":"Point","coordinates":[20.816219,52.196739]}},{"type":"Feature","properties":{"id":"s2887","name":"Bieniewice Strażacka","bus":1,"tram":0,"rail":0,"n":1,"imp":0.027,"node":0,"deg":2,"term":0,"major":0},"geometry":{"type":"Point","coordinates":[20.811288,52.194724]}},{"type":"Feature","properties":{"id":"s2888","name":"Bieniewice Strażacka","bus":1,"tram":0,"rail":0,"n":1,"imp":0.027,"node":0,"deg":2,"term":0,"major":0},"geometry":{"type":"Point","coordinates":[20.811363,52.199715]}},{"type":"Feature","properties":{"id":"s2889","name":"Bieniewice Św. Jana","bus":1,"tram":0,"rail":0,"n":3,"imp":0.053,"node":1,"deg":3,"term":0,"major":0},"geometry":{"type":"Point","coordinates":[20.818274,52.19548]}},{"type":"Feature","properties":{"id":"s2890","name":"Bieniewice Św. Jana","bus":1,"tram":0,"rail":0,"n":3,"imp":0.053,"node":1,"deg":3,"term":0,"major":0},"geometry":{"type":"Point","coordinates":[20.816219,52.194221]}},{"type":"Feature","properties":{"id":"s2891","name":"Bieniewice Szkoła","bus":1,"tram":0,"rail":0,"n":1,"imp":0.049,"node":1,"deg":3,"term":1,"major":0},"geometry":{"type":"Point","coordinates":[20.814164,52.19548]}},{"type":"Feature","properties":{"id":"s2892","name":"Bieniewice Szkoła","bus":1,"tram":0,"rail":0,"n":2,"imp":0.067,"node":1,"deg":4,"term":1,"major":0},"geometry":{"type":"Point","coordinates":[20.81211,52.199257]}},{"type":"Feature","properties":{"id":"s2893","name":"Bieniewice Szkoła","bus":1,"tram":0,"rail":0,"n":2,"imp":0.045,"node":1,"deg":3,"term":0,"major":0},"geometry":{"type":"Point","coordinates":[20.81211,52.194221]}},{"type":"Feature","properties":{"id":"s2894","name":"Bieniewice Szkoła","bus":1,"tram":0,"rail":0,"n":1,"imp":0.027,"node":0,"deg":2,"term":0,"major":0},"geometry":{"type":"Point","coordinates":[20.816219,52.199641]}},{"type":"Feature","properties":{"id":"s2895","name":"Bieniewiec","bus":1,"tram":0,"rail":0,"n":1,"imp":0.027,"node":0,"deg":2,"term":0,"major":0},"geometry":{"type":"Point","coordinates":[20.842244,52.148056]}},{"type":"Feature","properties":{"id":"s2896","name":"Bieniewiec","bus":1,"tram":0,"rail":0,"n":1,"imp":0.027,"node":0,"deg":2,"term":0,"major":0},"geometry":{"type":"Point","coordinates":[20.841559,52.148475]}},{"type":"Feature","properties":{"id":"s2897","name":"Bieniewo-Parcela","bus":1,"tram":0,"rail":0,"n":1,"imp":0.03,"node":1,"deg":1,"term":1,"major":0},"geometry":{"type":"Point","coordinates":[20.803892,52.204293]}},{"type":"Feature","properties":{"id":"s2898","name":"Bieniewo-Parcela","bus":1,"tram":0,"rail":0,"n":1,"imp":0.03,"node":1,"deg":1,"term":1,"major":0},"geometry":{"type":"Point","coordinates":[20.801837,52.201775]}},{"type":"Feature","properties":{"id":"s2903","name":"Biskupice","bus":1,"tram":0,"rail":0,"n":1,"imp":0.027,"node":0,"deg":2,"term":0,"major":0},"geometry":{"type":"Point","coordinates":[20.836481,52.188099]}},{"type":"Feature","properties":{"id":"s2904","name":"Biskupice Majątek","bus":1,"tram":0,"rail":0,"n":3,"imp":0.053,"node":1,"deg":3,"term":0,"major":0},"geometry":{"type":"Point","coordinates":[20.842929,52.187926]}},{"type":"Feature","properties":{"id":"s2905","name":"Biskupice Majątek","bus":1,"tram":0,"rail":0,"n":3,"imp":0.043,"node":0,"deg":2,"term":0,"major":0},"geometry":{"type":"Point","coordinates":[20.840874,52.187926]}},{"type":"Feature","properties":{"id":"s2906","name":"Biskupice Majątek","bus":1,"tram":0,"rail":0,"n":1,"imp":0.027,"node":0,"deg":2,"term":0,"major":0},"geometry":{"type":"Point","coordinates":[20.839705,52.186124]}},{"type":"Feature","properties":{"id":"s2907","name":"Biskupice Majątek","bus":1,"tram":0,"rail":0,"n":1,"imp":0.027,"node":0,"deg":2,"term":0,"major":0},"geometry":{"type":"Point","coordinates":[20.839333,52.187611]}},{"type":"Feature","properties":{"id":"s2908","name":"Biskupice OSP","bus":1,"tram":0,"rail":0,"n":1,"imp":0.027,"node":0,"deg":2,"term":0,"major":0},"geometry":{"type":"Point","coordinates":[20.837792,52.188555]}},{"type":"Feature","properties":{"id":"s2909","name":"Biskupice Wieś","bus":1,"tram":0,"rail":0,"n":1,"imp":0.037,"node":1,"deg":3,"term":0,"major":0},"geometry":{"type":"Point","coordinates":[20.83471,52.190444]}},{"type":"Feature","properties":{"id":"s2910","name":"Biskupice Wieś","bus":1,"tram":0,"rail":0,"n":1,"imp":0.027,"node":0,"deg":2,"term":0,"major":0},"geometry":{"type":"Point","coordinates":[20.836251,52.189499]}},{"type":"Feature","properties":{"id":"s2911","name":"Błonie Batalionów Chłopskich","bus":1,"tram":0,"rail":0,"n":2,"imp":0.035,"node":0,"deg":2,"term":0,"major":0},"geometry":{"type":"Point","coordinates":[20.824437,52.206392]}},{"type":"Feature","properties":{"id":"s2912","name":"Błonie Batalionów Chłopskich","bus":1,"tram":0,"rail":0,"n":2,"imp":0.035,"node":0,"deg":2,"term":0,"major":0},"geometry":{"type":"Point","coordinates":[20.822383,52.205972]}},{"type":"Feature","properties":{"id":"s2913","name":"Błonie Centrum Sportu","bus":1,"tram":0,"rail":0,"n":1,"imp":0.039,"node":1,"deg":2,"term":1,"major":0},"geometry":{"type":"Point","coordinates":[20.824437,52.19548]}},{"type":"Feature","properties":{"id":"s2914","name":"Błonie Dawtona","bus":1,"tram":0,"rail":0,"n":2,"imp":0.035,"node":0,"deg":2,"term":0,"major":0},"geometry":{"type":"Point","coordinates":[20.818274,52.197998]}},{"type":"Feature","properties":{"id":"s2915","name":"Błonie Dawtona","bus":1,"tram":0,"rail":0,"n":2,"imp":0.035,"node":0,"deg":2,"term":0,"major":0},"geometry":{"type":"Point","coordinates":[20.819301,52.196739]}},{"type":"Feature","properties":{"id":"s2916","name":"Błonie Fabryczna","bus":1,"tram":0,"rail":0,"n":2,"imp":0.045,"node":1,"deg":3,"term":0,"major":0},"geometry":{"type":"Point","coordinates":[20.822383,52.191703]}},{"type":"Feature","properties":{"id":"s2917","name":"Błonie Fabryczna","bus":1,"tram":0,"rail":0,"n":2,"imp":0.045,"node":1,"deg":3,"term":0,"major":0},"geometry":{"type":"Point","coordinates":[20.820328,52.190444]}},{"type":"Feature","properties":{"id":"s2918","name":"Błonie Harcerska","bus":1,"tram":0,"rail":0,"n":9,"imp":0.101,"node":1,"deg":3,"term":0,"major":1},"geometry":{"type":"Point","coordinates":[20.820328,52.199257]}},{"type":"Feature","properties":{"id":"s2919","name":"Błonie Harcerska","bus":1,"tram":0,"rail":0,"n":9,"imp":0.111,"node":1,"deg":4,"term":0,"major":1},"geometry":{"type":"Point","coordinates":[20.820328,52.196739]}},{"type":"Feature","properties":{"id":"s2920","name":"Błonie Hotel Derby","bus":1,"tram":0,"rail":0,"n":2,"imp":0.045,"node":1,"deg":3,"term":0,"major":0},"geometry":{"type":"Point","coordinates":[20.828546,52.201775]}},{"type":"Feature","properties":{"id":"s2921","name":"Błonie Hotel Derby","bus":1,"tram":0,"rail":0,"n":2,"imp":0.035,"node":0,"deg":2,"term":0,"major":0},"geometry":{"type":"Point","coordinates":[20.826492,52.202369]}},{"type":"Feature","properties":{"id":"s2922","name":"Błonie Kwiatowa","bus":1,"tram":0,"rail":0,"n":2,"imp":0.035,"node":0,"deg":2,"term":0,"major":0},"geometry":{"type":"Point","coordinates":[20.818958,52.198418]}},{"type":"Feature","properties":{"id":"s2923","name":"Błonie Kwiatowa","bus":1,"tram":0,"rail":0,"n":2,"imp":0.035,"node":0,"deg":2,"term":0,"major":0},"geometry":{"type":"Point","coordinates":[20.819643,52.196739]}},{"type":"Feature","properties":{"id":"s2924","name":"Błonie Kwiatów Polnych","bus":1,"tram":0,"rail":0,"n":1,"imp":0.027,"node":0,"deg":2,"term":0,"major":0},"geometry":{"type":"Point","coordinates":[20.822082,52.194036]}},{"type":"Feature","properties":{"id":"s2925","name":"Błonie Łąki I","bus":1,"tram":0,"rail":0,"n":2,"imp":0.035,"node":0,"deg":2,"term":0,"major":0},"geometry":{"type":"Point","coordinates":[20.827314,52.198753]}},{"type":"Feature","properties":{"id":"s2926","name":"Błonie Łąki I","bus":1,"tram":0,"rail":0,"n":2,"imp":0.035,"node":0,"deg":2,"term":0,"major":0},"geometry":{"type":"Point","coordinates":[20.827895,52.200516]}},{"type":"Feature","properties":{"id":"s2927","name":"Błonie Łąki II","bus":1,"tram":0,"rail":0,"n":2,"imp":0.035,"node":0,"deg":2,"term":0,"major":0},"geometry":{"type":"Point","coordinates":[20.828136,52.19825]}},{"type":"Feature","properties":{"id":"s2928","name":"Błonie Łąki II","bus":1,"tram":0,"rail":0,"n":2,"imp":0.035,"node":0,"deg":2,"term":0,"major":0},"geometry":{"type":"Point","coordinates":[20.829298,52.200516]}},{"type":"Feature","properties":{"id":"s2929","name":"Błonie Mokra","bus":1,"tram":0,"rail":0,"n":1,"imp":0.027,"node":0,"deg":2,"term":0,"major":0},"geometry":{"type":"Point","coordinates":[20.822383,52.19472]}},{"type":"Feature","properties":{"id":"s2930","name":"Błonie Mokra","bus":1,"tram":0,"rail":0,"n":1,"imp":0.027,"node":0,"deg":2,"term":0,"major":0},"geometry":{"type":"Point","coordinates":[20.824136,52.194405]}},{"type":"Feature","properties":{"id":"s2931","name":"Błonie Narutowicza","bus":1,"tram":0,"rail":0,"n":6,"imp":0.087,"node":1,"deg":4,"term":0,"major":0},"geometry":{"type":"Point","coordinates":[20.824437,52.201775]}},{"type":"Feature","properties":{"id":"s2932","name":"Błonie Narutowicza","bus":1,"tram":0,"rail":0,"n":4,"imp":0.051,"node":0,"deg":2,"term":0,"major":0},"geometry":{"type":"Point","coordinates":[20.824437,52.200516]}},{"type":"Feature","properties":{"id":"s2933","name":"Błonie Nowakowskiego","bus":1,"tram":0,"rail":0,"n":11,"imp":0.184,"node":1,"deg":10,"term":0,"major":1},"geometry":{"type":"Point","coordinates":[20.826492,52.200516]}},{"type":"Feature","properties":{"id":"s2934","name":"Błonie Nowakowskiego","bus":1,"tram":0,"rail":0,"n":5,"imp":0.088,"node":1,"deg":5,"term":0,"major":0},"geometry":{"type":"Point","coordinates":[20.826492,52.199257]}},{"type":"Feature","properties":{"id":"s2935","name":"Błonie Okrzei","bus":1,"tram":0,"rail":0,"n":2,"imp":0.045,"node":1,"deg":3,"term":0,"major":0},"geometry":{"type":"Point","coordinates":[20.830601,52.197998]}},{"type":"Feature","properties":{"id":"s2936","name":"Błonie Okrzei","bus":1,"tram":0,"rail":0,"n":4,"imp":0.071,"node":1,"deg":4,"term":0,"major":0},"geometry":{"type":"Point","coordinates":[20.824437,52.199257]}},{"type":"Feature","properties":{"id":"s2937","name":"Błonie Olymp","bus":1,"tram":0,"rail":0,"n":2,"imp":0.035,"node":0,"deg":2,"term":0,"major":0},"geometry":{"type":"Point","coordinates":[20.824437,52.205972]}},{"type":"Feature","properties":{"id":"s2938","name":"Błonie Olymp","bus":1,"tram":0,"rail":0,"n":2,"imp":0.035,"node":0,"deg":2,"term":0,"major":0},"geometry":{"type":"Point","coordinates":[20.822383,52.205133]}},{"type":"Feature","properties":{"id":"s2939","name":"Błonie Passowska","bus":1,"tram":0,"rail":0,"n":3,"imp":0.053,"node":1,"deg":3,"term":0,"major":0},"geometry":{"type":"Point","coordinates":[20.818274,52.203034]}},{"type":"Feature","properties":{"id":"s2940","name":"Błonie Passowska","bus":1,"tram":0,"rail":0,"n":3,"imp":0.053,"node":1,"deg":3,"term":0,"major":0},"geometry":{"type":"Point","coordinates":[20.818274,52.204293]}},{"type":"Feature","properties":{"id":"s2941","name":"Błonie PEKAES","bus":1,"tram":0,"rail":0,"n":2,"imp":0.045,"node":1,"deg":3,"term":0,"major":0},"geometry":{"type":"Point","coordinates":[20.824437,52.206811]}},{"type":"Feature","properties":{"id":"s2942","name":"Błonie PEKAES","bus":1,"tram":0,"rail":0,"n":2,"imp":0.045,"node":1,"deg":3,"term":0,"major":0},"geometry":{"type":"Point","coordinates":[20.822383,52.206811]}},{"type":"Feature","properties":{"id":"s2943","name":"Błonie Piaskowa","bus":1,"tram":0,"rail":0,"n":3,"imp":0.043,"node":0,"deg":2,"term":0,"major":0},"geometry":{"type":"Point","coordinates":[20.817246,52.203664]}},{"type":"Feature","properties":{"id":"s2944","name":"Błonie Piaskowa","bus":1,"tram":0,"rail":0,"n":3,"imp":0.043,"node":0,"deg":2,"term":0,"major":0},"geometry":{"type":"Point","coordinates":[20.817246,52.204923]}},{"type":"Feature","properties":{"id":"s2945","name":"Błonie Piłsudskiego Przedszkole","bus":1,"tram":0,"rail":0,"n":2,"imp":0.059,"node":1,"deg":2,"term":1,"major":0},"geometry":{"type":"Point","coordinates":[20.828546,52.194221]}},{"type":"Feature","properties":{"id":"s2946","name":"Błonie PKP","bus":1,"tram":0,"rail":0,"n":9,"imp":0.207,"node":1,"deg":9,"term":1,"major":1},"geometry":{"type":"Point","coordinates":[20.822383,52.19548]}},{"type":"Feature","properties":{"id":"s2947","name":"Błonie PKP","bus":1,"tram":0,"rail":0,"n":4,"imp":0.09,"node":1,"deg":1,"term":1,"major":0},"geometry":{"type":"Point","coordinates":[20.820328,52.194221]}},{"type":"Feature","properties":{"id":"s2948","name":"Błonie Pogodna","bus":1,"tram":0,"rail":0,"n":1,"imp":0.027,"node":0,"deg":2,"term":0,"major":0},"geometry":{"type":"Point","coordinates":[20.821205,52.193499]}},{"type":"Feature","properties":{"id":"s2949","name":"Błonie Pogodna","bus":1,"tram":0,"rail":0,"n":1,"imp":0.027,"node":0,"deg":2,"term":0,"major":0},"geometry":{"type":"Point","coordinates":[20.826492,52.191963]}},{"type":"Feature","properties":{"id":"s2950","name":"Błonie Polna","bus":1,"tram":0,"rail":0,"n":2,"imp":0.045,"node":1,"deg":3,"term":0,"major":0},"geometry":{"type":"Point","coordinates":[20.824437,52.205552]}},{"type":"Feature","properties":{"id":"s2951","name":"Błonie Polna","bus":1,"tram":0,"rail":0,"n":2,"imp":0.045,"node":1,"deg":3,"term":0,"major":0},"geometry":{"type":"Point","coordinates":[20.822383,52.204293]}},{"type":"Feature","properties":{"id":"s2952","name":"Błonie-Rokitno PKP","bus":1,"tram":0,"rail":0,"n":2,"imp":0.035,"node":0,"deg":2,"term":0,"major":0},"geometry":{"type":"Point","coordinates":[20.828957,52.197746]}},{"type":"Feature","properties":{"id":"s2953","name":"Błonie-Rokitno PKP","bus":1,"tram":0,"rail":0,"n":2,"imp":0.035,"node":0,"deg":2,"term":0,"major":0},"geometry":{"type":"Point","coordinates":[20.830672,52.200473]}},{"type":"Feature","properties":{"id":"s2954","name":"Błonie Słoneczna","bus":1,"tram":0,"rail":0,"n":1,"imp":0.027,"node":0,"deg":2,"term":0,"major":0},"geometry":{"type":"Point","coordinates":[20.82589,52.193331]}},{"type":"Feature","properties":{"id":"s2955","name":"Błonie Stadion","bus":1,"tram":0,"rail":0,"n":9,"imp":0.101,"node":1,"deg":3,"term":0,"major":1},"geometry":{"type":"Point","coordinates":[20.824437,52.200516]}},{"type":"Feature","properties":{"id":"s2956","name":"Błonie Stadion","bus":1,"tram":0,"rail":0,"n":9,"imp":0.111,"node":1,"deg":4,"term":0,"major":1},"geometry":{"type":"Point","coordinates":[20.826492,52.196739]}},{"type":"Feature","properties":{"id":"s2957","name":"Błonie Szkoła Nr 2","bus":1,"tram":0,"rail":0,"n":6,"imp":0.099,"node":1,"deg":4,"term":1,"major":0},"geometry":{"type":"Point","coordinates":[20.822383,52.201775]}},{"type":"Feature","properties":{"id":"s2958","name":"Błonie Szkoła Nr 2","bus":1,"tram":0,"rail":0,"n":4,"imp":0.073,"node":1,"deg":3,"term":1,"major":0},"geometry":{"type":"Point","coordinates":[20.822383,52.200516]}},{"type":"Feature","properties":{"id":"s2959","name":"Błonie Towarowa","bus":1,"tram":0,"rail":0,"n":2,"imp":0.035,"node":0,"deg":2,"term":0,"major":0},"geometry":{"type":"Point","coordinates":[20.819643,52.198837]}},{"type":"Feature","properties":{"id":"s2960","name":"Błonie Towarowa","bus":1,"tram":0,"rail":0,"n":2,"imp":0.035,"node":0,"deg":2,"term":0,"major":0},"geometry":{"type":"Point","coordinates":[20.819986,52.196739]}},{"type":"Feature","properties":{"id":"s2961","name":"Błonie Wieś Bieniewicka","bus":1,"tram":0,"rail":0,"n":2,"imp":0.035,"node":0,"deg":2,"term":0,"major":0},"geometry":{"type":"Point","coordinates":[20.817589,52.197578]}},{"type":"Feature","properties":{"id":"s2962","name":"Błonie Wieś Bieniewicka","bus":1,"tram":0,"rail":0,"n":2,"imp":0.035,"node":0,"deg":2,"term":0,"major":0},"geometry":{"type":"Point","coordinates":[20.818958,52.196739]}},{"type":"Feature","properties":{"id":"s2963","name":"Błonie Wyszyńskiego","bus":1,"tram":0,"rail":0,"n":5,"imp":0.088,"node":1,"deg":5,"term":0,"major":0},"geometry":{"type":"Point","coordinates":[20.820328,52.200516]}},{"type":"Feature","properties":{"id":"s2964","name":"Błonie Wyszyńskiego","bus":1,"tram":0,"rail":0,"n":3,"imp":0.063,"node":1,"deg":4,"term":0,"major":0},"geometry":{"type":"Point","coordinates":[20.824437,52.203034]}},{"type":"Feature","properties":{"id":"s2965","name":"Bolesławek Dzikiej Kaczki","bus":1,"tram":0,"rail":0,"n":1,"imp":0.027,"node":0,"deg":2,"term":0,"major":0},"geometry":{"type":"Point","coordinates":[20.847723,52.14218]}},{"type":"Feature","properties":{"id":"s2966","name":"Bolesławek Dzikiej Kaczki","bus":1,"tram":0,"rail":0,"n":1,"imp":0.027,"node":0,"deg":2,"term":0,"major":0},"geometry":{"type":"Point","coordinates":[20.846825,52.14273]}},{"type":"Feature","properties":{"id":"s2967","name":"Bolesławek Nad Potokiem","bus":1,"tram":0,"rail":0,"n":1,"imp":0.027,"node":0,"deg":2,"term":0,"major":0},"geometry":{"type":"Point","coordinates":[20.846353,52.14302]}},{"type":"Feature","properties":{"id":"s2968","name":"Bolesławek Nad Potokiem","bus":1,"tram":0,"rail":0,"n":1,"imp":0.027,"node":0,"deg":2,"term":0,"major":0},"geometry":{"type":"Point","coordinates":[20.844558,52.14412]}},{"type":"Feature","properties":{"id":"s2969","name":"Borzęcin Duży Kosmowska I","bus":1,"tram":0,"rail":0,"n":1,"imp":0.027,"node":0,"deg":2,"term":0,"major":0},"geometry":{"type":"Point","coordinates":[20.846917,52.221846]}},{"type":"Feature","properties":{"id":"s2970","name":"Borzęcin Duży Kosmowska I","bus":1,"tram":0,"rail":0,"n":1,"imp":0.027,"node":0,"deg":2,"term":0,"major":0},"geometry":{"type":"Point","coordinates":[20.847108,52.220704]}},{"type":"Feature","properties":{"id":"s2971","name":"Borzęcin Duży Kosmowska II","bus":1,"tram":0,"rail":0,"n":1,"imp":0.027,"node":0,"deg":2,"term":0,"major":0},"geometry":{"type":"Point","coordinates":[20.845344,52.220882]}},{"type":"Feature","properties":{"id":"s2972","name":"Borzęcin Duży Kosmowska II","bus":1,"tram":0,"rail":0,"n":1,"imp":0.027,"node":0,"deg":2,"term":0,"major":0},"geometry":{"type":"Point","coordinates":[20.845124,52.219488]}},{"type":"Feature","properties":{"id":"s2973","name":"Borzęcin Duży Spacerowa","bus":1,"tram":0,"rail":0,"n":1,"imp":0.027,"node":0,"deg":2,"term":0,"major":0},"geometry":{"type":"Point","coordinates":[20.851832,52.226956]}},{"type":"Feature","properties":{"id":"s2974","name":"Borzęcin Duży Trakt Królewski","bus":1,"tram":0,"rail":0,"n":1,"imp":0.027,"node":0,"deg":2,"term":0,"major":0},"geometry":{"type":"Point","coordinates":[20.854571,52.226956]}},{"type":"Feature","properties":{"id":"s2975","name":"Borzęcin Duży Trakt Królewski","bus":1,"tram":0,"rail":0,"n":1,"imp":0.027,"node":0,"deg":2,"term":0,"major":0},"geometry":{"type":"Point","coordinates":[20.853201,52.226956]}},{"type":"Feature","properties":{"id":"s2976","name":"Borzęcin Mały","bus":1,"tram":0,"rail":0,"n":1,"imp":0.027,"node":0,"deg":2,"term":0,"major":0},"geometry":{"type":"Point","coordinates":[20.843269,52.220661]}},{"type":"Feature","properties":{"id":"s2977","name":"Borzęcin Mały","bus":1,"tram":0,"rail":0,"n":1,"imp":0.027,"node":0,"deg":2,"term":0,"major":0},"geometry":{"type":"Point","coordinates":[20.842377,52.219402]}},{"type":"Feature","properties":{"id":"s2978","name":"Borzęcin Mały Dzikiej Róży","bus":1,"tram":0,"rail":0,"n":1,"imp":0.027,"node":0,"deg":2,"term":0,"major":0},"geometry":{"type":"Point","coordinates":[20.841044,52.220661]}},{"type":"Feature","properties":{"id":"s2979","name":"Borzęcin Mały Dzikiej Róży","bus":1,"tram":0,"rail":0,"n":1,"imp":0.027,"node":0,"deg":2,"term":0,"major":0},"geometry":{"type":"Point","coordinates":[20.839571,52.219402]}},{"type":"Feature","properties":{"id":"s2980","name":"Boża Wola Cicha","bus":1,"tram":0,"rail":0,"n":1,"imp":0.027,"node":0,"deg":2,"term":0,"major":0},"geometry":{"type":"Point","coordinates":[20.808001,52.193339]}},{"type":"Feature","properties":{"id":"s2981","name":"Boża Wola OSP","bus":1,"tram":0,"rail":0,"n":1,"imp":0.027,"node":0,"deg":2,"term":0,"major":0},"geometry":{"type":"Point","coordinates":[20.808001,52.195606]}},{"type":"Feature","properties":{"id":"s2982","name":"Boża Wola Owocowa","bus":1,"tram":0,"rail":0,"n":1,"imp":0.027,"node":0,"deg":2,"term":0,"major":0},"geometry":{"type":"Point","coordinates":[20.808001,52.193331]}},{"type":"Feature","properties":{"id":"s2983","name":"Boża Wola Parkowa","bus":1,"tram":0,"rail":0,"n":1,"imp":0.027,"node":0,"deg":2,"term":0,"major":0},"geometry":{"type":"Point","coordinates":[20.808001,52.194473]}},{"type":"Feature","properties":{"id":"s2984","name":"Boża Wola Szkoła","bus":1,"tram":0,"rail":0,"n":2,"imp":0.054,"node":1,"deg":4,"term":0,"major":0},"geometry":{"type":"Point","coordinates":[20.808001,52.196739]}},{"type":"Feature","properties":{"id":"s2985","name":"Boża Wola Szkoła","bus":1,"tram":0,"rail":0,"n":1,"imp":0.027,"node":0,"deg":2,"term":0,"major":0},"geometry":{"type":"Point","coordinates":[20.808374,52.201546]}},{"type":"Feature","properties":{"id":"s2986","name":"Bramki","bus":1,"tram":0,"rail":0,"n":1,"imp":0.027,"node":0,"deg":2,"term":0,"major":0},"geometry":{"type":"Point","coordinates":[20.805386,52.203378]}},{"type":"Feature","properties":{"id":"s2987","name":"Bramki","bus":1,"tram":0,"rail":0,"n":1,"imp":0.027,"node":0,"deg":2,"term":0,"major":0},"geometry":{"type":"Point","coordinates":[20.802288,52.200239]}},{"type":"Feature","properties":{"id":"s2990","name":"Bramki DPS","bus":1,"tram":0,"rail":0,"n":1,"imp":0.039,"node":1,"deg":2,"term":1,"major":0},"geometry":{"type":"Point","coordinates":[20.810055,52.201775]}},{"type":"Feature","properties":{"id":"s2991","name":"Bramki Karczma","bus":1,"tram":0,"rail":0,"n":1,"imp":0.027,"node":0,"deg":2,"term":0,"major":0},"geometry":{"type":"Point","coordinates":[20.804639,52.203835]}},{"type":"Feature","properties":{"id":"s2992","name":"Bramki Malownicza","bus":1,"tram":0,"rail":0,"n":1,"imp":0.027,"node":0,"deg":2,"term":0,"major":0},"geometry":{"type":"Point","coordinates":[20.80688,52.202462]}},{"type":"Feature","properties":{"id":"s2993","name":"Bramki Milenijna","bus":1,"tram":0,"rail":0,"n":1,"imp":0.027,"node":0,"deg":2,"term":0,"major":0},"geometry":{"type":"Point","coordinates":[20.804192,52.199073]}},{"type":"Feature","properties":{"id":"s2994","name":"Bramki Milenijna","bus":1,"tram":0,"rail":0,"n":1,"imp":0.027,"node":0,"deg":2,"term":0,"major":0},"geometry":{"type":"Point","coordinates":[20.806133,52.20292]}},{"type":"Feature","properties":{"id":"s2995","name":"Bramki Zaciszna","bus":1,"tram":0,"rail":0,"n":1,"imp":0.027,"node":0,"deg":2,"term":0,"major":0},"geometry":{"type":"Point","coordinates":[20.806097,52.197906]}},{"type":"Feature","properties":{"id":"s2996","name":"Bramki Zaciszna","bus":1,"tram":0,"rail":0,"n":1,"imp":0.027,"node":0,"deg":2,"term":0,"major":0},"geometry":{"type":"Point","coordinates":[20.807627,52.202004]}},{"type":"Feature","properties":{"id":"s2997","name":"Bronisławów Platynowa","bus":1,"tram":0,"rail":0,"n":1,"imp":0.027,"node":0,"deg":2,"term":0,"major":0},"geometry":{"type":"Point","coordinates":[20.808823,52.196235]}},{"type":"Feature","properties":{"id":"s2998","name":"Bronisławów Platynowa","bus":1,"tram":0,"rail":0,"n":1,"imp":0.027,"node":0,"deg":2,"term":0,"major":0},"geometry":{"type":"Point","coordinates":[20.809121,52.201088]}},{"type":"Feature","properties":{"id":"s2999","name":"Bronisze Przyparkowa","bus":1,"tram":0,"rail":0,"n":1,"imp":0.027,"node":0,"deg":2,"term":0,"major":0},"geometry":{"type":"Point","coordinates":[20.875075,52.210143]}},{"type":"Feature","properties":{"id":"s3000","name":"Bronisze Przyparkowa","bus":1,"tram":0,"rail":0,"n":1,"imp":0.037,"node":1,"deg":3,"term":0,"major":0},"geometry":{"type":"Point","coordinates":[20.873747,52.20807]}},{"type":"Feature","properties":{"id":"s3001","name":"Brwinów Biskupicka / Armii Krajowej","bus":1,"tram":0,"rail":0,"n":4,"imp":0.071,"node":1,"deg":4,"term":0,"major":0},"geometry":{"type":"Point","coordinates":[20.842929,52.182889]}},{"type":"Feature","properties":{"id":"s3002","name":"Brwinów Biskupicka / Armii Krajowej","bus":1,"tram":0,"rail":0,"n":4,"imp":0.061,"node":1,"deg":3,"term":0,"major":0},"geometry":{"type":"Point","coordinates":[20.842929,52.18163]}},{"type":"Feature","properties":{"id":"s3003","name":"Brwinów Ciechanowska","bus":1,"tram":0,"rail":0,"n":4,"imp":0.051,"node":0,"deg":2,"term":0,"major":0},"geometry":{"type":"Point","coordinates":[20.842929,52.183519]}},{"type":"Feature","properties":{"id":"s3004","name":"Brwinów Ciechanowska","bus":1,"tram":0,"rail":0,"n":4,"imp":0.051,"node":0,"deg":2,"term":0,"major":0},"geometry":{"type":"Point","coordinates":[20.842929,52.184409]}},{"type":"Feature","properties":{"id":"s3005","name":"Brwinów Glinki","bus":1,"tram":0,"rail":0,"n":4,"imp":0.061,"node":1,"deg":3,"term":0,"major":0},"geometry":{"type":"Point","coordinates":[20.842929,52.184148]}},{"type":"Feature","properties":{"id":"s3006","name":"Brwinów Glinki","bus":1,"tram":0,"rail":0,"n":4,"imp":0.061,"node":1,"deg":3,"term":0,"major":0},"geometry":{"type":"Point","coordinates":[20.840874,52.186667]}},{"type":"Feature","properties":{"id":"s3007","name":"Brwinów Graniczna / Pszczelińska","bus":1,"tram":0,"rail":0,"n":1,"imp":0.027,"node":0,"deg":2,"term":0,"major":0},"geometry":{"type":"Point","coordinates":[20.852174,52.179742]}},{"type":"Feature","properties":{"id":"s3008","name":"Brwinów Graniczna / Pszczelińska","bus":1,"tram":0,"rail":0,"n":1,"imp":0.027,"node":0,"deg":2,"term":0,"major":0},"geometry":{"type":"Point","coordinates":[20.852759,52.178841]}},{"type":"Feature","properties":{"id":"s3009","name":"Brwinów Graniczna / Rodzinna","bus":1,"tram":0,"rail":0,"n":1,"imp":0.027,"node":0,"deg":2,"term":0,"major":0},"geometry":{"type":"Point","coordinates":[20.853201,52.180371]}},{"type":"Feature","properties":{"id":"s3010","name":"Brwinów Grodziska / Sportowa","bus":1,"tram":0,"rail":0,"n":3,"imp":0.043,"node":0,"deg":2,"term":0,"major":0},"geometry":{"type":"Point","coordinates":[20.84601,52.177224]}},{"type":"Feature","properties":{"id":"s3011","name":"Brwinów Grodziska / Sportowa","bus":1,"tram":0,"rail":0,"n":5,"imp":0.069,"node":1,"deg":3,"term":0,"major":0},"geometry":{"type":"Point","coordinates":[20.849092,52.176594]}},{"type":"Feature","properties":{"id":"s3012","name":"Brwinów Grodziska / Sportowa","bus":1,"tram":0,"rail":0,"n":5,"imp":0.059,"node":0,"deg":2,"term":0,"major":0},"geometry":{"type":"Point","coordinates":[20.847038,52.176594]}},{"type":"Feature","properties":{"id":"s3013","name":"Brwinów Osiedle Pszczelin","bus":1,"tram":0,"rail":0,"n":2,"imp":0.045,"node":1,"deg":3,"term":0,"major":0},"geometry":{"type":"Point","coordinates":[20.855256,52.177853]}},{"type":"Feature","properties":{"id":"s3014","name":"Brwinów Osiedle Pszczelin","bus":1,"tram":0,"rail":0,"n":2,"imp":0.035,"node":0,"deg":2,"term":0,"major":0},"geometry":{"type":"Point","coordinates":[20.854229,52.177853]}},{"type":"Feature","properties":{"id":"s3015","name":"Brwinów OSP","bus":1,"tram":0,"rail":0,"n":3,"imp":0.053,"node":1,"deg":3,"term":0,"major":0},"geometry":{"type":"Point","coordinates":[20.851147,52.179112]}},{"type":"Feature","properties":{"id":"s3016","name":"Brwinów OSP","bus":1,"tram":0,"rail":0,"n":7,"imp":0.143,"node":1,"deg":4,"term":1,"major":1},"geometry":{"type":"Point","coordinates":[20.851147,52.177853]}},{"type":"Feature","properties":{"id":"s3017","name":"Brwinów OSP","bus":1,"tram":0,"rail":0,"n":4,"imp":0.09,"node":1,"deg":1,"term":1,"major":0},"geometry":{"type":"Point","coordinates":[20.851147,52.18163]}},{"type":"Feature","properties":{"id":"s3018","name":"Brwinów Parzniewska","bus":1,"tram":0,"rail":0,"n":2,"imp":0.035,"node":0,"deg":2,"term":0,"major":0},"geometry":{"type":"Point","coordinates":[20.8528,52.179112]}},{"type":"Feature","properties":{"id":"s3019","name":"Brwinów Parzniewska","bus":1,"tram":0,"rail":0,"n":2,"imp":0.035,"node":0,"deg":2,"term":0,"major":0},"geometry":{"type":"Point","coordinates":[20.852174,52.177853]}},{"type":"Feature","properties":{"id":"s3020","name":"Brwinów Pedagogiczna","bus":1,"tram":0,"rail":0,"n":2,"imp":0.035,"node":0,"deg":2,"term":0,"major":0},"geometry":{"type":"Point","coordinates":[20.854087,52.17857]}},{"type":"Feature","properties":{"id":"s3021","name":"Brwinów Pedagogiczna","bus":1,"tram":0,"rail":0,"n":2,"imp":0.035,"node":0,"deg":2,"term":0,"major":0},"geometry":{"type":"Point","coordinates":[20.853201,52.177853]}},{"type":"Feature","properties":{"id":"s3022","name":"Brwinów Pruszkowska / Graniczna","bus":1,"tram":0,"rail":0,"n":1,"imp":0.027,"node":0,"deg":2,"term":0,"major":0},"geometry":{"type":"Point","coordinates":[20.854371,52.179829]}},{"type":"Feature","properties":{"id":"s3023","name":"Brwinów Rynek","bus":1,"tram":0,"rail":0,"n":5,"imp":0.146,"node":1,"deg":6,"term":1,"major":1},"geometry":{"type":"Point","coordinates":[20.847038,52.180371]}},{"type":"Feature","properties":{"id":"s3024","name":"Brwinów Sochaczewska Osiedle","bus":1,"tram":0,"rail":0,"n":2,"imp":0.054,"node":1,"deg":4,"term":0,"major":0},"geometry":{"type":"Point","coordinates":[20.844983,52.18163]}},{"type":"Feature","properties":{"id":"s3025","name":"Brwinów Sochaczewska Osiedle","bus":1,"tram":0,"rail":0,"n":1,"imp":0.027,"node":0,"deg":2,"term":0,"major":0},"geometry":{"type":"Point","coordinates":[20.845668,52.181211]}},{"type":"Feature","properties":{"id":"s3026","name":"Brwinów Sportowa / Leśna","bus":1,"tram":0,"rail":0,"n":3,"imp":0.043,"node":0,"deg":2,"term":0,"major":0},"geometry":{"type":"Point","coordinates":[20.852901,52.17426]}},{"type":"Feature","properties":{"id":"s3027","name":"Brwinów Sportowa / Leśna","bus":1,"tram":0,"rail":0,"n":5,"imp":0.069,"node":1,"deg":3,"term":0,"major":0},"geometry":{"type":"Point","coordinates":[20.851147,52.174076]}},{"type":"Feature","properties":{"id":"s3028","name":"Brwinów Św. Jerzego Formika","bus":1,"tram":0,"rail":0,"n":1,"imp":0.027,"node":0,"deg":2,"term":0,"major":0},"geometry":{"type":"Point","coordinates":[20.852321,52.187206]}},{"type":"Feature","properties":{"id":"s3029","name":"Brwinów Św. Jerzego Hupac Terminal","bus":1,"tram":0,"rail":0,"n":1,"imp":0.027,"node":0,"deg":2,"term":0,"major":0},"geometry":{"type":"Point","coordinates":[20.852027,52.187386]}},{"type":"Feature","properties":{"id":"s3030","name":"Brwinów Św. Jerzego JMP Biedronka","bus":1,"tram":0,"rail":0,"n":1,"imp":0.027,"node":0,"deg":2,"term":0,"major":0},"geometry":{"type":"Point","coordinates":[20.852614,52.187026]}},{"type":"Feature","properties":{"id":"s3031","name":"Brwinów Św. Jerzego JMP Biedronka","bus":1,"tram":0,"rail":0,"n":1,"imp":0.027,"node":0,"deg":2,"term":0,"major":0},"geometry":{"type":"Point","coordinates":[20.851734,52.187566]}},{"type":"Feature","properties":{"id":"s3032","name":"Brwinów Szkoła Nr 1","bus":1,"tram":0,"rail":0,"n":1,"imp":0.037,"node":1,"deg":3,"term":0,"major":0},"geometry":{"type":"Point","coordinates":[20.840874,52.18163]}},{"type":"Feature","properties":{"id":"s3033","name":"Brwinów Szkoła Nr 1","bus":1,"tram":0,"rail":0,"n":1,"imp":0.027,"node":0,"deg":2,"term":0,"major":0},"geometry":{"type":"Point","coordinates":[20.846353,52.180791]}},{"type":"Feature","properties":{"id":"s3034","name":"Brwinów Urząd Miejski","bus":1,"tram":0,"rail":0,"n":8,"imp":0.112,"node":1,"deg":5,"term":0,"major":1},"geometry":{"type":"Point","coordinates":[20.847038,52.177853]}},{"type":"Feature","properties":{"id":"s3035","name":"Brwinów Urząd Miejski","bus":1,"tram":0,"rail":0,"n":5,"imp":0.059,"node":0,"deg":2,"term":0,"major":0},"geometry":{"type":"Point","coordinates":[20.85012,52.177224]}},{"type":"Feature","properties":{"id":"s3036","name":"Brwinów Wilsona / Lilpopa","bus":1,"tram":0,"rail":0,"n":2,"imp":0.035,"node":0,"deg":2,"term":0,"major":0},"geometry":{"type":"Point","coordinates":[20.851147,52.175965]}},{"type":"Feature","properties":{"id":"s3037","name":"Brwinów Zespół Szkół Ogólnokształcących","bus":1,"tram":0,"rail":0,"n":3,"imp":0.043,"node":0,"deg":2,"term":0,"major":0},"geometry":{"type":"Point","coordinates":[20.850996,52.175427]}},{"type":"Feature","properties":{"id":"s3038","name":"Brwinów Zespół Szkół Ogólnokształcących","bus":1,"tram":0,"rail":0,"n":5,"imp":0.083,"node":1,"deg":2,"term":1,"major":0},"geometry":{"type":"Point","coordinates":[20.847038,52.175335]}},{"type":"Feature","properties":{"id":"s3042","name":"Cegłów Przedszkole","bus":1,"tram":0,"rail":0,"n":1,"imp":0.027,"node":0,"deg":2,"term":0,"major":0},"geometry":{"type":"Point","coordinates":[20.808001,52.188807]}},{"type":"Feature","properties":{"id":"s3043","name":"Cegłów Rondo","bus":1,"tram":0,"rail":0,"n":1,"imp":0.027,"node":0,"deg":2,"term":0,"major":0},"geometry":{"type":"Point","coordinates":[20.808602,52.190075]}},{"type":"Feature","properties":{"id":"s3044","name":"Cegłów Rondo","bus":1,"tram":0,"rail":0,"n":1,"imp":0.027,"node":0,"deg":2,"term":0,"major":0},"geometry":{"type":"Point","coordinates":[20.808001,52.187674]}},{"type":"Feature","properties":{"id":"s3045","name":"Cegłów Srebrna","bus":1,"tram":0,"rail":0,"n":1,"imp":0.027,"node":0,"deg":2,"term":0,"major":0},"geometry":{"type":"Point","coordinates":[20.81211,52.187557]}},{"type":"Feature","properties":{"id":"s3046","name":"Cegłów Srebrna","bus":1,"tram":0,"rail":0,"n":1,"imp":0.027,"node":0,"deg":2,"term":0,"major":0},"geometry":{"type":"Point","coordinates":[20.808001,52.186541]}},{"type":"Feature","properties":{"id":"s3047","name":"Chlebnia Klub Sportowy","bus":1,"tram":0,"rail":0,"n":1,"imp":0.027,"node":0,"deg":2,"term":0,"major":0},"geometry":{"type":"Point","coordinates":[20.821355,52.179742]}},{"type":"Feature","properties":{"id":"s3048","name":"Chlebnia Klub Sportowy","bus":1,"tram":0,"rail":0,"n":1,"imp":0.027,"node":0,"deg":2,"term":0,"major":0},"geometry":{"type":"Point","coordinates":[20.819863,52.180657]}},{"type":"Feature","properties":{"id":"s3049","name":"Chlebnia Logistyczna H&M","bus":1,"tram":0,"rail":0,"n":2,"imp":0.045,"node":1,"deg":3,"term":0,"major":0},"geometry":{"type":"Point","coordinates":[20.822383,52.18163]}},{"type":"Feature","properties":{"id":"s3050","name":"Chlebnia Logistyczna H&M","bus":1,"tram":0,"rail":0,"n":2,"imp":0.045,"node":1,"deg":3,"term":0,"major":0},"geometry":{"type":"Point","coordinates":[20.824437,52.180371]}},{"type":"Feature","properties":{"id":"s3051","name":"Chlebnia Logistyczna Raben","bus":1,"tram":0,"rail":0,"n":2,"imp":0.035,"node":1,"deg":2,"term":0,"major":0},"geometry":{"type":"Point","coordinates":[20.820328,52.18163]}},{"type":"Feature","properties":{"id":"s3052","name":"Chlebnia Logistyczna Raben","bus":1,"tram":0,"rail":0,"n":1,"imp":0.027,"node":0,"deg":2,"term":0,"major":0},"geometry":{"type":"Point","coordinates":[20.824437,52.18315]}},{"type":"Feature","properties":{"id":"s3053","name":"Chlebnia nr 1","bus":1,"tram":0,"rail":0,"n":1,"imp":0.027,"node":0,"deg":2,"term":0,"major":0},"geometry":{"type":"Point","coordinates":[20.825465,52.177224]}},{"type":"Feature","properties":{"id":"s3054","name":"Chlebnia nr 1","bus":1,"tram":0,"rail":0,"n":1,"imp":0.027,"node":0,"deg":2,"term":0,"major":0},"geometry":{"type":"Point","coordinates":[20.823314,52.179112]}},{"type":"Feature","properties":{"id":"s3055","name":"Chlebnia nr 28","bus":1,"tram":0,"rail":0,"n":1,"imp":0.027,"node":0,"deg":2,"term":0,"major":0},"geometry":{"type":"Point","coordinates":[20.824437,52.177853]}},{"type":"Feature","properties":{"id":"s3056","name":"Chlebnia nr 28","bus":1,"tram":0,"rail":0,"n":1,"imp":0.027,"node":0,"deg":2,"term":0,"major":0},"geometry":{"type":"Point","coordinates":[20.822246,52.179196]}},{"type":"Feature","properties":{"id":"s3057","name":"Chlebnia nr 40","bus":1,"tram":0,"rail":0,"n":1,"imp":0.027,"node":0,"deg":2,"term":0,"major":0},"geometry":{"type":"Point","coordinates":[20.82341,52.178483]}},{"type":"Feature","properties":{"id":"s3058","name":"Chlebnia nr 40","bus":1,"tram":0,"rail":0,"n":1,"imp":0.027,"node":0,"deg":2,"term":0,"major":0},"geometry":{"type":"Point","coordinates":[20.821452,52.179683]}},{"type":"Feature","properties":{"id":"s3059","name":"Chlebnia Świetlica","bus":1,"tram":0,"rail":0,"n":1,"imp":0.027,"node":0,"deg":2,"term":0,"major":0},"geometry":{"type":"Point","coordinates":[20.822383,52.179112]}},{"type":"Feature","properties":{"id":"s3060","name":"Chlebnia Świetlica","bus":1,"tram":0,"rail":0,"n":1,"imp":0.027,"node":0,"deg":2,"term":0,"major":0},"geometry":{"type":"Point","coordinates":[20.820657,52.18017]}},{"type":"Feature","properties":{"id":"s3061","name":"Chodakówek","bus":1,"tram":0,"rail":0,"n":1,"imp":0.027,"node":0,"deg":2,"term":0,"major":0},"geometry":{"type":"Point","coordinates":[20.778986,52.21673]}},{"type":"Feature","properties":{"id":"s3062","name":"Chodakówek","bus":1,"tram":0,"rail":0,"n":1,"imp":0.027,"node":0,"deg":2,"term":0,"major":0},"geometry":{"type":"Point","coordinates":[20.779733,52.215625]}},{"type":"Feature","properties":{"id":"s3063","name":"Cholewy","bus":1,"tram":0,"rail":0,"n":1,"imp":0.027,"node":0,"deg":2,"term":0,"major":0},"geometry":{"type":"Point","coordinates":[20.817409,52.2086]}},{"type":"Feature","properties":{"id":"s3064","name":"Cholewy II","bus":1,"tram":0,"rail":0,"n":1,"imp":0.027,"node":0,"deg":2,"term":0,"major":0},"geometry":{"type":"Point","coordinates":[20.8173,52.208667]}},{"type":"Feature","properties":{"id":"s3065","name":"Cholewy III","bus":1,"tram":0,"rail":0,"n":1,"imp":0.027,"node":0,"deg":2,"term":0,"major":0},"geometry":{"type":"Point","coordinates":[20.817192,52.208733]}},{"type":"Feature","properties":{"id":"s3066","name":"Cholewy IV","bus":1,"tram":0,"rail":0,"n":1,"imp":0.027,"node":0,"deg":2,"term":0,"major":0},"geometry":{"type":"Point","coordinates":[20.817084,52.208799]}},{"type":"Feature","properties":{"id":"s3067","name":"Cholewy V","bus":1,"tram":0,"rail":0,"n":1,"imp":0.027,"node":0,"deg":2,"term":0,"major":0},"geometry":{"type":"Point","coordinates":[20.817517,52.208534]}},{"type":"Feature","properties":{"id":"s3068","name":"Cholewy V","bus":1,"tram":0,"rail":0,"n":1,"imp":0.027,"node":0,"deg":2,"term":0,"major":0},"geometry":{"type":"Point","coordinates":[20.816976,52.208866]}},{"type":"Feature","properties":{"id":"s3069","name":"Chrzanów Duży","bus":1,"tram":0,"rail":0,"n":2,"imp":0.035,"node":0,"deg":2,"term":0,"major":0},"geometry":{"type":"Point","coordinates":[20.826492,52.177434]}},{"type":"Feature","properties":{"id":"s3070","name":"Chrzanów Duży","bus":1,"tram":0,"rail":0,"n":2,"imp":0.035,"node":0,"deg":2,"term":0,"major":0},"geometry":{"type":"Point","coordinates":[20.82356,52.17965]}},{"type":"Feature","properties":{"id":"s3071","name":"Chrzanów Mały","bus":1,"tram":0,"rail":0,"n":1,"imp":0.027,"node":0,"deg":2,"term":0,"major":0},"geometry":{"type":"Point","coordinates":[20.829787,52.18087]}},{"type":"Feature","properties":{"id":"s3072","name":"Chrzanów Mały","bus":1,"tram":0,"rail":0,"n":1,"imp":0.027,"node":0,"deg":2,"term":0,"major":0},"geometry":{"type":"Point","coordinates":[20.830601,52.181945]}},{"type":"Feature","properties":{"id":"s3073","name":"Chrzanów Mały Chopina","bus":1,"tram":0,"rail":0,"n":1,"imp":0.027,"node":0,"deg":2,"term":0,"major":0},"geometry":{"type":"Point","coordinates":[20.830601,52.178928]}},{"type":"Feature","properties":{"id":"s3074","name":"Chrzanów Mały Chopina","bus":1,"tram":0,"rail":0,"n":1,"imp":0.027,"node":0,"deg":2,"term":0,"major":0},"geometry":{"type":"Point","coordinates":[20.830601,52.180057]}},{"type":"Feature","properties":{"id":"s3075","name":"Chrzanów Mały Chrzanowska","bus":1,"tram":0,"rail":0,"n":2,"imp":0.045,"node":1,"deg":3,"term":0,"major":0},"geometry":{"type":"Point","coordinates":[20.830601,52.177853]}},{"type":"Feature","properties":{"id":"s3076","name":"Chrzanów Mały Chrzanowska","bus":1,"tram":0,"rail":0,"n":2,"imp":0.045,"node":1,"deg":3,"term":0,"major":0},"geometry":{"type":"Point","coordinates":[20.830601,52.179112]}},{"type":"Feature","properties":{"id":"s3077","name":"Chrzanów Mały Deserowa","bus":1,"tram":0,"rail":0,"n":1,"imp":0.037,"node":1,"deg":3,"term":0,"major":0},"geometry":{"type":"Point","coordinates":[20.830601,52.182889]}},{"type":"Feature","properties":{"id":"s3078","name":"Chrzanów Mały Deserowa","bus":1,"tram":0,"rail":0,"n":1,"imp":0.037,"node":1,"deg":3,"term":0,"major":0},"geometry":{"type":"Point","coordinates":[20.828546,52.18163]}},{"type":"Feature","properties":{"id":"s3079","name":"Chrzanów Mały Tuwima","bus":1,"tram":0,"rail":0,"n":1,"imp":0.027,"node":0,"deg":2,"term":0,"major":0},"geometry":{"type":"Point","coordinates":[20.830601,52.180003]}},{"type":"Feature","properties":{"id":"s3080","name":"Chrzanów Mały Tuwima","bus":1,"tram":0,"rail":0,"n":1,"imp":0.027,"node":0,"deg":2,"term":0,"major":0},"geometry":{"type":"Point","coordinates":[20.830601,52.181001]}},{"type":"Feature","properties":{"id":"s3081","name":"Chylice Szkoła","bus":1,"tram":0,"rail":0,"n":1,"imp":0.027,"node":0,"deg":2,"term":0,"major":0},"geometry":{"type":"Point","coordinates":[20.818718,52.16904]}},{"type":"Feature","properties":{"id":"s3082","name":"Chylice Szkoła","bus":1,"tram":0,"rail":0,"n":1,"imp":0.027,"node":0,"deg":2,"term":0,"major":0},"geometry":{"type":"Point","coordinates":[20.817188,52.169705]}},{"type":"Feature","properties":{"id":"s3083","name":"Ciepłe","bus":1,"tram":0,"rail":0,"n":1,"imp":0.027,"node":0,"deg":2,"term":0,"major":0},"geometry":{"type":"Point","coordinates":[20.857311,52.140082]}},{"type":"Feature","properties":{"id":"s3084","name":"Ciepłe","bus":1,"tram":0,"rail":0,"n":1,"imp":0.027,"node":0,"deg":2,"term":0,"major":0},"geometry":{"type":"Point","coordinates":[20.855995,52.141794]}},{"type":"Feature","properties":{"id":"s3085","name":"Czarnów","bus":1,"tram":0,"rail":0,"n":1,"imp":0.027,"node":0,"deg":2,"term":0,"major":0},"geometry":{"type":"Point","coordinates":[20.808001,52.214366]}},{"type":"Feature","properties":{"id":"s3086","name":"Czarnów","bus":1,"tram":0,"rail":0,"n":1,"imp":0.027,"node":0,"deg":2,"term":0,"major":0},"geometry":{"type":"Point","coordinates":[20.809087,52.215625]}},{"type":"Feature","properties":{"id":"s3087","name":"Czarnów OSP / Przedszkole","bus":1,"tram":0,"rail":0,"n":2,"imp":0.045,"node":1,"deg":3,"term":0,"major":0},"geometry":{"type":"Point","coordinates":[20.810055,52.214366]}},{"type":"Feature","properties":{"id":"s3088","name":"Czarnów OSP / Przedszkole","bus":1,"tram":0,"rail":0,"n":1,"imp":0.027,"node":0,"deg":2,"term":0,"major":0},"geometry":{"type":"Point","coordinates":[20.814164,52.217513]}},{"type":"Feature","properties":{"id":"s3089","name":"Czarnów OSP / Przedszkole","bus":1,"tram":0,"rail":0,"n":1,"imp":0.027,"node":0,"deg":2,"term":0,"major":0},"geometry":{"type":"Point","coordinates":[20.811626,52.215625]}},{"type":"Feature","properties":{"id":"s3090","name":"Czarny Las Cedrowa","bus":1,"tram":0,"rail":0,"n":2,"imp":0.035,"node":0,"deg":2,"term":0,"major":0},"geometry":{"type":"Point","coordinates":[20.826492,52.15881]}},{"type":"Feature","properties":{"id":"s3091","name":"Czarny Las Cedrowa","bus":1,"tram":0,"rail":0,"n":1,"imp":0.027,"node":0,"deg":2,"term":0,"major":0},"geometry":{"type":"Point","coordinates":[20.830601,52.158056]}},{"type":"Feature","properties":{"id":"s3092","name":"Czarny Las Kwitnącej Wiśni","bus":1,"tram":0,"rail":0,"n":2,"imp":0.035,"node":0,"deg":2,"term":0,"major":0},"geometry":{"type":"Point","coordinates":[20.826492,52.158181]}},{"type":"Feature","properties":{"id":"s3093","name":"Czarny Las Kwitnącej Wiśni","bus":1,"tram":0,"rail":0,"n":1,"imp":0.027,"node":0,"deg":2,"term":0,"major":0},"geometry":{"type":"Point","coordinates":[20.829599,52.157094]}},{"type":"Feature","properties":{"id":"s3094","name":"Czarny Las Limbowa","bus":1,"tram":0,"rail":0,"n":2,"imp":0.035,"node":0,"deg":2,"term":0,"major":0},"geometry":{"type":"Point","coordinates":[20.826492,52.158023]}},{"type":"Feature","properties":{"id":"s3095","name":"Czarny Las Limbowa","bus":1,"tram":0,"rail":0,"n":1,"imp":0.027,"node":0,"deg":2,"term":0,"major":0},"geometry":{"type":"Point","coordinates":[20.829248,52.156879]}},{"type":"Feature","properties":{"id":"s3096","name":"Czarny Las Malwowa","bus":1,"tram":0,"rail":0,"n":2,"imp":0.035,"node":0,"deg":2,"term":0,"major":0},"geometry":{"type":"Point","coordinates":[20.826492,52.158653]}},{"type":"Feature","properties":{"id":"s3097","name":"Czarny Las Malwowa","bus":1,"tram":0,"rail":0,"n":1,"imp":0.027,"node":0,"deg":2,"term":0,"major":0},"geometry":{"type":"Point","coordinates":[20.830601,52.157752]}},{"type":"Feature","properties":{"id":"s3098","name":"Czarny Las Migdałowa","bus":1,"tram":0,"rail":0,"n":2,"imp":0.035,"node":0,"deg":2,"term":0,"major":0},"geometry":{"type":"Point","coordinates":[20.826492,52.158338]}},{"type":"Feature","properties":{"id":"s3099","name":"Czarny Las Migdałowa","bus":1,"tram":0,"rail":0,"n":1,"imp":0.027,"node":0,"deg":2,"term":0,"major":0},"geometry":{"type":"Point","coordinates":[20.829949,52.157309]}},{"type":"Feature","properties":{"id":"s3100","name":"Czarny Las Platanowa","bus":1,"tram":0,"rail":0,"n":2,"imp":0.035,"node":0,"deg":2,"term":0,"major":0},"geometry":{"type":"Point","coordinates":[20.826492,52.157866]}},{"type":"Feature","properties":{"id":"s3101","name":"Czarny Las Platanowa","bus":1,"tram":0,"rail":0,"n":1,"imp":0.027,"node":0,"deg":2,"term":0,"major":0},"geometry":{"type":"Point","coordinates":[20.828897,52.156664]}},{"type":"Feature","properties":{"id":"s3102","name":"Czarny Las Wiązowa","bus":1,"tram":0,"rail":0,"n":2,"imp":0.035,"node":0,"deg":2,"term":0,"major":0},"geometry":{"type":"Point","coordinates":[20.826492,52.158495]}},{"type":"Feature","properties":{"id":"s3103","name":"Czarny Las Wiązowa","bus":1,"tram":0,"rail":0,"n":1,"imp":0.027,"node":0,"deg":2,"term":0,"major":0},"geometry":{"type":"Point","coordinates":[20.8303,52.157524]}},{"type":"Feature","properties":{"id":"s3104","name":"Czubin","bus":1,"tram":0,"rail":0,"n":1,"imp":0.027,"node":0,"deg":2,"term":0,"major":0},"geometry":{"type":"Point","coordinates":[20.833341,52.19506]}},{"type":"Feature","properties":{"id":"s3105","name":"Czubin","bus":1,"tram":0,"rail":0,"n":1,"imp":0.037,"node":1,"deg":3,"term":0,"major":0},"geometry":{"type":"Point","coordinates":[20.83471,52.194221]}},{"type":"Feature","properties":{"id":"s3106","name":"Dąbrówka Osiedle","bus":1,"tram":0,"rail":0,"n":1,"imp":0.027,"node":0,"deg":2,"term":0,"major":0},"geometry":{"type":"Point","coordinates":[20.820328,52.180371]}},{"type":"Feature","properties":{"id":"s3107","name":"Dąbrówka Osiedle","bus":1,"tram":0,"rail":0,"n":1,"imp":0.027,"node":0,"deg":2,"term":0,"major":0},"geometry":{"type":"Point","coordinates":[20.819068,52.181143]}},{"type":"Feature","properties":{"id":"s3108","name":"Dąbrówka Wieś","bus":1,"tram":0,"rail":0,"n":1,"imp":0.027,"node":0,"deg":2,"term":0,"major":0},"geometry":{"type":"Point","coordinates":[20.819301,52.181001]}},{"type":"Feature","properties":{"id":"s3109","name":"Dąbrówka Wieś","bus":1,"tram":0,"rail":0,"n":1,"imp":0.037,"node":1,"deg":3,"term":0,"major":0},"geometry":{"type":"Point","coordinates":[20.818274,52.18163]}},{"type":"Feature","properties":{"id":"s3110","name":"Dębówka","bus":1,"tram":0,"rail":0,"n":1,"imp":0.027,"node":0,"deg":2,"term":0,"major":0},"geometry":{"type":"Point","coordinates":[20.810466,52.195228]}},{"type":"Feature","properties":{"id":"s3111","name":"Dębówka","bus":1,"tram":0,"rail":0,"n":1,"imp":0.027,"node":0,"deg":2,"term":0,"major":0},"geometry":{"type":"Point","coordinates":[20.810616,52.200173]}},{"type":"Feature","properties":{"id":"s3112","name":"Dębówka II","bus":1,"tram":0,"rail":0,"n":1,"imp":0.027,"node":0,"deg":2,"term":0,"major":0},"geometry":{"type":"Point","coordinates":[20.809644,52.195732]}},{"type":"Feature","properties":{"id":"s3113","name":"Dębówka II","bus":1,"tram":0,"rail":0,"n":1,"imp":0.027,"node":0,"deg":2,"term":0,"major":0},"geometry":{"type":"Point","coordinates":[20.809868,52.200631]}},{"type":"Feature","properties":{"id":"s3114","name":"Domaniewek I","bus":1,"tram":0,"rail":0,"n":1,"imp":0.027,"node":0,"deg":2,"term":0,"major":0},"geometry":{"type":"Point","coordinates":[20.850379,52.199728]}},{"type":"Feature","properties":{"id":"s3115","name":"Domaniewek I","bus":1,"tram":0,"rail":0,"n":4,"imp":0.061,"node":1,"deg":3,"term":0,"major":0},"geometry":{"type":"Point","coordinates":[20.847038,52.197998]}},{"type":"Feature","properties":{"id":"s3116","name":"Domaniewek II","bus":1,"tram":0,"rail":0,"n":3,"imp":0.053,"node":1,"deg":3,"term":0,"major":0},"geometry":{"type":"Point","coordinates":[20.853201,52.197998]}},{"type":"Feature","properties":{"id":"s3117","name":"Domaniewek II","bus":1,"tram":0,"rail":0,"n":5,"imp":0.088,"node":1,"deg":5,"term":0,"major":0},"geometry":{"type":"Point","coordinates":[20.849092,52.197998]}},{"type":"Feature","properties":{"id":"s3118","name":"Domaniew I","bus":1,"tram":0,"rail":0,"n":3,"imp":0.043,"node":0,"deg":2,"term":0,"major":0},"geometry":{"type":"Point","coordinates":[20.853201,52.196033]}},{"type":"Feature","properties":{"id":"s3119","name":"Domaniew I","bus":1,"tram":0,"rail":0,"n":5,"imp":0.059,"node":0,"deg":2,"term":0,"major":0},"geometry":{"type":"Point","coordinates":[20.851832,52.196319]}},{"type":"Feature","properties":{"id":"s3120","name":"Domaniew II","bus":1,"tram":0,"rail":0,"n":3,"imp":0.043,"node":0,"deg":2,"term":0,"major":0},"geometry":{"type":"Point","coordinates":[20.854831,52.194482]}},{"type":"Feature","properties":{"id":"s3121","name":"Domaniew II","bus":1,"tram":0,"rail":0,"n":5,"imp":0.059,"node":0,"deg":2,"term":0,"major":0},"geometry":{"type":"Point","coordinates":[20.854571,52.194641]}},{"type":"Feature","properties":{"id":"s3122","name":"Domaniew Sklep","bus":1,"tram":0,"rail":0,"n":3,"imp":0.043,"node":0,"deg":2,"term":0,"major":0},"geometry":{"type":"Point","coordinates":[20.847038,52.195849]}},{"type":"Feature","properties":{"id":"s3123","name":"Domaniew Sklep","bus":1,"tram":0,"rail":0,"n":3,"imp":0.043,"node":0,"deg":2,"term":0,"major":0},"geometry":{"type":"Point","coordinates":[20.849092,52.196109]}},{"type":"Feature","properties":{"id":"s3124","name":"Drybus Świetlica","bus":1,"tram":0,"rail":0,"n":1,"imp":0.018,"node":1,"deg":1,"term":0,"major":0},"geometry":{"type":"Point","coordinates":[20.797728,52.185407]}},{"type":"Feature","properties":{"id":"s3125","name":"Dzięglewo","bus":1,"tram":0,"rail":0,"n":1,"imp":0.027,"node":0,"deg":2,"term":0,"major":0},"geometry":{"type":"Point","coordinates":[20.784834,52.215625]}},{"type":"Feature","properties":{"id":"s3126","name":"Dzięglewo","bus":1,"tram":0,"rail":0,"n":1,"imp":0.027,"node":0,"deg":2,"term":0,"major":0},"geometry":{"type":"Point","coordinates":[20.782593,52.218941]}},{"type":"Feature","properties":{"id":"s3127","name":"Falęcin","bus":1,"tram":0,"rail":0,"n":1,"imp":0.027,"node":0,"deg":2,"term":0,"major":0},"geometry":{"type":"Point","coordinates":[20.844983,52.184187]}},{"type":"Feature","properties":{"id":"s3128","name":"Feliksów","bus":1,"tram":0,"rail":0,"n":2,"imp":0.035,"node":0,"deg":2,"term":0,"major":0},"geometry":{"type":"Point","coordinates":[20.838819,52.22281]}},{"type":"Feature","properties":{"id":"s3129","name":"Feliksów","bus":1,"tram":0,"rail":0,"n":2,"imp":0.035,"node":0,"deg":2,"term":0,"major":0},"geometry":{"type":"Point","coordinates":[20.836765,52.22192]}},{"type":"Feature","properties":{"id":"s3130","name":"Feliksów Południowa","bus":1,"tram":0,"rail":0,"n":1,"imp":0.027,"node":0,"deg":2,"term":0,"major":0},"geometry":{"type":"Point","coordinates":[20.835395,52.224438]}},{"type":"Feature","properties":{"id":"s3131","name":"Gawartowa Wola","bus":1,"tram":0,"rail":0,"n":1,"imp":0.027,"node":0,"deg":2,"term":0,"major":0},"geometry":{"type":"Point","coordinates":[20.805946,52.214366]}},{"type":"Feature","properties":{"id":"s3132","name":"Gawartowa Wola","bus":1,"tram":0,"rail":0,"n":1,"imp":0.027,"node":0,"deg":2,"term":0,"major":0},"geometry":{"type":"Point","coordinates":[20.806548,52.215625]}},{"type":"Feature","properties":{"id":"s3133","name":"Gawartowa Wola OSP","bus":1,"tram":0,"rail":0,"n":1,"imp":0.027,"node":0,"deg":2,"term":0,"major":0},"geometry":{"type":"Point","coordinates":[20.803892,52.214366]}},{"type":"Feature","properties":{"id":"s3134","name":"Gawartowa Wola OSP","bus":1,"tram":0,"rail":0,"n":1,"imp":0.027,"node":0,"deg":2,"term":0,"major":0},"geometry":{"type":"Point","coordinates":[20.804009,52.215625]}},{"type":"Feature","properties":{"id":"s3136","name":"Gole Żaby","bus":1,"tram":0,"rail":0,"n":1,"imp":0.027,"node":0,"deg":2,"term":0,"major":0},"geometry":{"type":"Point","coordinates":[20.808001,52.18994]}},{"type":"Feature","properties":{"id":"s3139","name":"Górna Wieś","bus":1,"tram":0,"rail":0,"n":1,"imp":0.027,"node":0,"deg":2,"term":0,"major":0},"geometry":{"type":"Point","coordinates":[20.81211,52.197451]}},{"type":"Feature","properties":{"id":"s3140","name":"Górna Wieś","bus":1,"tram":0,"rail":0,"n":1,"imp":0.027,"node":0,"deg":2,"term":0,"major":0},"geometry":{"type":"Point","coordinates":[20.81211,52.205169]}},{"type":"Feature","properties":{"id":"s3141","name":"Górna Wieś II","bus":1,"tram":0,"rail":0,"n":1,"imp":0.027,"node":0,"deg":2,"term":0,"major":0},"geometry":{"type":"Point","coordinates":[20.81211,52.198259]}},{"type":"Feature","properties":{"id":"s3142","name":"Górna Wieś II","bus":1,"tram":0,"rail":0,"n":1,"imp":0.037,"node":1,"deg":3,"term":0,"major":0},"geometry":{"type":"Point","coordinates":[20.81211,52.206811]}},{"type":"Feature","properties":{"id":"s3143","name":"Górna Wieś III","bus":1,"tram":0,"rail":0,"n":1,"imp":0.027,"node":0,"deg":2,"term":0,"major":0},"geometry":{"type":"Point","coordinates":[20.81211,52.199066]}},{"type":"Feature","properties":{"id":"s3144","name":"Górna Wieś III","bus":1,"tram":0,"rail":0,"n":1,"imp":0.027,"node":0,"deg":2,"term":0,"major":0},"geometry":{"type":"Point","coordinates":[20.811083,52.206811]}},{"type":"Feature","properties":{"id":"s3145","name":"Górna Wieś OSP","bus":1,"tram":0,"rail":0,"n":1,"imp":0.027,"node":0,"deg":2,"term":0,"major":0},"geometry":{"type":"Point","coordinates":[20.81211,52.199874]}},{"type":"Feature","properties":{"id":"s3146","name":"Górna Wieś OSP","bus":1,"tram":0,"rail":0,"n":1,"imp":0.037,"node":1,"deg":3,"term":0,"major":0},"geometry":{"type":"Point","coordinates":[20.810055,52.206811]}},{"type":"Feature","properties":{"id":"s3147","name":"Grądki","bus":1,"tram":0,"rail":0,"n":1,"imp":0.027,"node":0,"deg":2,"term":0,"major":0},"geometry":{"type":"Point","coordinates":[20.816733,52.21468]}},{"type":"Feature","properties":{"id":"s3148","name":"Grądki","bus":1,"tram":0,"rail":0,"n":1,"imp":0.027,"node":0,"deg":2,"term":0,"major":0},"geometry":{"type":"Point","coordinates":[20.815397,52.21638]}},{"type":"Feature","properties":{"id":"s3149","name":"Grądy","bus":1,"tram":0,"rail":0,"n":1,"imp":0.027,"node":0,"deg":2,"term":0,"major":0},"geometry":{"type":"Point","coordinates":[20.803892,52.173546]}},{"type":"Feature","properties":{"id":"s3150","name":"Grądy","bus":1,"tram":0,"rail":0,"n":1,"imp":0.027,"node":0,"deg":2,"term":0,"major":0},"geometry":{"type":"Point","coordinates":[20.805946,52.173354]}},{"type":"Feature","properties":{"id":"s3151","name":"Grądy Czarna Droga","bus":1,"tram":0,"rail":0,"n":3,"imp":0.043,"node":0,"deg":2,"term":0,"major":0},"geometry":{"type":"Point","coordinates":[20.81662,52.219402]}},{"type":"Feature","properties":{"id":"s3152","name":"Grądy Czarna Droga","bus":1,"tram":0,"rail":0,"n":3,"imp":0.043,"node":0,"deg":2,"term":0,"major":0},"geometry":{"type":"Point","coordinates":[20.818274,52.219402]}},{"type":"Feature","properties":{"id":"s3153","name":"Grądy Górna","bus":1,"tram":0,"rail":0,"n":1,"imp":0.027,"node":0,"deg":2,"term":0,"major":0},"geometry":{"type":"Point","coordinates":[20.815534,52.22234]}},{"type":"Feature","properties":{"id":"s3154","name":"Grądy Podleśna","bus":1,"tram":0,"rail":0,"n":1,"imp":0.027,"node":0,"deg":2,"term":0,"major":0},"geometry":{"type":"Point","coordinates":[20.816904,52.2215]}},{"type":"Feature","properties":{"id":"s3155","name":"Grądy Świerkowa","bus":1,"tram":0,"rail":0,"n":3,"imp":0.043,"node":0,"deg":2,"term":0,"major":0},"geometry":{"type":"Point","coordinates":[20.812912,52.219402]}},{"type":"Feature","properties":{"id":"s3156","name":"Grądy Świerkowa","bus":1,"tram":0,"rail":0,"n":3,"imp":0.043,"node":0,"deg":2,"term":0,"major":0},"geometry":{"type":"Point","coordinates":[20.816219,52.219402]}},{"type":"Feature","properties":{"id":"s3157","name":"Granica Długa","bus":1,"tram":0,"rail":0,"n":2,"imp":0.035,"node":0,"deg":2,"term":0,"major":0},"geometry":{"type":"Point","coordinates":[20.872177,52.171261]}},{"type":"Feature","properties":{"id":"s3158","name":"Granica - Kampinoski Park Narodowy","bus":1,"tram":0,"rail":0,"n":1,"imp":0.03,"node":1,"deg":1,"term":1,"major":0},"geometry":{"type":"Point","coordinates":[20.799782,52.225697]}},{"type":"Feature","properties":{"id":"s3159","name":"Granica Świetlica","bus":1,"tram":0,"rail":0,"n":2,"imp":0.035,"node":0,"deg":2,"term":0,"major":0},"geometry":{"type":"Point","coordinates":[20.872269,52.173723]}},{"type":"Feature","properties":{"id":"s3160","name":"Grodzisk Maz. Akacjowa","bus":1,"tram":0,"rail":0,"n":3,"imp":0.063,"node":1,"deg":4,"term":0,"major":0},"geometry":{"type":"Point","coordinates":[20.83471,52.166522]}},{"type":"Feature","properties":{"id":"s3161","name":"Grodzisk Maz. Akacjowa","bus":1,"tram":0,"rail":0,"n":3,"imp":0.053,"node":1,"deg":3,"term":0,"major":0},"geometry":{"type":"Point","coordinates":[20.83471,52.167781]}},{"type":"Feature","properties":{"id":"s3162","name":"Grodzisk Maz. Armii Polskiej","bus":1,"tram":0,"rail":0,"n":3,"imp":0.043,"node":0,"deg":2,"term":0,"major":0},"geometry":{"type":"Point","coordinates":[20.830601,52.165682]}},{"type":"Feature","properties":{"id":"s3163","name":"Grodzisk Maz. Armii Polskiej","bus":1,"tram":0,"rail":0,"n":3,"imp":0.043,"node":0,"deg":2,"term":0,"major":0},"geometry":{"type":"Point","coordinates":[20.832656,52.163584]}},{"type":"Feature","properties":{"id":"s3164","name":"Grodzisk Maz. Batorego","bus":1,"tram":0,"rail":0,"n":1,"imp":0.027,"node":0,"deg":2,"term":0,"major":0},"geometry":{"type":"Point","coordinates":[20.836765,52.167781]}},{"type":"Feature","properties":{"id":"s3165","name":"Grodzisk Maz. Braci Okuniów","bus":1,"tram":0,"rail":0,"n":2,"imp":0.035,"node":0,"deg":2,"term":0,"major":0},"geometry":{"type":"Point","coordinates":[20.838819,52.171138]}},{"type":"Feature","properties":{"id":"s3166","name":"Grodzisk Maz. Braci Okuniów","bus":1,"tram":0,"rail":0,"n":2,"imp":0.035,"node":0,"deg":2,"term":0,"major":0},"geometry":{"type":"Point","coordinates":[20.839847,52.170928]}},{"type":"Feature","properties":{"id":"s3167","name":"Grodzisk Maz. Chełmońskiego PKS","bus":1,"tram":0,"rail":0,"n":2,"imp":0.045,"node":1,"deg":3,"term":0,"major":0},"geometry":{"type":"Point","coordinates":[20.822383,52.165263]}},{"type":"Feature","properties":{"id":"s3168","name":"Grodzisk Maz. Chełmońskiego PKS","bus":1,"tram":0,"rail":0,"n":3,"imp":0.063,"node":1,"deg":4,"term":0,"major":0},"geometry":{"type":"Point","coordinates":[20.824437,52.166522]}},{"type":"Feature","properties":{"id":"s3169","name":"Grodzisk Maz. Chłopickiego","bus":1,"tram":0,"rail":0,"n":4,"imp":0.061,"node":1,"deg":3,"term":0,"major":0},"geometry":{"type":"Point","coordinates":[20.840874,52.170299]}},{"type":"Feature","properties":{"id":"s3170","name":"Grodzisk Maz. Chłopickiego","bus":1,"tram":0,"rail":0,"n":4,"imp":0.061,"node":1,"deg":3,"term":0,"major":0},"geometry":{"type":"Point","coordinates":[20.838819,52.170299]}},{"type":"Feature","properties":{"id":"s3171","name":"Grodzisk Maz. Cieszyńska","bus":1,"tram":0,"rail":0,"n":2,"imp":0.045,"node":1,"deg":3,"term":0,"major":0},"geometry":{"type":"Point","coordinates":[20.830601,52.176594]}},{"type":"Feature","properties":{"id":"s3172","name":"Grodzisk Maz. Cieszyńska","bus":1,"tram":0,"rail":0,"n":2,"imp":0.045,"node":1,"deg":3,"term":0,"major":0},"geometry":{"type":"Point","coordinates":[20.828546,52.177853]}},{"type":"Feature","properties":{"id":"s3173","name":"Grodzisk Maz. Czarnieckiego","bus":1,"tram":0,"rail":0,"n":4,"imp":0.051,"node":0,"deg":2,"term":0,"major":0},"geometry":{"type":"Point","coordinates":[20.839504,52.170299]}},{"type":"Feature","properties":{"id":"s3174","name":"Grodzisk Maz. Czarnieckiego","bus":1,"tram":0,"rail":0,"n":4,"imp":0.051,"node":0,"deg":2,"term":0,"major":0},"geometry":{"type":"Point","coordinates":[20.838819,52.171819]}},{"type":"Feature","properties":{"id":"s3175","name":"Grodzisk Maz. Czeremchowa","bus":1,"tram":0,"rail":0,"n":8,"imp":0.093,"node":1,"deg":3,"term":0,"major":0},"geometry":{"type":"Point","coordinates":[20.83471,52.174076]}},{"type":"Feature","properties":{"id":"s3176","name":"Grodzisk Maz. Czeremchowa","bus":1,"tram":0,"rail":0,"n":7,"imp":0.085,"node":1,"deg":3,"term":0,"major":0},"geometry":{"type":"Point","coordinates":[20.83471,52.175335]}},{"type":"Feature","properties":{"id":"s3177","name":"Grodzisk Maz. Daleka","bus":1,"tram":0,"rail":0,"n":7,"imp":0.126,"node":1,"deg":6,"term":1,"major":1},"geometry":{"type":"Point","coordinates":[20.826492,52.166522]}},{"type":"Feature","properties":{"id":"s3178","name":"Grodzisk Maz. Daleka","bus":1,"tram":0,"rail":0,"n":4,"imp":0.061,"node":1,"deg":3,"term":0,"major":0},"geometry":{"type":"Point","coordinates":[20.824437,52.164004]}},{"type":"Feature","properties":{"id":"s3179","name":"Grodzisk Maz. Deotymy","bus":1,"tram":0,"rail":0,"n":8,"imp":0.083,"node":0,"deg":2,"term":0,"major":0},"geometry":{"type":"Point","coordinates":[20.83471,52.173761]}},{"type":"Feature","properties":{"id":"s3180","name":"Grodzisk Maz. Deotymy","bus":1,"tram":0,"rail":0,"n":7,"imp":0.075,"node":0,"deg":2,"term":0,"major":0},"geometry":{"type":"Point","coordinates":[20.834197,52.17502]}},{"type":"Feature","properties":{"id":"s3181","name":"Grodzisk Maz. DSI Malwa","bus":1,"tram":0,"rail":0,"n":8,"imp":0.122,"node":1,"deg":6,"term":0,"major":1},"geometry":{"type":"Point","coordinates":[20.830601,52.175335]}},{"type":"Feature","properties":{"id":"s3182","name":"Grodzisk Maz. DSI Malwa","bus":1,"tram":0,"rail":0,"n":8,"imp":0.122,"node":1,"deg":6,"term":0,"major":1},"geometry":{"type":"Point","coordinates":[20.830601,52.174076]}},{"type":"Feature","properties":{"id":"s3183","name":"Grodzisk Maz. Dw. PKP","bus":1,"tram":0,"rail":0,"n":23,"imp":0.425,"node":1,"deg":5,"term":1,"major":1},"geometry":{"type":"Point","coordinates":[20.830601,52.172817]}},{"type":"Feature","properties":{"id":"s3184","name":"Grodzisk Maz. Dw. PKP","bus":1,"tram":0,"rail":0,"n":1,"imp":0.03,"node":1,"deg":1,"term":1,"major":0},"geometry":{"type":"Point","coordinates":[20.828546,52.175335]}},{"type":"Feature","properties":{"id":"s3185","name":"Grodzisk Maz. Emilii Plater","bus":1,"tram":0,"rail":0,"n":2,"imp":0.035,"node":0,"deg":2,"term":0,"major":0},"geometry":{"type":"Point","coordinates":[20.83471,52.165577]}},{"type":"Feature","properties":{"id":"s3186","name":"Grodzisk Maz. Emilii Plater","bus":1,"tram":0,"rail":0,"n":2,"imp":0.035,"node":0,"deg":2,"term":0,"major":0},"geometry":{"type":"Point","coordinates":[20.836313,52.166798]}},{"type":"Feature","properties":{"id":"s3187","name":"Grodzisk Maz. Kierlańczyków","bus":1,"tram":0,"rail":0,"n":18,"imp":0.173,"node":1,"deg":3,"term":0,"major":1},"geometry":{"type":"Point","coordinates":[20.830601,52.171558]}},{"type":"Feature","properties":{"id":"s3188","name":"Grodzisk Maz. Kilińskiego","bus":1,"tram":0,"rail":0,"n":18,"imp":0.192,"node":1,"deg":5,"term":0,"major":1},"geometry":{"type":"Point","coordinates":[20.828546,52.167781]}},{"type":"Feature","properties":{"id":"s3189","name":"Grodzisk Maz. Klonowa","bus":1,"tram":0,"rail":0,"n":3,"imp":0.043,"node":0,"deg":2,"term":0,"major":0},"geometry":{"type":"Point","coordinates":[20.835738,52.174706]}},{"type":"Feature","properties":{"id":"s3190","name":"Grodzisk Maz. Klonowa","bus":1,"tram":0,"rail":0,"n":3,"imp":0.043,"node":0,"deg":2,"term":0,"major":0},"geometry":{"type":"Point","coordinates":[20.835738,52.175335]}},{"type":"Feature","properties":{"id":"s3191","name":"Grodzisk Maz. Kopernika I","bus":1,"tram":0,"rail":0,"n":8,"imp":0.083,"node":0,"deg":2,"term":0,"major":0},"geometry":{"type":"Point","coordinates":[20.83471,52.173132]}},{"type":"Feature","properties":{"id":"s3192","name":"Grodzisk Maz. Kopernika I","bus":1,"tram":0,"rail":0,"n":7,"imp":0.075,"node":0,"deg":2,"term":0,"major":0},"geometry":{"type":"Point","coordinates":[20.833169,52.174391]}},{"type":"Feature","properties":{"id":"s3193","name":"Grodzisk Maz. Kopernika II","bus":1,"tram":0,"rail":0,"n":8,"imp":0.083,"node":0,"deg":2,"term":0,"major":0},"geometry":{"type":"Point","coordinates":[20.83471,52.173447]}},{"type":"Feature","properties":{"id":"s3194","name":"Grodzisk Maz. Kopernika II","bus":1,"tram":0,"rail":0,"n":7,"imp":0.075,"node":0,"deg":2,"term":0,"major":0},"geometry":{"type":"Point","coordinates":[20.833683,52.174706]}},{"type":"Feature","properties":{"id":"s3195","name":"Grodzisk Maz. Kościół Św. Anny","bus":1,"tram":0,"rail":0,"n":5,"imp":0.079,"node":1,"deg":4,"term":0,"major":0},"geometry":{"type":"Point","coordinates":[20.826492,52.170299]}},{"type":"Feature","properties":{"id":"s3196","name":"Grodzisk Maz. Kościuszki","bus":1,"tram":0,"rail":0,"n":19,"imp":0.21,"node":1,"deg":6,"term":0,"major":1},"geometry":{"type":"Point","coordinates":[20.828546,52.171558]}},{"type":"Feature","properties":{"id":"s3197","name":"Grodzisk Maz. Królewska / Orzeszkowej","bus":1,"tram":0,"rail":0,"n":1,"imp":0.027,"node":0,"deg":2,"term":0,"major":0},"geometry":{"type":"Point","coordinates":[20.833057,52.169286]}},{"type":"Feature","properties":{"id":"s3198","name":"Grodzisk Maz. Królewska / Orzeszkowej","bus":1,"tram":0,"rail":0,"n":2,"imp":0.045,"node":1,"deg":3,"term":0,"major":0},"geometry":{"type":"Point","coordinates":[20.83471,52.170299]}},{"type":"Feature","properties":{"id":"s3199","name":"Grodzisk Maz. Królewska / Teligi","bus":1,"tram":0,"rail":0,"n":1,"imp":0.027,"node":0,"deg":2,"term":0,"major":0},"geometry":{"type":"Point","coordinates":[20.834911,52.170422]}},{"type":"Feature","properties":{"id":"s3200","name":"Grodzisk Maz. Królewska / Teligi","bus":1,"tram":0,"rail":0,"n":1,"imp":0.037,"node":1,"deg":3,"term":0,"major":0},"geometry":{"type":"Point","coordinates":[20.836765,52.171558]}},{"type":"Feature","properties":{"id":"s3201","name":"Grodzisk Maz. Łowcza","bus":1,"tram":0,"rail":0,"n":2,"imp":0.045,"node":1,"deg":3,"term":0,"major":0},"geometry":{"type":"Point","coordinates":[20.838819,52.167781]}},{"type":"Feature","properties":{"id":"s3202","name":"Grodzisk Maz. Łowcza","bus":1,"tram":0,"rail":0,"n":2,"imp":0.045,"node":1,"deg":3,"term":0,"major":0},"geometry":{"type":"Point","coordinates":[20.840874,52.167781]}},{"type":"Feature","properties":{"id":"s3203","name":"Grodzisk Maz. Mediateka","bus":1,"tram":0,"rail":0,"n":12,"imp":0.125,"node":1,"deg":3,"term":0,"major":1},"geometry":{"type":"Point","coordinates":[20.832656,52.172817]}},{"type":"Feature","properties":{"id":"s3204","name":"Grodzisk Maz. Mediateka","bus":1,"tram":0,"rail":0,"n":11,"imp":0.127,"node":1,"deg":4,"term":0,"major":1},"geometry":{"type":"Point","coordinates":[20.83471,52.171558]}},{"type":"Feature","properties":{"id":"s3205","name":"Grodzisk Maz. Mokronoskich","bus":1,"tram":0,"rail":0,"n":13,"imp":0.152,"node":1,"deg":5,"term":0,"major":1},"geometry":{"type":"Point","coordinates":[20.832656,52.164004]}},{"type":"Feature","properties":{"id":"s3206","name":"Grodzisk Maz. Mokronoskich","bus":1,"tram":0,"rail":0,"n":11,"imp":0.146,"node":1,"deg":6,"term":0,"major":1},"geometry":{"type":"Point","coordinates":[20.830601,52.167781]}},{"type":"Feature","properties":{"id":"s3207","name":"Grodzisk Maz. Montwiłła","bus":1,"tram":0,"rail":0,"n":3,"imp":0.043,"node":0,"deg":2,"term":0,"major":0},"geometry":{"type":"Point","coordinates":[20.827519,52.167781]}},{"type":"Feature","properties":{"id":"s3208","name":"Grodzisk Maz. Montwiłła","bus":1,"tram":0,"rail":0,"n":8,"imp":0.131,"node":1,"deg":7,"term":0,"major":1},"geometry":{"type":"Point","coordinates":[20.830601,52.16904]}},{"type":"Feature","properties":{"id":"s3209","name":"Grodzisk Maz. Nadarzyńska WKD","bus":1,"tram":0,"rail":0,"n":3,"imp":0.043,"node":0,"deg":2,"term":0,"major":0},"geometry":{"type":"Point","coordinates":[20.832054,52.165631]}},{"type":"Feature","properties":{"id":"s3210","name":"Grodzisk Maz. Nadarzyńska WKD","bus":1,"tram":0,"rail":0,"n":3,"imp":0.053,"node":1,"deg":3,"term":0,"major":0},"geometry":{"type":"Point","coordinates":[20.836765,52.166522]}},{"type":"Feature","properties":{"id":"s3211","name":"Grodzisk Maz. Na Laski","bus":1,"tram":0,"rail":0,"n":4,"imp":0.051,"node":0,"deg":2,"term":0,"major":0},"geometry":{"type":"Point","coordinates":[20.838135,52.170299]}},{"type":"Feature","properties":{"id":"s3212","name":"Grodzisk Maz. Na Laski","bus":1,"tram":0,"rail":0,"n":4,"imp":0.051,"node":0,"deg":2,"term":0,"major":0},"geometry":{"type":"Point","coordinates":[20.838218,52.173186]}},{"type":"Feature","properties":{"id":"s3213","name":"Grodzisk Maz. Narutowicza","bus":1,"tram":0,"rail":0,"n":1,"imp":0.037,"node":1,"deg":3,"term":0,"major":0},"geometry":{"type":"Point","coordinates":[20.820328,52.170299]}},{"type":"Feature","properties":{"id":"s3214","name":"Grodzisk Maz. Okrężna / Piaskowa","bus":1,"tram":0,"rail":0,"n":2,"imp":0.035,"node":0,"deg":2,"term":0,"major":0},"geometry":{"type":"Point","coordinates":[20.838819,52.170719]}},{"type":"Feature","properties":{"id":"s3215","name":"Grodzisk Maz. Okrężna / Piaskowa","bus":1,"tram":0,"rail":0,"n":2,"imp":0.035,"node":0,"deg":2,"term":0,"major":0},"geometry":{"type":"Point","coordinates":[20.84036,52.170614]}},{"type":"Feature","properties":{"id":"s3216","name":"Grodzisk Maz. Okrzei","bus":1,"tram":0,"rail":0,"n":2,"imp":0.045,"node":1,"deg":3,"term":0,"major":0},"geometry":{"type":"Point","coordinates":[20.822383,52.172817]}},{"type":"Feature","properties":{"id":"s3217","name":"Grodzisk Maz. Okrzei","bus":1,"tram":0,"rail":0,"n":2,"imp":0.045,"node":1,"deg":3,"term":0,"major":0},"geometry":{"type":"Point","coordinates":[20.824437,52.172817]}},{"type":"Feature","properties":{"id":"s3218","name":"Grodzisk Maz. Okulickiego / 3 Maja","bus":1,"tram":0,"rail":0,"n":7,"imp":0.085,"node":1,"deg":3,"term":0,"major":0},"geometry":{"type":"Point","coordinates":[20.832656,52.174076]}},{"type":"Feature","properties":{"id":"s3219","name":"Grodzisk Maz. Okulickiego / 3 Maja","bus":1,"tram":0,"rail":0,"n":8,"imp":0.093,"node":1,"deg":3,"term":0,"major":0},"geometry":{"type":"Point","coordinates":[20.83471,52.172817]}},{"type":"Feature","properties":{"id":"s3221","name":"Grodzisk Maz. Olsztyńska","bus":1,"tram":0,"rail":0,"n":3,"imp":0.043,"node":0,"deg":2,"term":0,"major":0},"geometry":{"type":"Point","coordinates":[20.842244,52.166522]}},{"type":"Feature","properties":{"id":"s3222","name":"Grodzisk Maz. Olsztyńska","bus":1,"tram":0,"rail":0,"n":3,"imp":0.043,"node":0,"deg":2,"term":0,"major":0},"geometry":{"type":"Point","coordinates":[20.845668,52.167361]}},{"type":"Feature","properties":{"id":"s3223","name":"Grodzisk Maz. Os. Piaskowa","bus":1,"tram":0,"rail":1,"n":3,"imp":0.098,"node":1,"deg":6,"term":0,"major":0},"geometry":{"type":"Point","coordinates":[20.840874,52.16904]}},{"type":"Feature","properties":{"id":"s3224","name":"Grodzisk Maz. Piaskowa","bus":1,"tram":0,"rail":0,"n":3,"imp":0.053,"node":1,"deg":3,"term":0,"major":0},"geometry":{"type":"Point","coordinates":[20.840874,52.166522]}},{"type":"Feature","properties":{"id":"s3225","name":"Grodzisk Maz. Piaskowa","bus":1,"tram":0,"rail":0,"n":3,"imp":0.053,"node":1,"deg":3,"term":0,"major":0},"geometry":{"type":"Point","coordinates":[20.844983,52.167781]}},{"type":"Feature","properties":{"id":"s3226","name":"Grodzisk Maz. Piaskowa WKD","bus":1,"tram":0,"rail":0,"n":2,"imp":0.035,"node":0,"deg":2,"term":0,"major":0},"geometry":{"type":"Point","coordinates":[20.840874,52.169669]}},{"type":"Feature","properties":{"id":"s3227","name":"Grodzisk Maz. Piaskowa WKD","bus":1,"tram":0,"rail":0,"n":2,"imp":0.035,"node":0,"deg":2,"term":0,"major":0},"geometry":{"type":"Point","coordinates":[20.839847,52.169669]}},{"type":"Feature","properties":{"id":"s3228","name":"Grodzisk Maz. Poniatowskiego","bus":1,"tram":0,"rail":0,"n":4,"imp":0.051,"node":0,"deg":2,"term":0,"major":0},"geometry":{"type":"Point","coordinates":[20.826492,52.173447]}},{"type":"Feature","properties":{"id":"s3229","name":"Grodzisk Maz. Poniatowskiego","bus":1,"tram":0,"rail":0,"n":5,"imp":0.069,"node":1,"deg":3,"term":0,"major":0},"geometry":{"type":"Point","coordinates":[20.822383,52.176594]}},{"type":"Feature","properties":{"id":"s3230","name":"Grodzisk Maz. Prosta","bus":1,"tram":0,"rail":0,"n":2,"imp":0.045,"node":1,"deg":3,"term":0,"major":0},"geometry":{"type":"Point","coordinates":[20.840874,52.165263]}},{"type":"Feature","properties":{"id":"s3231","name":"Grodzisk Maz. Prosta","bus":1,"tram":0,"rail":0,"n":2,"imp":0.045,"node":1,"deg":3,"term":0,"major":0},"geometry":{"type":"Point","coordinates":[20.844983,52.165263]}},{"type":"Feature","properties":{"id":"s3232","name":"Grodzisk Maz. Radońska Cmentarz","bus":1,"tram":0,"rail":0,"n":11,"imp":0.127,"node":1,"deg":4,"term":0,"major":1},"geometry":{"type":"Point","coordinates":[20.830601,52.170299]}},{"type":"Feature","properties":{"id":"s3233","name":"Grodzisk Maz. Radońska Cmentarz","bus":1,"tram":0,"rail":0,"n":7,"imp":0.085,"node":1,"deg":3,"term":0,"major":0},"geometry":{"type":"Point","coordinates":[20.828546,52.170299]}},{"type":"Feature","properties":{"id":"s3234","name":"Grodzisk Maz. Radońska WKD","bus":1,"tram":0,"rail":1,"n":13,"imp":0.209,"node":1,"deg":8,"term":1,"major":1},"geometry":{"type":"Point","coordinates":[20.832656,52.16904]}},{"type":"Feature","properties":{"id":"s3235","name":"Grodzisk Maz. Rokiciańska","bus":1,"tram":0,"rail":0,"n":1,"imp":0.039,"node":1,"deg":2,"term":1,"major":0},"geometry":{"type":"Point","coordinates":[20.83471,52.176594]}},{"type":"Feature","properties":{"id":"s3236","name":"Grodzisk Maz. Sienkiewicza","bus":1,"tram":0,"rail":0,"n":5,"imp":0.088,"node":1,"deg":5,"term":0,"major":0},"geometry":{"type":"Point","coordinates":[20.832656,52.170299]}},{"type":"Feature","properties":{"id":"s3237","name":"Grodzisk Maz. Sienkiewicza PKO","bus":1,"tram":0,"rail":0,"n":6,"imp":0.115,"node":1,"deg":7,"term":0,"major":1},"geometry":{"type":"Point","coordinates":[20.826492,52.16904]}},{"type":"Feature","properties":{"id":"s3238","name":"Grodzisk Maz. Sienna","bus":1,"tram":0,"rail":0,"n":3,"imp":0.063,"node":1,"deg":4,"term":0,"major":0},"geometry":{"type":"Point","coordinates":[20.838819,52.171558]}},{"type":"Feature","properties":{"id":"s3239","name":"Grodzisk Maz. Sienna","bus":1,"tram":0,"rail":0,"n":2,"imp":0.035,"node":0,"deg":2,"term":0,"major":0},"geometry":{"type":"Point","coordinates":[20.839333,52.171243]}},{"type":"Feature","properties":{"id":"s3240","name":"Grodzisk Maz. Spokojna / Radońska","bus":1,"tram":0,"rail":0,"n":1,"imp":0.027,"node":0,"deg":2,"term":0,"major":0},"geometry":{"type":"Point","coordinates":[20.832355,52.166706]}},{"type":"Feature","properties":{"id":"s3241","name":"Grodzisk Maz. Świerkowa","bus":1,"tram":0,"rail":0,"n":3,"imp":0.043,"node":0,"deg":2,"term":0,"major":0},"geometry":{"type":"Point","coordinates":[20.835224,52.174391]}},{"type":"Feature","properties":{"id":"s3242","name":"Grodzisk Maz. Świerkowa","bus":1,"tram":0,"rail":0,"n":3,"imp":0.043,"node":0,"deg":2,"term":0,"major":0},"geometry":{"type":"Point","coordinates":[20.835224,52.175335]}},{"type":"Feature","properties":{"id":"s3243","name":"Grodzisk Maz. Szczęsna","bus":1,"tram":0,"rail":0,"n":1,"imp":0.037,"node":1,"deg":3,"term":0,"major":0},"geometry":{"type":"Point","coordinates":[20.836765,52.164004]}},{"type":"Feature","properties":{"id":"s3244","name":"Grodzisk Maz. Szczęsna","bus":1,"tram":0,"rail":0,"n":1,"imp":0.027,"node":0,"deg":2,"term":0,"major":0},"geometry":{"type":"Point","coordinates":[20.839847,52.164004]}},{"type":"Feature","properties":{"id":"s3245","name":"Grodzisk Maz. Szkoła nr 4","bus":1,"tram":0,"rail":0,"n":5,"imp":0.069,"node":1,"deg":3,"term":0,"major":0},"geometry":{"type":"Point","coordinates":[20.826492,52.175335]}},{"type":"Feature","properties":{"id":"s3246","name":"Grodzisk Maz. Szkoła nr 4","bus":1,"tram":0,"rail":0,"n":5,"imp":0.059,"node":0,"deg":2,"term":0,"major":0},"geometry":{"type":"Point","coordinates":[20.824136,52.177669]}},{"type":"Feature","properties":{"id":"s3247","name":"Grodzisk Maz. Szkoła nr 6","bus":1,"tram":0,"rail":0,"n":3,"imp":0.063,"node":1,"deg":4,"term":0,"major":0},"geometry":{"type":"Point","coordinates":[20.828546,52.166522]}},{"type":"Feature","properties":{"id":"s3248","name":"Grodzisk Maz. Szpital","bus":1,"tram":0,"rail":0,"n":8,"imp":0.187,"node":1,"deg":4,"term":1,"major":1},"geometry":{"type":"Point","coordinates":[20.826492,52.165263]}},{"type":"Feature","properties":{"id":"s3249","name":"Grodzisk Maz. Szpital / Kołłątaja","bus":1,"tram":0,"rail":0,"n":10,"imp":0.128,"node":1,"deg":5,"term":0,"major":1},"geometry":{"type":"Point","coordinates":[20.828546,52.165263]}},{"type":"Feature","properties":{"id":"s3250","name":"Grodzisk Maz. Szwedzka","bus":1,"tram":0,"rail":0,"n":2,"imp":0.035,"node":0,"deg":2,"term":0,"major":0},"geometry":{"type":"Point","coordinates":[20.817246,52.173447]}},{"type":"Feature","properties":{"id":"s3251","name":"Grodzisk Maz. Szwedzka / Okrzei","bus":1,"tram":0,"rail":0,"n":2,"imp":0.045,"node":1,"deg":3,"term":0,"major":0},"geometry":{"type":"Point","coordinates":[20.818274,52.172817]}},{"type":"Feature","properties":{"id":"s3252","name":"Grodzisk Maz. Szwedzka / Okrzei","bus":1,"tram":0,"rail":0,"n":2,"imp":0.045,"node":1,"deg":3,"term":0,"major":0},"geometry":{"type":"Point","coordinates":[20.820328,52.175335]}},{"type":"Feature","properties":{"id":"s3253","name":"Grodzisk Maz. Szwoleżerów","bus":1,"tram":0,"rail":0,"n":5,"imp":0.088,"node":1,"deg":5,"term":0,"major":0},"geometry":{"type":"Point","coordinates":[20.826492,52.176594]}},{"type":"Feature","properties":{"id":"s3254","name":"Grodzisk Maz. Szwoleżerów","bus":1,"tram":0,"rail":0,"n":5,"imp":0.088,"node":1,"deg":5,"term":0,"major":0},"geometry":{"type":"Point","coordinates":[20.824437,52.179112]}},{"type":"Feature","properties":{"id":"s3255","name":"Grodzisk Maz. Teligi","bus":1,"tram":0,"rail":0,"n":5,"imp":0.069,"node":1,"deg":3,"term":0,"major":0},"geometry":{"type":"Point","coordinates":[20.836765,52.170299]}},{"type":"Feature","properties":{"id":"s3256","name":"Grodzisk Maz. Teligi","bus":1,"tram":0,"rail":0,"n":4,"imp":0.051,"node":0,"deg":2,"term":0,"major":0},"geometry":{"type":"Point","coordinates":[20.836464,52.17426]}},{"type":"Feature","properties":{"id":"s3257","name":"Grodzisk Maz. Traugutta","bus":1,"tram":0,"rail":0,"n":6,"imp":0.067,"node":0,"deg":2,"term":0,"major":0},"geometry":{"type":"Point","coordinates":[20.827519,52.172187]}},{"type":"Feature","properties":{"id":"s3258","name":"Grodzisk Maz. Traugutta","bus":1,"tram":0,"rail":0,"n":6,"imp":0.067,"node":0,"deg":2,"term":0,"major":0},"geometry":{"type":"Point","coordinates":[20.827519,52.172817]}},{"type":"Feature","properties":{"id":"s3259","name":"Grodzisk Maz. Traugutta Dw. PKP","bus":1,"tram":0,"rail":0,"n":9,"imp":0.156,"node":1,"deg":5,"term":1,"major":1},"geometry":{"type":"Point","coordinates":[20.828546,52.172817]}},{"type":"Feature","properties":{"id":"s3260","name":"Grodzisk Maz. Traugutta Przychodnia","bus":1,"tram":0,"rail":0,"n":7,"imp":0.085,"node":1,"deg":3,"term":0,"major":0},"geometry":{"type":"Point","coordinates":[20.828546,52.174076]}},{"type":"Feature","properties":{"id":"s3261","name":"Grodzisk Maz. Traugutta Przychodnia","bus":1,"tram":0,"rail":0,"n":7,"imp":0.085,"node":1,"deg":3,"term":0,"major":0},"geometry":{"type":"Point","coordinates":[20.824437,52.175335]}},{"type":"Feature","properties":{"id":"s3262","name":"Grodzisk Maz. Waryńskiego","bus":1,"tram":0,"rail":0,"n":3,"imp":0.043,"node":0,"deg":2,"term":0,"major":0},"geometry":{"type":"Point","coordinates":[20.830601,52.166732]}},{"type":"Feature","properties":{"id":"s3263","name":"Grodzisk Maz. Waryńskiego","bus":1,"tram":0,"rail":0,"n":3,"imp":0.043,"node":0,"deg":2,"term":0,"major":0},"geometry":{"type":"Point","coordinates":[20.832656,52.163794]}},{"type":"Feature","properties":{"id":"s3264","name":"Grodzisk Maz. Wileńska","bus":1,"tram":0,"rail":0,"n":1,"imp":0.037,"node":1,"deg":3,"term":0,"major":0},"geometry":{"type":"Point","coordinates":[20.838819,52.164004]}},{"type":"Feature","properties":{"id":"s3265","name":"Grodzisk Maz. Wileńska","bus":1,"tram":0,"rail":0,"n":1,"imp":0.037,"node":1,"deg":3,"term":0,"major":0},"geometry":{"type":"Point","coordinates":[20.842929,52.164004]}},{"type":"Feature","properties":{"id":"s3266","name":"Grodzisk Maz. Wioślarska","bus":1,"tram":0,"rail":0,"n":3,"imp":0.063,"node":1,"deg":4,"term":0,"major":0},"geometry":{"type":"Point","coordinates":[20.836765,52.165263]}},{"type":"Feature","properties":{"id":"s3267","name":"Grodzisk Maz. Wólczyńska","bus":1,"tram":0,"rail":0,"n":4,"imp":0.061,"node":1,"deg":3,"term":0,"major":0},"geometry":{"type":"Point","coordinates":[20.826492,52.167781]}},{"type":"Feature","properties":{"id":"s3268","name":"Grodzisk Maz. Wólczyńska","bus":1,"tram":0,"rail":0,"n":4,"imp":0.061,"node":1,"deg":3,"term":0,"major":0},"geometry":{"type":"Point","coordinates":[20.822383,52.170299]}},{"type":"Feature","properties":{"id":"s3269","name":"Grodzisk Maz. Wolframa","bus":1,"tram":0,"rail":0,"n":3,"imp":0.043,"node":0,"deg":2,"term":0,"major":0},"geometry":{"type":"Point","coordinates":[20.843613,52.166522]}},{"type":"Feature","properties":{"id":"s3270","name":"Grodzisk Maz. Wolframa","bus":1,"tram":0,"rail":0,"n":3,"imp":0.043,"node":0,"deg":2,"term":0,"major":0},"geometry":{"type":"Point","coordinates":[20.846353,52.166941]}},{"type":"Feature","properties":{"id":"s3271","name":"Grodzisk Maz. Zachodnia","bus":1,"tram":0,"rail":0,"n":2,"imp":0.045,"node":1,"deg":3,"term":0,"major":0},"geometry":{"type":"Point","coordinates":[20.818274,52.176594]}},{"type":"Feature","properties":{"id":"s3272","name":"Grodzisk Maz. Zakłady Farmaceutyczne","bus":1,"tram":0,"rail":0,"n":6,"imp":0.077,"node":1,"deg":3,"term":0,"major":0},"geometry":{"type":"Point","coordinates":[20.826492,52.171558]}},{"type":"Feature","properties":{"id":"s3273","name":"Grodzisk Maz. Zakłady Farmaceutyczne","bus":1,"tram":0,"rail":0,"n":6,"imp":0.077,"node":1,"deg":3,"term":0,"major":0},"geometry":{"type":"Point","coordinates":[20.826492,52.172817]}},{"type":"Feature","properties":{"id":"s3274","name":"Grodzisk Maz. Ziemiańska","bus":1,"tram":0,"rail":0,"n":1,"imp":0.037,"node":1,"deg":3,"term":0,"major":0},"geometry":{"type":"Point","coordinates":[20.820328,52.171558]}},{"type":"Feature","properties":{"id":"s3275","name":"Grodzisk Maz. Zondka","bus":1,"tram":0,"rail":0,"n":23,"imp":0.213,"node":1,"deg":3,"term":0,"major":1},"geometry":{"type":"Point","coordinates":[20.832656,52.171558]}},{"type":"Feature","properties":{"id":"s3276","name":"Grodzisk Maz. Żurawia","bus":1,"tram":0,"rail":0,"n":2,"imp":0.035,"node":0,"deg":2,"term":0,"major":0},"geometry":{"type":"Point","coordinates":[20.82341,52.16904]}},{"type":"Feature","properties":{"id":"s3277","name":"Grodzisk Maz. Żurawia","bus":1,"tram":0,"rail":0,"n":2,"imp":0.035,"node":0,"deg":2,"term":0,"major":0},"geometry":{"type":"Point","coordinates":[20.821355,52.16841]}},{"type":"Feature","properties":{"id":"s3278","name":"Grodzisk Maz. Żyrardowska","bus":1,"tram":0,"rail":0,"n":4,"imp":0.061,"node":1,"deg":3,"term":0,"major":0},"geometry":{"type":"Point","coordinates":[20.824437,52.16904]}},{"type":"Feature","properties":{"id":"s3279","name":"Grodzisk Maz. Żyrardowska","bus":1,"tram":0,"rail":0,"n":4,"imp":0.061,"node":1,"deg":3,"term":0,"major":0},"geometry":{"type":"Point","coordinates":[20.822383,52.167781]}},{"type":"Feature","properties":{"id":"s3280","name":"Grudów I","bus":1,"tram":0,"rail":0,"n":1,"imp":0.027,"node":0,"deg":2,"term":0,"major":0},"geometry":{"type":"Point","coordinates":[20.844983,52.182482]}},{"type":"Feature","properties":{"id":"s3281","name":"Grudów II","bus":1,"tram":0,"rail":0,"n":1,"imp":0.027,"node":0,"deg":2,"term":0,"major":0},"geometry":{"type":"Point","coordinates":[20.844983,52.183335]}},{"type":"Feature","properties":{"id":"s3282","name":"Grzegorzewice Daleka","bus":1,"tram":0,"rail":0,"n":1,"imp":0.027,"node":0,"deg":2,"term":0,"major":0},"geometry":{"type":"Point","coordinates":[20.849435,52.136514]}},{"type":"Feature","properties":{"id":"s3283","name":"Grzegorzewice Daleka","bus":1,"tram":0,"rail":0,"n":1,"imp":0.027,"node":0,"deg":2,"term":0,"major":0},"geometry":{"type":"Point","coordinates":[20.850804,52.137354]}},{"type":"Feature","properties":{"id":"s3284","name":"Grzegorzewice Malownicza","bus":1,"tram":0,"rail":0,"n":1,"imp":0.027,"node":0,"deg":2,"term":0,"major":0},"geometry":{"type":"Point","coordinates":[20.85012,52.136934]}},{"type":"Feature","properties":{"id":"s3285","name":"Grzegorzewice Pałacowa","bus":1,"tram":0,"rail":0,"n":1,"imp":0.027,"node":0,"deg":2,"term":0,"major":0},"geometry":{"type":"Point","coordinates":[20.849777,52.136724]}},{"type":"Feature","properties":{"id":"s3286","name":"Grzegorzewice Słoneczna","bus":1,"tram":0,"rail":0,"n":1,"imp":0.027,"node":0,"deg":2,"term":0,"major":0},"geometry":{"type":"Point","coordinates":[20.850462,52.137144]}},{"type":"Feature","properties":{"id":"s3287","name":"Grzymek","bus":1,"tram":0,"rail":0,"n":2,"imp":0.045,"node":1,"deg":3,"term":0,"major":0},"geometry":{"type":"Point","coordinates":[20.840874,52.148895]}},{"type":"Feature","properties":{"id":"s3289","name":"Henryszew 11 Listopada","bus":1,"tram":0,"rail":0,"n":1,"imp":0.027,"node":0,"deg":2,"term":0,"major":0},"geometry":{"type":"Point","coordinates":[20.803892,52.16957]}},{"type":"Feature","properties":{"id":"s3290","name":"Henryszew 11 Listopada","bus":1,"tram":0,"rail":0,"n":1,"imp":0.027,"node":0,"deg":2,"term":0,"major":0},"geometry":{"type":"Point","coordinates":[20.805946,52.169241]}},{"type":"Feature","properties":{"id":"s3291","name":"Henryszew Jasna","bus":1,"tram":0,"rail":0,"n":1,"imp":0.027,"node":0,"deg":2,"term":0,"major":0},"geometry":{"type":"Point","coordinates":[20.803892,52.170365]}},{"type":"Feature","properties":{"id":"s3292","name":"Henryszew Jasna","bus":1,"tram":0,"rail":0,"n":1,"imp":0.027,"node":0,"deg":2,"term":0,"major":0},"geometry":{"type":"Point","coordinates":[20.805946,52.170063]}},{"type":"Feature","properties":{"id":"s3293","name":"Henryszew Miodowa","bus":1,"tram":0,"rail":0,"n":1,"imp":0.027,"node":0,"deg":2,"term":0,"major":0},"geometry":{"type":"Point","coordinates":[20.803892,52.17116]}},{"type":"Feature","properties":{"id":"s3294","name":"Henryszew Miodowa","bus":1,"tram":0,"rail":0,"n":1,"imp":0.027,"node":0,"deg":2,"term":0,"major":0},"geometry":{"type":"Point","coordinates":[20.805946,52.170886]}},{"type":"Feature","properties":{"id":"s3295","name":"Henryszew Orła Białego","bus":1,"tram":0,"rail":0,"n":1,"imp":0.027,"node":0,"deg":2,"term":0,"major":0},"geometry":{"type":"Point","coordinates":[20.803892,52.172751]}},{"type":"Feature","properties":{"id":"s3296","name":"Henryszew Orła Białego","bus":1,"tram":0,"rail":0,"n":1,"imp":0.027,"node":0,"deg":2,"term":0,"major":0},"geometry":{"type":"Point","coordinates":[20.805946,52.172531]}},{"type":"Feature","properties":{"id":"s3297","name":"Henryszew Pustynna","bus":1,"tram":0,"rail":0,"n":1,"imp":0.027,"node":0,"deg":2,"term":0,"major":0},"geometry":{"type":"Point","coordinates":[20.803892,52.171956]}},{"type":"Feature","properties":{"id":"s3298","name":"Henryszew Pustynna","bus":1,"tram":0,"rail":0,"n":1,"imp":0.027,"node":0,"deg":2,"term":0,"major":0},"geometry":{"type":"Point","coordinates":[20.805946,52.171709]}},{"type":"Feature","properties":{"id":"s3299","name":"Holendry Baranowskie","bus":1,"tram":0,"rail":0,"n":1,"imp":0.027,"node":0,"deg":2,"term":0,"major":0},"geometry":{"type":"Point","coordinates":[20.803892,52.174341]}},{"type":"Feature","properties":{"id":"s3300","name":"Holendry Baranowskie","bus":1,"tram":0,"rail":0,"n":1,"imp":0.027,"node":0,"deg":2,"term":0,"major":0},"geometry":{"type":"Point","coordinates":[20.805946,52.174176]}},{"type":"Feature","properties":{"id":"s3301","name":"Holendry Baranowskie II","bus":1,"tram":0,"rail":0,"n":1,"imp":0.027,"node":0,"deg":2,"term":0,"major":0},"geometry":{"type":"Point","coordinates":[20.803892,52.175136]}},{"type":"Feature","properties":{"id":"s3302","name":"Holendry Baranowskie II","bus":1,"tram":0,"rail":0,"n":1,"imp":0.027,"node":0,"deg":2,"term":0,"major":0},"geometry":{"type":"Point","coordinates":[20.805946,52.174999]}},{"type":"Feature","properties":{"id":"s3303","name":"Holendry Baranowskie III","bus":1,"tram":0,"rail":0,"n":1,"imp":0.027,"node":0,"deg":2,"term":0,"major":0},"geometry":{"type":"Point","coordinates":[20.803892,52.175931]}},{"type":"Feature","properties":{"id":"s3304","name":"Holendry Baranowskie III","bus":1,"tram":0,"rail":0,"n":1,"imp":0.027,"node":0,"deg":2,"term":0,"major":0},"geometry":{"type":"Point","coordinates":[20.805946,52.175822]}},{"type":"Feature","properties":{"id":"s3305","name":"Holendry Baranowskie Spacerowa","bus":1,"tram":0,"rail":0,"n":1,"imp":0.027,"node":0,"deg":2,"term":0,"major":0},"geometry":{"type":"Point","coordinates":[20.803892,52.176727]}},{"type":"Feature","properties":{"id":"s3306","name":"Holendry Baranowskie Spacerowa","bus":1,"tram":0,"rail":0,"n":1,"imp":0.027,"node":0,"deg":2,"term":0,"major":0},"geometry":{"type":"Point","coordinates":[20.805946,52.176644]}},{"type":"Feature","properties":{"id":"s3307","name":"Holendry Baranowskie Spacerowa II","bus":1,"tram":0,"rail":0,"n":1,"imp":0.027,"node":0,"deg":2,"term":0,"major":0},"geometry":{"type":"Point","coordinates":[20.803892,52.177522]}},{"type":"Feature","properties":{"id":"s3308","name":"Holendry Baranowskie Spacerowa II","bus":1,"tram":0,"rail":0,"n":1,"imp":0.027,"node":0,"deg":2,"term":0,"major":0},"geometry":{"type":"Point","coordinates":[20.805946,52.177467]}},{"type":"Feature","properties":{"id":"s3309","name":"Holendry Baranowskie Spacerowa III","bus":1,"tram":0,"rail":0,"n":1,"imp":0.027,"node":0,"deg":2,"term":0,"major":0},"geometry":{"type":"Point","coordinates":[20.803892,52.178317]}},{"type":"Feature","properties":{"id":"s3310","name":"Holendry Baranowskie Spacerowa III","bus":1,"tram":0,"rail":0,"n":1,"imp":0.027,"node":0,"deg":2,"term":0,"major":0},"geometry":{"type":"Point","coordinates":[20.805946,52.17829]}},{"type":"Feature","properties":{"id":"s3311","name":"Huta Żabiowolska","bus":1,"tram":0,"rail":0,"n":5,"imp":0.079,"node":1,"deg":4,"term":0,"major":0},"geometry":{"type":"Point","coordinates":[20.851147,52.147636]}},{"type":"Feature","properties":{"id":"s3312","name":"Huta Żabiowolska","bus":1,"tram":0,"rail":0,"n":5,"imp":0.088,"node":1,"deg":5,"term":0,"major":0},"geometry":{"type":"Point","coordinates":[20.849092,52.147636]}},{"type":"Feature","properties":{"id":"s3313","name":"Huta Żabiowolska Akacjowa","bus":1,"tram":0,"rail":0,"n":1,"imp":0.027,"node":0,"deg":2,"term":0,"major":0},"geometry":{"type":"Point","coordinates":[20.851631,52.14608]}},{"type":"Feature","properties":{"id":"s3314","name":"Huta Żabiowolska Akacjowa","bus":1,"tram":0,"rail":0,"n":1,"imp":0.027,"node":0,"deg":2,"term":0,"major":0},"geometry":{"type":"Point","coordinates":[20.851147,52.148895]}},{"type":"Feature","properties":{"id":"s3315","name":"Huta Żabiowolska Główna","bus":1,"tram":0,"rail":0,"n":2,"imp":0.035,"node":0,"deg":2,"term":0,"major":0},"geometry":{"type":"Point","coordinates":[20.857311,52.143544]}},{"type":"Feature","properties":{"id":"s3316","name":"Huta Żabiowolska Główna","bus":1,"tram":0,"rail":0,"n":2,"imp":0.035,"node":0,"deg":2,"term":0,"major":0},"geometry":{"type":"Point","coordinates":[20.857311,52.145665]}},{"type":"Feature","properties":{"id":"s3317","name":"Huta Żabiowolska Lipowa","bus":1,"tram":0,"rail":0,"n":1,"imp":0.027,"node":0,"deg":2,"term":0,"major":0},"geometry":{"type":"Point","coordinates":[20.85417,52.144524]}},{"type":"Feature","properties":{"id":"s3318","name":"Huta Żabiowolska Lipowa","bus":1,"tram":0,"rail":0,"n":1,"imp":0.027,"node":0,"deg":2,"term":0,"major":0},"geometry":{"type":"Point","coordinates":[20.853201,52.148895]}},{"type":"Feature","properties":{"id":"s3319","name":"Izabelin Sapiehy","bus":1,"tram":0,"rail":0,"n":2,"imp":0.035,"node":0,"deg":2,"term":0,"major":0},"geometry":{"type":"Point","coordinates":[20.881966,52.241696]}},{"type":"Feature","properties":{"id":"s3320","name":"Izabelin Sapiehy","bus":1,"tram":0,"rail":0,"n":2,"imp":0.035,"node":0,"deg":2,"term":0,"major":0},"geometry":{"type":"Point","coordinates":[20.885047,52.242694]}},{"type":"Feature","properties":{"id":"s3321","name":"Izabelin Zagłoby","bus":1,"tram":0,"rail":0,"n":2,"imp":0.045,"node":1,"deg":3,"term":0,"major":0},"geometry":{"type":"Point","coordinates":[20.881966,52.239547]}},{"type":"Feature","properties":{"id":"s3322","name":"Izabelin Zagłoby","bus":1,"tram":0,"rail":0,"n":2,"imp":0.045,"node":1,"deg":3,"term":0,"major":0},"geometry":{"type":"Point","coordinates":[20.886075,52.242065]}},{"type":"Feature","properties":{"id":"s3323","name":"Izdebno Kościelne Bursztynowa nr 26","bus":1,"tram":0,"rail":0,"n":1,"imp":0.027,"node":0,"deg":2,"term":0,"major":0},"geometry":{"type":"Point","coordinates":[20.81074,52.184148]}},{"type":"Feature","properties":{"id":"s3324","name":"Izdebno Kościelne Bursztynowa nr 26","bus":1,"tram":0,"rail":0,"n":1,"imp":0.027,"node":0,"deg":2,"term":0,"major":0},"geometry":{"type":"Point","coordinates":[20.807316,52.185407]}},{"type":"Feature","properties":{"id":"s3325","name":"Izdebno Kościelne Bursztynowa nr 52","bus":1,"tram":0,"rail":0,"n":1,"imp":0.027,"node":0,"deg":2,"term":0,"major":0},"geometry":{"type":"Point","coordinates":[20.80937,52.184148]}},{"type":"Feature","properties":{"id":"s3326","name":"Izdebno Kościelne Bursztynowa nr 52","bus":1,"tram":0,"rail":0,"n":1,"imp":0.027,"node":0,"deg":2,"term":0,"major":0},"geometry":{"type":"Point","coordinates":[20.806631,52.185407]}},{"type":"Feature","properties":{"id":"s3327","name":"Izdebno Kościelne DPS","bus":1,"tram":0,"rail":0,"n":2,"imp":0.045,"node":1,"deg":3,"term":0,"major":0},"geometry":{"type":"Point","coordinates":[20.81211,52.184148]}},{"type":"Feature","properties":{"id":"s3328","name":"Izdebno Kościelne DPS","bus":1,"tram":0,"rail":0,"n":2,"imp":0.045,"node":1,"deg":3,"term":0,"major":0},"geometry":{"type":"Point","coordinates":[20.808001,52.185407]}},{"type":"Feature","properties":{"id":"s3329","name":"Izdebno Kościelne Grodziska nr 12","bus":1,"tram":0,"rail":0,"n":1,"imp":0.027,"node":0,"deg":2,"term":0,"major":0},"geometry":{"type":"Point","coordinates":[20.814849,52.183729]}},{"type":"Feature","properties":{"id":"s3330","name":"Izdebno Kościelne Grodziska nr 12","bus":1,"tram":0,"rail":0,"n":1,"imp":0.027,"node":0,"deg":2,"term":0,"major":0},"geometry":{"type":"Point","coordinates":[20.814164,52.182889]}},{"type":"Feature","properties":{"id":"s3331","name":"Izdebno Kościelne Pętla","bus":1,"tram":0,"rail":0,"n":1,"imp":0.039,"node":1,"deg":2,"term":1,"major":0},"geometry":{"type":"Point","coordinates":[20.808001,52.184148]}},{"type":"Feature","properties":{"id":"s3332","name":"Izdebno Kościelne Pętla","bus":1,"tram":0,"rail":0,"n":1,"imp":0.03,"node":1,"deg":1,"term":1,"major":0},"geometry":{"type":"Point","coordinates":[20.805946,52.185407]}},{"type":"Feature","properties":{"id":"s3333","name":"Izdebno Kościelne Szkoła","bus":1,"tram":0,"rail":0,"n":2,"imp":0.057,"node":1,"deg":3,"term":1,"major":0},"geometry":{"type":"Point","coordinates":[20.814164,52.184148]}},{"type":"Feature","properties":{"id":"s3334","name":"Izdebno Kościelne Szkoła","bus":1,"tram":0,"rail":0,"n":2,"imp":0.057,"node":1,"deg":3,"term":1,"major":0},"geometry":{"type":"Point","coordinates":[20.81211,52.182889]}},{"type":"Feature","properties":{"id":"s3335","name":"Izdebno Nowe nr 14","bus":1,"tram":0,"rail":0,"n":1,"imp":0.027,"node":0,"deg":2,"term":0,"major":0},"geometry":{"type":"Point","coordinates":[20.814164,52.182129]}},{"type":"Feature","properties":{"id":"s3336","name":"Izdebno Nowe nr 14","bus":1,"tram":0,"rail":0,"n":1,"imp":0.027,"node":0,"deg":2,"term":0,"major":0},"geometry":{"type":"Point","coordinates":[20.81211,52.18087]}},{"type":"Feature","properties":{"id":"s3337","name":"Izdebno Nowe nr 5c","bus":1,"tram":0,"rail":0,"n":1,"imp":0.027,"node":0,"deg":2,"term":0,"major":0},"geometry":{"type":"Point","coordinates":[20.814164,52.180111]}},{"type":"Feature","properties":{"id":"s3338","name":"Izdebno Nowe nr 5c","bus":1,"tram":0,"rail":0,"n":1,"imp":0.027,"node":0,"deg":2,"term":0,"major":0},"geometry":{"type":"Point","coordinates":[20.81211,52.178851]}},{"type":"Feature","properties":{"id":"s3339","name":"Jaktorów Armii Krajowej","bus":1,"tram":0,"rail":0,"n":1,"imp":0.027,"node":0,"deg":2,"term":0,"major":0},"geometry":{"type":"Point","coordinates":[20.813379,52.172039]}},{"type":"Feature","properties":{"id":"s3340","name":"Jaktorów Armii Krajowej","bus":1,"tram":0,"rail":0,"n":1,"imp":0.027,"node":0,"deg":2,"term":0,"major":0},"geometry":{"type":"Point","coordinates":[20.814701,52.171229]}},{"type":"Feature","properties":{"id":"s3341","name":"Jaktorów PKP","bus":1,"tram":0,"rail":0,"n":1,"imp":0.027,"node":0,"deg":2,"term":0,"major":0},"geometry":{"type":"Point","coordinates":[20.817292,52.169641]}},{"type":"Feature","properties":{"id":"s3342","name":"Jaktorów PKP","bus":1,"tram":0,"rail":0,"n":1,"imp":0.027,"node":0,"deg":2,"term":0,"major":0},"geometry":{"type":"Point","coordinates":[20.815918,52.170483]}},{"type":"Feature","properties":{"id":"s3343","name":"Jaktorów Traugutta","bus":1,"tram":0,"rail":0,"n":1,"imp":0.027,"node":0,"deg":2,"term":0,"major":0},"geometry":{"type":"Point","coordinates":[20.814649,52.171261]}},{"type":"Feature","properties":{"id":"s3344","name":"Jaktorów Traugutta","bus":1,"tram":0,"rail":0,"n":1,"imp":0.027,"node":0,"deg":2,"term":0,"major":0},"geometry":{"type":"Point","coordinates":[20.815997,52.170435]}},{"type":"Feature","properties":{"id":"s3345","name":"Janinów Irlandzka","bus":1,"tram":0,"rail":0,"n":2,"imp":0.045,"node":1,"deg":3,"term":0,"major":0},"geometry":{"type":"Point","coordinates":[20.826492,52.158967]}},{"type":"Feature","properties":{"id":"s3346","name":"Janinów Irlandzka","bus":1,"tram":0,"rail":0,"n":1,"imp":0.027,"node":0,"deg":2,"term":0,"major":0},"geometry":{"type":"Point","coordinates":[20.830601,52.15836]}},{"type":"Feature","properties":{"id":"s3347","name":"Janinów Niedźwiedzia","bus":1,"tram":0,"rail":0,"n":3,"imp":0.043,"node":0,"deg":2,"term":0,"major":0},"geometry":{"type":"Point","coordinates":[20.82767,52.160764]}},{"type":"Feature","properties":{"id":"s3348","name":"Janinów Niedźwiedzia","bus":1,"tram":0,"rail":0,"n":4,"imp":0.061,"node":1,"deg":3,"term":0,"major":0},"geometry":{"type":"Point","coordinates":[20.828546,52.161486]}},{"type":"Feature","properties":{"id":"s3349","name":"Janki Wspólna","bus":1,"tram":0,"rail":0,"n":1,"imp":0.027,"node":0,"deg":2,"term":0,"major":0},"geometry":{"type":"Point","coordinates":[20.901059,52.165263]}},{"type":"Feature","properties":{"id":"s3350","name":"Janki Wspólna","bus":1,"tram":0,"rail":0,"n":1,"imp":0.027,"node":0,"deg":2,"term":0,"major":0},"geometry":{"type":"Point","coordinates":[20.901059,52.165263]}},{"type":"Feature","properties":{"id":"s3351","name":"Janów gen. Sulika","bus":1,"tram":0,"rail":0,"n":1,"imp":0.027,"node":0,"deg":2,"term":0,"major":0},"geometry":{"type":"Point","coordinates":[20.888059,52.235726]}},{"type":"Feature","properties":{"id":"s3352","name":"Janów gen. Sulika","bus":1,"tram":0,"rail":0,"n":1,"imp":0.027,"node":0,"deg":2,"term":0,"major":0},"geometry":{"type":"Point","coordinates":[20.888059,52.235726]}},{"type":"Feature","properties":{"id":"s3353","name":"Janów Pohulanka","bus":1,"tram":0,"rail":0,"n":1,"imp":0.027,"node":0,"deg":2,"term":0,"major":0},"geometry":{"type":"Point","coordinates":[20.886535,52.234793]}},{"type":"Feature","properties":{"id":"s3354","name":"Janów Pohulanka","bus":1,"tram":0,"rail":0,"n":1,"imp":0.027,"node":0,"deg":2,"term":0,"major":0},"geometry":{"type":"Point","coordinates":[20.886535,52.234793]}},{"type":"Feature","properties":{"id":"s3355","name":"Jastrzębnik Pszeniczna","bus":1,"tram":0,"rail":0,"n":1,"imp":0.046,"node":1,"deg":4,"term":0,"major":0},"geometry":{"type":"Point","coordinates":[20.86142,52.147636]}},{"type":"Feature","properties":{"id":"s3356","name":"Jastrzębnik Ziołowa","bus":1,"tram":0,"rail":0,"n":1,"imp":0.027,"node":0,"deg":2,"term":0,"major":0},"geometry":{"type":"Point","coordinates":[20.860392,52.147007]}},{"type":"Feature","properties":{"id":"s3357","name":"Jastrzębnik Ziołowa","bus":1,"tram":0,"rail":0,"n":2,"imp":0.054,"node":1,"deg":4,"term":0,"major":0},"geometry":{"type":"Point","coordinates":[20.859365,52.146377]}},{"type":"Feature","properties":{"id":"s3358","name":"Józefina Poziomkowa","bus":1,"tram":0,"rail":0,"n":1,"imp":0.027,"node":0,"deg":2,"term":0,"major":0},"geometry":{"type":"Point","coordinates":[20.843956,52.150784]}},{"type":"Feature","properties":{"id":"s3359","name":"Józefina Szkoła","bus":1,"tram":0,"rail":0,"n":4,"imp":0.111,"node":1,"deg":7,"term":1,"major":1},"geometry":{"type":"Point","coordinates":[20.849092,52.148895]}},{"type":"Feature","properties":{"id":"s3360","name":"Józefina Szkoła","bus":1,"tram":0,"rail":0,"n":2,"imp":0.045,"node":1,"deg":3,"term":0,"major":0},"geometry":{"type":"Point","coordinates":[20.844983,52.150154]}},{"type":"Feature","properties":{"id":"s3361","name":"Józefina Wiadukt","bus":1,"tram":0,"rail":0,"n":2,"imp":0.054,"node":1,"deg":4,"term":0,"major":0},"geometry":{"type":"Point","coordinates":[20.849092,52.146377]}},{"type":"Feature","properties":{"id":"s3362","name":"Józefina Wiadukt","bus":1,"tram":0,"rail":0,"n":2,"imp":0.054,"node":1,"deg":4,"term":0,"major":0},"geometry":{"type":"Point","coordinates":[20.844983,52.148895]}},{"type":"Feature","properties":{"id":"s3363","name":"Julinek","bus":1,"tram":0,"rail":0,"n":2,"imp":0.035,"node":0,"deg":2,"term":0,"major":0},"geometry":{"type":"Point","coordinates":[20.820328,52.22496]}},{"type":"Feature","properties":{"id":"s3364","name":"Julinek","bus":1,"tram":0,"rail":0,"n":2,"imp":0.045,"node":1,"deg":3,"term":0,"major":0},"geometry":{"type":"Point","coordinates":[20.826492,52.225697]}},{"type":"Feature","properties":{"id":"s3365","name":"Kady Mazowiecka","bus":1,"tram":0,"rail":0,"n":5,"imp":0.069,"node":1,"deg":3,"term":0,"major":0},"geometry":{"type":"Point","coordinates":[20.844983,52.166522]}},{"type":"Feature","properties":{"id":"s3366","name":"Kady Mazowiecka","bus":1,"tram":0,"rail":0,"n":5,"imp":0.069,"node":1,"deg":3,"term":0,"major":0},"geometry":{"type":"Point","coordinates":[20.847038,52.166522]}},{"type":"Feature","properties":{"id":"s3367","name":"Kajetany Brzozowa","bus":1,"tram":0,"rail":0,"n":1,"imp":0.027,"node":0,"deg":2,"term":0,"major":0},"geometry":{"type":"Point","coordinates":[20.892398,52.156352]}},{"type":"Feature","properties":{"id":"s3368","name":"Kajetany Brzozowa","bus":1,"tram":0,"rail":0,"n":1,"imp":0.027,"node":0,"deg":2,"term":0,"major":0},"geometry":{"type":"Point","coordinates":[20.892398,52.156352]}},{"type":"Feature","properties":{"id":"s3369","name":"Kajetany Centrum Słuchu i Mowy","bus":1,"tram":0,"rail":0,"n":4,"imp":0.051,"node":0,"deg":2,"term":0,"major":0},"geometry":{"type":"Point","coordinates":[20.893266,52.158338]}},{"type":"Feature","properties":{"id":"s3370","name":"Kałęczyn Okopowa","bus":1,"tram":0,"rail":0,"n":3,"imp":0.043,"node":0,"deg":2,"term":0,"major":0},"geometry":{"type":"Point","coordinates":[20.825677,52.161486]}},{"type":"Feature","properties":{"id":"s3371","name":"Kałęczyn Okopowa","bus":1,"tram":0,"rail":0,"n":3,"imp":0.043,"node":0,"deg":2,"term":0,"major":0},"geometry":{"type":"Point","coordinates":[20.826091,52.162745]}},{"type":"Feature","properties":{"id":"s3372","name":"Kałęczyn Ravak","bus":1,"tram":0,"rail":0,"n":3,"imp":0.043,"node":0,"deg":2,"term":0,"major":0},"geometry":{"type":"Point","coordinates":[20.826793,52.161301]}},{"type":"Feature","properties":{"id":"s3373","name":"Kałęczyn Ravak","bus":1,"tram":0,"rail":0,"n":3,"imp":0.043,"node":0,"deg":2,"term":0,"major":0},"geometry":{"type":"Point","coordinates":[20.827377,52.162202]}},{"type":"Feature","properties":{"id":"s3374","name":"Kałęczyn Rondo","bus":1,"tram":0,"rail":0,"n":3,"imp":0.053,"node":1,"deg":3,"term":0,"major":0},"geometry":{"type":"Point","coordinates":[20.824437,52.161486]}},{"type":"Feature","properties":{"id":"s3375","name":"Kałęczyn Rondo","bus":1,"tram":0,"rail":0,"n":3,"imp":0.053,"node":1,"deg":3,"term":0,"major":0},"geometry":{"type":"Point","coordinates":[20.824437,52.162745]}},{"type":"Feature","properties":{"id":"s3376","name":"Kaleń Agawy","bus":1,"tram":0,"rail":0,"n":1,"imp":0.027,"node":0,"deg":2,"term":0,"major":0},"geometry":{"type":"Point","coordinates":[20.85868,52.140921]}},{"type":"Feature","properties":{"id":"s3377","name":"Kaleń Agawy","bus":1,"tram":0,"rail":0,"n":1,"imp":0.027,"node":0,"deg":2,"term":0,"major":0},"geometry":{"type":"Point","coordinates":[20.856872,52.142331]}},{"type":"Feature","properties":{"id":"s3378","name":"Kaleń Główna","bus":1,"tram":0,"rail":0,"n":2,"imp":0.035,"node":0,"deg":2,"term":0,"major":0},"geometry":{"type":"Point","coordinates":[20.857311,52.143229]}},{"type":"Feature","properties":{"id":"s3379","name":"Kaleń Główna","bus":1,"tram":0,"rail":0,"n":2,"imp":0.035,"node":0,"deg":2,"term":0,"major":0},"geometry":{"type":"Point","coordinates":[20.857311,52.14405]}},{"type":"Feature","properties":{"id":"s3380","name":"Kaleń Magnolii","bus":1,"tram":0,"rail":0,"n":2,"imp":0.045,"node":1,"deg":3,"term":0,"major":0},"geometry":{"type":"Point","coordinates":[20.857311,52.1426]}},{"type":"Feature","properties":{"id":"s3381","name":"Kaleń Magnolii","bus":1,"tram":0,"rail":0,"n":2,"imp":0.045,"node":1,"deg":3,"term":0,"major":0},"geometry":{"type":"Point","coordinates":[20.859365,52.141341]}},{"type":"Feature","properties":{"id":"s3382","name":"Kaleń Staw","bus":1,"tram":0,"rail":0,"n":2,"imp":0.035,"node":0,"deg":2,"term":0,"major":0},"geometry":{"type":"Point","coordinates":[20.857311,52.142915]}},{"type":"Feature","properties":{"id":"s3383","name":"Kaleń Staw","bus":1,"tram":0,"rail":0,"n":2,"imp":0.035,"node":0,"deg":2,"term":0,"major":0},"geometry":{"type":"Point","coordinates":[20.857501,52.142483]}},{"type":"Feature","properties":{"id":"s3384","name":"Kaleń-Towarzystwo","bus":1,"tram":0,"rail":0,"n":1,"imp":0.027,"node":0,"deg":2,"term":0,"major":0},"geometry":{"type":"Point","coordinates":[20.86142,52.1426]}},{"type":"Feature","properties":{"id":"s3385","name":"Kaleń-Towarzystwo","bus":1,"tram":0,"rail":0,"n":1,"imp":0.027,"node":0,"deg":2,"term":0,"major":0},"geometry":{"type":"Point","coordinates":[20.863786,52.140082]}},{"type":"Feature","properties":{"id":"s3386","name":"Kaleń Wspólna","bus":1,"tram":0,"rail":0,"n":1,"imp":0.027,"node":0,"deg":2,"term":0,"major":0},"geometry":{"type":"Point","coordinates":[20.857995,52.140501]}},{"type":"Feature","properties":{"id":"s3387","name":"Kaleń Wspólna","bus":1,"tram":0,"rail":0,"n":1,"imp":0.027,"node":0,"deg":2,"term":0,"major":0},"geometry":{"type":"Point","coordinates":[20.856434,52.142063]}},{"type":"Feature","properties":{"id":"s3388","name":"Kampinos","bus":1,"tram":0,"rail":0,"n":3,"imp":0.091,"node":1,"deg":7,"term":0,"major":0},"geometry":{"type":"Point","coordinates":[20.801837,52.220661]}},{"type":"Feature","properties":{"id":"s3389","name":"Kampinos Kwiatowa","bus":1,"tram":0,"rail":0,"n":1,"imp":0.027,"node":0,"deg":2,"term":0,"major":0},"geometry":{"type":"Point","coordinates":[20.799782,52.219402]}},{"type":"Feature","properties":{"id":"s3390","name":"Kampinos Niepokalanowska","bus":1,"tram":0,"rail":0,"n":2,"imp":0.035,"node":0,"deg":2,"term":0,"major":0},"geometry":{"type":"Point","coordinates":[20.80339,52.219709]}},{"type":"Feature","properties":{"id":"s3391","name":"Kanie Helenowskie WKD","bus":0,"tram":0,"rail":1,"n":1,"imp":0.027,"node":0,"deg":2,"term":0,"major":0},"geometry":{"type":"Point","coordinates":[20.865813,52.170299]}},{"type":"Feature","properties":{"id":"s3394","name":"Kanie Osiedle Słoneczne","bus":1,"tram":0,"rail":0,"n":2,"imp":0.035,"node":0,"deg":2,"term":0,"major":0},"geometry":{"type":"Point","coordinates":[20.874899,52.172111]}},{"type":"Feature","properties":{"id":"s3395","name":"Kanie Osiedle Słoneczne","bus":1,"tram":0,"rail":0,"n":2,"imp":0.035,"node":0,"deg":2,"term":0,"major":0},"geometry":{"type":"Point","coordinates":[20.874716,52.169705]}},{"type":"Feature","properties":{"id":"s3404","name":"Kaski","bus":1,"tram":0,"rail":0,"n":1,"imp":0.049,"node":1,"deg":3,"term":1,"major":0},"geometry":{"type":"Point","coordinates":[20.793619,52.194221]}},{"type":"Feature","properties":{"id":"s3405","name":"Kaski","bus":1,"tram":0,"rail":0,"n":1,"imp":0.027,"node":0,"deg":2,"term":0,"major":0},"geometry":{"type":"Point","coordinates":[20.799782,52.196296]}},{"type":"Feature","properties":{"id":"s3406","name":"Kaski Dwór","bus":1,"tram":0,"rail":0,"n":1,"imp":0.027,"node":0,"deg":2,"term":0,"major":0},"geometry":{"type":"Point","coordinates":[20.793619,52.19624]}},{"type":"Feature","properties":{"id":"s3407","name":"Kaski Dwór","bus":1,"tram":0,"rail":0,"n":1,"imp":0.027,"node":0,"deg":2,"term":0,"major":0},"geometry":{"type":"Point","coordinates":[20.799782,52.198372]}},{"type":"Feature","properties":{"id":"s3408","name":"Kaski Podleśna","bus":1,"tram":0,"rail":0,"n":1,"imp":0.027,"node":0,"deg":2,"term":0,"major":0},"geometry":{"type":"Point","coordinates":[20.793619,52.198259]}},{"type":"Feature","properties":{"id":"s3409","name":"Kaski Podleśna","bus":1,"tram":0,"rail":0,"n":1,"imp":0.027,"node":0,"deg":2,"term":0,"major":0},"geometry":{"type":"Point","coordinates":[20.798409,52.200099]}},{"type":"Feature","properties":{"id":"s3410","name":"Kaski Skrzyżowanie","bus":1,"tram":0,"rail":0,"n":1,"imp":0.027,"node":0,"deg":2,"term":0,"major":0},"geometry":{"type":"Point","coordinates":[20.796036,52.192739]}},{"type":"Feature","properties":{"id":"s3411","name":"Kaski Skrzyżowanie","bus":1,"tram":0,"rail":0,"n":1,"imp":0.037,"node":1,"deg":3,"term":0,"major":0},"geometry":{"type":"Point","coordinates":[20.799782,52.194221]}},{"type":"Feature","properties":{"id":"s3412","name":"Kępiaste I","bus":1,"tram":0,"rail":0,"n":2,"imp":0.045,"node":1,"deg":3,"term":0,"major":0},"geometry":{"type":"Point","coordinates":[20.824437,52.229474]}},{"type":"Feature","properties":{"id":"s3413","name":"Kępiaste I","bus":1,"tram":0,"rail":0,"n":2,"imp":0.035,"node":0,"deg":2,"term":0,"major":0},"geometry":{"type":"Point","coordinates":[20.826492,52.229105]}},{"type":"Feature","properties":{"id":"s3414","name":"Kępiaste I","bus":1,"tram":0,"rail":0,"n":1,"imp":0.027,"node":0,"deg":2,"term":0,"major":0},"geometry":{"type":"Point","coordinates":[20.828458,52.226902]}},{"type":"Feature","properties":{"id":"s3415","name":"Kępiaste II","bus":1,"tram":0,"rail":0,"n":1,"imp":0.027,"node":0,"deg":2,"term":0,"major":0},"geometry":{"type":"Point","coordinates":[20.828546,52.228584]}},{"type":"Feature","properties":{"id":"s3416","name":"Kępiaste II","bus":1,"tram":0,"rail":0,"n":1,"imp":0.027,"node":0,"deg":2,"term":0,"major":0},"geometry":{"type":"Point","coordinates":[20.825101,52.23114]}},{"type":"Feature","properties":{"id":"s3417","name":"Kępiaste III","bus":1,"tram":0,"rail":0,"n":1,"imp":0.027,"node":0,"deg":2,"term":0,"major":0},"geometry":{"type":"Point","coordinates":[20.828546,52.230288]}},{"type":"Feature","properties":{"id":"s3418","name":"Kępiaste III","bus":1,"tram":0,"rail":0,"n":1,"imp":0.027,"node":0,"deg":2,"term":0,"major":0},"geometry":{"type":"Point","coordinates":[20.827218,52.232437]}},{"type":"Feature","properties":{"id":"s3419","name":"Klaudyn Radiowa","bus":1,"tram":0,"rail":0,"n":2,"imp":0.035,"node":0,"deg":2,"term":0,"major":0},"geometry":{"type":"Point","coordinates":[20.905168,52.238288]}},{"type":"Feature","properties":{"id":"s3420","name":"Klaudyn Radiowa","bus":1,"tram":0,"rail":0,"n":2,"imp":0.035,"node":0,"deg":2,"term":0,"major":0},"geometry":{"type":"Point","coordinates":[20.906019,52.239547]}},{"type":"Feature","properties":{"id":"s3421","name":"Klaudyn Szymanowskiego / Ciećwierza","bus":1,"tram":0,"rail":0,"n":2,"imp":0.045,"node":1,"deg":3,"term":0,"major":0},"geometry":{"type":"Point","coordinates":[20.888129,52.240806]}},{"type":"Feature","properties":{"id":"s3422","name":"Klaudyn Szymanowskiego / Ciećwierza","bus":1,"tram":0,"rail":0,"n":1,"imp":0.027,"node":0,"deg":2,"term":0,"major":0},"geometry":{"type":"Point","coordinates":[20.885473,52.239547]}},{"type":"Feature","properties":{"id":"s3423","name":"Kłudno Nowe","bus":1,"tram":0,"rail":0,"n":1,"imp":0.027,"node":0,"deg":2,"term":0,"major":0},"geometry":{"type":"Point","coordinates":[20.815918,52.187926]}},{"type":"Feature","properties":{"id":"s3424","name":"Kłudno Nowe","bus":1,"tram":0,"rail":0,"n":1,"imp":0.027,"node":0,"deg":2,"term":0,"major":0},"geometry":{"type":"Point","coordinates":[20.815768,52.185684]}},{"type":"Feature","properties":{"id":"s3425","name":"Kłudno Nowe Pętla","bus":1,"tram":0,"rail":0,"n":1,"imp":0.03,"node":1,"deg":1,"term":1,"major":0},"geometry":{"type":"Point","coordinates":[20.814164,52.187926]}},{"type":"Feature","properties":{"id":"s3426","name":"Kłudno Nowe Pętla","bus":1,"tram":0,"rail":0,"n":1,"imp":0.03,"node":1,"deg":1,"term":1,"major":0},"geometry":{"type":"Point","coordinates":[20.814164,52.186667]}},{"type":"Feature","properties":{"id":"s3427","name":"Kłudno OSP","bus":1,"tram":0,"rail":0,"n":1,"imp":0.027,"node":0,"deg":2,"term":0,"major":0},"geometry":{"type":"Point","coordinates":[20.819088,52.187426]}},{"type":"Feature","properties":{"id":"s3428","name":"Kłudno OSP","bus":1,"tram":0,"rail":0,"n":1,"imp":0.027,"node":0,"deg":2,"term":0,"major":0},"geometry":{"type":"Point","coordinates":[20.820115,52.185407]}},{"type":"Feature","properties":{"id":"s3429","name":"Kłudno Wieś","bus":1,"tram":0,"rail":0,"n":1,"imp":0.027,"node":0,"deg":2,"term":0,"major":0},"geometry":{"type":"Point","coordinates":[20.817672,52.187926]}},{"type":"Feature","properties":{"id":"s3430","name":"Kłudno Wieś","bus":1,"tram":0,"rail":0,"n":1,"imp":0.027,"node":0,"deg":2,"term":0,"major":0},"geometry":{"type":"Point","coordinates":[20.817848,52.185407]}},{"type":"Feature","properties":{"id":"s3431","name":"Kłudzienko","bus":1,"tram":0,"rail":0,"n":1,"imp":0.027,"node":0,"deg":2,"term":0,"major":0},"geometry":{"type":"Point","coordinates":[20.822383,52.188555]}},{"type":"Feature","properties":{"id":"s3432","name":"Kłudzienko","bus":1,"tram":0,"rail":0,"n":1,"imp":0.027,"node":0,"deg":2,"term":0,"major":0},"geometry":{"type":"Point","coordinates":[20.820328,52.188555]}},{"type":"Feature","properties":{"id":"s3433","name":"Koczargi Stare","bus":1,"tram":0,"rail":0,"n":1,"imp":0.027,"node":0,"deg":2,"term":0,"major":0},"geometry":{"type":"Point","coordinates":[20.865529,52.230104]}},{"type":"Feature","properties":{"id":"s3434","name":"Kolonia Jaktorów","bus":1,"tram":0,"rail":0,"n":1,"imp":0.037,"node":1,"deg":3,"term":0,"major":0},"geometry":{"type":"Point","coordinates":[20.81211,52.172817]}},{"type":"Feature","properties":{"id":"s3435","name":"Kolonia Jaktorów","bus":1,"tram":0,"rail":0,"n":1,"imp":0.027,"node":0,"deg":2,"term":0,"major":0},"geometry":{"type":"Point","coordinates":[20.813405,52.172023]}},{"type":"Feature","properties":{"id":"s3436","name":"Komorów I","bus":1,"tram":0,"rail":0,"n":1,"imp":0.027,"node":0,"deg":2,"term":0,"major":0},"geometry":{"type":"Point","coordinates":[20.799286,52.220661]}},{"type":"Feature","properties":{"id":"s3437","name":"Komorów I","bus":1,"tram":0,"rail":0,"n":1,"imp":0.027,"node":0,"deg":2,"term":0,"major":0},"geometry":{"type":"Point","coordinates":[20.799286,52.220661]}},{"type":"Feature","properties":{"id":"s3438","name":"Komorów II","bus":1,"tram":0,"rail":0,"n":1,"imp":0.027,"node":0,"deg":2,"term":0,"major":0},"geometry":{"type":"Point","coordinates":[20.796735,52.220661]}},{"type":"Feature","properties":{"id":"s3439","name":"Komorów II","bus":1,"tram":0,"rail":0,"n":1,"imp":0.027,"node":0,"deg":2,"term":0,"major":0},"geometry":{"type":"Point","coordinates":[20.796735,52.220661]}},{"type":"Feature","properties":{"id":"s3440","name":"Komorów III","bus":1,"tram":0,"rail":0,"n":1,"imp":0.027,"node":0,"deg":2,"term":0,"major":0},"geometry":{"type":"Point","coordinates":[20.794184,52.220661]}},{"type":"Feature","properties":{"id":"s3441","name":"Komorów III","bus":1,"tram":0,"rail":0,"n":1,"imp":0.027,"node":0,"deg":2,"term":0,"major":0},"geometry":{"type":"Point","coordinates":[20.794184,52.220661]}},{"type":"Feature","properties":{"id":"s3442","name":"Komorów Podhalańska","bus":1,"tram":0,"rail":0,"n":1,"imp":0.027,"node":0,"deg":2,"term":0,"major":0},"geometry":{"type":"Point","coordinates":[20.877255,52.171558]}},{"type":"Feature","properties":{"id":"s3443","name":"Komorów Podhalańska","bus":1,"tram":0,"rail":0,"n":1,"imp":0.027,"node":0,"deg":2,"term":0,"major":0},"geometry":{"type":"Point","coordinates":[20.880762,52.171558]}},{"type":"Feature","properties":{"id":"s3444","name":"Komorów Sanatoryjna","bus":1,"tram":0,"rail":0,"n":1,"imp":0.027,"node":0,"deg":2,"term":0,"major":0},"geometry":{"type":"Point","coordinates":[20.880762,52.171558]}},{"type":"Feature","properties":{"id":"s3445","name":"Komorów Sanatoryjna","bus":1,"tram":0,"rail":0,"n":1,"imp":0.027,"node":0,"deg":2,"term":0,"major":0},"geometry":{"type":"Point","coordinates":[20.883595,52.17056]}},{"type":"Feature","properties":{"id":"s3446","name":"Komorów Waldemara","bus":1,"tram":0,"rail":0,"n":1,"imp":0.027,"node":0,"deg":2,"term":0,"major":0},"geometry":{"type":"Point","coordinates":[20.877255,52.171558]}},{"type":"Feature","properties":{"id":"s3447","name":"Komorów WKD","bus":1,"tram":0,"rail":1,"n":2,"imp":0.102,"node":1,"deg":6,"term":1,"major":1},"geometry":{"type":"Point","coordinates":[20.873747,52.171558]}},{"type":"Feature","properties":{"id":"s3448","name":"Konotopa","bus":1,"tram":0,"rail":0,"n":1,"imp":0.027,"node":0,"deg":2,"term":0,"major":0},"geometry":{"type":"Point","coordinates":[20.871693,52.199887]}},{"type":"Feature","properties":{"id":"s3449","name":"Konotopa","bus":1,"tram":0,"rail":0,"n":1,"imp":0.037,"node":1,"deg":3,"term":0,"major":0},"geometry":{"type":"Point","coordinates":[20.871693,52.203034]}},{"type":"Feature","properties":{"id":"s3450","name":"Konstantów przy nr 12","bus":1,"tram":0,"rail":0,"n":1,"imp":0.027,"node":0,"deg":2,"term":0,"major":0},"geometry":{"type":"Point","coordinates":[20.816989,52.190444]}},{"type":"Feature","properties":{"id":"s3451","name":"Konstantów przy nr 12","bus":1,"tram":0,"rail":0,"n":1,"imp":0.027,"node":0,"deg":2,"term":0,"major":0},"geometry":{"type":"Point","coordinates":[20.819044,52.191703]}},{"type":"Feature","properties":{"id":"s3452","name":"Konstantów przy nr 35","bus":1,"tram":0,"rail":0,"n":1,"imp":0.027,"node":0,"deg":2,"term":0,"major":0},"geometry":{"type":"Point","coordinates":[20.818274,52.192647]}},{"type":"Feature","properties":{"id":"s3453","name":"Konstantów przy nr 35","bus":1,"tram":0,"rail":0,"n":1,"imp":0.027,"node":0,"deg":2,"term":0,"major":0},"geometry":{"type":"Point","coordinates":[20.816219,52.191703]}},{"type":"Feature","properties":{"id":"s3454","name":"Konstantów przy nr 41A","bus":1,"tram":0,"rail":0,"n":1,"imp":0.027,"node":0,"deg":2,"term":0,"major":0},"geometry":{"type":"Point","coordinates":[20.816476,52.190444]}},{"type":"Feature","properties":{"id":"s3455","name":"Konstantów przy nr 41A","bus":1,"tram":0,"rail":0,"n":1,"imp":0.027,"node":0,"deg":2,"term":0,"major":0},"geometry":{"type":"Point","coordinates":[20.81853,52.191703]}},{"type":"Feature","properties":{"id":"s3456","name":"Konstantów przy nr 47A","bus":1,"tram":0,"rail":0,"n":1,"imp":0.027,"node":0,"deg":2,"term":0,"major":0},"geometry":{"type":"Point","coordinates":[20.816733,52.190444]}},{"type":"Feature","properties":{"id":"s3457","name":"Konstantów przy nr 47A","bus":1,"tram":0,"rail":0,"n":1,"imp":0.027,"node":0,"deg":2,"term":0,"major":0},"geometry":{"type":"Point","coordinates":[20.818787,52.191703]}},{"type":"Feature","properties":{"id":"s3458","name":"Konstantów przy nr 54","bus":1,"tram":0,"rail":0,"n":1,"imp":0.027,"node":0,"deg":2,"term":0,"major":0},"geometry":{"type":"Point","coordinates":[20.817246,52.190444]}},{"type":"Feature","properties":{"id":"s3459","name":"Konstantów przy nr 54","bus":1,"tram":0,"rail":0,"n":1,"imp":0.027,"node":0,"deg":2,"term":0,"major":0},"geometry":{"type":"Point","coordinates":[20.819301,52.191703]}},{"type":"Feature","properties":{"id":"s3460","name":"Kopiska Duże","bus":1,"tram":0,"rail":0,"n":1,"imp":0.037,"node":1,"deg":3,"term":0,"major":0},"geometry":{"type":"Point","coordinates":[20.808001,52.176594]}},{"type":"Feature","properties":{"id":"s3461","name":"Kopiska Duże","bus":1,"tram":0,"rail":0,"n":1,"imp":0.027,"node":0,"deg":2,"term":0,"major":0},"geometry":{"type":"Point","coordinates":[20.808001,52.177607]}},{"type":"Feature","properties":{"id":"s3462","name":"Kopiska Małe","bus":1,"tram":0,"rail":0,"n":1,"imp":0.027,"node":0,"deg":2,"term":0,"major":0},"geometry":{"type":"Point","coordinates":[20.805946,52.177853]}},{"type":"Feature","properties":{"id":"s3463","name":"Kopiska Małe","bus":1,"tram":0,"rail":0,"n":1,"imp":0.027,"node":0,"deg":2,"term":0,"major":0},"geometry":{"type":"Point","coordinates":[20.807115,52.178396]}},{"type":"Feature","properties":{"id":"s3464","name":"Kopytów","bus":1,"tram":0,"rail":0,"n":2,"imp":0.035,"node":0,"deg":2,"term":0,"major":0},"geometry":{"type":"Point","coordinates":[20.828546,52.204923]}},{"type":"Feature","properties":{"id":"s3465","name":"Kopytów","bus":1,"tram":0,"rail":0,"n":2,"imp":0.035,"node":0,"deg":2,"term":0,"major":0},"geometry":{"type":"Point","coordinates":[20.827862,52.205133]}},{"type":"Feature","properties":{"id":"s3466","name":"Kopytów II","bus":1,"tram":0,"rail":0,"n":1,"imp":0.027,"node":0,"deg":2,"term":0,"major":0},"geometry":{"type":"Point","coordinates":[20.829574,52.20807]}},{"type":"Feature","properties":{"id":"s3467","name":"Kopytów II","bus":1,"tram":0,"rail":0,"n":1,"imp":0.027,"node":0,"deg":2,"term":0,"major":0},"geometry":{"type":"Point","coordinates":[20.830601,52.206811]}},{"type":"Feature","properties":{"id":"s3468","name":"Kopytów III","bus":1,"tram":0,"rail":0,"n":1,"imp":0.027,"node":0,"deg":2,"term":0,"major":0},"geometry":{"type":"Point","coordinates":[20.831971,52.207231]}},{"type":"Feature","properties":{"id":"s3469","name":"Kopytów III","bus":1,"tram":0,"rail":0,"n":1,"imp":0.027,"node":0,"deg":2,"term":0,"major":0},"geometry":{"type":"Point","coordinates":[20.836525,52.208217]}},{"type":"Feature","properties":{"id":"s3470","name":"Kopytów IV","bus":1,"tram":0,"rail":0,"n":1,"imp":0.027,"node":0,"deg":2,"term":0,"major":0},"geometry":{"type":"Point","coordinates":[20.833341,52.206392]}},{"type":"Feature","properties":{"id":"s3471","name":"Kopytów IV","bus":1,"tram":0,"rail":0,"n":1,"imp":0.027,"node":0,"deg":2,"term":0,"major":0},"geometry":{"type":"Point","coordinates":[20.836765,52.207545]}},{"type":"Feature","properties":{"id":"s3472","name":"Kostowiec","bus":1,"tram":0,"rail":0,"n":1,"imp":0.027,"node":0,"deg":2,"term":0,"major":0},"geometry":{"type":"Point","coordinates":[20.864502,52.152672]}},{"type":"Feature","properties":{"id":"s3473","name":"Kostowiec","bus":1,"tram":0,"rail":0,"n":1,"imp":0.037,"node":1,"deg":3,"term":0,"major":0},"geometry":{"type":"Point","coordinates":[20.867584,52.152672]}},{"type":"Feature","properties":{"id":"s3474","name":"Koszajec","bus":1,"tram":0,"rail":0,"n":2,"imp":0.035,"node":0,"deg":2,"term":0,"major":0},"geometry":{"type":"Point","coordinates":[20.848366,52.191258]}},{"type":"Feature","properties":{"id":"s3475","name":"Koszajec","bus":1,"tram":0,"rail":0,"n":1,"imp":0.027,"node":0,"deg":2,"term":0,"major":0},"geometry":{"type":"Point","coordinates":[20.847723,52.190444]}},{"type":"Feature","properties":{"id":"s3476","name":"Kotowice I","bus":1,"tram":0,"rail":0,"n":1,"imp":0.027,"node":0,"deg":2,"term":0,"major":0},"geometry":{"type":"Point","coordinates":[20.844983,52.185039]}},{"type":"Feature","properties":{"id":"s3477","name":"Kotowice II","bus":1,"tram":0,"rail":0,"n":1,"imp":0.027,"node":0,"deg":2,"term":0,"major":0},"geometry":{"type":"Point","coordinates":[20.844895,52.186721]}},{"type":"Feature","properties":{"id":"s3478","name":"Kotowice III MOP","bus":1,"tram":0,"rail":0,"n":1,"imp":0.027,"node":0,"deg":2,"term":0,"major":0},"geometry":{"type":"Point","coordinates":[20.844983,52.185891]}},{"type":"Feature","properties":{"id":"s3479","name":"Kozerki Akademia Tenisowa","bus":1,"tram":0,"rail":0,"n":1,"imp":0.027,"node":0,"deg":2,"term":0,"major":0},"geometry":{"type":"Point","coordinates":[20.820328,52.161486]}},{"type":"Feature","properties":{"id":"s3480","name":"Kozerki Akademia Tenisowa","bus":1,"tram":0,"rail":0,"n":1,"imp":0.027,"node":0,"deg":2,"term":0,"major":0},"geometry":{"type":"Point","coordinates":[20.818725,52.161209]}},{"type":"Feature","properties":{"id":"s3481","name":"Kozerki Księżycowa","bus":1,"tram":0,"rail":0,"n":1,"imp":0.027,"node":0,"deg":2,"term":0,"major":0},"geometry":{"type":"Point","coordinates":[20.819301,52.16841]}},{"type":"Feature","properties":{"id":"s3482","name":"Kozerki Marsa","bus":1,"tram":0,"rail":0,"n":1,"imp":0.046,"node":1,"deg":4,"term":0,"major":0},"geometry":{"type":"Point","coordinates":[20.818274,52.16904]}},{"type":"Feature","properties":{"id":"s3483","name":"Kozerki Marsa","bus":1,"tram":0,"rail":0,"n":1,"imp":0.046,"node":1,"deg":4,"term":0,"major":0},"geometry":{"type":"Point","coordinates":[20.820328,52.167781]}},{"type":"Feature","properties":{"id":"s3484","name":"Kozerki Merkurego","bus":1,"tram":0,"rail":0,"n":1,"imp":0.027,"node":0,"deg":2,"term":0,"major":0},"geometry":{"type":"Point","coordinates":[20.82055,52.16904]}},{"type":"Feature","properties":{"id":"s3485","name":"Kozerki Merkurego","bus":1,"tram":0,"rail":0,"n":1,"imp":0.027,"node":0,"deg":2,"term":0,"major":0},"geometry":{"type":"Point","coordinates":[20.818533,52.16904]}},{"type":"Feature","properties":{"id":"s3486","name":"Kozerki Pętla","bus":1,"tram":0,"rail":0,"n":1,"imp":0.046,"node":1,"deg":4,"term":0,"major":0},"geometry":{"type":"Point","coordinates":[20.814164,52.167781]}},{"type":"Feature","properties":{"id":"s3487","name":"Kozerki Rondo","bus":1,"tram":0,"rail":0,"n":2,"imp":0.045,"node":1,"deg":3,"term":0,"major":0},"geometry":{"type":"Point","coordinates":[20.822383,52.16904]}},{"type":"Feature","properties":{"id":"s3488","name":"Kozerki Rondo","bus":1,"tram":0,"rail":0,"n":2,"imp":0.045,"node":1,"deg":3,"term":0,"major":0},"geometry":{"type":"Point","coordinates":[20.820328,52.16904]}},{"type":"Feature","properties":{"id":"s3489","name":"Kozerki Świetlica","bus":1,"tram":0,"rail":0,"n":1,"imp":0.027,"node":0,"deg":2,"term":0,"major":0},"geometry":{"type":"Point","coordinates":[20.818787,52.168725]}},{"type":"Feature","properties":{"id":"s3490","name":"Kozerki Świetlica","bus":1,"tram":0,"rail":0,"n":1,"imp":0.027,"node":0,"deg":2,"term":0,"major":0},"geometry":{"type":"Point","coordinates":[20.819815,52.168096]}},{"type":"Feature","properties":{"id":"s3491","name":"Kozerki Zakręt","bus":1,"tram":0,"rail":0,"n":1,"imp":0.037,"node":1,"deg":3,"term":0,"major":0},"geometry":{"type":"Point","coordinates":[20.820328,52.165263]}},{"type":"Feature","properties":{"id":"s3492","name":"Kozerki Zakręt","bus":1,"tram":0,"rail":0,"n":1,"imp":0.037,"node":1,"deg":3,"term":0,"major":0},"geometry":{"type":"Point","coordinates":[20.818274,52.165263]}},{"type":"Feature","properties":{"id":"s3493","name":"Kozery Główna","bus":1,"tram":0,"rail":0,"n":1,"imp":0.027,"node":0,"deg":2,"term":0,"major":0},"geometry":{"type":"Point","coordinates":[20.815705,52.174391]}},{"type":"Feature","properties":{"id":"s3494","name":"Kozery Główna","bus":1,"tram":0,"rail":0,"n":1,"imp":0.027,"node":0,"deg":2,"term":0,"major":0},"geometry":{"type":"Point","coordinates":[20.817452,52.176594]}},{"type":"Feature","properties":{"id":"s3495","name":"Kozery Nowe Czerwonych Maków","bus":1,"tram":0,"rail":0,"n":1,"imp":0.027,"node":0,"deg":2,"term":0,"major":0},"geometry":{"type":"Point","coordinates":[20.814849,52.175755]}},{"type":"Feature","properties":{"id":"s3496","name":"Kozery Nowe Czerwonych Maków","bus":1,"tram":0,"rail":0,"n":1,"imp":0.027,"node":0,"deg":2,"term":0,"major":0},"geometry":{"type":"Point","coordinates":[20.815534,52.176174]}},{"type":"Feature","properties":{"id":"s3497","name":"Kozery Nowe Pętla","bus":1,"tram":0,"rail":0,"n":1,"imp":0.027,"node":0,"deg":2,"term":0,"major":0},"geometry":{"type":"Point","coordinates":[20.815192,52.175965]}},{"type":"Feature","properties":{"id":"s3498","name":"Kozery Nowe Popławska","bus":1,"tram":0,"rail":0,"n":1,"imp":0.037,"node":1,"deg":3,"term":0,"major":0},"geometry":{"type":"Point","coordinates":[20.814164,52.175335]}},{"type":"Feature","properties":{"id":"s3499","name":"Kozery Nowe Popławska","bus":1,"tram":0,"rail":0,"n":1,"imp":0.037,"node":1,"deg":3,"term":0,"major":0},"geometry":{"type":"Point","coordinates":[20.816219,52.176594]}},{"type":"Feature","properties":{"id":"s3500","name":"Kozery Stare Urocza","bus":1,"tram":0,"rail":0,"n":1,"imp":0.027,"node":0,"deg":2,"term":0,"major":0},"geometry":{"type":"Point","coordinates":[20.814507,52.175545]}},{"type":"Feature","properties":{"id":"s3501","name":"Kozery Stare Urocza","bus":1,"tram":0,"rail":0,"n":1,"imp":0.027,"node":0,"deg":2,"term":0,"major":0},"geometry":{"type":"Point","coordinates":[20.815877,52.176384]}},{"type":"Feature","properties":{"id":"s3502","name":"Kraśnicza Wola nr 23","bus":1,"tram":0,"rail":0,"n":1,"imp":0.027,"node":0,"deg":2,"term":0,"major":0},"geometry":{"type":"Point","coordinates":[20.815192,52.174706]}},{"type":"Feature","properties":{"id":"s3503","name":"Kraśnicza Wola nr 23","bus":1,"tram":0,"rail":0,"n":1,"imp":0.027,"node":0,"deg":2,"term":0,"major":0},"geometry":{"type":"Point","coordinates":[20.817041,52.176594]}},{"type":"Feature","properties":{"id":"s3504","name":"Kraśnicza Wola nr 32a","bus":1,"tram":0,"rail":0,"n":1,"imp":0.027,"node":0,"deg":2,"term":0,"major":0},"geometry":{"type":"Point","coordinates":[20.814678,52.17502]}},{"type":"Feature","properties":{"id":"s3505","name":"Kraśnicza Wola nr 32a","bus":1,"tram":0,"rail":0,"n":1,"imp":0.027,"node":0,"deg":2,"term":0,"major":0},"geometry":{"type":"Point","coordinates":[20.81663,52.176594]}},{"type":"Feature","properties":{"id":"s3506","name":"Kraśnicza Wola nr 38b","bus":1,"tram":0,"rail":0,"n":1,"imp":0.027,"node":0,"deg":2,"term":0,"major":0},"geometry":{"type":"Point","coordinates":[20.814164,52.178092]}},{"type":"Feature","properties":{"id":"s3507","name":"Kraśnicza Wola nr 38b","bus":1,"tram":0,"rail":0,"n":1,"imp":0.027,"node":0,"deg":2,"term":0,"major":0},"geometry":{"type":"Point","coordinates":[20.81211,52.176833]}},{"type":"Feature","properties":{"id":"s3508","name":"Krosna Józefowska","bus":1,"tram":0,"rail":0,"n":2,"imp":0.045,"node":1,"deg":3,"term":0,"major":0},"geometry":{"type":"Point","coordinates":[20.844983,52.190444]}},{"type":"Feature","properties":{"id":"s3509","name":"Krosna Józefowska","bus":1,"tram":0,"rail":0,"n":1,"imp":0.027,"node":0,"deg":2,"term":0,"major":0},"geometry":{"type":"Point","coordinates":[20.846353,52.190444]}},{"type":"Feature","properties":{"id":"s3510","name":"Krosna Józefowska EKOPAL","bus":1,"tram":0,"rail":0,"n":2,"imp":0.035,"node":0,"deg":2,"term":0,"major":0},"geometry":{"type":"Point","coordinates":[20.843613,52.190863]}},{"type":"Feature","properties":{"id":"s3511","name":"Krosna Józefowska Kamienica","bus":1,"tram":0,"rail":0,"n":2,"imp":0.035,"node":0,"deg":2,"term":0,"major":0},"geometry":{"type":"Point","coordinates":[20.842244,52.190024]}},{"type":"Feature","properties":{"id":"s3512","name":"Krosna Marianka","bus":1,"tram":0,"rail":0,"n":2,"imp":0.045,"node":1,"deg":3,"term":0,"major":0},"geometry":{"type":"Point","coordinates":[20.842929,52.189185]}},{"type":"Feature","properties":{"id":"s3513","name":"Krosna Marianka","bus":1,"tram":0,"rail":0,"n":3,"imp":0.053,"node":1,"deg":3,"term":0,"major":0},"geometry":{"type":"Point","coordinates":[20.840874,52.189185]}},{"type":"Feature","properties":{"id":"s3514","name":"Krosna Wieś Bloki","bus":1,"tram":0,"rail":0,"n":2,"imp":0.035,"node":0,"deg":2,"term":0,"major":0},"geometry":{"type":"Point","coordinates":[20.844983,52.191703]}},{"type":"Feature","properties":{"id":"s3515","name":"Krze","bus":1,"tram":0,"rail":0,"n":1,"imp":0.027,"node":0,"deg":2,"term":0,"major":0},"geometry":{"type":"Point","coordinates":[20.835532,52.147636]}},{"type":"Feature","properties":{"id":"s3516","name":"Krze","bus":1,"tram":0,"rail":0,"n":1,"imp":0.027,"node":0,"deg":2,"term":0,"major":0},"geometry":{"type":"Point","coordinates":[20.836835,52.14642]}},{"type":"Feature","properties":{"id":"s3517","name":"Krze Canpol","bus":1,"tram":0,"rail":0,"n":1,"imp":0.027,"node":0,"deg":2,"term":0,"major":0},"geometry":{"type":"Point","coordinates":[20.837176,52.147636]}},{"type":"Feature","properties":{"id":"s3518","name":"Krze Canpol","bus":1,"tram":0,"rail":0,"n":1,"imp":0.027,"node":0,"deg":2,"term":0,"major":0},"geometry":{"type":"Point","coordinates":[20.837827,52.147028]}},{"type":"Feature","properties":{"id":"s3519","name":"Krze Kładka","bus":1,"tram":0,"rail":0,"n":1,"imp":0.027,"node":0,"deg":2,"term":0,"major":0},"geometry":{"type":"Point","coordinates":[20.832245,52.147636]}},{"type":"Feature","properties":{"id":"s3520","name":"Krze Kładka","bus":1,"tram":0,"rail":0,"n":1,"imp":0.027,"node":0,"deg":2,"term":0,"major":0},"geometry":{"type":"Point","coordinates":[20.834059,52.146377]}},{"type":"Feature","properties":{"id":"s3521","name":"Krze Tunel","bus":1,"tram":0,"rail":0,"n":1,"imp":0.027,"node":0,"deg":2,"term":0,"major":0},"geometry":{"type":"Point","coordinates":[20.833888,52.147636]}},{"type":"Feature","properties":{"id":"s3522","name":"Krze Tunel","bus":1,"tram":0,"rail":0,"n":1,"imp":0.027,"node":0,"deg":2,"term":0,"major":0},"geometry":{"type":"Point","coordinates":[20.835462,52.146377]}},{"type":"Feature","properties":{"id":"s3523","name":"Książenice Batalion","bus":1,"tram":0,"rail":0,"n":7,"imp":0.123,"node":1,"deg":7,"term":0,"major":1},"geometry":{"type":"Point","coordinates":[20.855256,52.157708]}},{"type":"Feature","properties":{"id":"s3524","name":"Książenice Batalion","bus":1,"tram":0,"rail":0,"n":7,"imp":0.085,"node":1,"deg":3,"term":0,"major":0},"geometry":{"type":"Point","coordinates":[20.851147,52.158967]}},{"type":"Feature","properties":{"id":"s3525","name":"Książenice Dębowa","bus":1,"tram":0,"rail":0,"n":1,"imp":0.027,"node":0,"deg":2,"term":0,"major":0},"geometry":{"type":"Point","coordinates":[20.855256,52.160574]}},{"type":"Feature","properties":{"id":"s3526","name":"Książenice Dębowa","bus":1,"tram":0,"rail":0,"n":1,"imp":0.027,"node":0,"deg":2,"term":0,"major":0},"geometry":{"type":"Point","coordinates":[20.853201,52.161486]}},{"type":"Feature","properties":{"id":"s3527","name":"Książenice Jarzębinowa","bus":1,"tram":0,"rail":0,"n":3,"imp":0.043,"node":0,"deg":2,"term":0,"major":0},"geometry":{"type":"Point","coordinates":[20.847339,52.157708]}},{"type":"Feature","properties":{"id":"s3528","name":"Książenice Jarzębinowa","bus":1,"tram":0,"rail":0,"n":3,"imp":0.043,"node":0,"deg":2,"term":0,"major":0},"geometry":{"type":"Point","coordinates":[20.848407,52.158967]}},{"type":"Feature","properties":{"id":"s3529","name":"Książenice Koncertowa","bus":1,"tram":0,"rail":0,"n":3,"imp":0.043,"node":0,"deg":2,"term":0,"major":0},"geometry":{"type":"Point","coordinates":[20.844169,52.158208]}},{"type":"Feature","properties":{"id":"s3530","name":"Książenice Koncertowa","bus":1,"tram":0,"rail":0,"n":3,"imp":0.053,"node":1,"deg":3,"term":0,"major":0},"geometry":{"type":"Point","coordinates":[20.847038,52.158967]}},{"type":"Feature","properties":{"id":"s3531","name":"Książenice Kościół","bus":1,"tram":0,"rail":0,"n":7,"imp":0.095,"node":1,"deg":4,"term":0,"major":0},"geometry":{"type":"Point","coordinates":[20.849092,52.157708]}},{"type":"Feature","properties":{"id":"s3532","name":"Książenice Kościół","bus":1,"tram":0,"rail":0,"n":7,"imp":0.085,"node":1,"deg":3,"term":0,"major":0},"geometry":{"type":"Point","coordinates":[20.849092,52.158967]}},{"type":"Feature","properties":{"id":"s3533","name":"Książenice Legionistów","bus":1,"tram":0,"rail":0,"n":1,"imp":0.037,"node":1,"deg":3,"term":0,"major":0},"geometry":{"type":"Point","coordinates":[20.86142,52.156449]}},{"type":"Feature","properties":{"id":"s3534","name":"Książenice Osiedle","bus":1,"tram":0,"rail":0,"n":6,"imp":0.087,"node":1,"deg":4,"term":0,"major":0},"geometry":{"type":"Point","coordinates":[20.851147,52.160227]}},{"type":"Feature","properties":{"id":"s3535","name":"Książenice Osiedle","bus":1,"tram":0,"rail":0,"n":3,"imp":0.053,"node":1,"deg":3,"term":0,"major":0},"geometry":{"type":"Point","coordinates":[20.853201,52.158967]}},{"type":"Feature","properties":{"id":"s3536","name":"Książenice OSP","bus":1,"tram":0,"rail":0,"n":5,"imp":0.059,"node":0,"deg":2,"term":0,"major":0},"geometry":{"type":"Point","coordinates":[20.849635,52.161153]}},{"type":"Feature","properties":{"id":"s3537","name":"Książenice OSP","bus":1,"tram":0,"rail":0,"n":5,"imp":0.059,"node":0,"deg":2,"term":0,"major":0},"geometry":{"type":"Point","coordinates":[20.853459,52.158809]}},{"type":"Feature","properties":{"id":"s3538","name":"Książenice Planty","bus":1,"tram":0,"rail":0,"n":3,"imp":0.043,"node":0,"deg":2,"term":0,"major":0},"geometry":{"type":"Point","coordinates":[20.845585,52.157708]}},{"type":"Feature","properties":{"id":"s3539","name":"Książenice Planty","bus":1,"tram":0,"rail":0,"n":3,"imp":0.043,"node":0,"deg":2,"term":0,"major":0},"geometry":{"type":"Point","coordinates":[20.847723,52.158967]}},{"type":"Feature","properties":{"id":"s3540","name":"Książenice Przychodnia","bus":1,"tram":0,"rail":0,"n":5,"imp":0.059,"node":0,"deg":2,"term":0,"major":0},"geometry":{"type":"Point","coordinates":[20.849866,52.161011]}},{"type":"Feature","properties":{"id":"s3541","name":"Książenice Sadowa","bus":1,"tram":0,"rail":0,"n":5,"imp":0.059,"node":0,"deg":2,"term":0,"major":0},"geometry":{"type":"Point","coordinates":[20.848124,52.162079]}},{"type":"Feature","properties":{"id":"s3542","name":"Książenice Sadowa","bus":1,"tram":0,"rail":0,"n":5,"imp":0.059,"node":0,"deg":2,"term":0,"major":0},"geometry":{"type":"Point","coordinates":[20.851663,52.15991]}},{"type":"Feature","properties":{"id":"s3543","name":"Książenice Sosnowa","bus":1,"tram":0,"rail":0,"n":5,"imp":0.059,"node":0,"deg":2,"term":0,"major":0},"geometry":{"type":"Point","coordinates":[20.846612,52.163005]}},{"type":"Feature","properties":{"id":"s3544","name":"Książenice Sosnowa","bus":1,"tram":0,"rail":0,"n":5,"imp":0.059,"node":0,"deg":2,"term":0,"major":0},"geometry":{"type":"Point","coordinates":[20.848069,52.162112]}},{"type":"Feature","properties":{"id":"s3545","name":"Książenice Szkoła","bus":1,"tram":0,"rail":0,"n":1,"imp":0.039,"node":1,"deg":2,"term":1,"major":0},"geometry":{"type":"Point","coordinates":[20.851147,52.156449]}},{"type":"Feature","properties":{"id":"s3546","name":"Kuklówka","bus":1,"tram":0,"rail":0,"n":1,"imp":0.027,"node":0,"deg":2,"term":0,"major":0},"geometry":{"type":"Point","coordinates":[20.826492,52.155856]}},{"type":"Feature","properties":{"id":"s3547","name":"Kuklówka","bus":1,"tram":0,"rail":0,"n":1,"imp":0.027,"node":0,"deg":2,"term":0,"major":0},"geometry":{"type":"Point","coordinates":[20.828546,52.154597]}},{"type":"Feature","properties":{"id":"s3548","name":"Kuranów Flis","bus":1,"tram":0,"rail":0,"n":2,"imp":0.035,"node":0,"deg":2,"term":0,"major":0},"geometry":{"type":"Point","coordinates":[20.830601,52.145957]}},{"type":"Feature","properties":{"id":"s3549","name":"Kuranów Flis","bus":1,"tram":0,"rail":0,"n":2,"imp":0.035,"node":0,"deg":2,"term":0,"major":0},"geometry":{"type":"Point","coordinates":[20.830885,52.142774]}},{"type":"Feature","properties":{"id":"s3550","name":"Kwirynów Agawy","bus":1,"tram":0,"rail":0,"n":1,"imp":0.027,"node":0,"deg":2,"term":0,"major":0},"geometry":{"type":"Point","coordinates":[20.883489,52.232926]}},{"type":"Feature","properties":{"id":"s3551","name":"Kwirynów Agawy","bus":1,"tram":0,"rail":0,"n":1,"imp":0.027,"node":0,"deg":2,"term":0,"major":0},"geometry":{"type":"Point","coordinates":[20.883489,52.232926]}},{"type":"Feature","properties":{"id":"s3552","name":"Kwirynów Kalinowa","bus":1,"tram":0,"rail":0,"n":1,"imp":0.027,"node":0,"deg":2,"term":0,"major":0},"geometry":{"type":"Point","coordinates":[20.885012,52.233859]}},{"type":"Feature","properties":{"id":"s3553","name":"Kwirynów Kalinowa","bus":1,"tram":0,"rail":0,"n":1,"imp":0.027,"node":0,"deg":2,"term":0,"major":0},"geometry":{"type":"Point","coordinates":[20.885012,52.233859]}},{"type":"Feature","properties":{"id":"s3554","name":"Lasek Główna","bus":1,"tram":0,"rail":0,"n":1,"imp":0.027,"node":0,"deg":2,"term":0,"major":0},"geometry":{"type":"Point","coordinates":[20.853627,52.132267]}},{"type":"Feature","properties":{"id":"s3555","name":"Lasek Główna","bus":1,"tram":0,"rail":0,"n":1,"imp":0.027,"node":0,"deg":2,"term":0,"major":0},"geometry":{"type":"Point","coordinates":[20.85714,52.132632]}},{"type":"Feature","properties":{"id":"s3556","name":"Lasek Słoneczna","bus":1,"tram":0,"rail":0,"n":1,"imp":0.027,"node":0,"deg":2,"term":0,"major":0},"geometry":{"type":"Point","coordinates":[20.856028,52.133313]}},{"type":"Feature","properties":{"id":"s3557","name":"Lasek Słoneczna","bus":1,"tram":0,"rail":0,"n":1,"imp":0.027,"node":0,"deg":2,"term":0,"major":0},"geometry":{"type":"Point","coordinates":[20.85136,52.133656]}},{"type":"Feature","properties":{"id":"s3558","name":"Łaźniew","bus":1,"tram":0,"rail":0,"n":2,"imp":0.054,"node":1,"deg":4,"term":0,"major":0},"geometry":{"type":"Point","coordinates":[20.830601,52.20807]}},{"type":"Feature","properties":{"id":"s3559","name":"Łaźniew","bus":1,"tram":0,"rail":0,"n":1,"imp":0.037,"node":1,"deg":3,"term":0,"major":0},"geometry":{"type":"Point","coordinates":[20.832656,52.205552]}},{"type":"Feature","properties":{"id":"s3560","name":"Łaźniew Cmentarz","bus":1,"tram":0,"rail":0,"n":1,"imp":0.027,"node":0,"deg":2,"term":0,"major":0},"geometry":{"type":"Point","coordinates":[20.830396,52.20807]}},{"type":"Feature","properties":{"id":"s3561","name":"Łaźniew Cmentarz","bus":1,"tram":0,"rail":0,"n":1,"imp":0.027,"node":0,"deg":2,"term":0,"major":0},"geometry":{"type":"Point","coordinates":[20.835679,52.208736]}},{"type":"Feature","properties":{"id":"s3562","name":"Łaźniewek","bus":1,"tram":0,"rail":0,"n":1,"imp":0.027,"node":0,"deg":2,"term":0,"major":0},"geometry":{"type":"Point","coordinates":[20.829368,52.20807]}},{"type":"Feature","properties":{"id":"s3563","name":"Łaźniewek","bus":1,"tram":0,"rail":0,"n":1,"imp":0.027,"node":0,"deg":2,"term":0,"major":0},"geometry":{"type":"Point","coordinates":[20.831447,52.211329]}},{"type":"Feature","properties":{"id":"s3564","name":"Łaźniew Majątkowa","bus":1,"tram":0,"rail":0,"n":1,"imp":0.027,"node":0,"deg":2,"term":0,"major":0},"geometry":{"type":"Point","coordinates":[20.829574,52.20807]}},{"type":"Feature","properties":{"id":"s3565","name":"Łaźniew Majątkowa","bus":1,"tram":0,"rail":0,"n":1,"imp":0.027,"node":0,"deg":2,"term":0,"major":0},"geometry":{"type":"Point","coordinates":[20.832294,52.21081]}},{"type":"Feature","properties":{"id":"s3566","name":"Łaźniew Majątkowa przy nr 2D","bus":1,"tram":0,"rail":0,"n":1,"imp":0.027,"node":0,"deg":2,"term":0,"major":0},"geometry":{"type":"Point","coordinates":[20.829779,52.20807]}},{"type":"Feature","properties":{"id":"s3567","name":"Łaźniew Majątkowa przy nr 2D","bus":1,"tram":0,"rail":0,"n":1,"imp":0.027,"node":0,"deg":2,"term":0,"major":0},"geometry":{"type":"Point","coordinates":[20.83314,52.210292]}},{"type":"Feature","properties":{"id":"s3568","name":"Łaźniew Wiosenna","bus":1,"tram":0,"rail":0,"n":1,"imp":0.027,"node":0,"deg":2,"term":0,"major":0},"geometry":{"type":"Point","coordinates":[20.833986,52.209773]}},{"type":"Feature","properties":{"id":"s3569","name":"Łaźniew Wiosenna","bus":1,"tram":0,"rail":0,"n":1,"imp":0.027,"node":0,"deg":2,"term":0,"major":0},"geometry":{"type":"Point","coordinates":[20.829985,52.20807]}},{"type":"Feature","properties":{"id":"s3570","name":"Łaźniew Zakład Opiekuńczo-Leczniczy","bus":1,"tram":0,"rail":0,"n":1,"imp":0.027,"node":0,"deg":2,"term":0,"major":0},"geometry":{"type":"Point","coordinates":[20.83019,52.20807]}},{"type":"Feature","properties":{"id":"s3571","name":"Łaźniew Zakład Opiekuńczo-Leczniczy","bus":1,"tram":0,"rail":0,"n":1,"imp":0.027,"node":0,"deg":2,"term":0,"major":0},"geometry":{"type":"Point","coordinates":[20.834832,52.209254]}},{"type":"Feature","properties":{"id":"s3572","name":"Łazy","bus":1,"tram":0,"rail":0,"n":1,"imp":0.027,"node":0,"deg":2,"term":0,"major":0},"geometry":{"type":"Point","coordinates":[20.792215,52.219801]}},{"type":"Feature","properties":{"id":"s3573","name":"Łazy","bus":1,"tram":0,"rail":0,"n":1,"imp":0.027,"node":0,"deg":2,"term":0,"major":0},"geometry":{"type":"Point","coordinates":[20.791634,52.220661]}},{"type":"Feature","properties":{"id":"s3574","name":"Leszno Błońska","bus":1,"tram":0,"rail":0,"n":1,"imp":0.027,"node":0,"deg":2,"term":0,"major":0},"geometry":{"type":"Point","coordinates":[20.824437,52.214887]}},{"type":"Feature","properties":{"id":"s3575","name":"Leszno Błońska","bus":1,"tram":0,"rail":0,"n":2,"imp":0.045,"node":1,"deg":3,"term":0,"major":0},"geometry":{"type":"Point","coordinates":[20.818274,52.215625]}},{"type":"Feature","properties":{"id":"s3576","name":"Leszno Błońska","bus":1,"tram":0,"rail":0,"n":1,"imp":0.027,"node":0,"deg":2,"term":0,"major":0},"geometry":{"type":"Point","coordinates":[20.819095,52.218646]}},{"type":"Feature","properties":{"id":"s3577","name":"Leszno Fabryczna","bus":1,"tram":0,"rail":0,"n":1,"imp":0.027,"node":0,"deg":2,"term":0,"major":0},"geometry":{"type":"Point","coordinates":[20.817863,52.217891]}},{"type":"Feature","properties":{"id":"s3578","name":"Leszno Fabryczna","bus":1,"tram":0,"rail":0,"n":1,"imp":0.027,"node":0,"deg":2,"term":0,"major":0},"geometry":{"type":"Point","coordinates":[20.81776,52.21531]}},{"type":"Feature","properties":{"id":"s3579","name":"Leszno Fabryczna Bio Planet","bus":1,"tram":0,"rail":0,"n":1,"imp":0.027,"node":0,"deg":2,"term":0,"major":0},"geometry":{"type":"Point","coordinates":[20.81663,52.217136]}},{"type":"Feature","properties":{"id":"s3580","name":"Leszno Fabryczna Bio Planet","bus":1,"tram":0,"rail":0,"n":1,"imp":0.027,"node":0,"deg":2,"term":0,"major":0},"geometry":{"type":"Point","coordinates":[20.817246,52.214995]}},{"type":"Feature","properties":{"id":"s3581","name":"Leszno Miłosza","bus":1,"tram":0,"rail":0,"n":1,"imp":0.027,"node":0,"deg":2,"term":0,"major":0},"geometry":{"type":"Point","coordinates":[20.819643,52.219821]}},{"type":"Feature","properties":{"id":"s3582","name":"Leszno Miłosza","bus":1,"tram":0,"rail":0,"n":1,"imp":0.027,"node":0,"deg":2,"term":0,"major":0},"geometry":{"type":"Point","coordinates":[20.818958,52.220241]}},{"type":"Feature","properties":{"id":"s3583","name":"Leszno Tuwima","bus":1,"tram":0,"rail":0,"n":1,"imp":0.027,"node":0,"deg":2,"term":0,"major":0},"geometry":{"type":"Point","coordinates":[20.818274,52.220661]}},{"type":"Feature","properties":{"id":"s3584","name":"Leszno Tuwima","bus":1,"tram":0,"rail":0,"n":1,"imp":0.027,"node":0,"deg":2,"term":0,"major":0},"geometry":{"type":"Point","coordinates":[20.817589,52.221081]}},{"type":"Feature","properties":{"id":"s3585","name":"Lisówek","bus":1,"tram":0,"rail":0,"n":1,"imp":0.027,"node":0,"deg":2,"term":0,"major":0},"geometry":{"type":"Point","coordinates":[20.859365,52.1426]}},{"type":"Feature","properties":{"id":"s3586","name":"Lisówek","bus":1,"tram":0,"rail":0,"n":1,"imp":0.027,"node":0,"deg":2,"term":0,"major":0},"geometry":{"type":"Point","coordinates":[20.861229,52.140199]}},{"type":"Feature","properties":{"id":"s3587","name":"Łomianki Centrum Handlowe","bus":1,"tram":0,"rail":0,"n":1,"imp":0.027,"node":0,"deg":2,"term":0,"major":0},"geometry":{"type":"Point","coordinates":[20.914839,52.254655]}},{"type":"Feature","properties":{"id":"s3588","name":"Łomianki Centrum Handlowe","bus":1,"tram":0,"rail":0,"n":1,"imp":0.027,"node":0,"deg":2,"term":0,"major":0},"geometry":{"type":"Point","coordinates":[20.914112,52.255469]}},{"type":"Feature","properties":{"id":"s3589","name":"Łomianki Partyzantów","bus":1,"tram":0,"rail":0,"n":1,"imp":0.027,"node":0,"deg":2,"term":0,"major":0},"geometry":{"type":"Point","coordinates":[20.911757,52.253396]}},{"type":"Feature","properties":{"id":"s3590","name":"Łubiec","bus":1,"tram":0,"rail":0,"n":1,"imp":0.027,"node":0,"deg":2,"term":0,"major":0},"geometry":{"type":"Point","coordinates":[20.828546,52.233935]}},{"type":"Feature","properties":{"id":"s3591","name":"Łubiec","bus":1,"tram":0,"rail":0,"n":2,"imp":0.045,"node":1,"deg":3,"term":0,"major":0},"geometry":{"type":"Point","coordinates":[20.824437,52.233251]}},{"type":"Feature","properties":{"id":"s3592","name":"Łubiec","bus":1,"tram":0,"rail":0,"n":2,"imp":0.054,"node":1,"deg":4,"term":0,"major":0},"geometry":{"type":"Point","coordinates":[20.828546,52.231992]}},{"type":"Feature","properties":{"id":"s3594","name":"Makówka Chmielna","bus":1,"tram":0,"rail":0,"n":2,"imp":0.035,"node":0,"deg":2,"term":0,"major":0},"geometry":{"type":"Point","coordinates":[20.830902,52.156634]}},{"type":"Feature","properties":{"id":"s3595","name":"Makówka Chmielna","bus":1,"tram":0,"rail":0,"n":3,"imp":0.043,"node":0,"deg":2,"term":0,"major":0},"geometry":{"type":"Point","coordinates":[20.828546,52.158967]}},{"type":"Feature","properties":{"id":"s3596","name":"Makówka Cynamonowa","bus":1,"tram":0,"rail":0,"n":2,"imp":0.035,"node":0,"deg":2,"term":0,"major":0},"geometry":{"type":"Point","coordinates":[20.829787,52.156449]}},{"type":"Feature","properties":{"id":"s3597","name":"Makówka Cynamonowa","bus":1,"tram":0,"rail":0,"n":3,"imp":0.043,"node":0,"deg":2,"term":0,"major":0},"geometry":{"type":"Point","coordinates":[20.827519,52.158338]}},{"type":"Feature","properties":{"id":"s3598","name":"Makówka Lukrecji","bus":1,"tram":0,"rail":0,"n":3,"imp":0.077,"node":1,"deg":3,"term":1,"major":0},"geometry":{"type":"Point","coordinates":[20.828546,52.156449]}},{"type":"Feature","properties":{"id":"s3599","name":"Makówka Lukrecji","bus":1,"tram":0,"rail":0,"n":4,"imp":0.085,"node":1,"deg":3,"term":1,"major":0},"geometry":{"type":"Point","coordinates":[20.826492,52.157708]}},{"type":"Feature","properties":{"id":"s3600","name":"Makówka Radziejowicka","bus":1,"tram":0,"rail":0,"n":2,"imp":0.035,"node":0,"deg":2,"term":0,"major":0},"geometry":{"type":"Point","coordinates":[20.831779,52.157171]}},{"type":"Feature","properties":{"id":"s3601","name":"Malichy Sadowa","bus":1,"tram":0,"rail":0,"n":1,"imp":0.039,"node":1,"deg":2,"term":1,"major":0},"geometry":{"type":"Point","coordinates":[20.875802,52.18163]}},{"type":"Feature","properties":{"id":"s3602","name":"Malichy WKD","bus":1,"tram":0,"rail":1,"n":6,"imp":0.131,"node":1,"deg":7,"term":0,"major":1},"geometry":{"type":"Point","coordinates":[20.877856,52.182889]}},{"type":"Feature","properties":{"id":"s3603","name":"Malichy Zamienna","bus":1,"tram":0,"rail":0,"n":1,"imp":0.027,"node":0,"deg":2,"term":0,"major":0},"geometry":{"type":"Point","coordinates":[20.876829,52.18226]}},{"type":"Feature","properties":{"id":"s3604","name":"Marianów Al. Grabowa","bus":1,"tram":0,"rail":0,"n":1,"imp":0.027,"node":0,"deg":2,"term":0,"major":0},"geometry":{"type":"Point","coordinates":[20.816219,52.22192]}},{"type":"Feature","properties":{"id":"s3605","name":"Marianów Jodłowa","bus":1,"tram":0,"rail":0,"n":1,"imp":0.039,"node":1,"deg":2,"term":1,"major":0},"geometry":{"type":"Point","coordinates":[20.814164,52.223179]}},{"type":"Feature","properties":{"id":"s3606","name":"Marianów Kampinoska","bus":1,"tram":0,"rail":0,"n":1,"imp":0.027,"node":0,"deg":2,"term":0,"major":0},"geometry":{"type":"Point","coordinates":[20.814849,52.222759]}},{"type":"Feature","properties":{"id":"s3607","name":"Marynin Grochowa","bus":1,"tram":0,"rail":0,"n":2,"imp":0.035,"node":0,"deg":2,"term":0,"major":0},"geometry":{"type":"Point","coordinates":[20.857511,52.155067]}},{"type":"Feature","properties":{"id":"s3608","name":"Marynin Grochowa","bus":1,"tram":0,"rail":0,"n":2,"imp":0.035,"node":0,"deg":2,"term":0,"major":0},"geometry":{"type":"Point","coordinates":[20.858279,52.155856]}},{"type":"Feature","properties":{"id":"s3609","name":"Marynin Strzelecka","bus":1,"tram":0,"rail":0,"n":2,"imp":0.035,"node":0,"deg":2,"term":0,"major":0},"geometry":{"type":"Point","coordinates":[20.855657,52.156204]}},{"type":"Feature","properties":{"id":"s3610","name":"Marynin Strzelecka","bus":1,"tram":0,"rail":0,"n":2,"imp":0.035,"node":0,"deg":2,"term":0,"major":0},"geometry":{"type":"Point","coordinates":[20.85574,52.157412]}},{"type":"Feature","properties":{"id":"s3611","name":"Maszna","bus":1,"tram":0,"rail":0,"n":1,"imp":0.027,"node":0,"deg":2,"term":0,"major":0},"geometry":{"type":"Point","coordinates":[20.793619,52.209091]}},{"type":"Feature","properties":{"id":"s3612","name":"Maszna","bus":1,"tram":0,"rail":0,"n":1,"imp":0.027,"node":0,"deg":2,"term":0,"major":0},"geometry":{"type":"Point","coordinates":[20.791564,52.20946]}},{"type":"Feature","properties":{"id":"s3613","name":"Michałowice Cmentarz","bus":1,"tram":0,"rail":0,"n":1,"imp":0.027,"node":0,"deg":2,"term":0,"major":0},"geometry":{"type":"Point","coordinates":[20.889532,52.18163]}},{"type":"Feature","properties":{"id":"s3614","name":"Michałowice Cmentarz","bus":1,"tram":0,"rail":0,"n":1,"imp":0.027,"node":0,"deg":2,"term":0,"major":0},"geometry":{"type":"Point","coordinates":[20.887297,52.180881]}},{"type":"Feature","properties":{"id":"s3615","name":"Michałowice Kościół","bus":1,"tram":0,"rail":0,"n":1,"imp":0.027,"node":0,"deg":2,"term":0,"major":0},"geometry":{"type":"Point","coordinates":[20.901289,52.18112]}},{"type":"Feature","properties":{"id":"s3616","name":"Michałowice Kościół","bus":1,"tram":0,"rail":0,"n":1,"imp":0.027,"node":0,"deg":2,"term":0,"major":0},"geometry":{"type":"Point","coordinates":[20.899054,52.180371]}},{"type":"Feature","properties":{"id":"s3617","name":"Michałowice Poniatowskiego","bus":1,"tram":0,"rail":0,"n":1,"imp":0.027,"node":0,"deg":2,"term":0,"major":0},"geometry":{"type":"Point","coordinates":[20.896447,52.18163]}},{"type":"Feature","properties":{"id":"s3618","name":"Michałowice Poniatowskiego","bus":1,"tram":0,"rail":0,"n":1,"imp":0.027,"node":0,"deg":2,"term":0,"major":0},"geometry":{"type":"Point","coordinates":[20.893868,52.180371]}},{"type":"Feature","properties":{"id":"s3619","name":"Michałowice Regulska","bus":1,"tram":0,"rail":0,"n":1,"imp":0.027,"node":0,"deg":2,"term":0,"major":0},"geometry":{"type":"Point","coordinates":[20.891261,52.18163]}},{"type":"Feature","properties":{"id":"s3620","name":"Michałowice Regulska","bus":1,"tram":0,"rail":0,"n":1,"imp":0.027,"node":0,"deg":2,"term":0,"major":0},"geometry":{"type":"Point","coordinates":[20.888681,52.180371]}},{"type":"Feature","properties":{"id":"s3621","name":"Michałowice Skatepark","bus":1,"tram":0,"rail":0,"n":1,"imp":0.027,"node":0,"deg":2,"term":0,"major":0},"geometry":{"type":"Point","coordinates":[20.899905,52.18163]}},{"type":"Feature","properties":{"id":"s3622","name":"Michałowice Słowackiego","bus":1,"tram":0,"rail":0,"n":1,"imp":0.027,"node":0,"deg":2,"term":0,"major":0},"geometry":{"type":"Point","coordinates":[20.894719,52.18163]}},{"type":"Feature","properties":{"id":"s3623","name":"Michałowice Słowackiego","bus":1,"tram":0,"rail":0,"n":1,"imp":0.027,"node":0,"deg":2,"term":0,"major":0},"geometry":{"type":"Point","coordinates":[20.892139,52.180371]}},{"type":"Feature","properties":{"id":"s3624","name":"Michałowice Spacerowa","bus":1,"tram":0,"rail":0,"n":1,"imp":0.027,"node":0,"deg":2,"term":0,"major":0},"geometry":{"type":"Point","coordinates":[20.89299,52.18163]}},{"type":"Feature","properties":{"id":"s3625","name":"Michałowice Spacerowa","bus":1,"tram":0,"rail":0,"n":1,"imp":0.027,"node":0,"deg":2,"term":0,"major":0},"geometry":{"type":"Point","coordinates":[20.89041,52.180371]}},{"type":"Feature","properties":{"id":"s3626","name":"Michałowice Szkoła","bus":1,"tram":0,"rail":0,"n":1,"imp":0.027,"node":0,"deg":2,"term":0,"major":0},"geometry":{"type":"Point","coordinates":[20.897325,52.180371]}},{"type":"Feature","properties":{"id":"s3627","name":"Michałowice Wesoła","bus":1,"tram":0,"rail":0,"n":1,"imp":0.027,"node":0,"deg":2,"term":0,"major":0},"geometry":{"type":"Point","coordinates":[20.898176,52.18163]}},{"type":"Feature","properties":{"id":"s3628","name":"Michałowice Wesoła","bus":1,"tram":0,"rail":0,"n":1,"imp":0.027,"node":0,"deg":2,"term":0,"major":0},"geometry":{"type":"Point","coordinates":[20.895596,52.180371]}},{"type":"Feature","properties":{"id":"s3629","name":"Międzyborów Żwirki i Wigury","bus":1,"tram":0,"rail":0,"n":1,"imp":0.027,"node":0,"deg":2,"term":0,"major":0},"geometry":{"type":"Point","coordinates":[20.803892,52.168775]}},{"type":"Feature","properties":{"id":"s3630","name":"Międzyborów Żwirki i Wigury","bus":1,"tram":0,"rail":0,"n":1,"imp":0.027,"node":0,"deg":2,"term":0,"major":0},"geometry":{"type":"Point","coordinates":[20.805946,52.168418]}},{"type":"Feature","properties":{"id":"s3631","name":"Milanówek Basen","bus":1,"tram":0,"rail":0,"n":2,"imp":0.035,"node":0,"deg":2,"term":0,"major":0},"geometry":{"type":"Point","coordinates":[20.839847,52.172187]}},{"type":"Feature","properties":{"id":"s3632","name":"Milanówek Biedronka","bus":1,"tram":0,"rail":0,"n":3,"imp":0.053,"node":1,"deg":3,"term":0,"major":0},"geometry":{"type":"Point","coordinates":[20.840874,52.174076]}},{"type":"Feature","properties":{"id":"s3633","name":"Milanówek Biedronka","bus":1,"tram":0,"rail":0,"n":5,"imp":0.079,"node":1,"deg":4,"term":0,"major":0},"geometry":{"type":"Point","coordinates":[20.840874,52.172817]}},{"type":"Feature","properties":{"id":"s3634","name":"Milanówek Brwinowska","bus":1,"tram":0,"rail":0,"n":1,"imp":0.027,"node":0,"deg":2,"term":0,"major":0},"geometry":{"type":"Point","coordinates":[20.85012,52.173447]}},{"type":"Feature","properties":{"id":"s3635","name":"Milanówek Brwinowska","bus":1,"tram":0,"rail":0,"n":1,"imp":0.027,"node":0,"deg":2,"term":0,"major":0},"geometry":{"type":"Point","coordinates":[20.844983,52.174148]}},{"type":"Feature","properties":{"id":"s3636","name":"Milanówek Cmentarz","bus":1,"tram":0,"rail":0,"n":3,"imp":0.067,"node":1,"deg":2,"term":1,"major":0},"geometry":{"type":"Point","coordinates":[20.83471,52.179112]}},{"type":"Feature","properties":{"id":"s3637","name":"Milanówek Cmentarz","bus":1,"tram":0,"rail":0,"n":3,"imp":0.067,"node":1,"deg":2,"term":1,"major":0},"geometry":{"type":"Point","coordinates":[20.832656,52.180371]}},{"type":"Feature","properties":{"id":"s3638","name":"Milanówek Dębowa","bus":1,"tram":0,"rail":0,"n":5,"imp":0.079,"node":1,"deg":4,"term":0,"major":0},"geometry":{"type":"Point","coordinates":[20.838819,52.172817]}},{"type":"Feature","properties":{"id":"s3639","name":"Milanówek Dom Opieki","bus":1,"tram":0,"rail":0,"n":1,"imp":0.046,"node":1,"deg":4,"term":0,"major":0},"geometry":{"type":"Point","coordinates":[20.836765,52.184148]}},{"type":"Feature","properties":{"id":"s3640","name":"Milanówek Gospodarska","bus":1,"tram":0,"rail":0,"n":1,"imp":0.027,"node":0,"deg":2,"term":0,"major":0},"geometry":{"type":"Point","coordinates":[20.838819,52.178314]}},{"type":"Feature","properties":{"id":"s3641","name":"Milanówek Gospodarska","bus":1,"tram":0,"rail":0,"n":1,"imp":0.027,"node":0,"deg":2,"term":0,"major":0},"geometry":{"type":"Point","coordinates":[20.840052,52.179616]}},{"type":"Feature","properties":{"id":"s3642","name":"Milanówek Grudowska","bus":1,"tram":0,"rail":0,"n":1,"imp":0.027,"node":0,"deg":2,"term":0,"major":0},"geometry":{"type":"Point","coordinates":[20.841559,52.174915]}},{"type":"Feature","properties":{"id":"s3643","name":"Milanówek Grudowska","bus":1,"tram":0,"rail":0,"n":1,"imp":0.027,"node":0,"deg":2,"term":0,"major":0},"geometry":{"type":"Point","coordinates":[20.841759,52.174792]}},{"type":"Feature","properties":{"id":"s3644","name":"Milanówek Grudów WKD","bus":1,"tram":0,"rail":1,"n":4,"imp":0.127,"node":1,"deg":7,"term":1,"major":1},"geometry":{"type":"Point","coordinates":[20.842929,52.174076]}},{"type":"Feature","properties":{"id":"s3645","name":"Milanówek Jasna","bus":1,"tram":0,"rail":0,"n":2,"imp":0.035,"node":0,"deg":2,"term":0,"major":0},"geometry":{"type":"Point","coordinates":[20.842929,52.170545]}},{"type":"Feature","properties":{"id":"s3646","name":"Milanówek Jasna","bus":1,"tram":0,"rail":0,"n":2,"imp":0.035,"node":0,"deg":2,"term":0,"major":0},"geometry":{"type":"Point","coordinates":[20.843613,52.171558]}},{"type":"Feature","properties":{"id":"s3647","name":"Milanówek Kazimierzowska Rondo","bus":1,"tram":0,"rail":0,"n":3,"imp":0.053,"node":1,"deg":3,"term":0,"major":0},"geometry":{"type":"Point","coordinates":[20.844983,52.16904]}},{"type":"Feature","properties":{"id":"s3648","name":"Milanówek Kazimierzowska Rondo","bus":1,"tram":0,"rail":0,"n":3,"imp":0.053,"node":1,"deg":3,"term":0,"major":0},"geometry":{"type":"Point","coordinates":[20.844983,52.171558]}},{"type":"Feature","properties":{"id":"s3649","name":"Milanówek Kazimierzowska WKD","bus":1,"tram":0,"rail":0,"n":3,"imp":0.043,"node":0,"deg":2,"term":0,"major":0},"geometry":{"type":"Point","coordinates":[20.846253,52.168262]}},{"type":"Feature","properties":{"id":"s3650","name":"Milanówek Kazimierzowska WKD","bus":1,"tram":0,"rail":0,"n":3,"imp":0.053,"node":1,"deg":3,"term":0,"major":0},"geometry":{"type":"Point","coordinates":[20.847038,52.170299]}},{"type":"Feature","properties":{"id":"s3651","name":"Milanówek Kolorowa","bus":1,"tram":0,"rail":0,"n":1,"imp":0.027,"node":0,"deg":2,"term":0,"major":0},"geometry":{"type":"Point","coordinates":[20.832656,52.180443]}},{"type":"Feature","properties":{"id":"s3652","name":"Milanówek Kolorowa","bus":1,"tram":0,"rail":0,"n":1,"imp":0.027,"node":0,"deg":2,"term":0,"major":0},"geometry":{"type":"Point","coordinates":[20.831286,52.181211]}},{"type":"Feature","properties":{"id":"s3653","name":"Milanówek Kościół","bus":1,"tram":0,"rail":0,"n":2,"imp":0.035,"node":0,"deg":2,"term":0,"major":0},"geometry":{"type":"Point","coordinates":[20.839847,52.177853]}},{"type":"Feature","properties":{"id":"s3654","name":"Milanówek Krakowska Dw. PKP","bus":1,"tram":0,"rail":0,"n":3,"imp":0.082,"node":1,"deg":6,"term":0,"major":0},"geometry":{"type":"Point","coordinates":[20.838819,52.176594]}},{"type":"Feature","properties":{"id":"s3655","name":"Milanówek Królewska","bus":1,"tram":0,"rail":0,"n":3,"imp":0.043,"node":0,"deg":2,"term":0,"major":0},"geometry":{"type":"Point","coordinates":[20.840874,52.172187]}},{"type":"Feature","properties":{"id":"s3657","name":"Milanówek Krucza","bus":1,"tram":0,"rail":0,"n":1,"imp":0.027,"node":0,"deg":2,"term":0,"major":0},"geometry":{"type":"Point","coordinates":[20.83471,52.177853]}},{"type":"Feature","properties":{"id":"s3658","name":"Milanówek Krucza","bus":1,"tram":0,"rail":0,"n":1,"imp":0.027,"node":0,"deg":2,"term":0,"major":0},"geometry":{"type":"Point","coordinates":[20.831971,52.179112]}},{"type":"Feature","properties":{"id":"s3659","name":"Milanówek Kwiatowa","bus":1,"tram":0,"rail":0,"n":1,"imp":0.037,"node":1,"deg":3,"term":0,"major":0},"geometry":{"type":"Point","coordinates":[20.83471,52.18163]}},{"type":"Feature","properties":{"id":"s3660","name":"Milanówek Kwiatowa","bus":1,"tram":0,"rail":0,"n":1,"imp":0.037,"node":1,"deg":3,"term":0,"major":0},"geometry":{"type":"Point","coordinates":[20.83471,52.182889]}},{"type":"Feature","properties":{"id":"s3661","name":"Milanówek Łączna","bus":1,"tram":0,"rail":0,"n":2,"imp":0.054,"node":1,"deg":4,"term":0,"major":0},"geometry":{"type":"Point","coordinates":[20.842929,52.171558]}},{"type":"Feature","properties":{"id":"s3662","name":"Milanówek Lasek Pondra","bus":1,"tram":0,"rail":0,"n":3,"imp":0.043,"node":0,"deg":2,"term":0,"major":0},"geometry":{"type":"Point","coordinates":[20.83608,52.178273]}},{"type":"Feature","properties":{"id":"s3663","name":"Milanówek Lasek Pondra","bus":1,"tram":0,"rail":0,"n":3,"imp":0.043,"node":0,"deg":2,"term":0,"major":0},"geometry":{"type":"Point","coordinates":[20.832656,52.179532]}},{"type":"Feature","properties":{"id":"s3664","name":"Milanówek Lazurowa","bus":1,"tram":0,"rail":0,"n":1,"imp":0.027,"node":0,"deg":2,"term":0,"major":0},"geometry":{"type":"Point","coordinates":[20.832656,52.177853]}},{"type":"Feature","properties":{"id":"s3665","name":"Milanówek Lazurowa","bus":1,"tram":0,"rail":0,"n":1,"imp":0.027,"node":0,"deg":2,"term":0,"major":0},"geometry":{"type":"Point","coordinates":[20.831286,52.179112]}},{"type":"Feature","properties":{"id":"s3666","name":"Milanówek Leśny Ślad","bus":1,"tram":0,"rail":0,"n":1,"imp":0.027,"node":0,"deg":2,"term":0,"major":0},"geometry":{"type":"Point","coordinates":[20.838749,52.179155]}},{"type":"Feature","properties":{"id":"s3667","name":"Milanówek Leśny Ślad","bus":1,"tram":0,"rail":0,"n":1,"imp":0.027,"node":0,"deg":2,"term":0,"major":0},"geometry":{"type":"Point","coordinates":[20.839641,52.179868]}},{"type":"Feature","properties":{"id":"s3668","name":"Milanówek Ludna","bus":1,"tram":0,"rail":0,"n":3,"imp":0.053,"node":1,"deg":3,"term":0,"major":0},"geometry":{"type":"Point","coordinates":[20.836765,52.177853]}},{"type":"Feature","properties":{"id":"s3669","name":"Milanówek Ludna","bus":1,"tram":0,"rail":0,"n":3,"imp":0.053,"node":1,"deg":3,"term":0,"major":0},"geometry":{"type":"Point","coordinates":[20.832656,52.179112]}},{"type":"Feature","properties":{"id":"s3670","name":"Milanówek Nowowiejska","bus":1,"tram":0,"rail":0,"n":2,"imp":0.035,"node":0,"deg":2,"term":0,"major":0},"geometry":{"type":"Point","coordinates":[20.842628,52.173001]}},{"type":"Feature","properties":{"id":"s3671","name":"Milanówek Nowowiejska","bus":1,"tram":0,"rail":0,"n":2,"imp":0.035,"node":0,"deg":2,"term":0,"major":0},"geometry":{"type":"Point","coordinates":[20.841901,52.172187]}},{"type":"Feature","properties":{"id":"s3672","name":"Milanówek Os. Jedwabnik","bus":1,"tram":0,"rail":0,"n":4,"imp":0.071,"node":1,"deg":4,"term":0,"major":0},"geometry":{"type":"Point","coordinates":[20.836765,52.175335]}},{"type":"Feature","properties":{"id":"s3673","name":"Milanówek Park Lasockiego","bus":1,"tram":0,"rail":0,"n":1,"imp":0.037,"node":1,"deg":3,"term":0,"major":0},"geometry":{"type":"Point","coordinates":[20.836765,52.180371]}},{"type":"Feature","properties":{"id":"s3674","name":"Milanówek Park Lasockiego","bus":1,"tram":0,"rail":0,"n":1,"imp":0.037,"node":1,"deg":3,"term":0,"major":0},"geometry":{"type":"Point","coordinates":[20.838819,52.180371]}},{"type":"Feature","properties":{"id":"s3675","name":"Milanówek Piasta Liceum","bus":1,"tram":0,"rail":0,"n":3,"imp":0.063,"node":1,"deg":4,"term":0,"major":0},"geometry":{"type":"Point","coordinates":[20.840874,52.177853]}},{"type":"Feature","properties":{"id":"s3676","name":"Milanówek Piotra Skargi","bus":1,"tram":0,"rail":0,"n":3,"imp":0.043,"node":0,"deg":2,"term":0,"major":0},"geometry":{"type":"Point","coordinates":[20.836251,52.17502]}},{"type":"Feature","properties":{"id":"s3677","name":"Milanówek Piotra Skargi","bus":1,"tram":0,"rail":0,"n":3,"imp":0.043,"node":0,"deg":2,"term":0,"major":0},"geometry":{"type":"Point","coordinates":[20.836251,52.175335]}},{"type":"Feature","properties":{"id":"s3678","name":"Milanówek Przedszkole Kasperek","bus":1,"tram":0,"rail":0,"n":2,"imp":0.045,"node":1,"deg":3,"term":0,"major":0},"geometry":{"type":"Point","coordinates":[20.849092,52.174076]}},{"type":"Feature","properties":{"id":"s3679","name":"Milanówek Przedszkole Kasperek","bus":1,"tram":0,"rail":0,"n":3,"imp":0.053,"node":1,"deg":3,"term":0,"major":0},"geometry":{"type":"Point","coordinates":[20.844983,52.176594]}},{"type":"Feature","properties":{"id":"s3680","name":"Milanówek Przyszłość","bus":1,"tram":0,"rail":0,"n":1,"imp":0.027,"node":0,"deg":2,"term":0,"major":0},"geometry":{"type":"Point","coordinates":[20.837757,52.179763]}},{"type":"Feature","properties":{"id":"s3681","name":"Milanówek Przyszłość","bus":1,"tram":0,"rail":0,"n":1,"imp":0.027,"node":0,"deg":2,"term":0,"major":0},"geometry":{"type":"Point","coordinates":[20.83923,52.180119]}},{"type":"Feature","properties":{"id":"s3682","name":"Milanówek Ptasia","bus":1,"tram":0,"rail":0,"n":2,"imp":0.035,"node":0,"deg":2,"term":0,"major":0},"geometry":{"type":"Point","coordinates":[20.843814,52.169756]}},{"type":"Feature","properties":{"id":"s3683","name":"Milanówek Ptasia","bus":1,"tram":0,"rail":0,"n":2,"imp":0.035,"node":0,"deg":2,"term":0,"major":0},"geometry":{"type":"Point","coordinates":[20.844298,52.171558]}},{"type":"Feature","properties":{"id":"s3684","name":"Milanówek Reymonta","bus":1,"tram":0,"rail":0,"n":3,"imp":0.043,"node":0,"deg":2,"term":0,"major":0},"geometry":{"type":"Point","coordinates":[20.835395,52.178693]}},{"type":"Feature","properties":{"id":"s3685","name":"Milanówek Reymonta","bus":1,"tram":0,"rail":0,"n":3,"imp":0.043,"node":0,"deg":2,"term":0,"major":0},"geometry":{"type":"Point","coordinates":[20.832656,52.179952]}},{"type":"Feature","properties":{"id":"s3686","name":"Milanówek Spacerowa","bus":1,"tram":0,"rail":0,"n":2,"imp":0.035,"node":0,"deg":2,"term":0,"major":0},"geometry":{"type":"Point","coordinates":[20.837792,52.177853]}},{"type":"Feature","properties":{"id":"s3687","name":"Milanówek Spacerowa","bus":1,"tram":0,"rail":0,"n":2,"imp":0.035,"node":0,"deg":2,"term":0,"major":0},"geometry":{"type":"Point","coordinates":[20.834046,52.17826]}},{"type":"Feature","properties":{"id":"s3688","name":"Milanówek Stare Kino","bus":1,"tram":0,"rail":0,"n":4,"imp":0.071,"node":1,"deg":4,"term":0,"major":0},"geometry":{"type":"Point","coordinates":[20.838819,52.175335]}},{"type":"Feature","properties":{"id":"s3689","name":"Milanówek Starodęby","bus":1,"tram":0,"rail":0,"n":2,"imp":0.035,"node":0,"deg":2,"term":0,"major":0},"geometry":{"type":"Point","coordinates":[20.838819,52.177853]}},{"type":"Feature","properties":{"id":"s3690","name":"Milanówek Starodęby","bus":1,"tram":0,"rail":0,"n":2,"imp":0.035,"node":0,"deg":2,"term":0,"major":0},"geometry":{"type":"Point","coordinates":[20.835437,52.177408]}},{"type":"Feature","properties":{"id":"s3691","name":"Milanówek Staszica","bus":1,"tram":0,"rail":0,"n":3,"imp":0.053,"node":1,"deg":3,"term":0,"major":0},"geometry":{"type":"Point","coordinates":[20.840874,52.171558]}},{"type":"Feature","properties":{"id":"s3692","name":"Milanówek Targ","bus":1,"tram":0,"rail":0,"n":3,"imp":0.053,"node":1,"deg":3,"term":0,"major":0},"geometry":{"type":"Point","coordinates":[20.840874,52.175335]}},{"type":"Feature","properties":{"id":"s3693","name":"Milanówek Targ","bus":1,"tram":0,"rail":0,"n":4,"imp":0.061,"node":1,"deg":3,"term":0,"major":0},"geometry":{"type":"Point","coordinates":[20.838819,52.174076]}},{"type":"Feature","properties":{"id":"s3694","name":"Milanówek Turczynek","bus":1,"tram":0,"rail":0,"n":1,"imp":0.027,"node":0,"deg":2,"term":0,"major":0},"geometry":{"type":"Point","coordinates":[20.84601,52.174076]}},{"type":"Feature","properties":{"id":"s3695","name":"Milanówek Turczynek","bus":1,"tram":0,"rail":0,"n":2,"imp":0.035,"node":0,"deg":2,"term":0,"major":0},"geometry":{"type":"Point","coordinates":[20.844682,52.175151]}},{"type":"Feature","properties":{"id":"s3696","name":"Milanówek Urząd Miasta","bus":1,"tram":0,"rail":0,"n":2,"imp":0.035,"node":0,"deg":2,"term":0,"major":0},"geometry":{"type":"Point","coordinates":[20.836853,52.176594]}},{"type":"Feature","properties":{"id":"s3697","name":"Milanówek Warszawska Dw. PKP","bus":1,"tram":0,"rail":0,"n":1,"imp":0.027,"node":0,"deg":2,"term":0,"major":0},"geometry":{"type":"Point","coordinates":[20.840189,52.175755]}},{"type":"Feature","properties":{"id":"s3698","name":"Milanówek Warszawska Dw. PKP","bus":1,"tram":0,"rail":0,"n":1,"imp":0.027,"node":0,"deg":2,"term":0,"major":0},"geometry":{"type":"Point","coordinates":[20.840473,52.175335]}},{"type":"Feature","properties":{"id":"s3699","name":"Milanówek Warszawska Przedszkole","bus":1,"tram":0,"rail":0,"n":4,"imp":0.051,"node":0,"deg":2,"term":0,"major":0},"geometry":{"type":"Point","coordinates":[20.837792,52.175335]}},{"type":"Feature","properties":{"id":"s3700","name":"Milanówek Wspólna","bus":1,"tram":0,"rail":0,"n":1,"imp":0.027,"node":0,"deg":2,"term":0,"major":0},"geometry":{"type":"Point","coordinates":[20.838819,52.177454]}},{"type":"Feature","properties":{"id":"s3701","name":"Milanówek Wspólna","bus":1,"tram":0,"rail":0,"n":1,"imp":0.027,"node":0,"deg":2,"term":0,"major":0},"geometry":{"type":"Point","coordinates":[20.840463,52.179364]}},{"type":"Feature","properties":{"id":"s3702","name":"Milanówek Zaciszna","bus":1,"tram":0,"rail":0,"n":3,"imp":0.053,"node":1,"deg":3,"term":0,"major":0},"geometry":{"type":"Point","coordinates":[20.840874,52.179112]}},{"type":"Feature","properties":{"id":"s3703","name":"Milanówek Żukowska","bus":1,"tram":0,"rail":0,"n":1,"imp":0.027,"node":0,"deg":2,"term":0,"major":0},"geometry":{"type":"Point","coordinates":[20.831203,52.18163]}},{"type":"Feature","properties":{"id":"s3704","name":"Milanówek Żukowska","bus":1,"tram":0,"rail":0,"n":1,"imp":0.027,"node":0,"deg":2,"term":0,"major":0},"geometry":{"type":"Point","coordinates":[20.833683,52.183519]}},{"type":"Feature","properties":{"id":"s3705","name":"Milęcin I","bus":1,"tram":0,"rail":0,"n":1,"imp":0.027,"node":0,"deg":2,"term":0,"major":0},"geometry":{"type":"Point","coordinates":[20.843912,52.187323]}},{"type":"Feature","properties":{"id":"s3706","name":"Milęcin przy Żukówce","bus":1,"tram":0,"rail":0,"n":1,"imp":0.027,"node":0,"deg":2,"term":0,"major":0},"geometry":{"type":"Point","coordinates":[20.819044,52.190444]}},{"type":"Feature","properties":{"id":"s3707","name":"Milęcin przy Żukówce","bus":1,"tram":0,"rail":0,"n":1,"imp":0.027,"node":0,"deg":2,"term":0,"major":0},"geometry":{"type":"Point","coordinates":[20.821099,52.191703]}},{"type":"Feature","properties":{"id":"s3708","name":"Mościska","bus":1,"tram":0,"rail":0,"n":4,"imp":0.071,"node":1,"deg":4,"term":0,"major":0},"geometry":{"type":"Point","coordinates":[20.828546,52.160227]}},{"type":"Feature","properties":{"id":"s3709","name":"Mościska","bus":1,"tram":0,"rail":0,"n":4,"imp":0.08,"node":1,"deg":5,"term":0,"major":0},"geometry":{"type":"Point","coordinates":[20.830601,52.160227]}},{"type":"Feature","properties":{"id":"s3710","name":"Mościska","bus":1,"tram":0,"rail":0,"n":1,"imp":0.027,"node":0,"deg":2,"term":0,"major":0},"geometry":{"type":"Point","coordinates":[20.830601,52.158664]}},{"type":"Feature","properties":{"id":"s3711","name":"Mościska Pawia","bus":1,"tram":0,"rail":0,"n":3,"imp":0.053,"node":1,"deg":3,"term":0,"major":0},"geometry":{"type":"Point","coordinates":[20.830601,52.158967]}},{"type":"Feature","properties":{"id":"s3712","name":"Mościska Rondo","bus":1,"tram":0,"rail":0,"n":3,"imp":0.053,"node":1,"deg":3,"term":0,"major":0},"geometry":{"type":"Point","coordinates":[20.832656,52.157708]}},{"type":"Feature","properties":{"id":"s3713","name":"Mościska Rondo","bus":1,"tram":0,"rail":0,"n":3,"imp":0.043,"node":0,"deg":2,"term":0,"major":0},"geometry":{"type":"Point","coordinates":[20.829574,52.159597]}},{"type":"Feature","properties":{"id":"s3714","name":"Moszna I","bus":1,"tram":0,"rail":0,"n":3,"imp":0.063,"node":1,"deg":4,"term":0,"major":0},"geometry":{"type":"Point","coordinates":[20.849092,52.190444]}},{"type":"Feature","properties":{"id":"s3715","name":"Moszna I","bus":1,"tram":0,"rail":0,"n":4,"imp":0.099,"node":1,"deg":7,"term":0,"major":1},"geometry":{"type":"Point","coordinates":[20.851147,52.192962]}},{"type":"Feature","properties":{"id":"s3716","name":"Moszna Park Logistyczny","bus":1,"tram":0,"rail":0,"n":2,"imp":0.057,"node":1,"deg":3,"term":1,"major":0},"geometry":{"type":"Point","coordinates":[20.844983,52.192962]}},{"type":"Feature","properties":{"id":"s3717","name":"Moszna Park Logistyczny","bus":1,"tram":0,"rail":0,"n":1,"imp":0.027,"node":0,"deg":2,"term":0,"major":0},"geometry":{"type":"Point","coordinates":[20.846069,52.194221]}},{"type":"Feature","properties":{"id":"s3718","name":"Moszna Park Logistyczny - Hale Zachodnie","bus":1,"tram":0,"rail":0,"n":1,"imp":0.039,"node":1,"deg":2,"term":1,"major":0},"geometry":{"type":"Point","coordinates":[20.840874,52.192962]}},{"type":"Feature","properties":{"id":"s3719","name":"Moszna Park Logistyczny - Komin","bus":1,"tram":0,"rail":0,"n":1,"imp":0.027,"node":0,"deg":2,"term":0,"major":0},"geometry":{"type":"Point","coordinates":[20.842929,52.192962]}},{"type":"Feature","properties":{"id":"s3720","name":"Moszna Park Logistyczny - Komin","bus":1,"tram":0,"rail":0,"n":1,"imp":0.027,"node":0,"deg":2,"term":0,"major":0},"geometry":{"type":"Point","coordinates":[20.843046,52.194221]}},{"type":"Feature","properties":{"id":"s3721","name":"Moszna Rozwoju","bus":1,"tram":0,"rail":0,"n":2,"imp":0.035,"node":0,"deg":2,"term":0,"major":0},"geometry":{"type":"Point","coordinates":[20.847723,52.193381]}},{"type":"Feature","properties":{"id":"s3722","name":"Moszna Skrzyżowanie","bus":1,"tram":0,"rail":0,"n":5,"imp":0.107,"node":1,"deg":7,"term":0,"major":1},"geometry":{"type":"Point","coordinates":[20.849092,52.194221]}},{"type":"Feature","properties":{"id":"s3723","name":"Moszna Słoneczna / Gwiaździsta","bus":1,"tram":0,"rail":0,"n":2,"imp":0.035,"node":0,"deg":2,"term":0,"major":0},"geometry":{"type":"Point","coordinates":[20.846353,52.192542]}},{"type":"Feature","properties":{"id":"s3724","name":"Mszczonów Maklakiewicza","bus":1,"tram":0,"rail":0,"n":1,"imp":0.027,"node":0,"deg":2,"term":0,"major":0},"geometry":{"type":"Point","coordinates":[20.829574,52.144488]}},{"type":"Feature","properties":{"id":"s3725","name":"Mszczonów Maklakiewicza","bus":1,"tram":0,"rail":0,"n":1,"imp":0.027,"node":0,"deg":2,"term":0,"major":0},"geometry":{"type":"Point","coordinates":[20.826492,52.141341]}},{"type":"Feature","properties":{"id":"s3726","name":"Mszczonów PKO","bus":1,"tram":0,"rail":0,"n":2,"imp":0.045,"node":1,"deg":3,"term":0,"major":0},"geometry":{"type":"Point","coordinates":[20.824437,52.141341]}},{"type":"Feature","properties":{"id":"s3727","name":"Mszczonów PKO","bus":1,"tram":0,"rail":0,"n":2,"imp":0.054,"node":1,"deg":4,"term":0,"major":0},"geometry":{"type":"Point","coordinates":[20.828546,52.143859]}},{"type":"Feature","properties":{"id":"s3728","name":"Mszczonów Rynek","bus":1,"tram":0,"rail":0,"n":2,"imp":0.069,"node":1,"deg":3,"term":1,"major":0},"geometry":{"type":"Point","coordinates":[20.820328,52.143859]}},{"type":"Feature","properties":{"id":"s3729","name":"Mszczonów Rynek","bus":1,"tram":0,"rail":0,"n":1,"imp":0.03,"node":1,"deg":1,"term":1,"major":0},"geometry":{"type":"Point","coordinates":[20.822383,52.145118]}},{"type":"Feature","properties":{"id":"s3730","name":"Mszczonów Stadion","bus":1,"tram":0,"rail":0,"n":2,"imp":0.045,"node":1,"deg":3,"term":0,"major":0},"geometry":{"type":"Point","coordinates":[20.830601,52.145118]}},{"type":"Feature","properties":{"id":"s3731","name":"Mszczonów Stadion","bus":1,"tram":0,"rail":0,"n":2,"imp":0.045,"node":1,"deg":3,"term":0,"major":0},"geometry":{"type":"Point","coordinates":[20.828546,52.141341]}},{"type":"Feature","properties":{"id":"s3732","name":"Musuły Akacjowa","bus":1,"tram":0,"rail":0,"n":1,"imp":0.027,"node":0,"deg":2,"term":0,"major":0},"geometry":{"type":"Point","coordinates":[20.848407,52.151833]}},{"type":"Feature","properties":{"id":"s3733","name":"Musuły Akacjowa","bus":1,"tram":0,"rail":0,"n":1,"imp":0.027,"node":0,"deg":2,"term":0,"major":0},"geometry":{"type":"Point","coordinates":[20.847912,52.153396]}},{"type":"Feature","properties":{"id":"s3734","name":"Musuły Dębowa","bus":1,"tram":0,"rail":0,"n":1,"imp":0.027,"node":0,"deg":2,"term":0,"major":0},"geometry":{"type":"Point","coordinates":[20.849777,52.150993]}},{"type":"Feature","properties":{"id":"s3735","name":"Musuły Dębowa","bus":1,"tram":0,"rail":0,"n":1,"imp":0.027,"node":0,"deg":2,"term":0,"major":0},"geometry":{"type":"Point","coordinates":[20.849671,52.152318]}},{"type":"Feature","properties":{"id":"s3736","name":"Musuły Familijna","bus":1,"tram":0,"rail":0,"n":1,"imp":0.027,"node":0,"deg":2,"term":0,"major":0},"geometry":{"type":"Point","coordinates":[20.851147,52.150154]}},{"type":"Feature","properties":{"id":"s3737","name":"Musuły Familijna","bus":1,"tram":0,"rail":0,"n":1,"imp":0.027,"node":0,"deg":2,"term":0,"major":0},"geometry":{"type":"Point","coordinates":[20.851431,52.151239]}},{"type":"Feature","properties":{"id":"s3738","name":"Musuły Folwarczna","bus":1,"tram":0,"rail":0,"n":1,"imp":0.027,"node":0,"deg":2,"term":0,"major":0},"geometry":{"type":"Point","coordinates":[20.847038,52.152672]}},{"type":"Feature","properties":{"id":"s3739","name":"Musuły Folwarczna","bus":1,"tram":0,"rail":0,"n":1,"imp":0.027,"node":0,"deg":2,"term":0,"major":0},"geometry":{"type":"Point","coordinates":[20.846152,52.154474]}},{"type":"Feature","properties":{"id":"s3740","name":"Musuły Grodziska","bus":1,"tram":0,"rail":0,"n":1,"imp":0.027,"node":0,"deg":2,"term":0,"major":0},"geometry":{"type":"Point","coordinates":[20.845668,52.153512]}},{"type":"Feature","properties":{"id":"s3741","name":"Musuły Grodziska","bus":1,"tram":0,"rail":0,"n":1,"imp":0.027,"node":0,"deg":2,"term":0,"major":0},"geometry":{"type":"Point","coordinates":[20.844393,52.155552]}},{"type":"Feature","properties":{"id":"s3742","name":"Myszczyn","bus":1,"tram":0,"rail":0,"n":1,"imp":0.027,"node":0,"deg":2,"term":0,"major":0},"geometry":{"type":"Point","coordinates":[20.838819,52.217513]}},{"type":"Feature","properties":{"id":"s3743","name":"Myszczyn","bus":1,"tram":0,"rail":0,"n":1,"imp":0.027,"node":0,"deg":2,"term":0,"major":0},"geometry":{"type":"Point","coordinates":[20.836765,52.216623]}},{"type":"Feature","properties":{"id":"s3744","name":"Nadarzyn Błońska","bus":1,"tram":0,"rail":0,"n":1,"imp":0.027,"node":0,"deg":2,"term":0,"major":0},"geometry":{"type":"Point","coordinates":[20.877773,52.162796]}},{"type":"Feature","properties":{"id":"s3745","name":"Nadarzyn Błońska II","bus":1,"tram":0,"rail":0,"n":1,"imp":0.027,"node":0,"deg":2,"term":0,"major":0},"geometry":{"type":"Point","coordinates":[20.873512,52.165263]}},{"type":"Feature","properties":{"id":"s3746","name":"Nadarzyn Lipowa","bus":1,"tram":0,"rail":0,"n":3,"imp":0.043,"node":0,"deg":2,"term":0,"major":0},"geometry":{"type":"Point","coordinates":[20.883218,52.165263]}},{"type":"Feature","properties":{"id":"s3747","name":"Nadarzyn Pruszkowska","bus":1,"tram":0,"rail":0,"n":3,"imp":0.043,"node":0,"deg":2,"term":0,"major":0},"geometry":{"type":"Point","coordinates":[20.885791,52.164177]}},{"type":"Feature","properties":{"id":"s3748","name":"Nadarzyn Pruszkowska","bus":1,"tram":0,"rail":0,"n":3,"imp":0.043,"node":0,"deg":2,"term":0,"major":0},"geometry":{"type":"Point","coordinates":[20.883719,52.162929]}},{"type":"Feature","properties":{"id":"s3749","name":"Nadarzyn Stasinek","bus":1,"tram":0,"rail":0,"n":1,"imp":0.027,"node":0,"deg":2,"term":0,"major":0},"geometry":{"type":"Point","coordinates":[20.877981,52.162668]}},{"type":"Feature","properties":{"id":"s3750","name":"Natolin Cegielnia","bus":1,"tram":0,"rail":0,"n":1,"imp":0.039,"node":1,"deg":2,"term":1,"major":0},"geometry":{"type":"Point","coordinates":[20.824437,52.184148]}},{"type":"Feature","properties":{"id":"s3751","name":"Natolin Glinianki","bus":1,"tram":0,"rail":0,"n":1,"imp":0.037,"node":1,"deg":3,"term":0,"major":0},"geometry":{"type":"Point","coordinates":[20.824437,52.182889]}},{"type":"Feature","properties":{"id":"s3752","name":"Natolin Glinianki","bus":1,"tram":0,"rail":0,"n":1,"imp":0.027,"node":0,"deg":2,"term":0,"major":0},"geometry":{"type":"Point","coordinates":[20.824437,52.183519]}},{"type":"Feature","properties":{"id":"s3753","name":"Natolin Kasieńki","bus":1,"tram":0,"rail":0,"n":2,"imp":0.035,"node":0,"deg":2,"term":0,"major":0},"geometry":{"type":"Point","coordinates":[20.826492,52.178273]}},{"type":"Feature","properties":{"id":"s3754","name":"Natolin Kasieńki","bus":1,"tram":0,"rail":0,"n":2,"imp":0.035,"node":0,"deg":2,"term":0,"major":0},"geometry":{"type":"Point","coordinates":[20.822684,52.180187]}},{"type":"Feature","properties":{"id":"s3755","name":"Natolin Logistyczna","bus":1,"tram":0,"rail":0,"n":2,"imp":0.045,"node":1,"deg":3,"term":0,"major":0},"geometry":{"type":"Point","coordinates":[20.826492,52.179112]}},{"type":"Feature","properties":{"id":"s3756","name":"Natolin Logistyczna","bus":1,"tram":0,"rail":0,"n":2,"imp":0.035,"node":0,"deg":2,"term":0,"major":0},"geometry":{"type":"Point","coordinates":[20.822383,52.18087]}},{"type":"Feature","properties":{"id":"s3757","name":"Niepokalanów Klasztor","bus":1,"tram":0,"rail":0,"n":1,"imp":0.027,"node":0,"deg":2,"term":0,"major":0},"geometry":{"type":"Point","coordinates":[20.793619,52.205053]}},{"type":"Feature","properties":{"id":"s3758","name":"Niepokalanów Klasztor","bus":1,"tram":0,"rail":0,"n":1,"imp":0.027,"node":0,"deg":2,"term":0,"major":0},"geometry":{"type":"Point","coordinates":[20.791564,52.204337]}},{"type":"Feature","properties":{"id":"s3759","name":"Nowa Bukówka","bus":1,"tram":0,"rail":0,"n":1,"imp":0.027,"node":0,"deg":2,"term":0,"major":0},"geometry":{"type":"Point","coordinates":[20.848579,52.146062]}},{"type":"Feature","properties":{"id":"s3760","name":"Nowa Bukówka","bus":1,"tram":0,"rail":0,"n":1,"imp":0.027,"node":0,"deg":2,"term":0,"major":0},"geometry":{"type":"Point","coordinates":[20.844641,52.148685]}},{"type":"Feature","properties":{"id":"s3761","name":"Nowa Bukówka Rumiankowa","bus":1,"tram":0,"rail":0,"n":1,"imp":0.027,"node":0,"deg":2,"term":0,"major":0},"geometry":{"type":"Point","coordinates":[20.848065,52.145747]}},{"type":"Feature","properties":{"id":"s3762","name":"Nowa Bukówka Rumiankowa","bus":1,"tram":0,"rail":0,"n":1,"imp":0.027,"node":0,"deg":2,"term":0,"major":0},"geometry":{"type":"Point","coordinates":[20.844298,52.148475]}},{"type":"Feature","properties":{"id":"s3763","name":"Nowa Górna","bus":1,"tram":0,"rail":0,"n":1,"imp":0.027,"node":0,"deg":2,"term":0,"major":0},"geometry":{"type":"Point","coordinates":[20.811919,52.200633]}},{"type":"Feature","properties":{"id":"s3764","name":"Nowa Górna","bus":1,"tram":0,"rail":0,"n":1,"imp":0.027,"node":0,"deg":2,"term":0,"major":0},"geometry":{"type":"Point","coordinates":[20.810055,52.205804]}},{"type":"Feature","properties":{"id":"s3765","name":"Nowa Górna II","bus":1,"tram":0,"rail":0,"n":1,"imp":0.027,"node":0,"deg":2,"term":0,"major":0},"geometry":{"type":"Point","coordinates":[20.810055,52.204797]}},{"type":"Feature","properties":{"id":"s3766","name":"Nowa Wieś Brzozowa","bus":1,"tram":0,"rail":0,"n":3,"imp":0.053,"node":1,"deg":3,"term":0,"major":0},"geometry":{"type":"Point","coordinates":[20.869638,52.175335]}},{"type":"Feature","properties":{"id":"s3767","name":"Nowa Wieś Brzozowa","bus":1,"tram":0,"rail":0,"n":3,"imp":0.053,"node":1,"deg":3,"term":0,"major":0},"geometry":{"type":"Point","coordinates":[20.869638,52.172817]}},{"type":"Feature","properties":{"id":"s3768","name":"Nowa Wieś Sasanek","bus":1,"tram":0,"rail":0,"n":3,"imp":0.043,"node":0,"deg":2,"term":0,"major":0},"geometry":{"type":"Point","coordinates":[20.866615,52.17467]}},{"type":"Feature","properties":{"id":"s3769","name":"Nowe Faszczyce przy nr 16A","bus":1,"tram":0,"rail":0,"n":1,"imp":0.027,"node":0,"deg":2,"term":0,"major":0},"geometry":{"type":"Point","coordinates":[20.816733,52.190758]}},{"type":"Feature","properties":{"id":"s3770","name":"Nowe Faszczyce przy nr 16A","bus":1,"tram":0,"rail":0,"n":1,"imp":0.027,"node":0,"deg":2,"term":0,"major":0},"geometry":{"type":"Point","coordinates":[20.81776,52.191388]}},{"type":"Feature","properties":{"id":"s3771","name":"Nowe Faszczyce przy nr 2","bus":1,"tram":0,"rail":0,"n":1,"imp":0.037,"node":1,"deg":3,"term":0,"major":0},"geometry":{"type":"Point","coordinates":[20.816219,52.190444]}},{"type":"Feature","properties":{"id":"s3772","name":"Nowe Faszczyce przy nr 2","bus":1,"tram":0,"rail":0,"n":1,"imp":0.037,"node":1,"deg":3,"term":0,"major":0},"geometry":{"type":"Point","coordinates":[20.818274,52.191703]}},{"type":"Feature","properties":{"id":"s3773","name":"Nowe Faszczyce przy nr 28","bus":1,"tram":0,"rail":0,"n":1,"imp":0.027,"node":0,"deg":2,"term":0,"major":0},"geometry":{"type":"Point","coordinates":[20.817246,52.191073]}},{"type":"Feature","properties":{"id":"s3774","name":"Nowe Faszczyce przy nr 32","bus":1,"tram":0,"rail":0,"n":1,"imp":0.027,"node":0,"deg":2,"term":0,"major":0},"geometry":{"type":"Point","coordinates":[20.818274,52.193591]}},{"type":"Feature","properties":{"id":"s3775","name":"Nowe Faszczyce przy nr 32","bus":1,"tram":0,"rail":0,"n":1,"imp":0.027,"node":0,"deg":2,"term":0,"major":0},"geometry":{"type":"Point","coordinates":[20.816219,52.192962]}},{"type":"Feature","properties":{"id":"s3776","name":"Nowy Łuszczewek","bus":1,"tram":0,"rail":0,"n":1,"imp":0.027,"node":0,"deg":2,"term":0,"major":0},"geometry":{"type":"Point","coordinates":[20.817841,52.208335]}},{"type":"Feature","properties":{"id":"s3777","name":"Nowy Łuszczewek","bus":1,"tram":0,"rail":0,"n":1,"imp":0.027,"node":0,"deg":2,"term":0,"major":0},"geometry":{"type":"Point","coordinates":[20.816652,52.209064]}},{"type":"Feature","properties":{"id":"s3778","name":"Nowy Łuszczewek II","bus":1,"tram":0,"rail":0,"n":1,"imp":0.027,"node":0,"deg":2,"term":0,"major":0},"geometry":{"type":"Point","coordinates":[20.817733,52.208402]}},{"type":"Feature","properties":{"id":"s3779","name":"Nowy Łuszczewek II","bus":1,"tram":0,"rail":0,"n":1,"imp":0.027,"node":0,"deg":2,"term":0,"major":0},"geometry":{"type":"Point","coordinates":[20.81676,52.208998]}},{"type":"Feature","properties":{"id":"s3780","name":"Nowy Łuszczewek III","bus":1,"tram":0,"rail":0,"n":1,"imp":0.027,"node":0,"deg":2,"term":0,"major":0},"geometry":{"type":"Point","coordinates":[20.817625,52.208468]}},{"type":"Feature","properties":{"id":"s3781","name":"Nowy Łuszczewek III","bus":1,"tram":0,"rail":0,"n":1,"imp":0.027,"node":0,"deg":2,"term":0,"major":0},"geometry":{"type":"Point","coordinates":[20.816868,52.208932]}},{"type":"Feature","properties":{"id":"s3782","name":"Nowy Teresin","bus":1,"tram":0,"rail":0,"n":2,"imp":0.05,"node":1,"deg":1,"term":1,"major":0},"geometry":{"type":"Point","coordinates":[20.787455,52.203034]}},{"type":"Feature","properties":{"id":"s3783","name":"Nowy Teresin","bus":1,"tram":0,"rail":0,"n":2,"imp":0.05,"node":1,"deg":1,"term":1,"major":0},"geometry":{"type":"Point","coordinates":[20.7854,52.201775]}},{"type":"Feature","properties":{"id":"s3784","name":"Oddział","bus":1,"tram":0,"rail":0,"n":1,"imp":0.027,"node":0,"deg":2,"term":0,"major":0},"geometry":{"type":"Point","coordinates":[20.844783,52.147759]}},{"type":"Feature","properties":{"id":"s3785","name":"Oddział","bus":1,"tram":0,"rail":0,"n":1,"imp":0.037,"node":1,"deg":3,"term":0,"major":0},"geometry":{"type":"Point","coordinates":[20.842929,52.148895]}},{"type":"Feature","properties":{"id":"s3786","name":"Oddział Słoneczna","bus":1,"tram":0,"rail":0,"n":1,"imp":0.027,"node":0,"deg":2,"term":0,"major":0},"geometry":{"type":"Point","coordinates":[20.84601,52.144488]}},{"type":"Feature","properties":{"id":"s3787","name":"Oddział Słoneczna","bus":1,"tram":0,"rail":0,"n":1,"imp":0.037,"node":1,"deg":3,"term":0,"major":0},"geometry":{"type":"Point","coordinates":[20.842929,52.147636]}},{"type":"Feature","properties":{"id":"s3788","name":"Oddział Zagrodowa","bus":1,"tram":0,"rail":0,"n":1,"imp":0.027,"node":0,"deg":2,"term":0,"major":0},"geometry":{"type":"Point","coordinates":[20.846524,52.144803]}},{"type":"Feature","properties":{"id":"s3789","name":"Oddział Zagrodowa","bus":1,"tram":0,"rail":0,"n":1,"imp":0.027,"node":0,"deg":2,"term":0,"major":0},"geometry":{"type":"Point","coordinates":[20.843271,52.147846]}},{"type":"Feature","properties":{"id":"s3790","name":"Odrano-Wola Budokrusz","bus":1,"tram":0,"rail":0,"n":3,"imp":0.043,"node":0,"deg":2,"term":0,"major":0},"geometry":{"type":"Point","coordinates":[20.830601,52.163584]}},{"type":"Feature","properties":{"id":"s3791","name":"Odrano-Wola Budokrusz","bus":1,"tram":0,"rail":0,"n":3,"imp":0.043,"node":0,"deg":2,"term":0,"major":0},"geometry":{"type":"Point","coordinates":[20.832656,52.163164]}},{"type":"Feature","properties":{"id":"s3792","name":"Odrano-Wola Malarska","bus":1,"tram":0,"rail":0,"n":2,"imp":0.035,"node":0,"deg":2,"term":0,"major":0},"geometry":{"type":"Point","coordinates":[20.83471,52.164633]}},{"type":"Feature","properties":{"id":"s3793","name":"Odrano-Wola Malarska","bus":1,"tram":0,"rail":0,"n":2,"imp":0.035,"node":0,"deg":2,"term":0,"major":0},"geometry":{"type":"Point","coordinates":[20.836765,52.165523]}},{"type":"Feature","properties":{"id":"s3794","name":"Odrano-Wola Niedźwiedzia","bus":1,"tram":0,"rail":0,"n":3,"imp":0.043,"node":0,"deg":2,"term":0,"major":0},"geometry":{"type":"Point","coordinates":[20.830601,52.162535]}},{"type":"Feature","properties":{"id":"s3795","name":"Odrano-Wola Niedźwiedzia","bus":1,"tram":0,"rail":0,"n":3,"imp":0.043,"node":0,"deg":2,"term":0,"major":0},"geometry":{"type":"Point","coordinates":[20.832656,52.162954]}},{"type":"Feature","properties":{"id":"s3796","name":"Odrano-Wola Słodka","bus":1,"tram":0,"rail":0,"n":2,"imp":0.035,"node":0,"deg":2,"term":0,"major":0},"geometry":{"type":"Point","coordinates":[20.83471,52.163689]}},{"type":"Feature","properties":{"id":"s3797","name":"Odrano-Wola Słodka","bus":1,"tram":0,"rail":0,"n":2,"imp":0.035,"node":0,"deg":2,"term":0,"major":0},"geometry":{"type":"Point","coordinates":[20.836765,52.164134]}},{"type":"Feature","properties":{"id":"s3798","name":"Odrano-Wola Wschodnia","bus":1,"tram":0,"rail":0,"n":3,"imp":0.043,"node":0,"deg":2,"term":0,"major":0},"geometry":{"type":"Point","coordinates":[20.830601,52.164633]}},{"type":"Feature","properties":{"id":"s3799","name":"Odrano-Wola Wschodnia","bus":1,"tram":0,"rail":0,"n":3,"imp":0.043,"node":0,"deg":2,"term":0,"major":0},"geometry":{"type":"Point","coordinates":[20.832656,52.163374]}},{"type":"Feature","properties":{"id":"s3800","name":"Ojrzanów Akacjowa","bus":1,"tram":0,"rail":0,"n":1,"imp":0.027,"node":0,"deg":2,"term":0,"major":0},"geometry":{"type":"Point","coordinates":[20.870049,52.1426]}},{"type":"Feature","properties":{"id":"s3801","name":"Ojrzanów Akacjowa","bus":1,"tram":0,"rail":0,"n":1,"imp":0.027,"node":0,"deg":2,"term":0,"major":0},"geometry":{"type":"Point","coordinates":[20.873296,52.139099]}},{"type":"Feature","properties":{"id":"s3802","name":"Ojrzanów Kresowa","bus":1,"tram":0,"rail":0,"n":1,"imp":0.027,"node":0,"deg":2,"term":0,"major":0},"geometry":{"type":"Point","coordinates":[20.870572,52.140768]}},{"type":"Feature","properties":{"id":"s3803","name":"Ojrzanów Obłoczka","bus":1,"tram":0,"rail":0,"n":1,"imp":0.027,"node":0,"deg":2,"term":0,"major":0},"geometry":{"type":"Point","coordinates":[20.871319,52.140311]}},{"type":"Feature","properties":{"id":"s3804","name":"Ojrzanów Przygody","bus":1,"tram":0,"rail":0,"n":1,"imp":0.027,"node":0,"deg":2,"term":0,"major":0},"geometry":{"type":"Point","coordinates":[20.870946,52.14054]}},{"type":"Feature","properties":{"id":"s3805","name":"Ojrzanów Przyleśna","bus":1,"tram":0,"rail":0,"n":1,"imp":0.03,"node":1,"deg":1,"term":1,"major":0},"geometry":{"type":"Point","coordinates":[20.879911,52.1426]}},{"type":"Feature","properties":{"id":"s3806","name":"Ojrzanów Przyleśna","bus":1,"tram":0,"rail":0,"n":1,"imp":0.03,"node":1,"deg":1,"term":1,"major":0},"geometry":{"type":"Point","coordinates":[20.879911,52.138823]}},{"type":"Feature","properties":{"id":"s3807","name":"Ojrzanów Sezamkowa","bus":1,"tram":0,"rail":0,"n":1,"imp":0.027,"node":0,"deg":2,"term":0,"major":0},"geometry":{"type":"Point","coordinates":[20.872515,52.1426]}},{"type":"Feature","properties":{"id":"s3808","name":"Ojrzanów Sosnowa","bus":1,"tram":0,"rail":0,"n":1,"imp":0.027,"node":0,"deg":2,"term":0,"major":0},"geometry":{"type":"Point","coordinates":[20.87498,52.1426]}},{"type":"Feature","properties":{"id":"s3809","name":"Ojrzanów Sosnowa","bus":1,"tram":0,"rail":0,"n":1,"imp":0.027,"node":0,"deg":2,"term":0,"major":0},"geometry":{"type":"Point","coordinates":[20.875376,52.138823]}},{"type":"Feature","properties":{"id":"s3810","name":"Ojrzanów Szkoła","bus":1,"tram":0,"rail":0,"n":3,"imp":0.084,"node":1,"deg":5,"term":1,"major":0},"geometry":{"type":"Point","coordinates":[20.867584,52.1426]}},{"type":"Feature","properties":{"id":"s3811","name":"Ojrzanów Szkoła","bus":1,"tram":0,"rail":0,"n":2,"imp":0.054,"node":1,"deg":4,"term":0,"major":0},"geometry":{"type":"Point","coordinates":[20.871693,52.140082]}},{"type":"Feature","properties":{"id":"s3812","name":"Ojrzanów Tarczyńska","bus":1,"tram":0,"rail":0,"n":1,"imp":0.027,"node":0,"deg":2,"term":0,"major":0},"geometry":{"type":"Point","coordinates":[20.877644,52.138823]}},{"type":"Feature","properties":{"id":"s3813","name":"Ojrzanów Tarczyńska","bus":1,"tram":0,"rail":0,"n":1,"imp":0.027,"node":0,"deg":2,"term":0,"major":0},"geometry":{"type":"Point","coordinates":[20.877445,52.1426]}},{"type":"Feature","properties":{"id":"s3814","name":"Ojrzanów-Towarzystwo","bus":1,"tram":0,"rail":0,"n":1,"imp":0.027,"node":0,"deg":2,"term":0,"major":0},"geometry":{"type":"Point","coordinates":[20.863474,52.1426]}},{"type":"Feature","properties":{"id":"s3815","name":"Ojrzanów-Towarzystwo","bus":1,"tram":0,"rail":0,"n":1,"imp":0.027,"node":0,"deg":2,"term":0,"major":0},"geometry":{"type":"Point","coordinates":[20.866421,52.140082]}},{"type":"Feature","properties":{"id":"s3816","name":"Opacz Mała Czapli","bus":1,"tram":0,"rail":0,"n":1,"imp":0.037,"node":1,"deg":3,"term":0,"major":0},"geometry":{"type":"Point","coordinates":[20.902511,52.180371]}},{"type":"Feature","properties":{"id":"s3817","name":"Opacz Mała Czapli","bus":1,"tram":0,"rail":0,"n":1,"imp":0.027,"node":0,"deg":2,"term":0,"major":0},"geometry":{"type":"Point","coordinates":[20.900783,52.180371]}},{"type":"Feature","properties":{"id":"s3818","name":"Opacz Środkowa","bus":1,"tram":0,"rail":0,"n":1,"imp":0.027,"node":0,"deg":2,"term":0,"major":0},"geometry":{"type":"Point","coordinates":[20.904566,52.18163]}},{"type":"Feature","properties":{"id":"s3819","name":"Opypy Gilewicza","bus":1,"tram":0,"rail":0,"n":5,"imp":0.059,"node":0,"deg":2,"term":0,"major":0},"geometry":{"type":"Point","coordinates":[20.844983,52.165212]}},{"type":"Feature","properties":{"id":"s3820","name":"Opypy Gilewicza","bus":1,"tram":0,"rail":0,"n":5,"imp":0.059,"node":0,"deg":2,"term":0,"major":0},"geometry":{"type":"Point","coordinates":[20.847038,52.164965]}},{"type":"Feature","properties":{"id":"s3821","name":"Opypy Paprociowa","bus":1,"tram":0,"rail":0,"n":5,"imp":0.059,"node":0,"deg":2,"term":0,"major":0},"geometry":{"type":"Point","coordinates":[20.845101,52.163932]}},{"type":"Feature","properties":{"id":"s3822","name":"Opypy Paprociowa","bus":1,"tram":0,"rail":0,"n":5,"imp":0.059,"node":0,"deg":2,"term":0,"major":0},"geometry":{"type":"Point","coordinates":[20.847038,52.163408]}},{"type":"Feature","properties":{"id":"s3823","name":"Osowiec Dębowa","bus":1,"tram":0,"rail":0,"n":1,"imp":0.027,"node":0,"deg":2,"term":0,"major":0},"geometry":{"type":"Point","coordinates":[20.845975,52.152064]}},{"type":"Feature","properties":{"id":"s3824","name":"Osowiec Dębowa","bus":1,"tram":0,"rail":0,"n":1,"imp":0.027,"node":0,"deg":2,"term":0,"major":0},"geometry":{"type":"Point","coordinates":[20.840874,52.152672]}},{"type":"Feature","properties":{"id":"s3825","name":"Osowiec Falista","bus":1,"tram":0,"rail":0,"n":2,"imp":0.045,"node":1,"deg":3,"term":0,"major":0},"geometry":{"type":"Point","coordinates":[20.842929,52.153931]}},{"type":"Feature","properties":{"id":"s3826","name":"Osowiec Falista","bus":1,"tram":0,"rail":0,"n":2,"imp":0.045,"node":1,"deg":3,"term":0,"major":0},"geometry":{"type":"Point","coordinates":[20.838819,52.153931]}},{"type":"Feature","properties":{"id":"s3827","name":"Osowiec Łanowa","bus":1,"tram":0,"rail":0,"n":1,"imp":0.027,"node":0,"deg":2,"term":0,"major":0},"geometry":{"type":"Point","coordinates":[20.844452,52.152998]}},{"type":"Feature","properties":{"id":"s3828","name":"Osowiec Łanowa","bus":1,"tram":0,"rail":0,"n":1,"imp":0.027,"node":0,"deg":2,"term":0,"major":0},"geometry":{"type":"Point","coordinates":[20.839847,52.153302]}},{"type":"Feature","properties":{"id":"s3829","name":"Osowiec Parkowa","bus":1,"tram":0,"rail":0,"n":2,"imp":0.035,"node":0,"deg":2,"term":0,"major":0},"geometry":{"type":"Point","coordinates":[20.841075,52.155067]}},{"type":"Feature","properties":{"id":"s3830","name":"Osowiec Parkowa","bus":1,"tram":0,"rail":0,"n":2,"imp":0.035,"node":0,"deg":2,"term":0,"major":0},"geometry":{"type":"Point","coordinates":[20.83765,52.154648]}},{"type":"Feature","properties":{"id":"s3831","name":"Osowiec Rzeczna","bus":1,"tram":0,"rail":0,"n":1,"imp":0.027,"node":0,"deg":2,"term":0,"major":0},"geometry":{"type":"Point","coordinates":[20.847498,52.151131]}},{"type":"Feature","properties":{"id":"s3832","name":"Osowiec Rzeczna","bus":1,"tram":0,"rail":0,"n":1,"imp":0.027,"node":0,"deg":2,"term":0,"major":0},"geometry":{"type":"Point","coordinates":[20.841901,52.152043]}},{"type":"Feature","properties":{"id":"s3833","name":"Osowiec Słoneczna","bus":1,"tram":0,"rail":0,"n":1,"imp":0.027,"node":0,"deg":2,"term":0,"major":0},"geometry":{"type":"Point","coordinates":[20.849022,52.150197]}},{"type":"Feature","properties":{"id":"s3834","name":"Osowiec Słoneczna","bus":1,"tram":0,"rail":0,"n":1,"imp":0.027,"node":0,"deg":2,"term":0,"major":0},"geometry":{"type":"Point","coordinates":[20.842929,52.151413]}},{"type":"Feature","properties":{"id":"s3835","name":"Osowiec Zawiła","bus":1,"tram":0,"rail":0,"n":2,"imp":0.035,"node":0,"deg":2,"term":0,"major":0},"geometry":{"type":"Point","coordinates":[20.839221,52.156204]}},{"type":"Feature","properties":{"id":"s3836","name":"Osowiec Zawiła","bus":1,"tram":0,"rail":0,"n":2,"imp":0.035,"node":0,"deg":2,"term":0,"major":0},"geometry":{"type":"Point","coordinates":[20.836765,52.155436]}},{"type":"Feature","properties":{"id":"s3837","name":"Otrębusy Krótka","bus":1,"tram":0,"rail":0,"n":2,"imp":0.035,"node":0,"deg":2,"term":0,"major":0},"geometry":{"type":"Point","coordinates":[20.859365,52.171558]}},{"type":"Feature","properties":{"id":"s3838","name":"Otrębusy Pszczelin","bus":1,"tram":0,"rail":0,"n":2,"imp":0.045,"node":1,"deg":3,"term":0,"major":0},"geometry":{"type":"Point","coordinates":[20.857311,52.172817]}},{"type":"Feature","properties":{"id":"s3841","name":"Otrębusy Szkoła","bus":1,"tram":0,"rail":0,"n":1,"imp":0.037,"node":1,"deg":3,"term":0,"major":0},"geometry":{"type":"Point","coordinates":[20.86142,52.167781]}},{"type":"Feature","properties":{"id":"s3842","name":"Otrębusy WKD","bus":1,"tram":0,"rail":1,"n":3,"imp":0.119,"node":1,"deg":7,"term":1,"major":1},"geometry":{"type":"Point","coordinates":[20.86142,52.170299]}},{"type":"Feature","properties":{"id":"s3843","name":"Owczarnia Anny Jagiellonki","bus":1,"tram":0,"rail":0,"n":1,"imp":0.027,"node":0,"deg":2,"term":0,"major":0},"geometry":{"type":"Point","coordinates":[20.84627,52.172029]}},{"type":"Feature","properties":{"id":"s3844","name":"Owczarnia Anny Jagiellonki","bus":1,"tram":0,"rail":0,"n":2,"imp":0.045,"node":1,"deg":3,"term":0,"major":0},"geometry":{"type":"Point","coordinates":[20.851147,52.172817]}},{"type":"Feature","properties":{"id":"s3845","name":"Owczarnia Książenicka / Cykady","bus":1,"tram":0,"rail":0,"n":1,"imp":0.027,"node":0,"deg":2,"term":0,"major":0},"geometry":{"type":"Point","coordinates":[20.854454,52.163236]}},{"type":"Feature","properties":{"id":"s3846","name":"Owczarnia Książenicka / Cykady","bus":1,"tram":0,"rail":0,"n":2,"imp":0.045,"node":1,"deg":3,"term":0,"major":0},"geometry":{"type":"Point","coordinates":[20.853201,52.164004]}},{"type":"Feature","properties":{"id":"s3847","name":"Owczarnia Książenicka / Cyprysowa","bus":1,"tram":0,"rail":0,"n":2,"imp":0.035,"node":0,"deg":2,"term":0,"major":0},"geometry":{"type":"Point","coordinates":[20.849092,52.166891]}},{"type":"Feature","properties":{"id":"s3848","name":"Owczarnia Książenicka / Cyprysowa","bus":1,"tram":0,"rail":0,"n":2,"imp":0.035,"node":0,"deg":2,"term":0,"major":0},"geometry":{"type":"Point","coordinates":[20.853201,52.167115]}},{"type":"Feature","properties":{"id":"s3849","name":"Owczarnia Książenicka / Kazimierzowska","bus":1,"tram":0,"rail":0,"n":2,"imp":0.045,"node":1,"deg":3,"term":0,"major":0},"geometry":{"type":"Point","coordinates":[20.849092,52.16904]}},{"type":"Feature","properties":{"id":"s3850","name":"Owczarnia Książenicka / Kazimierzowska","bus":1,"tram":0,"rail":0,"n":2,"imp":0.035,"node":0,"deg":2,"term":0,"major":0},"geometry":{"type":"Point","coordinates":[20.853201,52.168671]}},{"type":"Feature","properties":{"id":"s3851","name":"Owczarnia Książenicka / Mała","bus":1,"tram":0,"rail":0,"n":2,"imp":0.045,"node":1,"deg":3,"term":0,"major":0},"geometry":{"type":"Point","coordinates":[20.851147,52.165263]}},{"type":"Feature","properties":{"id":"s3852","name":"Owczarnia Książenicka / Mała","bus":1,"tram":0,"rail":0,"n":2,"imp":0.035,"node":0,"deg":2,"term":0,"major":0},"geometry":{"type":"Point","coordinates":[20.853201,52.165559]}},{"type":"Feature","properties":{"id":"s3853","name":"Owczarnia Żółwińska / Grodziska","bus":1,"tram":0,"rail":0,"n":2,"imp":0.054,"node":1,"deg":4,"term":0,"major":0},"geometry":{"type":"Point","coordinates":[20.849092,52.170299]}},{"type":"Feature","properties":{"id":"s3854","name":"Owczarnia Żółwińska / Grodziska","bus":1,"tram":0,"rail":0,"n":2,"imp":0.035,"node":0,"deg":2,"term":0,"major":0},"geometry":{"type":"Point","coordinates":[20.852942,52.171717]}},{"type":"Feature","properties":{"id":"s3855","name":"Owczarnia Żółwińska / Kazimierzowska","bus":1,"tram":0,"rail":0,"n":3,"imp":0.053,"node":1,"deg":3,"term":0,"major":0},"geometry":{"type":"Point","coordinates":[20.851147,52.16904]}},{"type":"Feature","properties":{"id":"s3856","name":"Owczarnia Żółwińska / Kazimierzowska","bus":1,"tram":0,"rail":0,"n":3,"imp":0.043,"node":0,"deg":2,"term":0,"major":0},"geometry":{"type":"Point","coordinates":[20.847522,52.167484]}},{"type":"Feature","properties":{"id":"s3857","name":"Owczarnia Żółwińska / Kazimierzowska","bus":1,"tram":0,"rail":0,"n":1,"imp":0.027,"node":0,"deg":2,"term":0,"major":0},"geometry":{"type":"Point","coordinates":[20.849092,52.169669]}},{"type":"Feature","properties":{"id":"s3858","name":"Owczarnia Żółwińska / Kazimierzowska","bus":1,"tram":0,"rail":0,"n":2,"imp":0.035,"node":0,"deg":2,"term":0,"major":0},"geometry":{"type":"Point","coordinates":[20.853201,52.170227]}},{"type":"Feature","properties":{"id":"s3859","name":"Ożarów Maz. PKP","bus":1,"tram":0,"rail":0,"n":1,"imp":0.027,"node":0,"deg":2,"term":0,"major":0},"geometry":{"type":"Point","coordinates":[20.862447,52.207441]}},{"type":"Feature","properties":{"id":"s3860","name":"Paprotnia","bus":1,"tram":0,"rail":0,"n":1,"imp":0.027,"node":0,"deg":2,"term":0,"major":0},"geometry":{"type":"Point","coordinates":[20.793619,52.207072]}},{"type":"Feature","properties":{"id":"s3861","name":"Paprotnia","bus":1,"tram":0,"rail":0,"n":1,"imp":0.027,"node":0,"deg":2,"term":0,"major":0},"geometry":{"type":"Point","coordinates":[20.791564,52.206899]}},{"type":"Feature","properties":{"id":"s3862","name":"Parzniew 36 pp Legii Akademickiej","bus":1,"tram":0,"rail":0,"n":1,"imp":0.027,"node":0,"deg":2,"term":0,"major":0},"geometry":{"type":"Point","coordinates":[20.855256,52.18163]}},{"type":"Feature","properties":{"id":"s3863","name":"Parzniew 36 pp Legii Akademickiej","bus":1,"tram":0,"rail":0,"n":1,"imp":0.027,"node":0,"deg":2,"term":0,"major":0},"geometry":{"type":"Point","coordinates":[20.857594,52.181804]}},{"type":"Feature","properties":{"id":"s3864","name":"Parzniew Centrum Handlowe","bus":1,"tram":0,"rail":0,"n":1,"imp":0.027,"node":0,"deg":2,"term":0,"major":0},"geometry":{"type":"Point","coordinates":[20.859206,52.182792]}},{"type":"Feature","properties":{"id":"s3865","name":"Parzniew Główna","bus":1,"tram":0,"rail":0,"n":1,"imp":0.027,"node":0,"deg":2,"term":0,"major":0},"geometry":{"type":"Point","coordinates":[20.855982,52.180816]}},{"type":"Feature","properties":{"id":"s3866","name":"Parzniew Główna","bus":1,"tram":0,"rail":0,"n":1,"imp":0.027,"node":0,"deg":2,"term":0,"major":0},"geometry":{"type":"Point","coordinates":[20.854229,52.181001]}},{"type":"Feature","properties":{"id":"s3867","name":"Parzniew Wolności","bus":1,"tram":0,"rail":0,"n":1,"imp":0.027,"node":0,"deg":2,"term":0,"major":0},"geometry":{"type":"Point","coordinates":[20.856283,52.18226]}},{"type":"Feature","properties":{"id":"s3868","name":"Pass","bus":1,"tram":0,"rail":0,"n":3,"imp":0.055,"node":1,"deg":2,"term":1,"major":0},"geometry":{"type":"Point","coordinates":[20.816219,52.204293]}},{"type":"Feature","properties":{"id":"s3869","name":"Pass","bus":1,"tram":0,"rail":0,"n":3,"imp":0.055,"node":1,"deg":2,"term":1,"major":0},"geometry":{"type":"Point","coordinates":[20.816219,52.205552]}},{"type":"Feature","properties":{"id":"s3870","name":"Pass Osiedle Przy Pałacu","bus":1,"tram":0,"rail":0,"n":1,"imp":0.027,"node":0,"deg":2,"term":0,"major":0},"geometry":{"type":"Point","coordinates":[20.81211,52.196644]}},{"type":"Feature","properties":{"id":"s3871","name":"Pass Osiedle Przy Pałacu","bus":1,"tram":0,"rail":0,"n":1,"imp":0.027,"node":0,"deg":2,"term":0,"major":0},"geometry":{"type":"Point","coordinates":[20.81211,52.203526]}},{"type":"Feature","properties":{"id":"s3872","name":"Pęcice Kościół","bus":1,"tram":0,"rail":0,"n":1,"imp":0.027,"node":0,"deg":2,"term":0,"major":0},"geometry":{"type":"Point","coordinates":[20.890973,52.178629]}},{"type":"Feature","properties":{"id":"s3873","name":"Pęcice Kościół","bus":1,"tram":0,"rail":0,"n":1,"imp":0.027,"node":0,"deg":2,"term":0,"major":0},"geometry":{"type":"Point","coordinates":[20.886075,52.177386]}},{"type":"Feature","properties":{"id":"s3874","name":"Pęcice Małe Konopnickiej","bus":1,"tram":0,"rail":0,"n":1,"imp":0.027,"node":0,"deg":2,"term":0,"major":0},"geometry":{"type":"Point","coordinates":[20.883595,52.17056]}},{"type":"Feature","properties":{"id":"s3875","name":"Pęcice Małe Konopnickiej","bus":1,"tram":0,"rail":0,"n":1,"imp":0.027,"node":0,"deg":2,"term":0,"major":0},"geometry":{"type":"Point","coordinates":[20.886075,52.16904]}},{"type":"Feature","properties":{"id":"s3876","name":"Pęcice Małe Parkowa","bus":1,"tram":0,"rail":0,"n":1,"imp":0.027,"node":0,"deg":2,"term":0,"major":0},"geometry":{"type":"Point","coordinates":[20.886075,52.16904]}},{"type":"Feature","properties":{"id":"s3877","name":"Pęcice Małe Przepiórki","bus":1,"tram":0,"rail":0,"n":1,"imp":0.027,"node":0,"deg":2,"term":0,"major":0},"geometry":{"type":"Point","coordinates":[20.888606,52.173784]}},{"type":"Feature","properties":{"id":"s3878","name":"Pęcice Małe Przepiórki","bus":1,"tram":0,"rail":0,"n":1,"imp":0.027,"node":0,"deg":2,"term":0,"major":0},"geometry":{"type":"Point","coordinates":[20.89587,52.175627]}},{"type":"Feature","properties":{"id":"s3879","name":"Pęcice Parkowa","bus":1,"tram":0,"rail":0,"n":1,"imp":0.027,"node":0,"deg":2,"term":0,"major":0},"geometry":{"type":"Point","coordinates":[20.888555,52.16752]}},{"type":"Feature","properties":{"id":"s3882","name":"Petrykozy Trakt Królewski","bus":1,"tram":0,"rail":0,"n":1,"imp":0.039,"node":1,"deg":2,"term":1,"major":0},"geometry":{"type":"Point","coordinates":[20.859365,52.131268]}},{"type":"Feature","properties":{"id":"s3883","name":"Petrykozy Źródlana","bus":1,"tram":0,"rail":0,"n":1,"imp":0.027,"node":0,"deg":2,"term":0,"major":0},"geometry":{"type":"Point","coordinates":[20.856159,52.131268]}},{"type":"Feature","properties":{"id":"s3884","name":"Petrykozy Źródlana","bus":1,"tram":0,"rail":0,"n":1,"imp":0.027,"node":0,"deg":2,"term":0,"major":0},"geometry":{"type":"Point","coordinates":[20.858253,52.13195]}},{"type":"Feature","properties":{"id":"s3885","name":"Pieńki Słubickie","bus":1,"tram":0,"rail":0,"n":1,"imp":0.027,"node":0,"deg":2,"term":0,"major":0},"geometry":{"type":"Point","coordinates":[20.842244,52.145538]}},{"type":"Feature","properties":{"id":"s3886","name":"Pieńki Słubickie przy kapliczce","bus":1,"tram":0,"rail":0,"n":1,"imp":0.027,"node":0,"deg":2,"term":0,"major":0},"geometry":{"type":"Point","coordinates":[20.842929,52.145118]}},{"type":"Feature","properties":{"id":"s3887","name":"Pieńki Słubickie przy kapliczce","bus":1,"tram":0,"rail":0,"n":1,"imp":0.027,"node":0,"deg":2,"term":0,"major":0},"geometry":{"type":"Point","coordinates":[20.841559,52.145957]}},{"type":"Feature","properties":{"id":"s3888","name":"Piorunów","bus":1,"tram":0,"rail":0,"n":1,"imp":0.027,"node":0,"deg":2,"term":0,"major":0},"geometry":{"type":"Point","coordinates":[20.81211,52.195836]}},{"type":"Feature","properties":{"id":"s3889","name":"Piorunów","bus":1,"tram":0,"rail":0,"n":1,"imp":0.027,"node":0,"deg":2,"term":0,"major":0},"geometry":{"type":"Point","coordinates":[20.813438,52.20222]}},{"type":"Feature","properties":{"id":"s3892","name":"Piotrkowice","bus":1,"tram":0,"rail":0,"n":1,"imp":0.037,"node":1,"deg":3,"term":0,"major":0},"geometry":{"type":"Point","coordinates":[20.855256,52.135046]}},{"type":"Feature","properties":{"id":"s3893","name":"Piotrkowice","bus":1,"tram":0,"rail":0,"n":1,"imp":0.046,"node":1,"deg":4,"term":0,"major":0},"geometry":{"type":"Point","coordinates":[20.853201,52.137564]}},{"type":"Feature","properties":{"id":"s3894","name":"Piotrkowice","bus":1,"tram":0,"rail":0,"n":1,"imp":0.037,"node":1,"deg":3,"term":0,"major":0},"geometry":{"type":"Point","coordinates":[20.849092,52.136305]}},{"type":"Feature","properties":{"id":"s3895","name":"Piotrkowice","bus":1,"tram":0,"rail":0,"n":1,"imp":0.037,"node":1,"deg":3,"term":0,"major":0},"geometry":{"type":"Point","coordinates":[20.851147,52.137564]}},{"type":"Feature","properties":{"id":"s3896","name":"Piotrkowice","bus":1,"tram":0,"rail":0,"n":1,"imp":0.037,"node":1,"deg":3,"term":0,"major":0},"geometry":{"type":"Point","coordinates":[20.853201,52.138823]}},{"type":"Feature","properties":{"id":"s3897","name":"Piotrkowice Daniela","bus":1,"tram":0,"rail":0,"n":1,"imp":0.037,"node":1,"deg":3,"term":0,"major":0},"geometry":{"type":"Point","coordinates":[20.859365,52.137564]}},{"type":"Feature","properties":{"id":"s3898","name":"Piotrkowice PKP","bus":1,"tram":0,"rail":0,"n":1,"imp":0.027,"node":0,"deg":2,"term":0,"major":0},"geometry":{"type":"Point","coordinates":[20.855256,52.134082]}},{"type":"Feature","properties":{"id":"s3899","name":"Piotrkowice PKP","bus":1,"tram":0,"rail":0,"n":1,"imp":0.037,"node":1,"deg":3,"term":0,"major":0},"geometry":{"type":"Point","coordinates":[20.849092,52.135046]}},{"type":"Feature","properties":{"id":"s3900","name":"Piotrkowice Przejazdowa","bus":1,"tram":0,"rail":0,"n":1,"imp":0.018,"node":1,"deg":1,"term":0,"major":0},"geometry":{"type":"Point","coordinates":[20.863474,52.137564]}},{"type":"Feature","properties":{"id":"s3901","name":"Płochocin Fabryczna","bus":1,"tram":0,"rail":0,"n":1,"imp":0.046,"node":1,"deg":4,"term":0,"major":0},"geometry":{"type":"Point","coordinates":[20.838819,52.197998]}},{"type":"Feature","properties":{"id":"s3902","name":"Płochocin Parkowa","bus":1,"tram":0,"rail":0,"n":1,"imp":0.027,"node":0,"deg":2,"term":0,"major":0},"geometry":{"type":"Point","coordinates":[20.839847,52.202405]}},{"type":"Feature","properties":{"id":"s3903","name":"Płochocin PKP / Kolejowa","bus":1,"tram":0,"rail":0,"n":2,"imp":0.059,"node":1,"deg":2,"term":1,"major":0},"geometry":{"type":"Point","coordinates":[20.840874,52.201775]}},{"type":"Feature","properties":{"id":"s3904","name":"Płochocin Szeroka","bus":1,"tram":0,"rail":0,"n":1,"imp":0.046,"node":1,"deg":4,"term":0,"major":0},"geometry":{"type":"Point","coordinates":[20.842929,52.200516]}},{"type":"Feature","properties":{"id":"s3905","name":"Płochocin Urocza","bus":1,"tram":0,"rail":0,"n":1,"imp":0.027,"node":0,"deg":2,"term":0,"major":0},"geometry":{"type":"Point","coordinates":[20.840874,52.199257]}},{"type":"Feature","properties":{"id":"s3906","name":"Płochocin Urocza","bus":1,"tram":0,"rail":0,"n":1,"imp":0.027,"node":0,"deg":2,"term":0,"major":0},"geometry":{"type":"Point","coordinates":[20.840874,52.199257]}},{"type":"Feature","properties":{"id":"s3907","name":"Płochocin Zabytkowa","bus":1,"tram":0,"rail":0,"n":1,"imp":0.027,"node":0,"deg":2,"term":0,"major":0},"geometry":{"type":"Point","coordinates":[20.84692,52.200516]}},{"type":"Feature","properties":{"id":"s3908","name":"Płochocin Zabytkowa","bus":1,"tram":0,"rail":0,"n":1,"imp":0.027,"node":0,"deg":2,"term":0,"major":0},"geometry":{"type":"Point","coordinates":[20.844983,52.199257]}},{"type":"Feature","properties":{"id":"s3909","name":"Podkampinos I","bus":1,"tram":0,"rail":0,"n":1,"imp":0.027,"node":0,"deg":2,"term":0,"major":0},"geometry":{"type":"Point","coordinates":[20.795398,52.216715]}},{"type":"Feature","properties":{"id":"s3910","name":"Podkampinos I","bus":1,"tram":0,"rail":0,"n":1,"imp":0.037,"node":1,"deg":3,"term":0,"major":0},"geometry":{"type":"Point","coordinates":[20.797728,52.218143]}},{"type":"Feature","properties":{"id":"s3911","name":"Podkampinos II","bus":1,"tram":0,"rail":0,"n":1,"imp":0.027,"node":0,"deg":2,"term":0,"major":0},"geometry":{"type":"Point","coordinates":[20.793619,52.215148]}},{"type":"Feature","properties":{"id":"s3912","name":"Podkampinos II","bus":1,"tram":0,"rail":0,"n":1,"imp":0.027,"node":0,"deg":2,"term":0,"major":0},"geometry":{"type":"Point","coordinates":[20.794772,52.216331]}},{"type":"Feature","properties":{"id":"s3913","name":"Podkampinos III","bus":1,"tram":0,"rail":0,"n":1,"imp":0.027,"node":0,"deg":2,"term":0,"major":0},"geometry":{"type":"Point","coordinates":[20.793619,52.213129]}},{"type":"Feature","properties":{"id":"s3914","name":"Podkampinos III","bus":1,"tram":0,"rail":0,"n":1,"imp":0.027,"node":0,"deg":2,"term":0,"major":0},"geometry":{"type":"Point","coordinates":[20.791816,52.21452]}},{"type":"Feature","properties":{"id":"s3915","name":"Podkampinos Rondo","bus":1,"tram":0,"rail":0,"n":1,"imp":0.027,"node":0,"deg":2,"term":0,"major":0},"geometry":{"type":"Point","coordinates":[20.793619,52.21111]}},{"type":"Feature","properties":{"id":"s3916","name":"Podkampinos Rondo","bus":1,"tram":0,"rail":0,"n":1,"imp":0.027,"node":0,"deg":2,"term":0,"major":0},"geometry":{"type":"Point","coordinates":[20.791564,52.212022]}},{"type":"Feature","properties":{"id":"s3917","name":"Podkampinos Rondo","bus":1,"tram":0,"rail":0,"n":1,"imp":0.039,"node":1,"deg":2,"term":1,"major":0},"geometry":{"type":"Point","coordinates":[20.799782,52.214366]}},{"type":"Feature","properties":{"id":"s3918","name":"Podkowa Leśna Główna WKD","bus":1,"tram":0,"rail":1,"n":4,"imp":0.106,"node":1,"deg":6,"term":0,"major":1},"geometry":{"type":"Point","coordinates":[20.855256,52.171558]}},{"type":"Feature","properties":{"id":"s3919","name":"Podkowa Leśna Sienkiewicza","bus":1,"tram":0,"rail":0,"n":3,"imp":0.043,"node":0,"deg":2,"term":0,"major":0},"geometry":{"type":"Point","coordinates":[20.853201,52.170227]}},{"type":"Feature","properties":{"id":"s3920","name":"Podkowa Leśna Sienkiewicza","bus":1,"tram":0,"rail":0,"n":3,"imp":0.043,"node":0,"deg":2,"term":0,"major":0},"geometry":{"type":"Point","coordinates":[20.856567,52.170755]}},{"type":"Feature","properties":{"id":"s3921","name":"Podkowa Leśna Szczygła","bus":1,"tram":0,"rail":0,"n":3,"imp":0.043,"node":0,"deg":2,"term":0,"major":0},"geometry":{"type":"Point","coordinates":[20.853201,52.172817]}},{"type":"Feature","properties":{"id":"s3922","name":"Podkowa Leśna Szczygła","bus":1,"tram":0,"rail":0,"n":3,"imp":0.043,"node":0,"deg":2,"term":0,"major":0},"geometry":{"type":"Point","coordinates":[20.854805,52.173094]}},{"type":"Feature","properties":{"id":"s3923","name":"Podrochale","bus":1,"tram":0,"rail":0,"n":2,"imp":0.045,"node":1,"deg":3,"term":0,"major":0},"geometry":{"type":"Point","coordinates":[20.816219,52.214366]}},{"type":"Feature","properties":{"id":"s3924","name":"Podrochale","bus":1,"tram":0,"rail":0,"n":2,"imp":0.054,"node":1,"deg":4,"term":0,"major":0},"geometry":{"type":"Point","coordinates":[20.814164,52.215625]}},{"type":"Feature","properties":{"id":"s3925","name":"Pruszków Agrestowa","bus":1,"tram":0,"rail":0,"n":1,"imp":0.027,"node":0,"deg":2,"term":0,"major":0},"geometry":{"type":"Point","coordinates":[20.857311,52.187611]}},{"type":"Feature","properties":{"id":"s3926","name":"Pruszków Agrestowa","bus":1,"tram":0,"rail":0,"n":1,"imp":0.027,"node":0,"deg":2,"term":0,"major":0},"geometry":{"type":"Point","coordinates":[20.86142,52.186595]}},{"type":"Feature","properties":{"id":"s3927","name":"Pruszków Akacjowa","bus":1,"tram":0,"rail":0,"n":1,"imp":0.027,"node":0,"deg":2,"term":0,"major":0},"geometry":{"type":"Point","coordinates":[20.857311,52.184463]}},{"type":"Feature","properties":{"id":"s3928","name":"Pruszków Akacjowa","bus":1,"tram":0,"rail":0,"n":3,"imp":0.084,"node":1,"deg":5,"term":1,"major":0},"geometry":{"type":"Point","coordinates":[20.86142,52.182889]}},{"type":"Feature","properties":{"id":"s3929","name":"Pruszków Błońska","bus":1,"tram":0,"rail":0,"n":2,"imp":0.045,"node":1,"deg":3,"term":0,"major":0},"geometry":{"type":"Point","coordinates":[20.859365,52.187926]}},{"type":"Feature","properties":{"id":"s3930","name":"Pruszków Błońska","bus":1,"tram":0,"rail":0,"n":2,"imp":0.045,"node":1,"deg":3,"term":0,"major":0},"geometry":{"type":"Point","coordinates":[20.857311,52.189185]}},{"type":"Feature","properties":{"id":"s3931","name":"Pruszków Ceramiczna","bus":1,"tram":0,"rail":0,"n":1,"imp":0.027,"node":0,"deg":2,"term":0,"major":0},"geometry":{"type":"Point","coordinates":[20.866556,52.181001]}},{"type":"Feature","properties":{"id":"s3932","name":"Pruszków Ciechanowska","bus":1,"tram":0,"rail":0,"n":4,"imp":0.061,"node":1,"deg":3,"term":0,"major":0},"geometry":{"type":"Point","coordinates":[20.865529,52.190444]}},{"type":"Feature","properties":{"id":"s3933","name":"Pruszków Dulag","bus":1,"tram":0,"rail":0,"n":3,"imp":0.053,"node":1,"deg":3,"term":0,"major":0},"geometry":{"type":"Point","coordinates":[20.865529,52.187926]}},{"type":"Feature","properties":{"id":"s3934","name":"Pruszków Działkowa","bus":1,"tram":0,"rail":0,"n":2,"imp":0.054,"node":1,"deg":4,"term":0,"major":0},"geometry":{"type":"Point","coordinates":[20.857311,52.182889]}},{"type":"Feature","properties":{"id":"s3935","name":"Pruszków Elektrownia","bus":1,"tram":0,"rail":0,"n":1,"imp":0.027,"node":0,"deg":2,"term":0,"major":0},"geometry":{"type":"Point","coordinates":[20.863474,52.187926]}},{"type":"Feature","properties":{"id":"s3936","name":"Pruszków Elektrownia","bus":1,"tram":0,"rail":0,"n":1,"imp":0.027,"node":0,"deg":2,"term":0,"major":0},"geometry":{"type":"Point","coordinates":[20.864159,52.189185]}},{"type":"Feature","properties":{"id":"s3937","name":"Pruszków Granitowa","bus":1,"tram":0,"rail":0,"n":3,"imp":0.043,"node":0,"deg":2,"term":0,"major":0},"geometry":{"type":"Point","coordinates":[20.862447,52.189814]}},{"type":"Feature","properties":{"id":"s3938","name":"Pruszków Kościelna","bus":1,"tram":0,"rail":0,"n":2,"imp":0.054,"node":1,"deg":4,"term":0,"major":0},"geometry":{"type":"Point","coordinates":[20.867584,52.18163]}},{"type":"Feature","properties":{"id":"s3939","name":"Pruszków Kościół","bus":1,"tram":0,"rail":0,"n":3,"imp":0.043,"node":0,"deg":2,"term":0,"major":0},"geometry":{"type":"Point","coordinates":[20.863191,52.191877]}},{"type":"Feature","properties":{"id":"s3940","name":"Pruszków Kościół","bus":1,"tram":0,"rail":0,"n":4,"imp":0.061,"node":1,"deg":3,"term":0,"major":0},"geometry":{"type":"Point","coordinates":[20.86142,52.190444]}},{"type":"Feature","properties":{"id":"s3941","name":"Pruszków Kubusia Puchatka","bus":1,"tram":0,"rail":0,"n":2,"imp":0.035,"node":0,"deg":2,"term":0,"major":0},"geometry":{"type":"Point","coordinates":[20.866556,52.181001]}},{"type":"Feature","properties":{"id":"s3942","name":"Pruszków Łąkowa","bus":1,"tram":0,"rail":0,"n":4,"imp":0.051,"node":0,"deg":2,"term":0,"major":0},"geometry":{"type":"Point","coordinates":[20.866899,52.189604]}},{"type":"Feature","properties":{"id":"s3943","name":"Pruszków Moniuszki","bus":1,"tram":0,"rail":0,"n":4,"imp":0.051,"node":0,"deg":2,"term":0,"major":0},"geometry":{"type":"Point","coordinates":[20.863474,52.182521]}},{"type":"Feature","properties":{"id":"s3944","name":"Pruszków Mostowa","bus":1,"tram":0,"rail":0,"n":4,"imp":0.051,"node":0,"deg":2,"term":0,"major":0},"geometry":{"type":"Point","coordinates":[20.866214,52.190024]}},{"type":"Feature","properties":{"id":"s3945","name":"Pruszków Mostowa","bus":1,"tram":0,"rail":0,"n":3,"imp":0.043,"node":0,"deg":2,"term":0,"major":0},"geometry":{"type":"Point","coordinates":[20.863474,52.189185]}},{"type":"Feature","properties":{"id":"s3946","name":"Pruszków Os. Staszica / Działkowa","bus":1,"tram":0,"rail":0,"n":3,"imp":0.043,"node":0,"deg":2,"term":0,"major":0},"geometry":{"type":"Point","coordinates":[20.866556,52.177224]}},{"type":"Feature","properties":{"id":"s3947","name":"Pruszków Os. Staszica / Działkowa","bus":1,"tram":0,"rail":0,"n":3,"imp":0.043,"node":0,"deg":2,"term":0,"major":0},"geometry":{"type":"Point","coordinates":[20.863592,52.176522]}},{"type":"Feature","properties":{"id":"s3948","name":"Pruszków Pałacyk Sokoła","bus":1,"tram":0,"rail":1,"n":5,"imp":0.085,"node":1,"deg":3,"term":0,"major":0},"geometry":{"type":"Point","coordinates":[20.865529,52.184148]}},{"type":"Feature","properties":{"id":"s3949","name":"Pruszków Pańska","bus":1,"tram":0,"rail":0,"n":3,"imp":0.043,"node":0,"deg":2,"term":0,"major":0},"geometry":{"type":"Point","coordinates":[20.864502,52.188555]}},{"type":"Feature","properties":{"id":"s3950","name":"Pruszków Południowa","bus":1,"tram":0,"rail":0,"n":1,"imp":0.027,"node":0,"deg":2,"term":0,"major":0},"geometry":{"type":"Point","coordinates":[20.852908,52.186846]}},{"type":"Feature","properties":{"id":"s3951","name":"Pruszków Południowa","bus":1,"tram":0,"rail":0,"n":1,"imp":0.027,"node":0,"deg":2,"term":0,"major":0},"geometry":{"type":"Point","coordinates":[20.85144,52.187746]}},{"type":"Feature","properties":{"id":"s3952","name":"Pruszków Przejazdowa","bus":1,"tram":0,"rail":0,"n":2,"imp":0.045,"node":1,"deg":3,"term":0,"major":0},"geometry":{"type":"Point","coordinates":[20.855256,52.187926]}},{"type":"Feature","properties":{"id":"s3953","name":"Pruszków Przejazdowa","bus":1,"tram":0,"rail":0,"n":2,"imp":0.045,"node":1,"deg":3,"term":0,"major":0},"geometry":{"type":"Point","coordinates":[20.855256,52.190444]}},{"type":"Feature","properties":{"id":"s3954","name":"Pruszków Pułaskiego","bus":1,"tram":0,"rail":0,"n":1,"imp":0.027,"node":0,"deg":2,"term":0,"major":0},"geometry":{"type":"Point","coordinates":[20.862789,52.183729]}},{"type":"Feature","properties":{"id":"s3955","name":"Pruszków Robotnicza","bus":1,"tram":0,"rail":0,"n":1,"imp":0.027,"node":0,"deg":2,"term":0,"major":0},"geometry":{"type":"Point","coordinates":[20.857311,52.186037]}},{"type":"Feature","properties":{"id":"s3956","name":"Pruszków Robotnicza","bus":1,"tram":0,"rail":0,"n":1,"imp":0.027,"node":0,"deg":2,"term":0,"major":0},"geometry":{"type":"Point","coordinates":[20.86142,52.184742]}},{"type":"Feature","properties":{"id":"s3957","name":"Pruszków Rondo ks. J. Popiełuszki","bus":1,"tram":0,"rail":0,"n":4,"imp":0.071,"node":1,"deg":4,"term":0,"major":0},"geometry":{"type":"Point","coordinates":[20.86142,52.180371]}},{"type":"Feature","properties":{"id":"s3958","name":"Pruszków Rondo Solidarności","bus":1,"tram":0,"rail":0,"n":4,"imp":0.061,"node":1,"deg":3,"term":0,"major":0},"geometry":{"type":"Point","coordinates":[20.867584,52.189185]}},{"type":"Feature","properties":{"id":"s3959","name":"Pruszków Szkoła","bus":1,"tram":0,"rail":0,"n":1,"imp":0.027,"node":0,"deg":2,"term":0,"major":0},"geometry":{"type":"Point","coordinates":[20.86142,52.187926]}},{"type":"Feature","properties":{"id":"s3960","name":"Pruszków Szkoła","bus":1,"tram":0,"rail":0,"n":1,"imp":0.027,"node":0,"deg":2,"term":0,"major":0},"geometry":{"type":"Point","coordinates":[20.860735,52.189185]}},{"type":"Feature","properties":{"id":"s3961","name":"Pruszków Szpitalna","bus":1,"tram":0,"rail":1,"n":4,"imp":0.077,"node":1,"deg":3,"term":0,"major":0},"geometry":{"type":"Point","coordinates":[20.871693,52.186667]}},{"type":"Feature","properties":{"id":"s3962","name":"Pruszków Szpitalna","bus":1,"tram":0,"rail":0,"n":1,"imp":0.027,"node":0,"deg":2,"term":0,"major":0},"geometry":{"type":"Point","coordinates":[20.873145,52.184148]}},{"type":"Feature","properties":{"id":"s3963","name":"Pruszków Topolowa","bus":1,"tram":0,"rail":0,"n":1,"imp":0.027,"node":0,"deg":2,"term":0,"major":0},"geometry":{"type":"Point","coordinates":[20.869638,52.185407]}},{"type":"Feature","properties":{"id":"s3964","name":"Pruszków Topolowa","bus":1,"tram":0,"rail":0,"n":1,"imp":0.027,"node":0,"deg":2,"term":0,"major":0},"geometry":{"type":"Point","coordinates":[20.870364,52.184148]}},{"type":"Feature","properties":{"id":"s3965","name":"Pruszków Traktowa","bus":1,"tram":0,"rail":0,"n":1,"imp":0.037,"node":1,"deg":3,"term":0,"major":0},"geometry":{"type":"Point","coordinates":[20.853201,52.186667]}},{"type":"Feature","properties":{"id":"s3966","name":"Pruszków Traktowa","bus":1,"tram":0,"rail":0,"n":1,"imp":0.037,"node":1,"deg":3,"term":0,"major":0},"geometry":{"type":"Point","coordinates":[20.851147,52.187926]}},{"type":"Feature","properties":{"id":"s3967","name":"Pruszków Urząd Skarbowy","bus":1,"tram":0,"rail":0,"n":3,"imp":0.053,"node":1,"deg":3,"term":0,"major":0},"geometry":{"type":"Point","coordinates":[20.859365,52.184148]}},{"type":"Feature","properties":{"id":"s3968","name":"Pruszków Urząd Skarbowy","bus":1,"tram":0,"rail":0,"n":1,"imp":0.027,"node":0,"deg":2,"term":0,"major":0},"geometry":{"type":"Point","coordinates":[20.863474,52.184148]}},{"type":"Feature","properties":{"id":"s3969","name":"Pruszków USC","bus":1,"tram":0,"rail":0,"n":5,"imp":0.107,"node":1,"deg":7,"term":0,"major":1},"geometry":{"type":"Point","coordinates":[20.867584,52.184148]}},{"type":"Feature","properties":{"id":"s3970","name":"Pruszków Żbików Cmentarz","bus":1,"tram":0,"rail":0,"n":3,"imp":0.043,"node":0,"deg":2,"term":0,"major":0},"geometry":{"type":"Point","coordinates":[20.857098,52.193092]}},{"type":"Feature","properties":{"id":"s3971","name":"Pruszków Żbików Cmentarz","bus":1,"tram":0,"rail":0,"n":5,"imp":0.079,"node":1,"deg":4,"term":0,"major":0},"geometry":{"type":"Point","coordinates":[20.857311,52.192962]}},{"type":"Feature","properties":{"id":"s3972","name":"Pruszków Żbików Rondo","bus":1,"tram":0,"rail":0,"n":4,"imp":0.061,"node":1,"deg":3,"term":0,"major":0},"geometry":{"type":"Point","coordinates":[20.859365,52.191703]}},{"type":"Feature","properties":{"id":"s3973","name":"Pruszków Żbików Rondo","bus":1,"tram":0,"rail":0,"n":3,"imp":0.043,"node":0,"deg":2,"term":0,"major":0},"geometry":{"type":"Point","coordinates":[20.860617,52.192962]}},{"type":"Feature","properties":{"id":"s3974","name":"Pruszków ZUS","bus":1,"tram":0,"rail":0,"n":1,"imp":0.027,"node":0,"deg":2,"term":0,"major":0},"geometry":{"type":"Point","coordinates":[20.864159,52.184568]}},{"type":"Feature","properties":{"id":"s3975","name":"Przeszkoda","bus":1,"tram":0,"rail":0,"n":3,"imp":0.043,"node":0,"deg":2,"term":0,"major":0},"geometry":{"type":"Point","coordinates":[20.853201,52.153302]}},{"type":"Feature","properties":{"id":"s3976","name":"Przeszkoda","bus":1,"tram":0,"rail":0,"n":2,"imp":0.035,"node":0,"deg":2,"term":0,"major":0},"geometry":{"type":"Point","coordinates":[20.855256,52.152043]}},{"type":"Feature","properties":{"id":"s3977","name":"Pułapina Nowa","bus":1,"tram":0,"rail":0,"n":1,"imp":0.027,"node":0,"deg":2,"term":0,"major":0},"geometry":{"type":"Point","coordinates":[20.800872,52.189776]}},{"type":"Feature","properties":{"id":"s3978","name":"Pułapina Nowa","bus":1,"tram":0,"rail":0,"n":1,"imp":0.027,"node":0,"deg":2,"term":0,"major":0},"geometry":{"type":"Point","coordinates":[20.799782,52.190812]}},{"type":"Feature","properties":{"id":"s3979","name":"Pułapina Nowa Rondo","bus":1,"tram":0,"rail":0,"n":2,"imp":0.057,"node":1,"deg":3,"term":1,"major":0},"geometry":{"type":"Point","coordinates":[20.801837,52.184148]}},{"type":"Feature","properties":{"id":"s3980","name":"Pułapina Nowa Rondo","bus":1,"tram":0,"rail":0,"n":1,"imp":0.027,"node":0,"deg":2,"term":0,"major":0},"geometry":{"type":"Point","coordinates":[20.799871,52.189131]}},{"type":"Feature","properties":{"id":"s3981","name":"Pułapina Nowa Rondo","bus":1,"tram":0,"rail":0,"n":1,"imp":0.056,"node":1,"deg":5,"term":0,"major":0},"geometry":{"type":"Point","coordinates":[20.801837,52.187926]}},{"type":"Feature","properties":{"id":"s3982","name":"Pułapina Stara","bus":1,"tram":0,"rail":0,"n":1,"imp":0.027,"node":0,"deg":2,"term":0,"major":0},"geometry":{"type":"Point","coordinates":[20.798454,52.191258]}},{"type":"Feature","properties":{"id":"s3983","name":"Pułapina Stara","bus":1,"tram":0,"rail":0,"n":1,"imp":0.027,"node":0,"deg":2,"term":0,"major":0},"geometry":{"type":"Point","coordinates":[20.799782,52.192517]}},{"type":"Feature","properties":{"id":"s3984","name":"Radonice","bus":1,"tram":0,"rail":0,"n":1,"imp":0.027,"node":0,"deg":2,"term":0,"major":0},"geometry":{"type":"Point","coordinates":[20.822383,52.190129]}},{"type":"Feature","properties":{"id":"s3985","name":"Radonice","bus":1,"tram":0,"rail":0,"n":1,"imp":0.027,"node":0,"deg":2,"term":0,"major":0},"geometry":{"type":"Point","coordinates":[20.820328,52.189499]}},{"type":"Feature","properties":{"id":"s3986","name":"Radonice przy nr 11","bus":1,"tram":0,"rail":0,"n":1,"imp":0.027,"node":0,"deg":2,"term":0,"major":0},"geometry":{"type":"Point","coordinates":[20.818017,52.190444]}},{"type":"Feature","properties":{"id":"s3987","name":"Radonice przy nr 11","bus":1,"tram":0,"rail":0,"n":1,"imp":0.027,"node":0,"deg":2,"term":0,"major":0},"geometry":{"type":"Point","coordinates":[20.820071,52.191703]}},{"type":"Feature","properties":{"id":"s3988","name":"Radonice przy nr 24","bus":1,"tram":0,"rail":0,"n":1,"imp":0.027,"node":0,"deg":2,"term":0,"major":0},"geometry":{"type":"Point","coordinates":[20.81776,52.190444]}},{"type":"Feature","properties":{"id":"s3989","name":"Radonice przy nr 24","bus":1,"tram":0,"rail":0,"n":1,"imp":0.027,"node":0,"deg":2,"term":0,"major":0},"geometry":{"type":"Point","coordinates":[20.819815,52.191703]}},{"type":"Feature","properties":{"id":"s3990","name":"Radonie Centralna","bus":1,"tram":0,"rail":0,"n":1,"imp":0.027,"node":0,"deg":2,"term":0,"major":0},"geometry":{"type":"Point","coordinates":[20.842633,52.15663]}},{"type":"Feature","properties":{"id":"s3991","name":"Radonie Centralna","bus":1,"tram":0,"rail":0,"n":1,"imp":0.027,"node":0,"deg":2,"term":0,"major":0},"geometry":{"type":"Point","coordinates":[20.844298,52.154351]}},{"type":"Feature","properties":{"id":"s3992","name":"Radonie Gościnna","bus":1,"tram":0,"rail":0,"n":4,"imp":0.051,"node":0,"deg":2,"term":0,"major":0},"geometry":{"type":"Point","coordinates":[20.841759,52.159684]}},{"type":"Feature","properties":{"id":"s3993","name":"Radonie Gościnna","bus":1,"tram":0,"rail":0,"n":4,"imp":0.061,"node":1,"deg":3,"term":0,"major":0},"geometry":{"type":"Point","coordinates":[20.842929,52.160227]}},{"type":"Feature","properties":{"id":"s3994","name":"Radonie Iglasta","bus":1,"tram":0,"rail":0,"n":1,"imp":0.027,"node":0,"deg":2,"term":0,"major":0},"geometry":{"type":"Point","coordinates":[20.840272,52.156449]}},{"type":"Feature","properties":{"id":"s3995","name":"Radonie Iglasta","bus":1,"tram":0,"rail":0,"n":1,"imp":0.027,"node":0,"deg":2,"term":0,"major":0},"geometry":{"type":"Point","coordinates":[20.839847,52.157708]}},{"type":"Feature","properties":{"id":"s3996","name":"Radonie Nałkowskiej","bus":1,"tram":0,"rail":0,"n":1,"imp":0.027,"node":0,"deg":2,"term":0,"major":0},"geometry":{"type":"Point","coordinates":[20.839333,52.157708]}},{"type":"Feature","properties":{"id":"s3997","name":"Radonie Nałkowskiej","bus":1,"tram":0,"rail":0,"n":1,"imp":0.027,"node":0,"deg":2,"term":0,"major":0},"geometry":{"type":"Point","coordinates":[20.838519,52.156449]}},{"type":"Feature","properties":{"id":"s3998","name":"Radonie Pętla","bus":1,"tram":0,"rail":0,"n":4,"imp":0.09,"node":1,"deg":6,"term":0,"major":0},"geometry":{"type":"Point","coordinates":[20.842929,52.158967]}},{"type":"Feature","properties":{"id":"s3999","name":"Radonie Roślinna","bus":1,"tram":0,"rail":0,"n":2,"imp":0.045,"node":1,"deg":3,"term":0,"major":0},"geometry":{"type":"Point","coordinates":[20.840874,52.157708]}},{"type":"Feature","properties":{"id":"s4000","name":"Radonie Roślinna","bus":1,"tram":0,"rail":0,"n":2,"imp":0.045,"node":1,"deg":3,"term":0,"major":0},"geometry":{"type":"Point","coordinates":[20.842929,52.15519]}},{"type":"Feature","properties":{"id":"s4001","name":"Radonie Spacerowa","bus":1,"tram":0,"rail":0,"n":4,"imp":0.051,"node":0,"deg":2,"term":0,"major":0},"geometry":{"type":"Point","coordinates":[20.840473,52.160227]}},{"type":"Feature","properties":{"id":"s4002","name":"Radonie Spacerowa","bus":1,"tram":0,"rail":0,"n":4,"imp":0.051,"node":0,"deg":2,"term":0,"major":0},"geometry":{"type":"Point","coordinates":[20.842244,52.160646]}},{"type":"Feature","properties":{"id":"s4003","name":"Radonie Widokowa","bus":1,"tram":0,"rail":0,"n":1,"imp":0.027,"node":0,"deg":2,"term":0,"major":0},"geometry":{"type":"Point","coordinates":[20.841689,52.15595]}},{"type":"Feature","properties":{"id":"s4004","name":"Radonie Widokowa","bus":1,"tram":0,"rail":0,"n":1,"imp":0.027,"node":0,"deg":2,"term":0,"major":0},"geometry":{"type":"Point","coordinates":[20.84036,52.157708]}},{"type":"Feature","properties":{"id":"s4005","name":"Radziejowice","bus":1,"tram":0,"rail":0,"n":1,"imp":0.027,"node":0,"deg":2,"term":0,"major":0},"geometry":{"type":"Point","coordinates":[20.828463,52.148946]}},{"type":"Feature","properties":{"id":"s4006","name":"Radziejowice","bus":1,"tram":0,"rail":0,"n":1,"imp":0.027,"node":0,"deg":2,"term":0,"major":0},"geometry":{"type":"Point","coordinates":[20.832656,52.14823]}},{"type":"Feature","properties":{"id":"s4007","name":"Radziejowice Parcel","bus":1,"tram":0,"rail":0,"n":2,"imp":0.035,"node":0,"deg":2,"term":0,"major":0},"geometry":{"type":"Point","coordinates":[20.830601,52.146797]}},{"type":"Feature","properties":{"id":"s4008","name":"Radziejowice Parcel","bus":1,"tram":0,"rail":0,"n":2,"imp":0.035,"node":0,"deg":2,"term":0,"major":0},"geometry":{"type":"Point","coordinates":[20.832656,52.144351]}},{"type":"Feature","properties":{"id":"s4009","name":"Radziejowice Rondo","bus":1,"tram":0,"rail":0,"n":2,"imp":0.045,"node":1,"deg":3,"term":0,"major":0},"geometry":{"type":"Point","coordinates":[20.830601,52.147636]}},{"type":"Feature","properties":{"id":"s4010","name":"Radziejowice Rondo","bus":1,"tram":0,"rail":0,"n":2,"imp":0.045,"node":1,"deg":3,"term":0,"major":0},"geometry":{"type":"Point","coordinates":[20.832656,52.146377]}},{"type":"Feature","properties":{"id":"s4011","name":"Radzików","bus":1,"tram":0,"rail":0,"n":1,"imp":0.027,"node":0,"deg":2,"term":0,"major":0},"geometry":{"type":"Point","coordinates":[20.825159,52.211848]}},{"type":"Feature","properties":{"id":"s4012","name":"Radzików","bus":1,"tram":0,"rail":0,"n":1,"imp":0.027,"node":0,"deg":2,"term":0,"major":0},"geometry":{"type":"Point","coordinates":[20.828145,52.210588]}},{"type":"Feature","properties":{"id":"s4013","name":"Radzików Ihar","bus":1,"tram":0,"rail":0,"n":2,"imp":0.074,"node":1,"deg":6,"term":0,"major":0},"geometry":{"type":"Point","coordinates":[20.828546,52.20807]}},{"type":"Feature","properties":{"id":"s4016","name":"Reguły Urząd Gminy","bus":1,"tram":0,"rail":0,"n":1,"imp":0.027,"node":0,"deg":2,"term":0,"major":0},"geometry":{"type":"Point","coordinates":[20.887803,52.18163]}},{"type":"Feature","properties":{"id":"s4017","name":"Reguły Urząd Gminy","bus":1,"tram":0,"rail":1,"n":2,"imp":0.102,"node":1,"deg":6,"term":1,"major":1},"geometry":{"type":"Point","coordinates":[20.886075,52.18163]}},{"type":"Feature","properties":{"id":"s4018","name":"Rochale","bus":1,"tram":0,"rail":0,"n":1,"imp":0.027,"node":0,"deg":2,"term":0,"major":0},"geometry":{"type":"Point","coordinates":[20.818185,52.213161]}},{"type":"Feature","properties":{"id":"s4019","name":"Rochale","bus":1,"tram":0,"rail":0,"n":1,"imp":0.027,"node":0,"deg":2,"term":0,"major":0},"geometry":{"type":"Point","coordinates":[20.814164,52.21392]}},{"type":"Feature","properties":{"id":"s4020","name":"Rochaliki II","bus":1,"tram":0,"rail":0,"n":1,"imp":0.027,"node":0,"deg":2,"term":0,"major":0},"geometry":{"type":"Point","coordinates":[20.818057,52.208203]}},{"type":"Feature","properties":{"id":"s4021","name":"Rochaliki II","bus":1,"tram":0,"rail":0,"n":1,"imp":0.027,"node":0,"deg":2,"term":0,"major":0},"geometry":{"type":"Point","coordinates":[20.816435,52.209197]}},{"type":"Feature","properties":{"id":"s4022","name":"Rochaliki III","bus":1,"tram":0,"rail":0,"n":1,"imp":0.027,"node":0,"deg":2,"term":0,"major":0},"geometry":{"type":"Point","coordinates":[20.818274,52.211479]}},{"type":"Feature","properties":{"id":"s4023","name":"Rochaliki III","bus":1,"tram":0,"rail":0,"n":1,"imp":0.027,"node":0,"deg":2,"term":0,"major":0},"geometry":{"type":"Point","coordinates":[20.814164,52.212216]}},{"type":"Feature","properties":{"id":"s4024","name":"Rochaliki skrzyżowanie","bus":1,"tram":0,"rail":0,"n":1,"imp":0.027,"node":0,"deg":2,"term":0,"major":0},"geometry":{"type":"Point","coordinates":[20.818274,52.209775]}},{"type":"Feature","properties":{"id":"s4025","name":"Rochaliki skrzyżowanie","bus":1,"tram":0,"rail":0,"n":1,"imp":0.027,"node":0,"deg":2,"term":0,"major":0},"geometry":{"type":"Point","coordinates":[20.814253,52.210534]}},{"type":"Feature","properties":{"id":"s4026","name":"Rochaliki skrzyżowanie","bus":1,"tram":0,"rail":0,"n":1,"imp":0.027,"node":0,"deg":2,"term":0,"major":0},"geometry":{"type":"Point","coordinates":[20.818165,52.208137]}},{"type":"Feature","properties":{"id":"s4027","name":"Rochaliki skrzyżowanie","bus":1,"tram":0,"rail":0,"n":1,"imp":0.027,"node":0,"deg":2,"term":0,"major":0},"geometry":{"type":"Point","coordinates":[20.816327,52.209263]}},{"type":"Feature","properties":{"id":"s4028","name":"Rokitno I","bus":1,"tram":0,"rail":0,"n":2,"imp":0.035,"node":0,"deg":2,"term":0,"major":0},"geometry":{"type":"Point","coordinates":[20.829779,52.197243]}},{"type":"Feature","properties":{"id":"s4029","name":"Rokitno I","bus":1,"tram":0,"rail":0,"n":2,"imp":0.035,"node":0,"deg":2,"term":0,"major":0},"geometry":{"type":"Point","coordinates":[20.831664,52.199865]}},{"type":"Feature","properties":{"id":"s4030","name":"Rokitno II","bus":1,"tram":0,"rail":0,"n":2,"imp":0.045,"node":1,"deg":3,"term":0,"major":0},"geometry":{"type":"Point","coordinates":[20.830601,52.196739]}},{"type":"Feature","properties":{"id":"s4031","name":"Rokitno II","bus":1,"tram":0,"rail":0,"n":2,"imp":0.045,"node":1,"deg":3,"term":0,"major":0},"geometry":{"type":"Point","coordinates":[20.832656,52.199257]}},{"type":"Feature","properties":{"id":"s4032","name":"Rokitno-Majątek Sanktuarium","bus":1,"tram":0,"rail":0,"n":1,"imp":0.027,"node":0,"deg":2,"term":0,"major":0},"geometry":{"type":"Point","coordinates":[20.831971,52.1959]}},{"type":"Feature","properties":{"id":"s4033","name":"Rokitno-Majątek Sanktuarium","bus":1,"tram":0,"rail":0,"n":1,"imp":0.027,"node":0,"deg":2,"term":0,"major":0},"geometry":{"type":"Point","coordinates":[20.832957,52.196555]}},{"type":"Feature","properties":{"id":"s4034","name":"Rokitno-Majątek Sanktuarium","bus":1,"tram":0,"rail":0,"n":1,"imp":0.027,"node":0,"deg":2,"term":0,"major":0},"geometry":{"type":"Point","coordinates":[20.835136,52.196739]}},{"type":"Feature","properties":{"id":"s4035","name":"Rokitno-Majątek Sanktuarium","bus":1,"tram":0,"rail":0,"n":1,"imp":0.027,"node":0,"deg":2,"term":0,"major":0},"geometry":{"type":"Point","coordinates":[20.835312,52.197998]}},{"type":"Feature","properties":{"id":"s4036","name":"Roztoka","bus":1,"tram":0,"rail":0,"n":1,"imp":0.049,"node":1,"deg":3,"term":1,"major":0},"geometry":{"type":"Point","coordinates":[20.828546,52.235769]}},{"type":"Feature","properties":{"id":"s4037","name":"Roztoka - Kampinoski Park Narodowy","bus":1,"tram":0,"rail":0,"n":1,"imp":0.039,"node":1,"deg":2,"term":1,"major":0},"geometry":{"type":"Point","coordinates":[20.830601,52.238288]}},{"type":"Feature","properties":{"id":"s4038","name":"Rumianka Orzechowa","bus":1,"tram":0,"rail":0,"n":1,"imp":0.027,"node":0,"deg":2,"term":0,"major":0},"geometry":{"type":"Point","coordinates":[20.847551,52.145433]}},{"type":"Feature","properties":{"id":"s4039","name":"Rumianka Orzechowa","bus":1,"tram":0,"rail":0,"n":1,"imp":0.027,"node":0,"deg":2,"term":0,"major":0},"geometry":{"type":"Point","coordinates":[20.843956,52.148266]}},{"type":"Feature","properties":{"id":"s4040","name":"Rumianka Owocowa","bus":1,"tram":0,"rail":0,"n":1,"imp":0.027,"node":0,"deg":2,"term":0,"major":0},"geometry":{"type":"Point","coordinates":[20.843613,52.148056]}},{"type":"Feature","properties":{"id":"s4041","name":"Rumianka Owocowa","bus":1,"tram":0,"rail":0,"n":1,"imp":0.027,"node":0,"deg":2,"term":0,"major":0},"geometry":{"type":"Point","coordinates":[20.847038,52.145118]}},{"type":"Feature","properties":{"id":"s4042","name":"Siestrzeń Grodziska","bus":1,"tram":0,"rail":0,"n":5,"imp":0.098,"node":1,"deg":6,"term":0,"major":0},"geometry":{"type":"Point","coordinates":[20.859365,52.153931]}},{"type":"Feature","properties":{"id":"s4043","name":"Siestrzeń Poranna","bus":1,"tram":0,"rail":0,"n":3,"imp":0.053,"node":1,"deg":3,"term":0,"major":0},"geometry":{"type":"Point","coordinates":[20.853201,52.153931]}},{"type":"Feature","properties":{"id":"s4044","name":"Siestrzeń Poranna","bus":1,"tram":0,"rail":0,"n":2,"imp":0.045,"node":1,"deg":3,"term":0,"major":0},"geometry":{"type":"Point","coordinates":[20.855256,52.152672]}},{"type":"Feature","properties":{"id":"s4045","name":"Siestrzeń Rozalińska","bus":1,"tram":0,"rail":0,"n":5,"imp":0.11,"node":1,"deg":6,"term":1,"major":1},"geometry":{"type":"Point","coordinates":[20.863474,52.153931]}},{"type":"Feature","properties":{"id":"s4046","name":"Siestrzeń Rozalińska","bus":1,"tram":0,"rail":0,"n":4,"imp":0.092,"node":1,"deg":5,"term":1,"major":0},"geometry":{"type":"Point","coordinates":[20.86142,52.152672]}},{"type":"Feature","properties":{"id":"s4047","name":"Skuły Mszczonowska","bus":1,"tram":0,"rail":0,"n":1,"imp":0.027,"node":0,"deg":2,"term":0,"major":0},"geometry":{"type":"Point","coordinates":[20.856626,52.139662]}},{"type":"Feature","properties":{"id":"s4048","name":"Skuły Mszczonowska","bus":1,"tram":0,"rail":0,"n":1,"imp":0.027,"node":0,"deg":2,"term":0,"major":0},"geometry":{"type":"Point","coordinates":[20.855557,52.141525]}},{"type":"Feature","properties":{"id":"s4049","name":"Skuły Okrężna","bus":1,"tram":0,"rail":0,"n":1,"imp":0.027,"node":0,"deg":2,"term":0,"major":0},"geometry":{"type":"Point","coordinates":[20.855256,52.141222]}},{"type":"Feature","properties":{"id":"s4050","name":"Skuły Okrężna","bus":1,"tram":0,"rail":0,"n":1,"imp":0.027,"node":0,"deg":2,"term":0,"major":0},"geometry":{"type":"Point","coordinates":[20.855941,52.139242]}},{"type":"Feature","properties":{"id":"s4051","name":"Skuły Szkoła","bus":1,"tram":0,"rail":0,"n":1,"imp":0.027,"node":0,"deg":2,"term":0,"major":0},"geometry":{"type":"Point","coordinates":[20.855256,52.140842]}},{"type":"Feature","properties":{"id":"s4052","name":"Skuły Szkoła","bus":1,"tram":0,"rail":0,"n":1,"imp":0.027,"node":0,"deg":2,"term":0,"major":0},"geometry":{"type":"Point","coordinates":[20.855256,52.138823]}},{"type":"Feature","properties":{"id":"s4053","name":"Skuły Szkoła","bus":1,"tram":0,"rail":0,"n":1,"imp":0.039,"node":1,"deg":2,"term":1,"major":0},"geometry":{"type":"Point","coordinates":[20.849092,52.141341]}},{"type":"Feature","properties":{"id":"s4054","name":"Słubica Choinkowa","bus":1,"tram":0,"rail":0,"n":1,"imp":0.027,"node":0,"deg":2,"term":0,"major":0},"geometry":{"type":"Point","coordinates":[20.839504,52.147216]}},{"type":"Feature","properties":{"id":"s4055","name":"Słubica Graniczna","bus":1,"tram":0,"rail":0,"n":2,"imp":0.054,"node":1,"deg":4,"term":0,"major":0},"geometry":{"type":"Point","coordinates":[20.838819,52.147636]}},{"type":"Feature","properties":{"id":"s4056","name":"Słubica Kukułki","bus":1,"tram":0,"rail":0,"n":1,"imp":0.027,"node":0,"deg":2,"term":0,"major":0},"geometry":{"type":"Point","coordinates":[20.843613,52.144698]}},{"type":"Feature","properties":{"id":"s4057","name":"Słubica Kukułki","bus":1,"tram":0,"rail":0,"n":1,"imp":0.027,"node":0,"deg":2,"term":0,"major":0},"geometry":{"type":"Point","coordinates":[20.840874,52.146377]}},{"type":"Feature","properties":{"id":"s4058","name":"Słubica Słoneczna","bus":1,"tram":0,"rail":0,"n":1,"imp":0.027,"node":0,"deg":2,"term":0,"major":0},"geometry":{"type":"Point","coordinates":[20.844298,52.144279]}},{"type":"Feature","properties":{"id":"s4059","name":"Słubica Słoneczna","bus":1,"tram":0,"rail":0,"n":1,"imp":0.027,"node":0,"deg":2,"term":0,"major":0},"geometry":{"type":"Point","coordinates":[20.840189,52.146797]}},{"type":"Feature","properties":{"id":"s4060","name":"Słubica Wieś","bus":1,"tram":0,"rail":0,"n":1,"imp":0.037,"node":1,"deg":3,"term":0,"major":0},"geometry":{"type":"Point","coordinates":[20.844983,52.143859]}},{"type":"Feature","properties":{"id":"s4061","name":"Słubica Wieś","bus":1,"tram":0,"rail":0,"n":1,"imp":0.027,"node":0,"deg":2,"term":0,"major":0},"geometry":{"type":"Point","coordinates":[20.842929,52.145671]}},{"type":"Feature","properties":{"id":"s4062","name":"Słubica Zarzeczna","bus":1,"tram":0,"rail":0,"n":1,"imp":0.027,"node":0,"deg":2,"term":0,"major":0},"geometry":{"type":"Point","coordinates":[20.845497,52.144174]}},{"type":"Feature","properties":{"id":"s4063","name":"Sochaczew Al. 600-lecia Kaufland","bus":1,"tram":0,"rail":0,"n":1,"imp":0.027,"node":0,"deg":2,"term":0,"major":0},"geometry":{"type":"Point","coordinates":[20.774827,52.212922]}},{"type":"Feature","properties":{"id":"s4064","name":"Sochaczew Al. 600-lecia Kaufland","bus":1,"tram":0,"rail":0,"n":1,"imp":0.027,"node":0,"deg":2,"term":0,"major":0},"geometry":{"type":"Point","coordinates":[20.773374,52.213291]}},{"type":"Feature","properties":{"id":"s4065","name":"Sochaczew Chodaków Kościół","bus":1,"tram":0,"rail":0,"n":1,"imp":0.046,"node":1,"deg":4,"term":0,"major":0},"geometry":{"type":"Point","coordinates":[20.777182,52.215625]}},{"type":"Feature","properties":{"id":"s4066","name":"Sochaczew Pl. Kościuszki","bus":1,"tram":0,"rail":0,"n":1,"imp":0.037,"node":1,"deg":3,"term":0,"major":0},"geometry":{"type":"Point","coordinates":[20.771018,52.210588]}},{"type":"Feature","properties":{"id":"s4067","name":"Sochaczew Sienkiewicza (przy PKP)","bus":1,"tram":0,"rail":0,"n":1,"imp":0.03,"node":1,"deg":1,"term":1,"major":0},"geometry":{"type":"Point","coordinates":[20.771018,52.205552]}},{"type":"Feature","properties":{"id":"s4068","name":"Sokołów Rodzinna","bus":1,"tram":0,"rail":0,"n":1,"imp":0.027,"node":0,"deg":2,"term":0,"major":0},"geometry":{"type":"Point","coordinates":[20.888555,52.16752]}},{"type":"Feature","properties":{"id":"s4069","name":"Sokołów Rodzinna","bus":1,"tram":0,"rail":0,"n":1,"imp":0.027,"node":0,"deg":2,"term":0,"major":0},"geometry":{"type":"Point","coordinates":[20.891035,52.166]}},{"type":"Feature","properties":{"id":"s4070","name":"Sokołów Wacława","bus":1,"tram":0,"rail":0,"n":1,"imp":0.027,"node":0,"deg":2,"term":0,"major":0},"geometry":{"type":"Point","coordinates":[20.891035,52.166]}},{"type":"Feature","properties":{"id":"s4071","name":"Sokołów Wacława","bus":1,"tram":0,"rail":0,"n":1,"imp":0.027,"node":0,"deg":2,"term":0,"major":0},"geometry":{"type":"Point","coordinates":[20.894044,52.165263]}},{"type":"Feature","properties":{"id":"s4072","name":"Stanisławów","bus":1,"tram":0,"rail":0,"n":1,"imp":0.027,"node":0,"deg":2,"term":0,"major":0},"geometry":{"type":"Point","coordinates":[20.805876,52.182889]}},{"type":"Feature","properties":{"id":"s4074","name":"Stanisławów II","bus":1,"tram":0,"rail":0,"n":1,"imp":0.027,"node":0,"deg":2,"term":0,"major":0},"geometry":{"type":"Point","coordinates":[20.804884,52.182889]}},{"type":"Feature","properties":{"id":"s4076","name":"Stara Bukówka","bus":1,"tram":0,"rail":0,"n":1,"imp":0.027,"node":0,"deg":2,"term":0,"major":0},"geometry":{"type":"Point","coordinates":[20.846637,52.146623]}},{"type":"Feature","properties":{"id":"s4077","name":"Stara Bukówka","bus":1,"tram":0,"rail":0,"n":1,"imp":0.027,"node":0,"deg":2,"term":0,"major":0},"geometry":{"type":"Point","coordinates":[20.843956,52.148895]}},{"type":"Feature","properties":{"id":"s4078","name":"Stara Wieś Brwinowska","bus":1,"tram":0,"rail":0,"n":1,"imp":0.027,"node":0,"deg":2,"term":0,"major":0},"geometry":{"type":"Point","coordinates":[20.867584,52.158967]}},{"type":"Feature","properties":{"id":"s4079","name":"Stara Wieś Brwinowska","bus":1,"tram":0,"rail":0,"n":1,"imp":0.027,"node":0,"deg":2,"term":0,"major":0},"geometry":{"type":"Point","coordinates":[20.869638,52.159735]}},{"type":"Feature","properties":{"id":"s4080","name":"Stara Wieś Jemiołowa","bus":1,"tram":0,"rail":0,"n":1,"imp":0.027,"node":0,"deg":2,"term":0,"major":0},"geometry":{"type":"Point","coordinates":[20.871693,52.157708]}},{"type":"Feature","properties":{"id":"s4081","name":"Stara Wieś Jemiołowa","bus":1,"tram":0,"rail":0,"n":1,"imp":0.027,"node":0,"deg":2,"term":0,"major":0},"geometry":{"type":"Point","coordinates":[20.871693,52.157708]}},{"type":"Feature","properties":{"id":"s4082","name":"Stara Wieś Nastrojowa","bus":1,"tram":0,"rail":0,"n":2,"imp":0.035,"node":0,"deg":2,"term":0,"major":0},"geometry":{"type":"Point","coordinates":[20.866096,52.158967]}},{"type":"Feature","properties":{"id":"s4083","name":"Stara Wieś Nastrojowa","bus":1,"tram":0,"rail":0,"n":2,"imp":0.035,"node":0,"deg":2,"term":0,"major":0},"geometry":{"type":"Point","coordinates":[20.865646,52.157708]}},{"type":"Feature","properties":{"id":"s4084","name":"Stara Wieś Pieczarkowa","bus":1,"tram":0,"rail":0,"n":1,"imp":0.027,"node":0,"deg":2,"term":0,"major":0},"geometry":{"type":"Point","coordinates":[20.867867,52.161312]}},{"type":"Feature","properties":{"id":"s4085","name":"Stara Wieś Pieczarkowa","bus":1,"tram":0,"rail":0,"n":1,"imp":0.027,"node":0,"deg":2,"term":0,"major":0},"geometry":{"type":"Point","coordinates":[20.866556,52.159597]}},{"type":"Feature","properties":{"id":"s4086","name":"Stara Wieś Poziomkowa","bus":1,"tram":0,"rail":0,"n":1,"imp":0.027,"node":0,"deg":2,"term":0,"major":0},"geometry":{"type":"Point","coordinates":[20.868611,52.158338]}},{"type":"Feature","properties":{"id":"s4087","name":"Stare Babice Izabelińska","bus":1,"tram":0,"rail":0,"n":1,"imp":0.027,"node":0,"deg":2,"term":0,"major":0},"geometry":{"type":"Point","coordinates":[20.881364,52.23666]}},{"type":"Feature","properties":{"id":"s4088","name":"Stare Babice Izabelińska","bus":1,"tram":0,"rail":0,"n":1,"imp":0.027,"node":0,"deg":2,"term":0,"major":0},"geometry":{"type":"Point","coordinates":[20.885898,52.23692]}},{"type":"Feature","properties":{"id":"s4089","name":"Stare Faszczyce","bus":1,"tram":0,"rail":0,"n":1,"imp":0.03,"node":1,"deg":1,"term":1,"major":0},"geometry":{"type":"Point","coordinates":[20.820328,52.192962]}},{"type":"Feature","properties":{"id":"s4090","name":"Stare Faszczyce","bus":1,"tram":0,"rail":0,"n":1,"imp":0.03,"node":1,"deg":1,"term":1,"major":0},"geometry":{"type":"Point","coordinates":[20.826492,52.190444]}},{"type":"Feature","properties":{"id":"s4091","name":"Stare Faszczyce przy nr 50","bus":1,"tram":0,"rail":0,"n":1,"imp":0.027,"node":0,"deg":2,"term":0,"major":0},"geometry":{"type":"Point","coordinates":[20.817503,52.190444]}},{"type":"Feature","properties":{"id":"s4092","name":"Stare Faszczyce przy nr 50","bus":1,"tram":0,"rail":0,"n":1,"imp":0.027,"node":0,"deg":2,"term":0,"major":0},"geometry":{"type":"Point","coordinates":[20.819558,52.191703]}},{"type":"Feature","properties":{"id":"s4093","name":"Stary Łuszczewek","bus":1,"tram":0,"rail":0,"n":1,"imp":0.027,"node":0,"deg":2,"term":0,"major":0},"geometry":{"type":"Point","coordinates":[20.817949,52.208269]}},{"type":"Feature","properties":{"id":"s4094","name":"Stary Łuszczewek","bus":1,"tram":0,"rail":0,"n":1,"imp":0.027,"node":0,"deg":2,"term":0,"major":0},"geometry":{"type":"Point","coordinates":[20.816543,52.209131]}},{"type":"Feature","properties":{"id":"s4095","name":"Stelmachowo Trzciniec","bus":1,"tram":0,"rail":0,"n":1,"imp":0.027,"node":0,"deg":2,"term":0,"major":0},"geometry":{"type":"Point","coordinates":[20.801837,52.214366]}},{"type":"Feature","properties":{"id":"s4096","name":"Stelmachowo Trzciniec","bus":1,"tram":0,"rail":0,"n":1,"imp":0.027,"node":0,"deg":2,"term":0,"major":0},"geometry":{"type":"Point","coordinates":[20.801578,52.215466]}},{"type":"Feature","properties":{"id":"s4097","name":"Strzeniówka","bus":1,"tram":0,"rail":0,"n":2,"imp":0.035,"node":0,"deg":2,"term":0,"major":0},"geometry":{"type":"Point","coordinates":[20.875802,52.170061]}},{"type":"Feature","properties":{"id":"s4098","name":"Strzeniówka Jeżynowa","bus":1,"tram":0,"rail":0,"n":1,"imp":0.037,"node":1,"deg":3,"term":0,"major":0},"geometry":{"type":"Point","coordinates":[20.867584,52.165263]}},{"type":"Feature","properties":{"id":"s4099","name":"Strzeniówka Jeżynowa","bus":1,"tram":0,"rail":0,"n":1,"imp":0.037,"node":1,"deg":3,"term":0,"major":0},"geometry":{"type":"Point","coordinates":[20.869638,52.166522]}},{"type":"Feature","properties":{"id":"s4100","name":"Strzykuły Poniatowskiego","bus":1,"tram":0,"rail":0,"n":1,"imp":0.027,"node":0,"deg":2,"term":0,"major":0},"geometry":{"type":"Point","coordinates":[20.866255,52.217329]}},{"type":"Feature","properties":{"id":"s4101","name":"Strzykuły Poniatowskiego","bus":1,"tram":0,"rail":0,"n":1,"imp":0.027,"node":0,"deg":2,"term":0,"major":0},"geometry":{"type":"Point","coordinates":[20.866857,52.216439]}},{"type":"Feature","properties":{"id":"s4102","name":"Strzyżew I","bus":1,"tram":0,"rail":0,"n":1,"imp":0.027,"node":0,"deg":2,"term":0,"major":0},"geometry":{"type":"Point","coordinates":[20.788608,52.21759]}},{"type":"Feature","properties":{"id":"s4103","name":"Strzyżew I","bus":1,"tram":0,"rail":0,"n":1,"imp":0.027,"node":0,"deg":2,"term":0,"major":0},"geometry":{"type":"Point","coordinates":[20.786532,52.220661]}},{"type":"Feature","properties":{"id":"s4104","name":"Strzyżew II","bus":1,"tram":0,"rail":0,"n":1,"imp":0.027,"node":0,"deg":2,"term":0,"major":0},"geometry":{"type":"Point","coordinates":[20.786804,52.216485]}},{"type":"Feature","properties":{"id":"s4105","name":"Strzyżew II","bus":1,"tram":0,"rail":0,"n":1,"imp":0.027,"node":0,"deg":2,"term":0,"major":0},"geometry":{"type":"Point","coordinates":[20.784397,52.220046]}},{"type":"Feature","properties":{"id":"s4106","name":"Suchy Las","bus":1,"tram":0,"rail":0,"n":1,"imp":0.027,"node":0,"deg":2,"term":0,"major":0},"geometry":{"type":"Point","coordinates":[20.893504,52.170782]}},{"type":"Feature","properties":{"id":"s4107","name":"Suchy Las","bus":1,"tram":0,"rail":0,"n":1,"imp":0.027,"node":0,"deg":2,"term":0,"major":0},"geometry":{"type":"Point","coordinates":[20.898402,52.172025]}},{"type":"Feature","properties":{"id":"s4108","name":"Suntago Park Wodny","bus":1,"tram":0,"rail":0,"n":1,"imp":0.03,"node":1,"deg":1,"term":1,"major":0},"geometry":{"type":"Point","coordinates":[20.81211,52.148895]}},{"type":"Feature","properties":{"id":"s4109","name":"Święcice Kopytowska","bus":1,"tram":0,"rail":0,"n":2,"imp":0.045,"node":1,"deg":3,"term":0,"major":0},"geometry":{"type":"Point","coordinates":[20.838819,52.206811]}},{"type":"Feature","properties":{"id":"s4110","name":"Święcice Kopytowska","bus":1,"tram":0,"rail":0,"n":2,"imp":0.045,"node":1,"deg":3,"term":0,"major":0},"geometry":{"type":"Point","coordinates":[20.838819,52.205552]}},{"type":"Feature","properties":{"id":"s4111","name":"Święcice Wiosenna","bus":1,"tram":0,"rail":0,"n":2,"imp":0.045,"node":1,"deg":3,"term":0,"major":0},"geometry":{"type":"Point","coordinates":[20.836765,52.206811]}},{"type":"Feature","properties":{"id":"s4112","name":"Święcice Wiosenna","bus":1,"tram":0,"rail":0,"n":2,"imp":0.054,"node":1,"deg":4,"term":0,"major":0},"geometry":{"type":"Point","coordinates":[20.83471,52.205552]}},{"type":"Feature","properties":{"id":"s4113","name":"Szczęsne Cmentarz","bus":1,"tram":0,"rail":0,"n":2,"imp":0.047,"node":1,"deg":2,"term":1,"major":0},"geometry":{"type":"Point","coordinates":[20.83471,52.162745]}},{"type":"Feature","properties":{"id":"s4114","name":"Szczęsne Cmentarz","bus":1,"tram":0,"rail":0,"n":4,"imp":0.095,"node":1,"deg":4,"term":1,"major":0},"geometry":{"type":"Point","coordinates":[20.836765,52.162745]}},{"type":"Feature","properties":{"id":"s4115","name":"Szczęsne Drozda","bus":1,"tram":0,"rail":0,"n":3,"imp":0.063,"node":1,"deg":4,"term":0,"major":0},"geometry":{"type":"Point","coordinates":[20.836765,52.161486]}},{"type":"Feature","properties":{"id":"s4116","name":"Szczęsne Drozda","bus":1,"tram":0,"rail":0,"n":4,"imp":0.061,"node":1,"deg":3,"term":0,"major":0},"geometry":{"type":"Point","coordinates":[20.840874,52.161486]}},{"type":"Feature","properties":{"id":"s4117","name":"Szczęsne Łagodna","bus":1,"tram":0,"rail":0,"n":2,"imp":0.054,"node":1,"deg":4,"term":0,"major":0},"geometry":{"type":"Point","coordinates":[20.838819,52.162745]}},{"type":"Feature","properties":{"id":"s4118","name":"Szczęsne Łagodna","bus":1,"tram":0,"rail":0,"n":2,"imp":0.054,"node":1,"deg":4,"term":0,"major":0},"geometry":{"type":"Point","coordinates":[20.842929,52.162745]}},{"type":"Feature","properties":{"id":"s4119","name":"Szczęsne Szpacza","bus":1,"tram":0,"rail":0,"n":4,"imp":0.061,"node":1,"deg":3,"term":0,"major":0},"geometry":{"type":"Point","coordinates":[20.838819,52.160227]}},{"type":"Feature","properties":{"id":"s4120","name":"Szczęsne Szpacza","bus":1,"tram":0,"rail":0,"n":4,"imp":0.051,"node":0,"deg":2,"term":0,"major":0},"geometry":{"type":"Point","coordinates":[20.841559,52.161066]}},{"type":"Feature","properties":{"id":"s4121","name":"Szpital Tworki","bus":1,"tram":0,"rail":0,"n":1,"imp":0.027,"node":0,"deg":2,"term":0,"major":0},"geometry":{"type":"Point","coordinates":[20.87589,52.184094]}},{"type":"Feature","properties":{"id":"s4122","name":"Szpital Tworki","bus":1,"tram":0,"rail":1,"n":4,"imp":0.067,"node":0,"deg":2,"term":0,"major":0},"geometry":{"type":"Point","coordinates":[20.874775,52.184778]}},{"type":"Feature","properties":{"id":"s4123","name":"Teresin Al. 20-lecia","bus":1,"tram":0,"rail":0,"n":1,"imp":0.027,"node":0,"deg":2,"term":0,"major":0},"geometry":{"type":"Point","coordinates":[20.796014,52.201567]}},{"type":"Feature","properties":{"id":"s4124","name":"Teresin Al. 20-lecia","bus":1,"tram":0,"rail":0,"n":1,"imp":0.027,"node":0,"deg":2,"term":0,"major":0},"geometry":{"type":"Point","coordinates":[20.793619,52.200278]}},{"type":"Feature","properties":{"id":"s4125","name":"Teresin-Niepokalanów PKP","bus":1,"tram":0,"rail":0,"n":2,"imp":0.045,"node":1,"deg":3,"term":0,"major":0},"geometry":{"type":"Point","coordinates":[20.793619,52.203034]}},{"type":"Feature","properties":{"id":"s4126","name":"Teresin-Niepokalanów PKP","bus":1,"tram":0,"rail":0,"n":2,"imp":0.045,"node":1,"deg":3,"term":0,"major":0},"geometry":{"type":"Point","coordinates":[20.791564,52.201775]}},{"type":"Feature","properties":{"id":"s4127","name":"Teresin Szkoła","bus":1,"tram":0,"rail":0,"n":2,"imp":0.035,"node":0,"deg":2,"term":0,"major":0},"geometry":{"type":"Point","coordinates":[20.790537,52.203034]}},{"type":"Feature","properties":{"id":"s4128","name":"Teresin Szkoła","bus":1,"tram":0,"rail":0,"n":2,"imp":0.035,"node":0,"deg":2,"term":0,"major":0},"geometry":{"type":"Point","coordinates":[20.788482,52.201775]}},{"type":"Feature","properties":{"id":"s4129","name":"Tłuste","bus":1,"tram":0,"rail":0,"n":1,"imp":0.027,"node":0,"deg":2,"term":0,"major":0},"geometry":{"type":"Point","coordinates":[20.822383,52.186981]}},{"type":"Feature","properties":{"id":"s4130","name":"Tłuste","bus":1,"tram":0,"rail":0,"n":1,"imp":0.027,"node":0,"deg":2,"term":0,"major":0},"geometry":{"type":"Point","coordinates":[20.820328,52.187611]}},{"type":"Feature","properties":{"id":"s4131","name":"Tłuste Węzeł","bus":1,"tram":0,"rail":0,"n":2,"imp":0.054,"node":1,"deg":4,"term":0,"major":0},"geometry":{"type":"Point","coordinates":[20.820328,52.186667]}},{"type":"Feature","properties":{"id":"s4132","name":"Tłuste Węzeł","bus":1,"tram":0,"rail":0,"n":2,"imp":0.054,"node":1,"deg":4,"term":0,"major":0},"geometry":{"type":"Point","coordinates":[20.822383,52.185407]}},{"type":"Feature","properties":{"id":"s4133","name":"Truskaw Parkowa","bus":1,"tram":0,"rail":0,"n":1,"imp":0.027,"node":0,"deg":2,"term":0,"major":0},"geometry":{"type":"Point","coordinates":[20.871693,52.242065]}},{"type":"Feature","properties":{"id":"s4134","name":"Urszulin Legia Training Center","bus":1,"tram":0,"rail":0,"n":1,"imp":0.037,"node":1,"deg":3,"term":0,"major":0},"geometry":{"type":"Point","coordinates":[20.859365,52.157708]}},{"type":"Feature","properties":{"id":"s4135","name":"Urszulin Owocowa","bus":1,"tram":0,"rail":0,"n":2,"imp":0.045,"node":1,"deg":3,"term":0,"major":0},"geometry":{"type":"Point","coordinates":[20.857311,52.158967]}},{"type":"Feature","properties":{"id":"s4136","name":"Urszulin Owocowa","bus":1,"tram":0,"rail":0,"n":2,"imp":0.045,"node":1,"deg":3,"term":0,"major":0},"geometry":{"type":"Point","coordinates":[20.859365,52.160227]}},{"type":"Feature","properties":{"id":"s4137","name":"Urszulin Pętla","bus":1,"tram":0,"rail":0,"n":2,"imp":0.035,"node":0,"deg":2,"term":0,"major":0},"geometry":{"type":"Point","coordinates":[20.861703,52.158967]}},{"type":"Feature","properties":{"id":"s4138","name":"Urszulin Pętla","bus":1,"tram":0,"rail":0,"n":2,"imp":0.035,"node":0,"deg":2,"term":0,"major":0},"geometry":{"type":"Point","coordinates":[20.862188,52.158497]}},{"type":"Feature","properties":{"id":"s4139","name":"Urzut","bus":1,"tram":0,"rail":0,"n":1,"imp":0.027,"node":0,"deg":2,"term":0,"major":0},"geometry":{"type":"Point","coordinates":[20.868611,52.156449]}},{"type":"Feature","properties":{"id":"s4140","name":"Walendów","bus":1,"tram":0,"rail":0,"n":1,"imp":0.039,"node":1,"deg":2,"term":1,"major":0},"geometry":{"type":"Point","coordinates":[20.900457,52.151413]}},{"type":"Feature","properties":{"id":"s4141","name":"Walendów Cyranki","bus":1,"tram":0,"rail":0,"n":1,"imp":0.027,"node":0,"deg":2,"term":0,"major":0},"geometry":{"type":"Point","coordinates":[20.898845,52.152401]}},{"type":"Feature","properties":{"id":"s4142","name":"Walendów Cyranki","bus":1,"tram":0,"rail":0,"n":1,"imp":0.027,"node":0,"deg":2,"term":0,"major":0},"geometry":{"type":"Point","coordinates":[20.898845,52.152401]}},{"type":"Feature","properties":{"id":"s4143","name":"Walendów Ogrody","bus":1,"tram":0,"rail":0,"n":1,"imp":0.027,"node":0,"deg":2,"term":0,"major":0},"geometry":{"type":"Point","coordinates":[20.894009,52.155364]}},{"type":"Feature","properties":{"id":"s4144","name":"Walendów Ogrody","bus":1,"tram":0,"rail":0,"n":1,"imp":0.027,"node":0,"deg":2,"term":0,"major":0},"geometry":{"type":"Point","coordinates":[20.894009,52.155364]}},{"type":"Feature","properties":{"id":"s4145","name":"Walendów Stawowa","bus":1,"tram":0,"rail":0,"n":1,"imp":0.027,"node":0,"deg":2,"term":0,"major":0},"geometry":{"type":"Point","coordinates":[20.897233,52.153389]}},{"type":"Feature","properties":{"id":"s4146","name":"Walendów Stawowa","bus":1,"tram":0,"rail":0,"n":1,"imp":0.027,"node":0,"deg":2,"term":0,"major":0},"geometry":{"type":"Point","coordinates":[20.897233,52.153389]}},{"type":"Feature","properties":{"id":"s4147","name":"Walendów Wentana","bus":1,"tram":0,"rail":0,"n":1,"imp":0.027,"node":0,"deg":2,"term":0,"major":0},"geometry":{"type":"Point","coordinates":[20.895621,52.154376]}},{"type":"Feature","properties":{"id":"s4148","name":"Walendów Wentana","bus":1,"tram":0,"rail":0,"n":1,"imp":0.027,"node":0,"deg":2,"term":0,"major":0},"geometry":{"type":"Point","coordinates":[20.895621,52.154376]}},{"type":"Feature","properties":{"id":"s4149","name":"Wąsy-Kolonia Graniczna","bus":1,"tram":0,"rail":0,"n":1,"imp":0.027,"node":0,"deg":2,"term":0,"major":0},"geometry":{"type":"Point","coordinates":[20.834025,52.224438]}},{"type":"Feature","properties":{"id":"s4150","name":"Wąsy-Wieś","bus":1,"tram":0,"rail":0,"n":1,"imp":0.027,"node":0,"deg":2,"term":0,"major":0},"geometry":{"type":"Point","coordinates":[20.828787,52.211848]}},{"type":"Feature","properties":{"id":"s4151","name":"Wawrzyszew","bus":1,"tram":0,"rail":0,"n":2,"imp":0.035,"node":0,"deg":2,"term":0,"major":0},"geometry":{"type":"Point","coordinates":[20.816219,52.206443]}},{"type":"Feature","properties":{"id":"s4152","name":"Wawrzyszew","bus":1,"tram":0,"rail":0,"n":2,"imp":0.035,"node":0,"deg":2,"term":0,"major":0},"geometry":{"type":"Point","coordinates":[20.816219,52.207441]}},{"type":"Feature","properties":{"id":"s4153","name":"Wawrzyszew II","bus":1,"tram":0,"rail":0,"n":2,"imp":0.045,"node":1,"deg":3,"term":0,"major":0},"geometry":{"type":"Point","coordinates":[20.818274,52.20807]}},{"type":"Feature","properties":{"id":"s4154","name":"Wawrzyszew II","bus":1,"tram":0,"rail":0,"n":2,"imp":0.045,"node":1,"deg":3,"term":0,"major":0},"geometry":{"type":"Point","coordinates":[20.816219,52.209329]}},{"type":"Feature","properties":{"id":"s4155","name":"Wiejca I","bus":1,"tram":0,"rail":0,"n":2,"imp":0.035,"node":0,"deg":2,"term":0,"major":0},"geometry":{"type":"Point","coordinates":[20.807249,52.219862]}},{"type":"Feature","properties":{"id":"s4156","name":"Wiejca I","bus":1,"tram":0,"rail":0,"n":2,"imp":0.035,"node":0,"deg":2,"term":0,"major":0},"geometry":{"type":"Point","coordinates":[20.809772,52.219402]}},{"type":"Feature","properties":{"id":"s4157","name":"Wiejca II","bus":1,"tram":0,"rail":0,"n":2,"imp":0.035,"node":0,"deg":2,"term":0,"major":0},"geometry":{"type":"Point","coordinates":[20.805805,52.220661]}},{"type":"Feature","properties":{"id":"s4158","name":"Wiejca II","bus":1,"tram":0,"rail":0,"n":2,"imp":0.035,"node":0,"deg":2,"term":0,"major":0},"geometry":{"type":"Point","coordinates":[20.807575,52.219402]}},{"type":"Feature","properties":{"id":"s4159","name":"Wiejca III","bus":1,"tram":0,"rail":0,"n":2,"imp":0.035,"node":0,"deg":2,"term":0,"major":0},"geometry":{"type":"Point","coordinates":[20.803821,52.220661]}},{"type":"Feature","properties":{"id":"s4160","name":"Wiejca III","bus":1,"tram":0,"rail":0,"n":2,"imp":0.035,"node":0,"deg":2,"term":0,"major":0},"geometry":{"type":"Point","coordinates":[20.805379,52.219402]}},{"type":"Feature","properties":{"id":"s4161","name":"Wiktorów Leśna","bus":1,"tram":0,"rail":0,"n":1,"imp":0.027,"node":0,"deg":2,"term":0,"major":0},"geometry":{"type":"Point","coordinates":[20.839847,52.224438]}},{"type":"Feature","properties":{"id":"s4162","name":"Wilkowa Wieś I","bus":1,"tram":0,"rail":0,"n":3,"imp":0.053,"node":1,"deg":3,"term":0,"major":0},"geometry":{"type":"Point","coordinates":[20.810055,52.218143]}},{"type":"Feature","properties":{"id":"s4163","name":"Wilkowa Wieś I","bus":1,"tram":0,"rail":0,"n":3,"imp":0.053,"node":1,"deg":3,"term":0,"major":0},"geometry":{"type":"Point","coordinates":[20.814164,52.219402]}},{"type":"Feature","properties":{"id":"s4164","name":"Wilkowa Wieś II","bus":1,"tram":0,"rail":0,"n":2,"imp":0.035,"node":0,"deg":2,"term":0,"major":0},"geometry":{"type":"Point","coordinates":[20.808652,52.219002]}},{"type":"Feature","properties":{"id":"s4165","name":"Wilkowa Wieś II","bus":1,"tram":0,"rail":0,"n":2,"imp":0.035,"node":0,"deg":2,"term":0,"major":0},"geometry":{"type":"Point","coordinates":[20.811968,52.219402]}},{"type":"Feature","properties":{"id":"s4166","name":"Witki","bus":1,"tram":0,"rail":0,"n":1,"imp":0.027,"node":0,"deg":2,"term":0,"major":0},"geometry":{"type":"Point","coordinates":[20.829432,52.211131]}},{"type":"Feature","properties":{"id":"s4167","name":"Witki Hurtownia Rolna","bus":1,"tram":0,"rail":0,"n":1,"imp":0.027,"node":0,"deg":2,"term":0,"major":0},"geometry":{"type":"Point","coordinates":[20.829163,52.20807]}},{"type":"Feature","properties":{"id":"s4168","name":"Witki Hurtownia Rolna","bus":1,"tram":0,"rail":0,"n":2,"imp":0.054,"node":1,"deg":4,"term":0,"major":0},"geometry":{"type":"Point","coordinates":[20.830601,52.211848]}},{"type":"Feature","properties":{"id":"s4169","name":"Witki Skrzyżowanie","bus":1,"tram":0,"rail":0,"n":1,"imp":0.027,"node":0,"deg":2,"term":0,"major":0},"geometry":{"type":"Point","coordinates":[20.828752,52.20807]}},{"type":"Feature","properties":{"id":"s4170","name":"Witki Skrzyżowanie","bus":1,"tram":0,"rail":0,"n":1,"imp":0.027,"node":0,"deg":2,"term":0,"major":0},"geometry":{"type":"Point","coordinates":[20.8302,52.209084]}},{"type":"Feature","properties":{"id":"s4171","name":"Witki Wieś","bus":1,"tram":0,"rail":0,"n":1,"imp":0.027,"node":0,"deg":2,"term":0,"major":0},"geometry":{"type":"Point","coordinates":[20.828957,52.20807]}},{"type":"Feature","properties":{"id":"s4172","name":"Witki Wieś","bus":1,"tram":0,"rail":0,"n":1,"imp":0.027,"node":0,"deg":2,"term":0,"major":0},"geometry":{"type":"Point","coordinates":[20.830601,52.210415]}},{"type":"Feature","properties":{"id":"s4173","name":"Władków Jowisza","bus":1,"tram":0,"rail":0,"n":1,"imp":0.027,"node":0,"deg":2,"term":0,"major":0},"geometry":{"type":"Point","coordinates":[20.820328,52.162745]}},{"type":"Feature","properties":{"id":"s4174","name":"Władków Jowisza","bus":1,"tram":0,"rail":0,"n":1,"imp":0.027,"node":0,"deg":2,"term":0,"major":0},"geometry":{"type":"Point","coordinates":[20.818274,52.162484]}},{"type":"Feature","properties":{"id":"s4175","name":"Władków Pętla","bus":1,"tram":0,"rail":0,"n":1,"imp":0.039,"node":1,"deg":2,"term":1,"major":0},"geometry":{"type":"Point","coordinates":[20.820328,52.160227]}},{"type":"Feature","properties":{"id":"s4176","name":"Władków Polarna","bus":1,"tram":0,"rail":0,"n":1,"imp":0.027,"node":0,"deg":2,"term":0,"major":0},"geometry":{"type":"Point","coordinates":[20.820328,52.164004]}},{"type":"Feature","properties":{"id":"s4177","name":"Władków Polarna","bus":1,"tram":0,"rail":0,"n":1,"imp":0.027,"node":0,"deg":2,"term":0,"major":0},"geometry":{"type":"Point","coordinates":[20.818274,52.163873]}},{"type":"Feature","properties":{"id":"s4178","name":"Władysławów Boczna","bus":1,"tram":0,"rail":0,"n":3,"imp":0.053,"node":1,"deg":3,"term":0,"major":0},"geometry":{"type":"Point","coordinates":[20.857311,52.153931]}},{"type":"Feature","properties":{"id":"s4179","name":"Władysławów Boczna","bus":1,"tram":0,"rail":0,"n":2,"imp":0.035,"node":0,"deg":2,"term":0,"major":0},"geometry":{"type":"Point","coordinates":[20.856709,52.15519]}},{"type":"Feature","properties":{"id":"s4180","name":"Władysławów Merkurego","bus":1,"tram":0,"rail":0,"n":2,"imp":0.035,"node":0,"deg":2,"term":0,"major":0},"geometry":{"type":"Point","coordinates":[20.856283,52.153302]}},{"type":"Feature","properties":{"id":"s4181","name":"Władysławów Merkurego","bus":1,"tram":0,"rail":0,"n":3,"imp":0.053,"node":1,"deg":3,"term":0,"major":0},"geometry":{"type":"Point","coordinates":[20.853201,52.15519]}},{"type":"Feature","properties":{"id":"s4182","name":"Wola Łuszczewska","bus":1,"tram":0,"rail":0,"n":1,"imp":0.027,"node":0,"deg":2,"term":0,"major":0},"geometry":{"type":"Point","coordinates":[20.810055,52.20379]}},{"type":"Feature","properties":{"id":"s4183","name":"Wola Łuszczewska II","bus":1,"tram":0,"rail":0,"n":1,"imp":0.027,"node":0,"deg":2,"term":0,"major":0},"geometry":{"type":"Point","coordinates":[20.810055,52.202782]}},{"type":"Feature","properties":{"id":"s4184","name":"Wola Łuszczewska II","bus":1,"tram":0,"rail":0,"n":1,"imp":0.027,"node":0,"deg":2,"term":0,"major":0},"geometry":{"type":"Point","coordinates":[20.810987,52.201204]}},{"type":"Feature","properties":{"id":"s4185","name":"Wola Pasikońska","bus":1,"tram":0,"rail":0,"n":1,"imp":0.027,"node":0,"deg":2,"term":0,"major":0},"geometry":{"type":"Point","coordinates":[20.790411,52.218695]}},{"type":"Feature","properties":{"id":"s4186","name":"Wola Pasikońska","bus":1,"tram":0,"rail":0,"n":1,"imp":0.027,"node":0,"deg":2,"term":0,"major":0},"geometry":{"type":"Point","coordinates":[20.789083,52.220661]}},{"type":"Feature","properties":{"id":"s4187","name":"Wólka Grodziska Zachodnia","bus":1,"tram":0,"rail":0,"n":2,"imp":0.045,"node":1,"deg":3,"term":0,"major":0},"geometry":{"type":"Point","coordinates":[20.816219,52.174076]}},{"type":"Feature","properties":{"id":"s4188","name":"Wólka Grodziska Zachodnia","bus":1,"tram":0,"rail":0,"n":1,"imp":0.027,"node":0,"deg":2,"term":0,"major":0},"geometry":{"type":"Point","coordinates":[20.817863,52.176594]}},{"type":"Feature","properties":{"id":"s4189","name":"Wolskie","bus":1,"tram":0,"rail":0,"n":1,"imp":0.027,"node":0,"deg":2,"term":0,"major":0},"geometry":{"type":"Point","coordinates":[20.842929,52.206811]}},{"type":"Feature","properties":{"id":"s4190","name":"Wolskie","bus":1,"tram":0,"rail":0,"n":1,"imp":0.027,"node":0,"deg":2,"term":0,"major":0},"geometry":{"type":"Point","coordinates":[20.842929,52.206811]}},{"type":"Feature","properties":{"id":"s4191","name":"Wycinki Osowskie Międzynarodowa","bus":1,"tram":0,"rail":0,"n":1,"imp":0.027,"node":0,"deg":2,"term":0,"major":0},"geometry":{"type":"Point","coordinates":[20.844015,52.152007]}},{"type":"Feature","properties":{"id":"s4192","name":"Wycinki Osowskie Międzynarodowa","bus":1,"tram":0,"rail":0,"n":1,"imp":0.027,"node":0,"deg":2,"term":0,"major":0},"geometry":{"type":"Point","coordinates":[20.840874,52.152672]}},{"type":"Feature","properties":{"id":"s4193","name":"Wycinki Osowskie Zdrojowa","bus":1,"tram":0,"rail":0,"n":1,"imp":0.027,"node":0,"deg":2,"term":0,"major":0},"geometry":{"type":"Point","coordinates":[20.846553,52.150451]}},{"type":"Feature","properties":{"id":"s4194","name":"Wycinki Osowskie Zdrojowa","bus":1,"tram":0,"rail":0,"n":1,"imp":0.027,"node":0,"deg":2,"term":0,"major":0},"geometry":{"type":"Point","coordinates":[20.842929,52.151413]}},{"type":"Feature","properties":{"id":"s4195","name":"Wyględy Kujawskiego","bus":1,"tram":0,"rail":0,"n":2,"imp":0.045,"node":1,"deg":3,"term":0,"major":0},"geometry":{"type":"Point","coordinates":[20.838819,52.220661]}},{"type":"Feature","properties":{"id":"s4196","name":"Wyględy Kujawskiego","bus":1,"tram":0,"rail":0,"n":2,"imp":0.045,"node":1,"deg":3,"term":0,"major":0},"geometry":{"type":"Point","coordinates":[20.836765,52.219402]}},{"type":"Feature","properties":{"id":"s4197","name":"Wyględy Topolowa","bus":1,"tram":0,"rail":0,"n":1,"imp":0.027,"node":0,"deg":2,"term":0,"major":0},"geometry":{"type":"Point","coordinates":[20.841388,52.224438]}},{"type":"Feature","properties":{"id":"s4198","name":"Wypędy Platynowa","bus":1,"tram":0,"rail":0,"n":1,"imp":0.027,"node":0,"deg":2,"term":0,"major":0},"geometry":{"type":"Point","coordinates":[20.897551,52.165263]}},{"type":"Feature","properties":{"id":"s4199","name":"Wypędy Platynowa","bus":1,"tram":0,"rail":0,"n":1,"imp":0.027,"node":0,"deg":2,"term":0,"major":0},"geometry":{"type":"Point","coordinates":[20.897551,52.165263]}},{"type":"Feature","properties":{"id":"s4200","name":"Wypędy Węzeł","bus":1,"tram":0,"rail":0,"n":1,"imp":0.027,"node":0,"deg":2,"term":0,"major":0},"geometry":{"type":"Point","coordinates":[20.894044,52.165263]}},{"type":"Feature","properties":{"id":"s4201","name":"Żabia Wola Jana Ślaskiego","bus":1,"tram":0,"rail":0,"n":1,"imp":0.027,"node":0,"deg":2,"term":0,"major":0},"geometry":{"type":"Point","coordinates":[20.855256,52.148895]}},{"type":"Feature","properties":{"id":"s4202","name":"Żabia Wola Osiedlowa","bus":1,"tram":0,"rail":0,"n":3,"imp":0.053,"node":1,"deg":3,"term":0,"major":0},"geometry":{"type":"Point","coordinates":[20.857311,52.143859]}},{"type":"Feature","properties":{"id":"s4203","name":"Żabia Wola Osiedlowa","bus":1,"tram":0,"rail":0,"n":2,"imp":0.035,"node":0,"deg":2,"term":0,"major":0},"geometry":{"type":"Point","coordinates":[20.857311,52.14728]}},{"type":"Feature","properties":{"id":"s4204","name":"Żabia Wola Rolnicza","bus":1,"tram":0,"rail":0,"n":1,"imp":0.027,"node":0,"deg":2,"term":0,"major":0},"geometry":{"type":"Point","coordinates":[20.860392,52.150154]}},{"type":"Feature","properties":{"id":"s4205","name":"Żabia Wola Urząd Gminy","bus":1,"tram":0,"rail":0,"n":7,"imp":0.147,"node":1,"deg":7,"term":1,"major":1},"geometry":{"type":"Point","coordinates":[20.857311,52.148895]}},{"type":"Feature","properties":{"id":"s4206","name":"Żabia Wola Urząd Gminy","bus":1,"tram":0,"rail":0,"n":4,"imp":0.071,"node":1,"deg":4,"term":0,"major":0},"geometry":{"type":"Point","coordinates":[20.855256,52.147636]}},{"type":"Feature","properties":{"id":"s4207","name":"Żabia Wola Urząd Gminy","bus":1,"tram":0,"rail":0,"n":4,"imp":0.095,"node":1,"deg":4,"term":1,"major":0},"geometry":{"type":"Point","coordinates":[20.857311,52.146377]}},{"type":"Feature","properties":{"id":"s4208","name":"Żabia Wola Wiśniowa","bus":1,"tram":0,"rail":0,"n":1,"imp":0.037,"node":1,"deg":3,"term":0,"major":0},"geometry":{"type":"Point","coordinates":[20.86142,52.150154]}},{"type":"Feature","properties":{"id":"s4209","name":"Żabia Wola Wiśniowa","bus":1,"tram":0,"rail":0,"n":1,"imp":0.037,"node":1,"deg":3,"term":0,"major":0},"geometry":{"type":"Point","coordinates":[20.859365,52.150154]}},{"type":"Feature","properties":{"id":"s4210","name":"Żabia Wola Żłobek","bus":1,"tram":0,"rail":0,"n":5,"imp":0.079,"node":1,"deg":4,"term":0,"major":0},"geometry":{"type":"Point","coordinates":[20.853201,52.147636]}},{"type":"Feature","properties":{"id":"s4211","name":"Zabłotnia Świetlica","bus":1,"tram":0,"rail":0,"n":1,"imp":0.027,"node":0,"deg":2,"term":0,"major":0},"geometry":{"type":"Point","coordinates":[20.815534,52.183309]}},{"type":"Feature","properties":{"id":"s4212","name":"Zabłotnia Świetlica","bus":1,"tram":0,"rail":0,"n":1,"imp":0.037,"node":1,"deg":3,"term":0,"major":0},"geometry":{"type":"Point","coordinates":[20.816219,52.182889]}},{"type":"Feature","properties":{"id":"s4213","name":"Zaborów Leśna","bus":1,"tram":0,"rail":0,"n":1,"imp":0.027,"node":0,"deg":2,"term":0,"major":0},"geometry":{"type":"Point","coordinates":[20.838306,52.224438]}},{"type":"Feature","properties":{"id":"s4214","name":"Żaby","bus":1,"tram":0,"rail":0,"n":1,"imp":0.027,"node":0,"deg":2,"term":0,"major":0},"geometry":{"type":"Point","coordinates":[20.808001,52.191073]}},{"type":"Feature","properties":{"id":"s4215","name":"Żaby II","bus":1,"tram":0,"rail":0,"n":1,"imp":0.027,"node":0,"deg":2,"term":0,"major":0},"geometry":{"type":"Point","coordinates":[20.808001,52.192206]}},{"type":"Feature","properties":{"id":"s4216","name":"Zalesie","bus":1,"tram":0,"rail":0,"n":3,"imp":0.053,"node":1,"deg":3,"term":0,"major":0},"geometry":{"type":"Point","coordinates":[20.853201,52.152672]}},{"type":"Feature","properties":{"id":"s4217","name":"Zalesie","bus":1,"tram":0,"rail":0,"n":2,"imp":0.045,"node":1,"deg":3,"term":0,"major":0},"geometry":{"type":"Point","coordinates":[20.855256,52.151413]}},{"type":"Feature","properties":{"id":"s4218","name":"Zalesie Mrowna","bus":1,"tram":0,"rail":0,"n":1,"imp":0.027,"node":0,"deg":2,"term":0,"major":0},"geometry":{"type":"Point","coordinates":[20.852517,52.149315]}},{"type":"Feature","properties":{"id":"s4219","name":"Zalesie Mrowna","bus":1,"tram":0,"rail":0,"n":1,"imp":0.027,"node":0,"deg":2,"term":0,"major":0},"geometry":{"type":"Point","coordinates":[20.85319,52.150161]}},{"type":"Feature","properties":{"id":"s4220","name":"Zalesie Usługowa","bus":1,"tram":0,"rail":0,"n":1,"imp":0.027,"node":0,"deg":2,"term":0,"major":0},"geometry":{"type":"Point","coordinates":[20.853886,52.148475]}},{"type":"Feature","properties":{"id":"s4221","name":"Zalesie Usługowa","bus":1,"tram":0,"rail":0,"n":1,"imp":0.027,"node":0,"deg":2,"term":0,"major":0},"geometry":{"type":"Point","coordinates":[20.854949,52.149083]}},{"type":"Feature","properties":{"id":"s4222","name":"Zaręby Kasztanowa","bus":1,"tram":0,"rail":0,"n":1,"imp":0.027,"node":0,"deg":2,"term":0,"major":0},"geometry":{"type":"Point","coordinates":[20.867957,52.142371]}},{"type":"Feature","properties":{"id":"s4223","name":"Zaręby Słowika","bus":1,"tram":0,"rail":0,"n":1,"imp":0.027,"node":0,"deg":2,"term":0,"major":0},"geometry":{"type":"Point","coordinates":[20.868704,52.141913]}},{"type":"Feature","properties":{"id":"s4224","name":"Zaręby Sójki","bus":1,"tram":0,"rail":0,"n":1,"imp":0.027,"node":0,"deg":2,"term":0,"major":0},"geometry":{"type":"Point","coordinates":[20.869078,52.141684]}},{"type":"Feature","properties":{"id":"s4225","name":"Zaręby Stajnia","bus":1,"tram":0,"rail":0,"n":1,"imp":0.027,"node":0,"deg":2,"term":0,"major":0},"geometry":{"type":"Point","coordinates":[20.869825,52.141226]}},{"type":"Feature","properties":{"id":"s4226","name":"Zaręby Suchodolska","bus":1,"tram":0,"rail":0,"n":1,"imp":0.027,"node":0,"deg":2,"term":0,"major":0},"geometry":{"type":"Point","coordinates":[20.869451,52.141455]}},{"type":"Feature","properties":{"id":"s4227","name":"Zaręby Szczygła","bus":1,"tram":0,"rail":0,"n":1,"imp":0.027,"node":0,"deg":2,"term":0,"major":0},"geometry":{"type":"Point","coordinates":[20.870198,52.140997]}},{"type":"Feature","properties":{"id":"s4228","name":"Zaręby Zięby","bus":1,"tram":0,"rail":0,"n":1,"imp":0.027,"node":0,"deg":2,"term":0,"major":0},"geometry":{"type":"Point","coordinates":[20.868331,52.142142]}},{"type":"Feature","properties":{"id":"s4229","name":"Żelazowa Wola","bus":1,"tram":0,"rail":0,"n":1,"imp":0.027,"node":0,"deg":2,"term":0,"major":0},"geometry":{"type":"Point","coordinates":[20.780789,52.217835]}},{"type":"Feature","properties":{"id":"s4230","name":"Żelazowa Wola","bus":1,"tram":0,"rail":0,"n":1,"imp":0.027,"node":0,"deg":2,"term":0,"major":0},"geometry":{"type":"Point","coordinates":[20.782284,52.215625]}},{"type":"Feature","properties":{"id":"s4231","name":"Żelechów Biesiadna","bus":1,"tram":0,"rail":0,"n":2,"imp":0.035,"node":0,"deg":2,"term":0,"major":0},"geometry":{"type":"Point","coordinates":[20.867584,52.149512]}},{"type":"Feature","properties":{"id":"s4232","name":"Żelechów Biesiadna","bus":1,"tram":0,"rail":0,"n":2,"imp":0.035,"node":0,"deg":2,"term":0,"major":0},"geometry":{"type":"Point","coordinates":[20.864727,52.149387]}},{"type":"Feature","properties":{"id":"s4233","name":"Żelechów Brzozowa","bus":1,"tram":0,"rail":0,"n":2,"imp":0.035,"node":0,"deg":2,"term":0,"major":0},"geometry":{"type":"Point","coordinates":[20.866461,52.150842]}},{"type":"Feature","properties":{"id":"s4234","name":"Żelechów Brzozowa","bus":1,"tram":0,"rail":0,"n":2,"imp":0.035,"node":0,"deg":2,"term":0,"major":0},"geometry":{"type":"Point","coordinates":[20.862522,52.150738]}},{"type":"Feature","properties":{"id":"s4235","name":"Żelechów Długa","bus":1,"tram":0,"rail":0,"n":1,"imp":0.027,"node":0,"deg":2,"term":0,"major":0},"geometry":{"type":"Point","coordinates":[20.865529,52.1426]}},{"type":"Feature","properties":{"id":"s4236","name":"Żelechów Długa","bus":1,"tram":0,"rail":0,"n":1,"imp":0.027,"node":0,"deg":2,"term":0,"major":0},"geometry":{"type":"Point","coordinates":[20.869057,52.140082]}},{"type":"Feature","properties":{"id":"s4237","name":"Żelechów Do Utraty","bus":1,"tram":0,"rail":0,"n":2,"imp":0.035,"node":0,"deg":2,"term":0,"major":0},"geometry":{"type":"Point","coordinates":[20.865529,52.146725]}},{"type":"Feature","properties":{"id":"s4238","name":"Żelechów Do Utraty","bus":1,"tram":0,"rail":0,"n":2,"imp":0.035,"node":0,"deg":2,"term":0,"major":0},"geometry":{"type":"Point","coordinates":[20.867584,52.147089]}},{"type":"Feature","properties":{"id":"s4239","name":"Żelechów Gościnna","bus":1,"tram":0,"rail":0,"n":2,"imp":0.035,"node":0,"deg":2,"term":0,"major":0},"geometry":{"type":"Point","coordinates":[20.865529,52.145769]}},{"type":"Feature","properties":{"id":"s4240","name":"Żelechów Gościnna","bus":1,"tram":0,"rail":0,"n":2,"imp":0.035,"node":0,"deg":2,"term":0,"major":0},"geometry":{"type":"Point","coordinates":[20.867584,52.146282]}},{"type":"Feature","properties":{"id":"s4241","name":"Żelechów Jana Matejki","bus":1,"tram":0,"rail":0,"n":3,"imp":0.053,"node":1,"deg":3,"term":0,"major":0},"geometry":{"type":"Point","coordinates":[20.865529,52.146377]}},{"type":"Feature","properties":{"id":"s4242","name":"Żelechów Jana Matejki","bus":1,"tram":0,"rail":0,"n":2,"imp":0.045,"node":1,"deg":3,"term":0,"major":0},"geometry":{"type":"Point","coordinates":[20.865529,52.147636]}},{"type":"Feature","properties":{"id":"s4243","name":"Żelechów Jastrzębska","bus":1,"tram":0,"rail":0,"n":2,"imp":0.045,"node":1,"deg":3,"term":0,"major":0},"geometry":{"type":"Point","coordinates":[20.86142,52.145118]}},{"type":"Feature","properties":{"id":"s4244","name":"Żelechów Kościół","bus":1,"tram":0,"rail":0,"n":3,"imp":0.043,"node":0,"deg":2,"term":0,"major":0},"geometry":{"type":"Point","coordinates":[20.866556,52.143229]}},{"type":"Feature","properties":{"id":"s4245","name":"Żelechów Kościół","bus":1,"tram":0,"rail":0,"n":3,"imp":0.072,"node":1,"deg":5,"term":0,"major":0},"geometry":{"type":"Point","coordinates":[20.867584,52.143859]}},{"type":"Feature","properties":{"id":"s4246","name":"Żelechów Krakowiańska","bus":1,"tram":0,"rail":0,"n":3,"imp":0.063,"node":1,"deg":4,"term":0,"major":0},"geometry":{"type":"Point","coordinates":[20.865529,52.143859]}},{"type":"Feature","properties":{"id":"s4247","name":"Żelechów Krakowiańska","bus":1,"tram":0,"rail":0,"n":2,"imp":0.035,"node":0,"deg":2,"term":0,"major":0},"geometry":{"type":"Point","coordinates":[20.867584,52.144666]}},{"type":"Feature","properties":{"id":"s4248","name":"Żelechów Limby","bus":1,"tram":0,"rail":0,"n":2,"imp":0.035,"node":0,"deg":2,"term":0,"major":0},"geometry":{"type":"Point","coordinates":[20.867393,52.150271]}},{"type":"Feature","properties":{"id":"s4249","name":"Żelechów Limby","bus":1,"tram":0,"rail":0,"n":2,"imp":0.035,"node":0,"deg":2,"term":0,"major":0},"geometry":{"type":"Point","coordinates":[20.863624,52.150062]}},{"type":"Feature","properties":{"id":"s4250","name":"Żelechów Malinowa","bus":1,"tram":0,"rail":0,"n":2,"imp":0.035,"node":0,"deg":2,"term":0,"major":0},"geometry":{"type":"Point","coordinates":[20.867584,52.148704]}},{"type":"Feature","properties":{"id":"s4251","name":"Żelechów Malinowa","bus":1,"tram":0,"rail":0,"n":2,"imp":0.035,"node":0,"deg":2,"term":0,"major":0},"geometry":{"type":"Point","coordinates":[20.865529,52.148635]}},{"type":"Feature","properties":{"id":"s4252","name":"Żelechów Nad Lasem","bus":1,"tram":0,"rail":0,"n":2,"imp":0.045,"node":1,"deg":3,"term":0,"major":0},"geometry":{"type":"Point","coordinates":[20.865529,52.151413]}},{"type":"Feature","properties":{"id":"s4253","name":"Żelechów Nad Lasem","bus":1,"tram":0,"rail":0,"n":2,"imp":0.045,"node":1,"deg":3,"term":0,"major":0},"geometry":{"type":"Point","coordinates":[20.86142,52.151413]}},{"type":"Feature","properties":{"id":"s4254","name":"Żelechów Polna","bus":1,"tram":0,"rail":0,"n":2,"imp":0.035,"node":0,"deg":2,"term":0,"major":0},"geometry":{"type":"Point","coordinates":[20.865529,52.144814]}},{"type":"Feature","properties":{"id":"s4255","name":"Żelechów Polna","bus":1,"tram":0,"rail":0,"n":2,"imp":0.035,"node":0,"deg":2,"term":0,"major":0},"geometry":{"type":"Point","coordinates":[20.867584,52.145474]}},{"type":"Feature","properties":{"id":"s4256","name":"Żelechów Prosta","bus":1,"tram":0,"rail":0,"n":2,"imp":0.035,"node":0,"deg":2,"term":0,"major":0},"geometry":{"type":"Point","coordinates":[20.867584,52.147897]}},{"type":"Feature","properties":{"id":"s4257","name":"Żelechów Prosta","bus":1,"tram":0,"rail":0,"n":2,"imp":0.035,"node":0,"deg":2,"term":0,"major":0},"geometry":{"type":"Point","coordinates":[20.865529,52.14768]}},{"type":"Feature","properties":{"id":"s4258","name":"Żelechów Sosnowa","bus":1,"tram":0,"rail":0,"n":3,"imp":0.063,"node":1,"deg":4,"term":0,"major":0},"geometry":{"type":"Point","coordinates":[20.865529,52.150154]}},{"type":"Feature","properties":{"id":"s4259","name":"Żelechów Sosnowa","bus":1,"tram":0,"rail":0,"n":2,"imp":0.045,"node":1,"deg":3,"term":0,"major":0},"geometry":{"type":"Point","coordinates":[20.863474,52.150154]}},{"type":"Feature","properties":{"id":"s4260","name":"Żelechów Topolowa","bus":1,"tram":0,"rail":0,"n":1,"imp":0.037,"node":1,"deg":3,"term":0,"major":0},"geometry":{"type":"Point","coordinates":[20.863474,52.143859]}},{"type":"Feature","properties":{"id":"s4261","name":"Żelechów Topolowa","bus":1,"tram":0,"rail":0,"n":2,"imp":0.045,"node":1,"deg":3,"term":0,"major":0},"geometry":{"type":"Point","coordinates":[20.865529,52.145118]}},{"type":"Feature","properties":{"id":"s4262","name":"Żelechów Wspólna","bus":1,"tram":0,"rail":0,"n":3,"imp":0.043,"node":0,"deg":2,"term":0,"major":0},"geometry":{"type":"Point","coordinates":[20.865529,52.148895]}},{"type":"Feature","properties":{"id":"s4263","name":"Żelechów Wspólna","bus":1,"tram":0,"rail":0,"n":2,"imp":0.035,"node":0,"deg":2,"term":0,"major":0},"geometry":{"type":"Point","coordinates":[20.863474,52.149141]}},{"type":"Feature","properties":{"id":"s4264","name":"Żelechów Żużlowa","bus":1,"tram":0,"rail":0,"n":3,"imp":0.043,"node":0,"deg":2,"term":0,"major":0},"geometry":{"type":"Point","coordinates":[20.865529,52.147636]}},{"type":"Feature","properties":{"id":"s4265","name":"Żelechów Żużlowa","bus":1,"tram":0,"rail":0,"n":2,"imp":0.035,"node":0,"deg":2,"term":0,"major":0},"geometry":{"type":"Point","coordinates":[20.86436,52.148352]}},{"type":"Feature","properties":{"id":"s4266","name":"Zielonki-Parcela GOSiR","bus":1,"tram":0,"rail":0,"n":2,"imp":0.054,"node":1,"deg":4,"term":0,"major":0},"geometry":{"type":"Point","coordinates":[20.871693,52.224438]}},{"type":"Feature","properties":{"id":"s4267","name":"Żółwin Cyraneczki","bus":1,"tram":0,"rail":0,"n":2,"imp":0.045,"node":1,"deg":3,"term":0,"major":0},"geometry":{"type":"Point","coordinates":[20.86142,52.162745]}},{"type":"Feature","properties":{"id":"s4268","name":"Żółwin Cyraneczki","bus":1,"tram":0,"rail":0,"n":2,"imp":0.035,"node":0,"deg":2,"term":0,"major":0},"geometry":{"type":"Point","coordinates":[20.861845,52.164004]}},{"type":"Feature","properties":{"id":"s4269","name":"Żółwin Kasztanowa / Zarybie","bus":1,"tram":0,"rail":0,"n":3,"imp":0.043,"node":0,"deg":2,"term":0,"major":0},"geometry":{"type":"Point","coordinates":[20.853201,52.168374]}},{"type":"Feature","properties":{"id":"s4270","name":"Żółwin Kasztanowa / Zarybie","bus":1,"tram":0,"rail":0,"n":3,"imp":0.043,"node":0,"deg":2,"term":0,"major":0},"geometry":{"type":"Point","coordinates":[20.857311,52.169807]}},{"type":"Feature","properties":{"id":"s4271","name":"Żółwin Leśna / Młochowska","bus":1,"tram":0,"rail":0,"n":1,"imp":0.027,"node":0,"deg":2,"term":0,"major":0},"geometry":{"type":"Point","coordinates":[20.854229,52.165892]}},{"type":"Feature","properties":{"id":"s4272","name":"Żółwin Leśna / Świerkowa","bus":1,"tram":0,"rail":0,"n":1,"imp":0.027,"node":0,"deg":2,"term":0,"major":0},"geometry":{"type":"Point","coordinates":[20.853715,52.166207]}},{"type":"Feature","properties":{"id":"s4273","name":"Żółwin Nadarzyńska / Leśna","bus":1,"tram":0,"rail":0,"n":1,"imp":0.027,"node":0,"deg":2,"term":0,"major":0},"geometry":{"type":"Point","coordinates":[20.854742,52.165577]}},{"type":"Feature","properties":{"id":"s4274","name":"Żółwin Nadarzyńska OSP","bus":1,"tram":0,"rail":0,"n":3,"imp":0.043,"node":0,"deg":2,"term":0,"major":0},"geometry":{"type":"Point","coordinates":[20.857311,52.168671]}},{"type":"Feature","properties":{"id":"s4275","name":"Żółwin Nadarzyńska OSP","bus":1,"tram":0,"rail":0,"n":4,"imp":0.071,"node":1,"deg":4,"term":0,"major":0},"geometry":{"type":"Point","coordinates":[20.853201,52.166522]}},{"type":"Feature","properties":{"id":"s4276","name":"Żółwin Nadarzyńska / Wodna","bus":1,"tram":0,"rail":0,"n":3,"imp":0.043,"node":0,"deg":2,"term":0,"major":0},"geometry":{"type":"Point","coordinates":[20.848791,52.166706]}},{"type":"Feature","properties":{"id":"s4277","name":"Żółwin Nadarzyńska / Wodna","bus":1,"tram":0,"rail":0,"n":3,"imp":0.043,"node":0,"deg":2,"term":0,"major":0},"geometry":{"type":"Point","coordinates":[20.851147,52.16841]}},{"type":"Feature","properties":{"id":"s4278","name":"Żółwin Nadarzyńska / Zachodnia","bus":1,"tram":0,"rail":0,"n":3,"imp":0.043,"node":0,"deg":2,"term":0,"major":0},"geometry":{"type":"Point","coordinates":[20.850061,52.165928]}},{"type":"Feature","properties":{"id":"s4279","name":"Żółwin Nadarzyńska / Zachodnia","bus":1,"tram":0,"rail":0,"n":3,"imp":0.053,"node":1,"deg":3,"term":0,"major":0},"geometry":{"type":"Point","coordinates":[20.851147,52.167781]}},{"type":"Feature","properties":{"id":"s4280","name":"Żółwin Owoców Leśnych","bus":1,"tram":0,"rail":0,"n":3,"imp":0.043,"node":0,"deg":2,"term":0,"major":0},"geometry":{"type":"Point","coordinates":[20.853928,52.162299]}},{"type":"Feature","properties":{"id":"s4281","name":"Żółwin Owoców Leśnych","bus":1,"tram":0,"rail":0,"n":2,"imp":0.035,"node":0,"deg":2,"term":0,"major":0},"geometry":{"type":"Point","coordinates":[20.855086,52.166626]}},{"type":"Feature","properties":{"id":"s4282","name":"Żółwin Południowa","bus":1,"tram":0,"rail":0,"n":2,"imp":0.045,"node":1,"deg":3,"term":0,"major":0},"geometry":{"type":"Point","coordinates":[20.865529,52.160227]}},{"type":"Feature","properties":{"id":"s4283","name":"Żółwin Południowa","bus":1,"tram":0,"rail":0,"n":2,"imp":0.045,"node":1,"deg":3,"term":0,"major":0},"geometry":{"type":"Point","coordinates":[20.865529,52.162745]}},{"type":"Feature","properties":{"id":"s4284","name":"Żółwin Słoneczna / Graniczna","bus":1,"tram":0,"rail":0,"n":2,"imp":0.035,"node":0,"deg":2,"term":0,"major":0},"geometry":{"type":"Point","coordinates":[20.856198,52.165944]}},{"type":"Feature","properties":{"id":"s4285","name":"Żółwin Słoneczna / Graniczna","bus":1,"tram":0,"rail":0,"n":3,"imp":0.053,"node":1,"deg":3,"term":0,"major":0},"geometry":{"type":"Point","coordinates":[20.857311,52.161486]}},{"type":"Feature","properties":{"id":"s4286","name":"Żółwin Słoneczna / Nadarzyńska","bus":1,"tram":0,"rail":0,"n":3,"imp":0.043,"node":0,"deg":2,"term":0,"major":0},"geometry":{"type":"Point","coordinates":[20.857311,52.167535]}},{"type":"Feature","properties":{"id":"s4287","name":"Żółwin Słoneczna / Nadarzyńska","bus":1,"tram":0,"rail":0,"n":4,"imp":0.061,"node":1,"deg":3,"term":0,"major":0},"geometry":{"type":"Point","coordinates":[20.855256,52.165263]}},{"type":"Feature","properties":{"id":"s4288","name":"Żółwin Słoneczna / Południowa","bus":1,"tram":0,"rail":0,"n":3,"imp":0.053,"node":1,"deg":3,"term":0,"major":0},"geometry":{"type":"Point","coordinates":[20.857311,52.165263]}},{"type":"Feature","properties":{"id":"s4289","name":"Żółwin Słoneczna / Południowa","bus":1,"tram":0,"rail":0,"n":4,"imp":0.061,"node":1,"deg":3,"term":0,"major":0},"geometry":{"type":"Point","coordinates":[20.857311,52.164004]}},{"type":"Feature","properties":{"id":"s4290","name":"Żółwin Słoneczna / Słoneczników","bus":1,"tram":0,"rail":0,"n":3,"imp":0.043,"node":0,"deg":2,"term":0,"major":0},"geometry":{"type":"Point","coordinates":[20.857311,52.166399]}},{"type":"Feature","properties":{"id":"s4291","name":"Żółwin Słoneczna / Słoneczników","bus":1,"tram":0,"rail":0,"n":4,"imp":0.051,"node":0,"deg":2,"term":0,"major":0},"geometry":{"type":"Point","coordinates":[20.856283,52.164633]}},{"type":"Feature","properties":{"id":"s4292","name":"Żółwin Szkoła i Orlik","bus":1,"tram":0,"rail":0,"n":3,"imp":0.055,"node":1,"deg":2,"term":1,"major":0},"geometry":{"type":"Point","coordinates":[20.851147,52.164004]}},{"type":"Feature","properties":{"id":"s4293","name":"Żółwin Szkoła i Orlik","bus":1,"tram":0,"rail":0,"n":2,"imp":0.035,"node":0,"deg":2,"term":0,"major":0},"geometry":{"type":"Point","coordinates":[20.853973,52.167308]}},{"type":"Feature","properties":{"id":"s4294","name":"Żółwin Szkolna / Nadarzyńska","bus":1,"tram":0,"rail":0,"n":3,"imp":0.043,"node":0,"deg":2,"term":0,"major":0},"geometry":{"type":"Point","coordinates":[20.851147,52.165104]}},{"type":"Feature","properties":{"id":"s4295","name":"Żółwin Szkolna / Nadarzyńska","bus":1,"tram":0,"rail":0,"n":2,"imp":0.035,"node":0,"deg":2,"term":0,"major":0},"geometry":{"type":"Point","coordinates":[20.85272,52.167781]}},{"type":"Feature","properties":{"id":"s4296","name":"Żuków","bus":1,"tram":0,"rail":0,"n":1,"imp":0.027,"node":0,"deg":2,"term":0,"major":0},"geometry":{"type":"Point","coordinates":[20.832656,52.182296]}},{"type":"Feature","properties":{"id":"s4297","name":"Żuków","bus":1,"tram":0,"rail":0,"n":1,"imp":0.027,"node":0,"deg":2,"term":0,"major":0},"geometry":{"type":"Point","coordinates":[20.829916,52.18205]}},{"type":"Feature","properties":{"id":"s4298","name":"Żukówka Górna przy nr 12","bus":1,"tram":0,"rail":0,"n":1,"imp":0.027,"node":0,"deg":2,"term":0,"major":0},"geometry":{"type":"Point","coordinates":[20.818787,52.190444]}},{"type":"Feature","properties":{"id":"s4299","name":"Żukówka Górna przy nr 12","bus":1,"tram":0,"rail":0,"n":1,"imp":0.027,"node":0,"deg":2,"term":0,"major":0},"geometry":{"type":"Point","coordinates":[20.820842,52.191703]}},{"type":"Feature","properties":{"id":"s4300","name":"Żukówka Górna przy nr 20A","bus":1,"tram":0,"rail":0,"n":1,"imp":0.027,"node":0,"deg":2,"term":0,"major":0},"geometry":{"type":"Point","coordinates":[20.81853,52.190444]}},{"type":"Feature","properties":{"id":"s4301","name":"Żukówka Górna przy nr 20A","bus":1,"tram":0,"rail":0,"n":1,"imp":0.027,"node":0,"deg":2,"term":0,"major":0},"geometry":{"type":"Point","coordinates":[20.820585,52.191703]}},{"type":"Feature","properties":{"id":"s4302","name":"Żukówka Górna przy nr 36","bus":1,"tram":0,"rail":0,"n":1,"imp":0.027,"node":0,"deg":2,"term":0,"major":0},"geometry":{"type":"Point","coordinates":[20.818274,52.190444]}},{"type":"Feature","properties":{"id":"s4303","name":"Żukówka Górna przy nr 36","bus":1,"tram":0,"rail":0,"n":1,"imp":0.027,"node":0,"deg":2,"term":0,"major":0},"geometry":{"type":"Point","coordinates":[20.820328,52.191703]}},{"type":"Feature","properties":{"id":"s4304","name":"Żukówka przy nr 19A","bus":1,"tram":0,"rail":0,"n":1,"imp":0.027,"node":0,"deg":2,"term":0,"major":0},"geometry":{"type":"Point","coordinates":[20.819301,52.190444]}},{"type":"Feature","properties":{"id":"s4305","name":"Żukówka przy nr 19A","bus":1,"tram":0,"rail":0,"n":1,"imp":0.027,"node":0,"deg":2,"term":0,"major":0},"geometry":{"type":"Point","coordinates":[20.821355,52.191703]}},{"type":"Feature","properties":{"id":"s4306","name":"Żukówka przy nr 23","bus":1,"tram":0,"rail":0,"n":1,"imp":0.027,"node":0,"deg":2,"term":0,"major":0},"geometry":{"type":"Point","coordinates":[20.819558,52.190444]}},{"type":"Feature","properties":{"id":"s4307","name":"Żukówka przy nr 23","bus":1,"tram":0,"rail":0,"n":1,"imp":0.027,"node":0,"deg":2,"term":0,"major":0},"geometry":{"type":"Point","coordinates":[20.821612,52.191703]}},{"type":"Feature","properties":{"id":"s4308","name":"Żukówka przy nr 24A","bus":1,"tram":0,"rail":0,"n":1,"imp":0.027,"node":0,"deg":2,"term":0,"major":0},"geometry":{"type":"Point","coordinates":[20.819815,52.190444]}},{"type":"Feature","properties":{"id":"s4309","name":"Żukówka przy nr 24A","bus":1,"tram":0,"rail":0,"n":1,"imp":0.027,"node":0,"deg":2,"term":0,"major":0},"geometry":{"type":"Point","coordinates":[20.821869,52.191703]}},{"type":"Feature","properties":{"id":"s4310","name":"Żukówka przy nr 61A","bus":1,"tram":0,"rail":0,"n":1,"imp":0.027,"node":0,"deg":2,"term":0,"major":0},"geometry":{"type":"Point","coordinates":[20.820071,52.190444]}},{"type":"Feature","properties":{"id":"s4311","name":"Żukówka przy nr 61A","bus":1,"tram":0,"rail":0,"n":1,"imp":0.027,"node":0,"deg":2,"term":0,"major":0},"geometry":{"type":"Point","coordinates":[20.822126,52.191703]}},{"type":"Feature","properties":{"id":"s4312","name":"Żuków Kościół","bus":1,"tram":0,"rail":0,"n":1,"imp":0.027,"node":0,"deg":2,"term":0,"major":0},"geometry":{"type":"Point","coordinates":[20.831286,52.184988]}},{"type":"Feature","properties":{"id":"s4313","name":"Żuków Kościół","bus":1,"tram":0,"rail":0,"n":1,"imp":0.027,"node":0,"deg":2,"term":0,"major":0},"geometry":{"type":"Point","coordinates":[20.828546,52.184148]}},{"type":"Feature","properties":{"id":"s4314","name":"Żuków Wieś","bus":1,"tram":0,"rail":0,"n":1,"imp":0.027,"node":0,"deg":2,"term":0,"major":0},"geometry":{"type":"Point","coordinates":[20.828546,52.185407]}},{"type":"Feature","properties":{"id":"s4315","name":"Żuków Wieś","bus":1,"tram":0,"rail":0,"n":1,"imp":0.027,"node":0,"deg":2,"term":0,"major":0},"geometry":{"type":"Point","coordinates":[20.829916,52.185827]}},{"type":"Feature","properties":{"id":"s4316","name":"Żyrardów Jedności Robotniczej","bus":1,"tram":0,"rail":0,"n":1,"imp":0.027,"node":0,"deg":2,"term":0,"major":0},"geometry":{"type":"Point","coordinates":[20.803892,52.16798]}},{"type":"Feature","properties":{"id":"s4317","name":"Żyrardów Jedności Robotniczej","bus":1,"tram":0,"rail":0,"n":1,"imp":0.027,"node":0,"deg":2,"term":0,"major":0},"geometry":{"type":"Point","coordinates":[20.805946,52.167595]}},{"type":"Feature","properties":{"id":"s4318","name":"Żyrardów PKP","bus":1,"tram":0,"rail":0,"n":1,"imp":0.039,"node":1,"deg":2,"term":1,"major":0},"geometry":{"type":"Point","coordinates":[20.803892,52.164004]}},{"type":"Feature","properties":{"id":"s4319","name":"Żyrardów Środkowa / Bohaterów Warszawy","bus":1,"tram":0,"rail":0,"n":1,"imp":0.027,"node":0,"deg":2,"term":0,"major":0},"geometry":{"type":"Point","coordinates":[20.803892,52.164799]}},{"type":"Feature","properties":{"id":"s4320","name":"Żyrardów Środkowa / Bohaterów Warszawy","bus":1,"tram":0,"rail":0,"n":1,"imp":0.027,"node":0,"deg":2,"term":0,"major":0},"geometry":{"type":"Point","coordinates":[20.804841,52.164585]}},{"type":"Feature","properties":{"id":"s4321","name":"Żyrardów Środkowa / Kilińskiego","bus":1,"tram":0,"rail":0,"n":1,"imp":0.027,"node":0,"deg":2,"term":0,"major":0},"geometry":{"type":"Point","coordinates":[20.803892,52.167184]}},{"type":"Feature","properties":{"id":"s4322","name":"Żyrardów Środkowa / Kilińskiego","bus":1,"tram":0,"rail":0,"n":1,"imp":0.027,"node":0,"deg":2,"term":0,"major":0},"geometry":{"type":"Point","coordinates":[20.805946,52.166773]}},{"type":"Feature","properties":{"id":"s4323","name":"Żyrardów Środkowa / Limanowskiego","bus":1,"tram":0,"rail":0,"n":1,"imp":0.027,"node":0,"deg":2,"term":0,"major":0},"geometry":{"type":"Point","coordinates":[20.803892,52.166389]}},{"type":"Feature","properties":{"id":"s4324","name":"Żyrardów Środkowa / Limanowskiego","bus":1,"tram":0,"rail":0,"n":1,"imp":0.027,"node":0,"deg":2,"term":0,"major":0},"geometry":{"type":"Point","coordinates":[20.805946,52.16595]}},{"type":"Feature","properties":{"id":"s4325","name":"Żyrardów Środkowa / Mireckiego","bus":1,"tram":0,"rail":0,"n":1,"imp":0.027,"node":0,"deg":2,"term":0,"major":0},"geometry":{"type":"Point","coordinates":[20.803892,52.165594]}},{"type":"Feature","properties":{"id":"s4326","name":"Żyrardów Środkowa / Mireckiego","bus":1,"tram":0,"rail":0,"n":1,"imp":0.027,"node":0,"deg":2,"term":0,"major":0},"geometry":{"type":"Point","coordinates":[20.80579,52.165167]}},{"type":"Feature","properties":{"id":"s4327","name":"Grodzisk Mazowiecki Jordanowice","bus":0,"tram":0,"rail":1,"n":1,"imp":0.027,"node":0,"deg":2,"term":0,"major":0},"geometry":{"type":"Point","coordinates":[20.836765,52.16904]}},{"type":"Feature","properties":{"id":"s4328","name":"Grodzisk Mazowiecki Okrężna","bus":0,"tram":0,"rail":1,"n":1,"imp":0.027,"node":0,"deg":2,"term":0,"major":0},"geometry":{"type":"Point","coordinates":[20.84284,52.16904]}},{"type":"Feature","properties":{"id":"s4329","name":"Brzózki","bus":0,"tram":0,"rail":1,"n":1,"imp":0.027,"node":0,"deg":2,"term":0,"major":0},"geometry":{"type":"Point","coordinates":[20.844257,52.169854]}},{"type":"Feature","properties":{"id":"s4330","name":"Kazimierówka","bus":0,"tram":0,"rail":1,"n":1,"imp":0.027,"node":0,"deg":2,"term":0,"major":0},"geometry":{"type":"Point","coordinates":[20.845647,52.170706]}},{"type":"Feature","properties":{"id":"s4331","name":"Podkowa Leśna Zachodnia","bus":0,"tram":0,"rail":1,"n":1,"imp":0.049,"node":1,"deg":3,"term":1,"major":0},"geometry":{"type":"Point","coordinates":[20.847038,52.171558]}},{"type":"Feature","properties":{"id":"s4332","name":"Podkowa Leśna Wschodnia","bus":0,"tram":0,"rail":1,"n":1,"imp":0.027,"node":0,"deg":2,"term":0,"major":0},"geometry":{"type":"Point","coordinates":[20.858338,52.170928]}},{"type":"Feature","properties":{"id":"s4333","name":"Nowa Wieś Warszawska","bus":0,"tram":0,"rail":1,"n":1,"imp":0.027,"node":0,"deg":2,"term":0,"major":0},"geometry":{"type":"Point","coordinates":[20.870205,52.170299]}},{"type":"Feature","properties":{"id":"s4334","name":"Pruszków WKD","bus":0,"tram":0,"rail":1,"n":1,"imp":0.027,"node":0,"deg":2,"term":0,"major":0},"geometry":{"type":"Point","coordinates":[20.877856,52.17464]}},{"type":"Feature","properties":{"id":"s4335","name":"Tworki","bus":0,"tram":0,"rail":1,"n":1,"imp":0.027,"node":0,"deg":2,"term":0,"major":0},"geometry":{"type":"Point","coordinates":[20.877856,52.178765]}},{"type":"Feature","properties":{"id":"s4336","name":"Michałowice","bus":0,"tram":0,"rail":1,"n":1,"imp":0.027,"node":0,"deg":2,"term":0,"major":0},"geometry":{"type":"Point","coordinates":[20.895922,52.182889]}},{"type":"Feature","properties":{"id":"s4337","name":"Warszawa Salomea","bus":0,"tram":0,"rail":1,"n":1,"imp":0.027,"node":0,"deg":2,"term":0,"major":0},"geometry":{"type":"Point","coordinates":[20.918478,52.182889]}},{"type":"Feature","properties":{"id":"s4338","name":"Warszawa Raków","bus":0,"tram":0,"rail":1,"n":1,"imp":0.027,"node":0,"deg":2,"term":0,"major":0},"geometry":{"type":"Point","coordinates":[20.927,52.187824]}},{"type":"Feature","properties":{"id":"s4339","name":"Warszawa Reduta Ordona","bus":0,"tram":0,"rail":1,"n":1,"imp":0.027,"node":0,"deg":2,"term":0,"major":0},"geometry":{"type":"Point","coordinates":[20.943904,52.209514]}},{"type":"Feature","properties":{"id":"s4340","name":"Warszawa Śródmieście WKD","bus":0,"tram":0,"rail":1,"n":4,"imp":0.089,"node":1,"deg":3,"term":1,"major":0},"geometry":{"type":"Point","coordinates":[20.978531,52.218143]}},{"type":"Feature","properties":{"id":"s4341","name":"Polesie","bus":0,"tram":0,"rail":1,"n":1,"imp":0.027,"node":0,"deg":2,"term":0,"major":0},"geometry":{"type":"Point","coordinates":[20.844983,52.172817]}}]}